Date,Adj Close,Close,High,Low,Open,Volume,Daily_Return,MA20,MA50,Volatility,Target
2016-07-25,22.15942001342773,24.334999084472656,24.709999084472656,24.229999542236328,24.5625,161531600,-0.013379356124286312,24.232375049591063,24.225450019836426,0.009421664882157788,24.167499542236328
2016-07-26,22.00688934326172,24.167499542236328,24.49250030517578,24.104999542236328,24.20499992370605,224959200,-0.006883071647337924,24.29025001525879,24.25620002746582,0.008845425910678287,25.737499237060547
2016-07-27,23.436532974243164,25.737499237060547,26.08749961853028,25.6875,26.0674991607666,369379200,0.06496326573133504,24.407250022888185,24.301550025939942,0.01633108538325701,26.084999084472656
2016-07-28,23.75295829772949,26.084999084472656,26.112499237060547,25.70499992370605,25.707500457763672,159479200,0.013501694325908975,24.53149995803833,24.355800018310546,0.016425424101215672,26.052499771118164
2016-07-29,23.723371505737305,26.052499771118164,26.137500762939453,25.920000076293945,26.04750061035156,110934800,-0.0012459004981847377,24.639124965667726,24.40405002593994,0.01638335738984621,26.512500762939453
2016-08-01,24.142248153686523,26.512500762939453,26.537500381469727,26.102500915527344,26.102500915527344,152671600,0.017656693056811612,24.766125011444093,24.46330005645752,0.016641337776662823,26.1200008392334
2016-08-02,23.78483390808105,26.1200008392334,26.51749992370605,26.0,26.512500762939453,135266400,-0.014804334272937036,24.884750080108642,24.50960006713867,0.016932446039989398,26.44750022888184
2016-08-03,24.083053588867188,26.44750022888184,26.459999084472656,26.1924991607666,26.20249938964844,120810400,0.012538261069139134,25.013000106811525,24.55640007019043,0.017018192315570453,26.467500686645508
2016-08-04,24.231830596923828,26.467500686645508,26.5,26.31999969482422,26.395000457763672,109634800,0.0007562324450545166,25.137125110626222,24.596250076293945,0.017046981760367966,26.8700008392334
2016-08-05,24.60033226013184,26.8700008392334,26.912500381469727,26.545000076293945,26.5674991607666,162213600,0.015207335114606257,25.272125148773192,24.635550079345702,0.01718988661985755,27.092500686645508
2016-08-08,24.80403709411621,27.092500686645508,27.092500686645508,26.790000915527344,26.8799991607666,112148800,0.008280604408736458,25.414500141143797,24.675350074768065,0.017191739779402557,27.20249938964844
2016-08-09,24.904747009277344,27.20249938964844,27.23500061035156,27.002500534057617,27.0575008392334,105260800,0.004060116276278336,25.556875133514406,24.71765007019043,0.017193774534603728,27.0
2016-08-10,24.719348907470703,27.0,27.225000381469727,26.940000534057617,27.177499771118164,96034000,-0.0074441464641847865,25.69600009918213,24.75835006713867,0.017260703244236505,26.982500076293945
2016-08-11,24.70332908630371,26.982500076293945,27.232500076293945,26.96249961853028,27.1299991607666,109938000,-0.0006481453224465028,25.810250091552735,24.80570007324219,0.016977063842292073,27.045000076293945
2016-08-12,24.76055145263672,27.045000076293945,27.11000061035156,26.94499969482422,26.94499969482422,74641600,0.0023163161242760744,25.92775011062622,24.858000068664552,0.016950660997125635,27.3700008392334
2016-08-15,25.05809783935547,27.3700008392334,27.38500022888184,27.020000457763672,27.03499984741211,103472800,0.012017036865321629,26.048375129699707,24.915800094604492,0.0169790702840748,27.34499931335449
2016-08-16,25.03520393371582,27.34499931335449,27.5575008392334,27.302499771118164,27.40749931335449,135177600,-0.0009134645638400052,26.167250061035155,24.969550094604493,0.01699934857824198,27.30500030517578
2016-08-17,24.99858856201172,27.30500030517578,27.342500686645508,27.084999084472656,27.27499961853028,101424000,-0.0014627540385115934,26.28300008773804,25.020500106811525,0.01703527103308566,27.270000457763672
2016-08-18,24.9665470123291,27.270000457763672,27.39999961853028,27.2549991607666,27.3075008392334,87938800,-0.0012818109145186218,26.403625106811525,25.071200103759764,0.016936036845814705,27.34000015258789
2016-08-19,25.03063201904297,27.34000015258789,27.42250061035156,27.09000015258789,27.1924991607666,101472400,0.002566912125015808,26.537375068664552,25.119750099182127,0.016690052354711705,27.127500534057617
2016-08-22,24.836082458496094,27.127500534057617,27.27499961853028,26.96249961853028,27.21500015258789,103280800,-0.007772480517347691,26.6770001411438,25.168150100708008,0.016404604551024514,27.21249961853028
2016-08-23,24.913902282714844,27.21249961853028,27.32999992370605,27.13249969482422,27.147499084472656,85030800,0.003133317954079562,26.829250144958497,25.22570011138916,0.016155402565375458,27.00749969482422
2016-08-24,24.726213455200195,27.00749969482422,27.1875,26.920000076293945,27.14249992370605,94700400,-0.0075333000121189375,26.89275016784668,25.278550109863282,0.008623616442759085,26.89249992370605
2016-08-25,24.62092971801757,26.89249992370605,26.96999931335449,26.670000076293945,26.84749984741211,100344800,-0.00425806803360651,26.93312520980835,25.33070011138916,0.00833486234787466,26.73500061035156
2016-08-26,24.476736068725582,26.73500061035156,26.987499237060547,26.57749938964844,26.852500915527344,111065200,-0.005856625966396467,26.967250251770018,25.377650108337402,0.008479028122539456,26.70499992370605
2016-08-29,24.449264526367188,26.70499992370605,26.86000061035156,26.57250022888184,26.655000686645508,99881200,-0.0011221502136001815,26.976875209808348,25.43510009765625,0.0075662856202370786,26.5
2016-08-30,24.26157760620117,26.5,26.625,26.375,26.450000762939453,99455600,-0.007676462246460125,26.99587516784668,25.489600105285646,0.006956252956972951,26.52499961853028
2016-08-31,24.28447151184082,26.52499961853028,26.64249992370605,26.40999984741211,26.415000915527344,118649600,0.000943381831331358,26.9997501373291,25.540550079345703,0.006381072887871361,26.6825008392334
2016-09-01,24.42866516113281,26.6825008392334,26.700000762939453,26.405000686645508,26.53499984741211,106806000,0.005937840639706815,27.010500144958495,25.59645008087158,0.006510199590041631,26.9325008392334
2016-09-02,24.657548904418945,26.9325008392334,27.0,26.70499992370605,26.924999237060547,107210000,0.009369436602149506,27.013625144958496,25.654600105285645,0.0059162973619865675,26.924999237060547
2016-09-06,24.650684356689453,26.924999237060547,27.075000762939453,26.877500534057617,26.975000381469727,107521600,-0.00027853344246164813,27.00525007247925,25.726100082397462,0.005596841544605409,27.09000015258789
2016-09-07,24.80174446105957,27.09000015258789,27.190000534057617,26.76749992370605,26.957500457763672,169457200,0.006128167881253921,26.99962511062622,25.807700080871584,0.005699699979455714,26.3799991607666
2016-09-08,24.15171432495117,26.3799991607666,26.8174991607666,26.309999465942383,26.8125,212008000,-0.02620896965013353,26.96862506866455,25.86735008239746,0.008026064624908947,25.78249931335449
2016-09-09,23.60468864440918,25.78249931335449,26.43000030517578,25.78249931335449,26.15999984741211,186228000,-0.022649729583795408,26.908625030517577,25.911000061035157,0.009354421597347534,26.36000061035156
2016-09-12,24.13340950012207,26.36000061035156,26.43000030517578,25.63249969482422,25.662500381469727,181171200,0.022398964893909357,26.87437505722046,25.960200080871584,0.010829671817224851,26.987499237060547
2016-09-13,24.707904815673828,26.987499237060547,27.19750022888184,26.809999465942383,26.877500534057617,248704800,0.023804954938527967,26.855249977111818,26.02050006866455,0.011860097040336961,27.9424991607666
2016-09-14,25.582237243652344,27.9424991607666,28.25749969482422,27.14999961853028,27.1825008392334,443554800,0.03538675129982405,26.885124969482423,26.104400062561034,0.014334892574103874,28.89249992370605
2016-09-15,26.45199203491211,28.89249992370605,28.9325008392334,28.372499465942383,28.46500015258789,359934400,0.033998417874995246,26.964499950408936,26.20460006713867,0.01607808889661361,28.729999542236328
2016-09-16,26.3032169342041,28.729999542236328,29.03249931335449,28.51000022888184,28.780000686645508,319547600,-0.005624310180802117,27.03749990463257,26.299500045776366,0.016167339802431988,28.395000457763672
2016-09-19,25.99651908874512,28.395000457763672,29.045000076293945,28.3125,28.79750061035156,188092000,-0.011660253735130466,27.090249919891356,26.38400005340576,0.016484971389732116,28.39249992370605
2016-09-20,25.994224548339844,28.39249992370605,28.530000686645508,28.127500534057617,28.262500762939453,138057200,-8.806247639758791e-05,27.15349988937378,26.466950035095216,0.016333504016456352,28.387500762939453
2016-09-21,25.989643096923828,28.387500762939453,28.497499465942383,28.11000061035156,28.46249961853028,144012800,-0.00017607328625623975,27.212249946594238,26.54760005950928,0.016342521901647596,28.655000686645508
2016-09-22,26.234554290771484,28.655000686645508,28.73500061035156,28.5,28.58749961853028,124296000,0.009423158661972852,27.294624996185302,26.636350059509276,0.016248282068894313,28.177499771118164
2016-09-23,25.7973861694336,28.177499771118164,28.69750022888184,27.887500762939453,28.604999542236328,209924800,-0.016663790057066086,27.358874988555907,26.705950050354005,0.016771905748341552,28.21999931335449
2016-09-26,25.836292266845703,28.21999931335449,28.34749984741211,27.887500762939453,27.90999984741211,119477600,0.0015082793924776627,27.433124923706053,26.77645004272461,0.016659958248913066,28.272499084472656
2016-09-27,25.884361267089844,28.272499084472656,28.295000076293945,28.084999084472656,28.25,98429600,0.0018603746419414424,27.511499881744385,26.84275001525879,0.016635980087114227,28.487499237060547
2016-09-28,26.08119773864746,28.487499237060547,28.65999984741211,28.357500076293945,28.42250061035156,118564400,0.007604568380938481,27.61087484359741,26.91314998626709,0.016470560206769486,28.045000076293945
2016-09-29,25.67607879638672,28.045000076293945,28.450000762939453,27.950000762939453,28.290000915527344,143548000,-0.015533099521453875,27.686874866485596,26.974249992370606,0.017021223331862533,28.262500762939453
2016-09-30,25.875205993652344,28.262500762939453,28.342500686645508,27.950000762939453,28.114999771118164,145516400,0.007755417580810109,27.7658748626709,27.042350006103515,0.01704298351196313,28.1299991607666
2016-10-03,25.75389671325684,28.1299991607666,28.262500762939453,28.06999969482422,28.177499771118164,86807200,-0.004688247628341524,27.825749778747557,27.1116499710083,0.01705711913020681,28.25
2016-10-04,25.86376571655273,28.25,28.57749938964844,28.15749931335449,28.26499938964844,118947200,0.0042659382443481775,27.891999816894533,27.189949989318848,0.017051020953926018,28.262500762939453
2016-10-05,25.875205993652344,28.262500762939453,28.415000915527344,28.17250061035156,28.350000381469727,85812400,0.0004425048828125,27.950624847412108,27.27185001373291,0.017035475886159453,28.47249984741211
2016-10-06,26.06746482849121,28.47249984741211,28.584999084472656,28.28249931335449,28.424999237060547,115117200,0.007430307962982052,28.055249881744384,27.32655002593994,0.01568397854309336,28.51499938964844
2016-10-07,26.10637664794922,28.51499938964844,28.63999938964844,28.377500534057617,28.57749938964844,97433600,0.0014926522948139898,28.19187488555908,27.375150032043457,0.014406867915598526,29.012500762939453
2016-10-10,26.56185913085937,29.012500762939453,29.1875,28.68000030517578,28.7549991607666,144944000,0.01744700627528739,28.324499893188477,27.434350051879882,0.014134750051007738,29.075000762939453
2016-10-11,26.61907768249512,29.075000762939453,29.67250061035156,29.049999237060547,29.424999237060547,256164000,0.0021542438037549516,28.428874969482422,27.48560005187988,0.013421716444885984,29.334999084472656
2016-10-12,26.85711097717285,29.334999084472656,29.4950008392334,29.1875,29.33749961853028,150347200,0.008942332406216558,28.498499965667726,27.54990001678467,0.011279581685373349,29.2450008392334
2016-10-13,26.774721145629883,29.2450008392334,29.36000061035156,28.93000030517578,29.19750022888184,140769600,-0.003067947777332436,28.516125011444093,27.6058500289917,0.008544322735284469,29.40749931335449
2016-10-14,26.923484802246094,29.40749931335449,29.542499542236328,29.28249931335449,29.46999931335449,142608800,0.005556453050365118,28.55,27.664650001525878,0.008478316219891632,29.387500762939453
2016-10-17,26.90517807006836,29.387500762939453,29.459999084472656,29.19499969482422,29.332500457763672,94499600,-0.0006800493371414973,28.599625015258788,27.715,0.007940134426523868,29.36750030517578
2016-10-18,26.88686752319336,29.36750030517578,29.552499771118164,29.362499237060547,29.545000076293945,98214000,-0.0006805770223541341,28.648375034332275,27.760499992370605,0.007948451704206194,29.280000686645508
2016-10-19,26.80676651000977,29.280000686645508,29.440000534057617,28.450000762939453,29.3125,80138400,-0.0029794711031245757,28.693000030517577,27.802050018310545,0.008008137153661514,29.26499938964844
2016-10-20,26.79302978515625,29.26499938964844,29.34499931335449,29.082500457763672,29.21500015258789,96503200,-0.0005123393663002407,28.723499965667724,27.847350006103515,0.007801457732261159,29.14999961853028
2016-10-21,26.68774032592773,29.14999961853028,29.227500915527344,29.06999969482422,29.20249938964844,92770800,-0.003929601008597294,28.77212495803833,27.890699996948243,0.006721797520830133,29.412500381469727
2016-10-24,26.92807006835937,29.412500381469727,29.434999465942383,29.25,29.27499961853028,94154800,0.009005172088323965,28.831750011444093,27.938050003051757,0.006915641500612665,29.5625
2016-10-25,27.06539726257324,29.5625,29.59000015258789,29.32749938964844,29.487499237060547,192516000,0.0050998594673976605,28.89625005722046,27.98189998626709,0.006947736929812732,28.897499084472656
2016-10-26,26.456567764282227,28.897499084472656,28.924999237060547,28.32749938964844,28.57749938964844,264536800,-0.022494745556950302,28.916750049591066,28.012949981689452,0.008753522987917386,28.6200008392334
2016-10-27,26.202512741088867,28.6200008392334,28.96500015258789,28.52499961853028,28.84749984741211,138248000,-0.00960284640646858,28.945500087738036,28.039249992370607,0.008259372752606544,28.43000030517578
2016-10-28,26.02855491638184,28.43000030517578,28.802499771118164,28.362499237060547,28.467500686645508,151446800,-0.006638732651508383,28.953875064849854,28.062449989318846,0.008271252339717075,28.38500022888184
2016-10-31,25.98735809326172,28.38500022888184,28.5575008392334,28.299999237060547,28.412500381469727,105677600,-0.0015828376999964533,28.966625118255614,28.083349990844727,0.008200977085681578,27.872499465942383
2016-11-01,25.518150329589844,27.872499465942383,28.4424991607666,27.63249969482422,28.364999771118164,175303200,-0.018055337636319058,28.947750091552734,28.09824996948242,0.009125811270659727,27.897499084472656
2016-11-02,25.5410385131836,27.897499084472656,28.08749961853028,27.8075008392334,27.850000381469727,113326800,0.0008969277606702963,28.929500007629393,28.11194995880127,0.009129194245946675,27.457500457763672
2016-11-03,25.26727104187012,27.457500457763672,27.864999771118164,27.387500762939453,27.7450008392334,107730400,-0.015771973873954903,28.878750038146972,28.120949974060057,0.009519576115523676,27.209999084472656
2016-11-04,25.039512634277344,27.209999084472656,27.5625,27.02750015258789,27.13249969482422,123348000,-0.009013980484921857,28.813500022888185,28.12729995727539,0.009619424541018027,27.602500915527344
2016-11-07,25.40070533752441,27.602500915527344,27.627500534057617,27.364999771118164,27.520000457763672,130240000,0.014424911586221612,28.743000030517578,28.144649963378907,0.009311799724818711,27.76499938964844
2016-11-08,25.55024147033692,27.76499938964844,27.93000030517578,27.424999237060547,27.57749938964844,97016800,0.0058870924275447045,28.677499961853027,28.165849952697755,0.009445322097349143,27.71999931335449
2016-11-09,25.50883102416992,27.71999931335449,27.82999992370605,27.012500762939453,27.46999931335449,236705600,-0.0016207483264245592,28.59674997329712,28.190249938964843,0.009073988206419841,26.94750022888184
2016-11-10,24.797950744628903,26.94750022888184,27.772499084472656,26.457500457763672,27.772499084472656,228538000,-0.027867933030593095,28.48187494277954,28.198699951171875,0.010668642615354398,27.107500076293945
2016-11-11,24.9451904296875,27.107500076293945,27.217500686645508,26.637500762939453,26.780000686645508,136575600,0.005937465295598132,28.366874980926514,28.207199935913085,0.0106869824859447,26.427499771118164
2016-11-14,24.319435119628903,26.427499771118164,26.95249938964844,26.020000457763672,26.927499771118164,204702000,-0.02508531968133998,28.21887493133545,28.19709991455078,0.011637890473608529,26.77750015258789
2016-11-15,24.64151382446289,26.77750015258789,26.920000076293945,26.540000915527344,26.64249992370605,129058000,0.013243794702525458,28.089374923706053,28.19414993286133,0.012320795361294375,27.497499465942383
2016-11-16,25.30408477783203,27.497499465942383,27.5575008392334,26.64999961853028,26.674999237060547,235362000,0.02688821993284196,28.0002498626709,28.202299919128418,0.014187681001835734,27.487499237060547
2016-11-17,25.29487991333008,27.487499237060547,27.58749961853028,27.207500457763672,27.45249938964844,110528000,-0.0003636777552890047,27.911374855041505,28.224449920654298,0.01418911364518213,27.51499938964844
2016-11-18,25.32018280029297,27.51499938964844,27.63500022888184,27.415000915527344,27.43000030517578,113715600,0.0010004603311026816,27.82962484359741,28.259099922180177,0.01421550277469263,27.9325008392334
2016-11-21,25.704383850097656,27.9325008392334,27.997499465942383,27.502500534057617,27.530000686645508,117058400,0.015173594724557038,27.755624866485597,28.290549926757812,0.014547814333377995,27.950000762939453
2016-11-22,25.720489501953125,27.950000762939453,28.104999542236328,27.850000381469727,27.987499237060547,103862000,0.0006265075872287085,27.674999904632568,28.30979995727539,0.01445930578914087,27.8075008392334
2016-11-23,25.5893497467041,27.8075008392334,27.877500534057617,27.582500457763672,27.84000015258789,109705600,-0.005098387113284253,27.620499992370604,28.307099990844726,0.013709737085577012,27.94750022888184
2016-11-25,25.718185424804688,27.94750022888184,27.967500686645508,27.737499237060547,27.78249931335449,45903600,0.005034590863013388,27.586874961853027,28.288199996948244,0.013663641804626817,27.89249992370605
2016-11-28,25.66756820678711,27.89249992370605,28.11750030517578,27.84749984741211,27.857500076293945,108776000,-0.001967986572156799,27.55999994277954,28.271450004577638,0.013603763510309565,27.864999771118164
2016-11-29,25.64226150512696,27.864999771118164,28.00749969482422,27.51749992370605,27.69499969482422,114115200,-0.0009859335901445387,27.533999919891357,28.260849990844726,0.01360276218656492,27.6299991607666
2016-11-30,25.426010131835938,27.6299991607666,28.049999237060547,27.5674991607666,27.89999961853028,144649200,-0.00843354072427227,27.52187490463257,28.245599975585936,0.013123409236865889,27.372499465942383
2016-12-01,25.18905258178711,27.372499465942383,27.73500061035156,27.25749969482422,27.592500686645508,148347600,-0.009319569404470207,27.495624923706053,28.225299949645997,0.013270138703947063,27.475000381469727
2016-12-02,25.28337478637696,27.475000381469727,27.522499084472656,27.21249961853028,27.292499542236328,106112000,0.003744667733207141,27.496499919891356,28.20169994354248,0.012826464153589658,27.27750015258789
2016-12-05,25.10162925720215,27.27750015258789,27.50749969482422,27.0625,27.5,137298000,-0.007188361278969713,27.499874973297118,28.183699951171874,0.01276445952473777,27.487499237060547
2016-12-06,25.29487991333008,27.487499237060547,27.59000015258789,27.29750061035156,27.375,104782000,0.0076986191292436335,27.49412488937378,28.169049949645995,0.01245483676360752,27.75749969482422
2016-12-07,25.54333877563477,27.75749969482422,27.79750061035156,27.290000915527344,27.315000534057617,119994800,0.00982266358372974,27.49374990463257,28.158749961853026,0.012585392219354428,28.030000686645508
2016-12-08,25.79410171508789,28.030000686645508,28.107500076293945,27.64999961853028,27.71500015258789,108273200,0.009817202371152245,27.50924997329712,28.149599990844727,0.012763520888105874,28.487499237060547
2016-12-09,26.215103149414062,28.487499237060547,28.674999237060547,28.07749938964844,28.07749938964844,137610400,0.016321745958179923,27.586249923706056,28.15844997406006,0.011312228037458143,28.325000762939453
2016-12-12,26.06557273864746,28.325000762939453,28.75,28.122499465942383,28.32250022888184,105497600,-0.0057042028424064695,27.64712495803833,28.159699974060057,0.011443393783930908,28.79750061035156
2016-12-13,26.500383377075195,28.79750061035156,28.979999542236328,28.4375,28.459999084472656,174935200,0.016681371039196202,27.765625,28.173050003051756,0.009896718733188066,28.79750061035156
2016-12-14,26.500383377075195,28.79750061035156,29.049999237060547,28.7450008392334,28.76000022888184,136127200,0.0,27.866625022888183,28.18400001525879,0.009711626008151819,28.95499992370605
2016-12-15,26.64532470703125,28.95499992370605,29.1825008392334,28.8075008392334,28.84499931335449,186098000,0.005469200799248508,27.939500045776366,28.197849998474123,0.008058849107763694,28.99250030517578
2016-12-16,26.679832458496094,28.99250030517578,29.125,28.912500381469727,29.11750030517578,177404400,0.0012951262845291023,28.01475009918213,28.208250007629395,0.008035064893806688,29.15999984741211
2016-12-19,26.833969116210938,29.15999984741211,29.34499931335449,28.9375,28.950000762939453,111117600,0.005777340362963734,28.097000122070312,28.22115001678467,0.008052883077204344,29.237499237060547
2016-12-20,26.9052848815918,29.237499237060547,29.375,29.170000076293945,29.184999465942383,85700000,0.0026577294257192907,28.16225004196167,28.22564998626709,0.007520749678769229,29.26499938964844
2016-12-21,26.93058967590332,29.26499938964844,29.350000381469727,29.19499969482422,29.200000762939453,95132800,0.0009405781378537537,28.22799997329712,28.22944995880127,0.0075173712659447715,29.07250022888184
2016-12-22,26.753442764282227,29.07250022888184,29.127500534057617,28.90999984741211,29.08749961853028,104343600,-0.006577794798611647,28.29124994277954,28.224199981689452,0.007601106185361279,29.1299991607666
2016-12-23,26.80635452270508,29.1299991607666,29.1299991607666,28.897499084472656,28.897499084472656,56998000,0.0019777773301947743,28.35037488937378,28.221899948120118,0.00757293640841651,29.315000534057617
2016-12-27,26.97659492492676,29.315000534057617,29.450000762939453,29.122499465942383,29.1299991607666,73187600,0.006350888383827469,28.421499919891357,28.22004997253418,0.007566119594798537,29.190000534057617
2016-12-28,26.861576080322266,29.190000534057617,29.5049991607666,29.049999237060547,29.3799991607666,83623600,-0.004264028576590917,28.48774995803833,28.21609996795654,0.0076806436947818735,29.1825008392334
2016-12-29,26.85467529296875,29.1825008392334,29.27750015258789,29.100000381469727,29.112499237060547,60158000,-0.00025692684779055064,28.56537504196167,28.212399978637695,0.007283603825805624,28.95499992370605
2016-12-30,26.64532470703125,28.95499992370605,29.299999237060547,28.857500076293945,29.162500381469727,122345200,-0.007795799159936667,28.644500064849854,28.205899963378908,0.007157450683995881,29.037500381469727
2017-01-03,26.721235275268555,29.037500381469727,29.082500457763672,28.690000534057617,28.950000762939453,115127600,0.002849264651392014,28.722625064849854,28.201349983215334,0.0071542832106725384,29.0049991607666
2017-01-04,26.69132804870605,29.0049991607666,29.127500534057617,28.9375,28.96249961853028,84472400,-0.0011192843831648869,28.80900001525879,28.198449974060058,0.006829967967565536,29.15250015258789
2017-01-05,26.827056884765625,29.15250015258789,29.21500015258789,28.95249938964844,28.979999542236328,88774400,0.005085364457476205,28.892250061035156,28.193249969482423,0.006761961761041041,29.477500915527344
2017-01-06,27.12614250183105,29.477500915527344,29.540000915527344,29.11750030517578,29.19499969482422,127007600,0.011148298130121193,28.978250122070314,28.191549987792968,0.006838765751120407,29.747499465942383
2017-01-09,27.374605178833008,29.747499465942383,29.857500076293945,29.48500061035156,29.487499237060547,134247600,0.00915947899344527,29.064125061035156,28.208549995422363,0.006805925945609344,29.77750015258789
2017-01-10,27.40220832824707,29.77750015258789,29.84499931335449,29.575000762939453,29.6924991607666,97848400,0.0010085112088111803,29.128625106811523,28.231699981689452,0.006047436845410808,29.9375
2017-01-11,27.549448013305664,29.9375,29.982500076293945,29.64999961853028,29.684999465942383,110354400,0.005373179299545949,29.209250068664552,28.26184997558594,0.005783638965116861,29.8125
2017-01-12,27.43442153930664,29.8125,29.825000762939453,29.552499771118164,29.725000381469727,108344800,-0.0041753653444676075,29.260000038146973,28.290399971008302,0.0049697623175756385,29.76000022888184
2017-01-13,27.386106491088867,29.76000022888184,29.905000686645508,29.70249938964844,29.77750015258789,104447600,-0.0017609986119299093,29.308125019073486,28.32814998626709,0.005017678121747161,30.0
2017-01-17,27.606964111328125,30.0,30.059999465942383,29.55500030517578,29.584999084472656,137759200,0.008064508376086632,29.360375022888185,28.370200004577637,0.0051531831214427235,29.997499465942383
2017-01-18,27.60465812683105,29.997499465942383,30.125,29.927499771118164,30.0,94852000,-8.335113525392845e-05,29.410624980926514,28.42099998474121,0.005169300045534535,29.94499969482422
2017-01-19,27.55634880065918,29.94499969482422,30.022499084472656,29.842500686645508,29.850000381469727,102389200,-0.001750138246615185,29.44987497329712,28.475699996948244,0.0051320854176764045,30.0
2017-01-20,27.606964111328125,30.0,30.112499237060547,29.9325008392334,30.112499237060547,130391600,0.0018367108277275168,29.488000011444093,28.523649978637696,0.005124281410554335,30.020000457763672
2017-01-23,27.625362396240234,30.020000457763672,30.20249938964844,29.9424991607666,30.0,88200800,0.0006666819254557144,29.525750064849852,28.56875,0.005125659875706985,29.99250030517578
2017-01-24,27.60005760192871,29.99250030517578,30.02499961853028,29.875,29.887500762939453,92844000,-0.0009160610315973594,29.57175006866455,28.614200019836424,0.004815396497453984,30.46999931335449
2017-01-25,28.03946304321289,30.46999931335449,30.52499961853028,30.06999969482422,30.104999542236328,129510400,0.015920613597403488,29.638750076293945,28.684650001525878,0.005788501840174003,30.48500061035156
2017-01-26,28.05327415466309,30.48500061035156,30.61000061035156,30.39999961853028,30.417499542236328,105350400,0.0004923300733550295,29.697250080108642,28.75220001220703,0.005718779761717613,30.487499237060547
2017-01-27,28.055578231811523,30.487499237060547,30.58749961853028,30.39999961853028,30.53499984741211,82251600,8.19624949635056e-05,29.76212501525879,28.833400001525877,0.005549326759097259,30.40749931335449
2017-01-30,27.981952667236328,30.40749931335449,30.40749931335449,30.165000915527344,30.232500076293945,121510000,-0.002624023803461384,29.823374938964843,28.90599998474121,0.005628964561055574,30.33749961853028
2017-01-31,27.917543411254883,30.33749961853028,30.34749984741211,30.155000686645508,30.287500381469727,196804000,-0.0023020536513985723,29.892499923706055,28.96279998779297,0.005242826678686747,32.1875
2017-02-01,29.619966506958008,32.1875,32.622501373291016,31.752500534057617,31.75749969482422,447940000,0.06098064786920454,30.049999904632568,29.05680000305176,0.014125110265570628,32.13249969482422
2017-02-02,29.56935691833496,32.13249969482422,32.34749984741211,31.94499969482422,31.9950008392334,134841600,-0.0017087473452669366,30.20637493133545,29.149150009155274,0.01413971673390682,32.27000045776367
2017-02-03,29.69588661193848,32.27000045776367,32.29750061035156,32.040000915527344,32.07749938964844,98029200,0.00427918040131825,30.36224994659424,29.235900001525877,0.014141284426346313,32.5724983215332
2017-02-06,29.97425651550293,32.5724983215332,32.625,32.224998474121094,32.282501220703125,107383600,0.009373965276680218,30.516999816894533,29.328349952697753,0.014107426449713556,32.88249969482422
2017-02-07,30.25952911376953,32.88249969482422,33.022499084472656,32.61249923706055,32.6349983215332,152735200,0.009517273444330066,30.67374982833862,29.42984992980957,0.014113076508883403,33.0099983215332
2017-02-08,30.37685775756836,33.0099983215332,33.05500030517578,32.80500030517578,32.837501525878906,92016400,0.0038774006809785266,30.835374736785887,29.5310998916626,0.014083704170644607,33.10499954223633
2017-02-09,30.59636116027832,33.10499954223633,33.11249923706055,32.779998779296875,32.912498474121094,113399600,0.002877952909229764,30.993749713897706,29.635349884033204,0.014093671082127512,33.029998779296875
2017-02-10,30.52705192565918,33.029998779296875,33.23500061035156,33.01250076293945,33.1150016784668,80262000,-0.0022655418811822203,31.154624652862548,29.738649864196777,0.014033629366266514,33.3224983215332
2017-02-13,30.79738044738769,33.3224983215332,33.45500183105469,33.1875,33.27000045776367,92141600,0.00885557229931444,31.332749557495116,29.85249984741211,0.013955930078559511,33.755001068115234
2017-02-14,31.197099685668945,33.755001068115234,33.772499084472656,33.3125,33.36750030517578,132904800,0.012979301323950976,31.520499610900877,29.980149879455567,0.014041674514974553,33.877498626708984
2017-02-15,31.31032943725586,33.877498626708984,34.067501068115234,33.654998779296875,33.880001068115234,142492400,0.0036290195442909567,31.71449956893921,30.108199844360353,0.013981370785747559,33.837501525878906
2017-02-16,31.273361206054688,33.837501525878906,33.974998474121094,33.709999084472656,33.91749954223633,90338400,-0.0011806391395894344,31.909124660491944,30.239399871826173,0.013964918536426828,33.93000030517578
2017-02-17,31.358842849731445,33.93000030517578,33.95750045776367,33.775001525878906,33.775001525878906,88792800,0.00273361729222632,32.10562467575073,30.368249893188477,0.013951540219222163,34.17499923706055
2017-02-21,31.58526992797852,34.17499923706055,34.1875,33.994998931884766,34.057498931884766,98028800,0.007220717055148151,32.31337461471558,30.496599884033202,0.013889998584310767,34.27750015258789
2017-02-22,31.680015563964844,34.27750015258789,34.279998779296875,34.02750015258789,34.10749816894531,83347600,0.0029992953274506906,32.52762460708618,30.621549873352052,0.013805959916707786,34.13249969482422
2017-02-23,31.54599380493164,34.13249969482422,34.369998931884766,34.07500076293945,34.345001220703125,83152800,-0.004230193483136024,32.71074962615967,30.734449882507324,0.013839559267837642,34.165000915527344
2017-02-24,31.57603073120117,34.165000915527344,34.165000915527344,33.81999969482422,33.977500915527344,87106400,0.0009522074560526228,32.89474964141846,30.85124988555908,0.0138306919627843,34.23249816894531
2017-02-27,31.63842010498047,34.23249816894531,34.36000061035156,34.06999969482422,34.28499984741211,81029600,0.0019756256873768585,33.08199958801269,30.959949836730956,0.01379590798834332,34.247501373291016
2017-02-28,31.652284622192383,34.247501373291016,34.36000061035156,34.17499923706055,34.27000045776367,93931600,0.0004382737208268317,33.27399969100952,31.068949851989746,0.013713104092309927,34.9474983215332
2017-03-01,32.29924011230469,34.9474983215332,35.037498474121094,34.400001525878906,34.47249984741211,145658400,0.020439358206379987,33.50449962615967,31.18879981994629,0.013925302518006732,34.7400016784668
2017-03-02,32.10746765136719,34.7400016784668,35.06999969482422,34.689998626708984,35.0,104844000,-0.005937381873727832,33.632124710083005,31.30374984741211,0.006236511139999515,34.94499969482422
2017-03-03,32.29693603515625,34.94499969482422,34.95750045776367,34.647499084472656,34.69499969482422,84432400,0.0059009213141312244,33.772749710083005,31.41944984436035,0.006110951424160968,34.834999084472656
2017-03-06,32.19526672363281,34.834999084472656,34.942501068115234,34.650001525878906,34.842498779296875,87000000,-0.003147821185067956,33.90099964141846,31.531399841308595,0.006329050688973427,34.880001068115234
2017-03-07,32.23685836791992,34.880001068115234,34.994998931884766,34.6974983215332,34.76499938964844,69785200,0.0012918611977985606,34.01637477874756,31.643699874877928,0.006214803395859644,34.75
2017-03-08,32.116703033447266,34.75,34.95000076293945,34.70500183105469,34.73749923706055,74828800,-0.003727094728620095,34.10974979400635,31.757249870300292,0.006239446410126078,34.66999816894531
2017-03-09,32.042762756347656,34.66999816894531,34.6974983215332,34.26250076293945,34.685001373291016,88623600,-0.002302210965602569,34.19274978637695,31.868049850463866,0.006334738355392377,34.78499984741211
2017-03-10,32.149044036865234,34.78499984741211,34.84000015258789,34.65999984741211,34.8125,78451200,0.003317037338923301,34.276749801635745,31.97744983673096,0.006336968318680311,34.79999923706055
2017-03-13,32.16291427612305,34.79999923706055,34.85749816894531,34.70500183105469,34.712501525878906,69686800,0.00043120280909114683,34.36524982452393,32.089649810791016,0.006258500552909237,34.747501373291016
2017-03-14,32.11439895629883,34.747501373291016,34.912498474121094,34.709999084472656,34.82500076293945,61236400,-0.0015085593367951677,34.436499977111815,32.200949821472165,0.006144089985340278,35.1150016784668
2017-03-15,32.45404052734375,35.1150016784668,35.1875,34.75749969482422,34.852500915527344,102767200,0.010576308817941804,34.504500007629396,32.32414985656738,0.005940551363795732,35.17250061035156
2017-03-16,32.507179260253906,35.17250061035156,35.255001068115234,35.064998626708984,35.18000030517578,76928000,0.0016374463658370697,34.56925010681152,32.44684986114502,0.005928373785828298,34.997501373291016
2017-03-17,32.34545135498047,34.997501373291016,35.25,34.97249984741211,35.25,175540000,-0.0049754562235772015,34.62725009918213,32.56669990539551,0.00609047003460942,35.3650016784668
2017-03-20,32.685096740722656,35.3650016784668,35.375,35.057498931884766,35.099998474121094,86168000,0.010500758361459583,34.69900016784668,32.69094993591309,0.006399363034457511,34.959999084472656
2017-03-21,32.310791015625,34.959999084472656,35.70000076293945,34.932498931884766,35.52750015258789,158119600,-0.01145207337119225,34.738250160217284,32.800599899291996,0.006950246444821158,35.35499954223633
2017-03-22,32.67585372924805,35.35499954223633,35.400001525878906,34.939998626708984,34.962501525878906,103440800,0.011298640392102044,34.792125129699706,32.91274990081787,0.007304629612178332,35.22999954223633
2017-03-23,32.560325622558594,35.22999954223633,35.39500045776367,35.15250015258789,35.314998626708984,81385200,-0.003535567857967936,34.84700012207031,33.02179988861084,0.007277180042202162,35.15999984741211
2017-03-24,32.49564743041992,35.15999984741211,35.435001373291016,35.087501525878906,35.375,89582400,-0.001986934309786137,34.89675006866455,33.12624988555908,0.007320681446225773,35.220001220703125
2017-03-27,32.55108642578125,35.220001220703125,35.30500030517578,34.654998779296875,34.84749984741211,94300400,0.0017065237073778938,34.946125221252444,33.23439990997314,0.00731993445162131,35.95000076293945
2017-03-28,33.225772857666016,35.95000076293945,36.0099983215332,35.154998779296875,35.227500915527344,133499200,0.020726846023140233,35.031250190734866,33.3581999206543,0.008485621894882762,36.02999877929688
2017-03-29,33.29970932006836,36.02999877929688,36.122501373291016,35.79750061035156,35.91999816894531,116760000,0.0022252577095880355,35.085375213623045,33.47879989624023,0.007357122971321619,35.98249816894531
2017-03-30,33.25581359863281,35.98249816894531,36.125,35.875,36.04750061035156,84829200,-0.0013183628076852694,35.14750003814697,33.598499870300294,0.007180014006238725,35.915000915527344
2017-03-31,33.19342041015625,35.915000915527344,36.067501068115234,35.752498626708984,35.93000030517578,78646800,-0.0018758356660244502,35.19600009918213,33.71789989471436,0.007155801229898359,35.92499923706055
2017-04-03,33.20267105102539,35.92499923706055,36.02999877929688,35.76250076293945,35.9275016784668,79942800,0.0002783884526891267,35.25050010681152,33.83639987945557,0.007081975503948873,36.192501068115234
2017-04-04,33.449893951416016,36.192501068115234,36.22249984741211,35.79249954223633,35.8125,79565600,0.007446119324582501,35.316125106811526,33.9598498916626,0.007202146416600974,36.005001068115234
2017-04-05,33.2765998840332,36.005001068115234,36.3650016784668,35.95249938964844,36.05500030517578,110871600,-0.005180631193382301,35.378875160217284,34.08009990692139,0.007268659163049035,35.915000915527344
2017-04-06,33.19342041015625,35.915000915527344,36.130001068115234,35.86249923706055,36.0724983215332,84596000,-0.0024996569898061427,35.441125297546385,34.18899993896484,0.007274656281983393,35.834999084472656
2017-04-07,33.119476318359375,35.834999084472656,36.04499816894531,35.817501068115234,35.932498931884766,66688800,-0.002227532479891936,35.493625259399415,34.295999908447264,0.007318936568057233,35.79249954223633
2017-04-10,33.080204010009766,35.79249954223633,35.970001220703125,35.724998474121094,35.900001525878906,75733600,-0.0011859786053334265,35.543250274658206,34.40209991455078,0.007340422928878529,35.407501220703125
2017-04-11,32.724388122558594,35.407501220703125,35.837501525878906,35.01499938964844,35.73500061035156,121517600,-0.010756396632174092,35.57625026702881,34.502099952697755,0.007811588341523481,35.45000076293945
2017-04-12,32.763668060302734,35.45000076293945,35.537498474121094,35.252498626708984,35.400001525878906,81400000,0.0012002976988243486,35.59300022125244,34.60434997558594,0.007479007362357881,35.26250076293945
2017-04-13,32.59036636352539,35.26250076293945,35.595001220703125,35.26250076293945,35.477500915527344,71291600,-0.0052891395194557544,35.597500228881835,34.66584999084473,0.007583274013375668,35.45750045776367
2017-04-17,32.770599365234375,35.45750045776367,35.470001220703125,35.217498779296875,35.369998931884766,66328400,0.005529945143004866,35.62050018310547,34.732350006103516,0.007573033539765143,35.29999923706055
2017-04-18,32.62501907348633,35.29999923706055,35.5099983215332,35.27750015258789,35.352500915527344,58790000,-0.004441971900719266,35.61725006103516,34.79294998168945,0.007284792809274368,35.16999816894531
2017-04-19,32.50486755371094,35.16999816894531,35.5,35.11249923706055,35.470001220703125,69313600,-0.003682749884559522,35.62775001525879,34.8448999786377,0.006839244519627217,35.61000061035156
2017-04-20,32.91153717041016,35.61000061035156,35.72999954223633,35.290000915527344,35.30500030517578,93278400,0.012510732565086391,35.64050006866455,34.89944999694824,0.006946169768315461,35.567501068115234
2017-04-21,32.87225341796875,35.567501068115234,35.66999816894531,35.462501525878906,35.61000061035156,69283600,-0.0011934721007551552,35.65737514495849,34.95060005187988,0.00689620770345257,35.90999984741211
2017-04-24,33.188804626464844,35.90999984741211,35.98749923706055,35.79499816894531,35.875,68537200,0.009629542953859982,35.694875144958495,35.0067000579834,0.007159937598430345,36.13249969482422
2017-04-25,33.39444732666016,36.13249969482422,36.22499847412109,35.967498779296875,35.977500915527344,75486000,0.006196041446882461,35.74050006866455,35.068750076293945,0.007250416020434048,35.91999816894531
2017-04-26,33.19805145263672,35.91999816894531,36.150001525878906,35.845001220703125,36.11750030517578,80164800,-0.005881174224692365,35.738999938964845,35.12070007324219,0.005793885206027307,35.9474983215332
2017-04-27,33.22345733642578,35.9474983215332,36.040000915527344,35.82749938964844,35.97999954223633,56985200,0.0007655944874647158,35.73487491607666,35.16455001831055,0.005773193220386336,35.912498474121094
2017-04-28,33.19111633300781,35.912498474121094,36.07500076293945,35.817501068115234,36.022499084472656,83441600,-0.0009736379176946697,35.73137493133545,35.20525001525879,0.0057698741831000945,36.64500045776367
2017-05-01,33.86811065673828,36.64500045776367,36.79999923706055,36.2400016784668,36.275001525878906,134411600,0.02039685387443657,35.76787490844727,35.26139999389648,0.007340875431981465,36.87749862670898
2017-05-02,34.08299255371094,36.87749862670898,37.022499084472656,36.709999084472656,36.8849983215332,181408800,0.006344608160484988,35.81549987792969,35.32034996032715,0.007432842488076137,36.76499938964844
2017-05-03,33.97902297973633,36.76499938964844,36.872501373291016,36.067501068115234,36.397499084472656,182788000,-0.0030506200596550626,35.84412479400635,35.37214996337891,0.007348764200180671,36.63249969482422
2017-05-04,33.85655212402344,36.63249969482422,36.78499984741211,36.45249938964844,36.630001068115234,93487600,-0.003603962927346771,35.8754997253418,35.41924995422363,0.007289328186151868,37.2400016784668
2017-05-05,34.41802215576172,37.2400016784668,37.244998931884766,36.68999862670898,36.68999862670898,109310800,0.016583689038518257,35.94174976348877,35.48139999389648,0.00803338229495281,38.25249862670898
2017-05-08,35.353797912597656,38.25249862670898,38.42499923706055,37.25749969482422,37.25749969482422,195009600,0.027188423807930073,36.06262474060058,35.56314994812012,0.009756763796226912,38.497501373291016
2017-05-09,35.58021926879883,38.497501373291016,38.720001220703125,38.36249923706055,38.46749877929688,156521600,0.006404882174441129,36.19787483215332,35.64845001220703,0.00972006068120225,38.31499862670898
2017-05-10,35.41155242919922,38.31499862670898,38.48500061035156,38.02750015258789,38.407501220703125,103222800,-0.0047406387446395915,36.34324970245361,35.72979995727539,0.009334805346565516,38.48749923706055
2017-05-11,35.71780014038086,38.48749923706055,38.51750183105469,38.07749938964844,38.11249923706055,109020400,0.004502169294906988,36.495124626159665,35.80059997558594,0.009311953831296104,39.025001525878906
2017-05-12,36.21662521362305,39.025001525878906,39.10499954223633,38.66749954223633,38.67499923706055,130108000,0.01396563298404141,36.68324966430664,35.88629997253418,0.009278933386384443,38.92499923706055
2017-05-15,36.12382888793945,38.92499923706055,39.16249847412109,38.76250076293945,39.00249862670898,104038800,-0.00256251851142264,36.856624603271484,35.96589996337891,0.00943535484527675,38.86750030517578
2017-05-16,36.07046508789063,38.86750030517578,39.01499938964844,38.68000030517578,38.98500061035156,80194000,-0.0014771723317086316,37.03499965667724,36.04654998779297,0.009306276424294066,37.5625
2017-05-17,34.859375,37.5625,38.64250183105469,37.4275016784668,38.400001525878906,203070800,-0.033575617030406235,37.15462474822998,36.100199966430665,0.012577199724449652,38.1349983215332
2017-05-18,35.39067077636719,38.1349983215332,38.334999084472656,37.782501220703125,37.817501068115234,134272800,0.015241219874428058,37.28087463378906,36.16789993286133,0.012695886571358778,38.26499938964844
2017-05-19,35.51131820678711,38.26499938964844,38.494998931884766,38.157501220703125,38.345001220703125,107843200,0.00340897007570673,37.41574954986572,36.23979995727539,0.012647804252578184,38.497501373291016
2017-05-22,35.727081298828125,38.497501373291016,38.64500045776367,38.227500915527344,38.5,91865600,0.0060761005449141425,37.54512462615967,36.31404998779297,0.012585492894223749,38.45000076293945
2017-05-23,35.683013916015625,38.45000076293945,38.72499847412109,38.32749938964844,38.72499847412109,79675600,-0.0012338621639615965,37.66099967956543,36.387050018310546,0.012613227797568441,38.334999084472656
2017-05-24,35.576290130615234,38.334999084472656,38.54249954223633,38.16749954223633,38.459999084472656,76712000,-0.0029909408630660606,37.7817497253418,36.45879997253418,0.012520053464661497,38.46749877929688
2017-05-25,35.69926071166992,38.46749877929688,38.587501525878906,38.25749969482422,38.432498931884766,76942400,0.0034563635838951168,37.90774974822998,36.52584991455078,0.01250545607986709,38.40250015258789
2017-05-26,35.63892364501953,38.40250015258789,38.560001373291016,38.32749938964844,38.5,87710400,-0.0016897024441832054,38.03224983215332,36.59044990539551,0.012519858560541696,38.41749954223633
2017-05-30,35.65283966064453,38.41749954223633,38.60749816894531,38.33250045776367,38.35499954223633,80507600,0.00039058367525135473,38.12087478637695,36.65884986877441,0.011875737034557297,38.18999862670898
2017-05-31,35.441707611083984,38.18999862670898,38.54249954223633,38.095001220703125,38.49250030517578,97804800,-0.0059218043401610965,38.186499786376956,36.71534980773926,0.011979326135962044,38.29499816894531
2017-06-01,35.53916549682617,38.29499816894531,38.33250045776367,38.05500030517578,38.29249954223633,65616400,0.002749398952921256,38.2629997253418,36.78204978942871,0.011925329912613943,38.86249923706055
2017-06-02,36.065826416015625,38.86249923706055,38.86249923706055,38.22249984741211,38.39500045776367,111082800,0.014819195593419376,38.37449970245361,36.8521997833252,0.012169878800759102,38.48249816894531
2017-06-05,35.713172912597656,38.48249816894531,38.61249923706055,38.3650016784668,38.584999084472656,101326800,-0.009778091362504404,38.43662452697754,36.91724975585937,0.012051634005081866,38.61249923706055
2017-06-06,35.83381652832031,38.61249923706055,38.95249938964844,38.44499969482422,38.47499847412109,106499600,0.0033781868200060128,38.454624557495116,36.986299743652346,0.01047543433108513,38.84249877929688
2017-06-07,36.04726028442383,38.84249877929688,38.994998931884766,38.619998931884766,38.755001068115234,84278400,0.0059566085278308645,38.47187442779541,37.05874969482422,0.010462654369956343,38.747501373291016
2017-06-08,35.95908737182617,38.747501373291016,38.8849983215332,38.59999847412109,38.8125,85003200,-0.002445707897054783,38.49349956512451,37.11469970703125,0.010414643299326917,37.244998931884766
2017-06-09,34.564727783203125,37.244998931884766,38.79750061035156,36.505001068115234,38.79750061035156,259530800,-0.03877675690443194,38.43137454986572,37.138999710083006,0.013579481719726743,36.35499954223633
2017-06-12,33.73877716064453,36.35499954223633,36.522499084472656,35.627498626708984,36.435001373291016,289229200,-0.02389580924075485,38.297874450683594,37.14644973754883,0.0139369491909018,36.647499084472656
2017-06-13,34.01021957397461,36.647499084472656,36.86249923706055,36.28749847412109,36.790000915527344,136661600,0.00804564835426591,38.1839994430542,37.161099700927736,0.014172121784150591,36.290000915527344
2017-06-14,33.67844772338867,36.290000915527344,36.875,35.959999084472656,36.875,126124800,-0.009755049536157356,38.05512447357178,37.16839973449707,0.014248647064451971,36.0724983215332
2017-06-15,33.47658920288086,36.0724983215332,36.119998931884766,35.5525016784668,35.83000183105469,128661600,-0.005993457936262492,37.98062438964844,37.16599967956543,0.012378993774449676,35.567501068115234
2017-06-16,33.0079345703125,35.567501068115234,36.125,35.54999923706055,35.94499969482422,201444400,-0.013999508681562967,37.85224952697754,37.15724967956543,0.01196171968517112,36.584999084472656
2017-06-19,33.95221710205078,36.584999084472656,36.685001373291016,35.915000915527344,35.915000915527344,130165600,0.028607520511739537,37.76824951171875,37.17064964294433,0.013889500046306175,36.25249862670898
2017-06-20,33.64366149902344,36.25249862670898,36.71749877929688,36.23500061035156,36.71749877929688,99600400,-0.00908843695734296,37.65599937438965,37.17899963378906,0.013830590411505354,36.46749877929688
2017-06-21,33.843170166015625,36.46749877929688,36.51750183105469,36.15250015258789,36.380001068115234,85063200,0.005930629907796359,37.55687427520752,37.19249961853027,0.013968339319227507,36.407501220703125
2017-06-22,33.78750228881836,36.407501220703125,36.67499923706055,36.27999877929688,36.442501068115234,76425200,-0.001645233717751382,37.460499382019044,37.21249961853027,0.01396934490099455,36.56999969482422
2017-06-23,33.93829345703125,36.56999969482422,36.790000915527344,36.27750015258789,36.282501220703125,141757600,0.004463324003919578,37.36562442779541,37.23489959716797,0.013993670675176585,36.45500183105469
2017-06-26,33.83158493041992,36.45500183105469,37.06999969482422,36.345001220703125,36.79249954223633,102769600,-0.0031445956994581303,37.26824951171875,37.258749618530274,0.013993388063395189,35.932498931884766
2017-06-27,33.34667205810547,35.932498931884766,36.540000915527344,35.904998779296875,36.25249862670898,99047600,-0.0143328178007337,37.14399948120117,37.268249588012694,0.014218505882075053,36.45750045776367
2017-06-28,33.83389663696289,36.45750045776367,36.52750015258789,35.790000915527344,36.122501373291016,88329600,0.014610771348636753,37.05737457275391,37.29139961242676,0.014746249925951372,35.91999816894531
2017-06-29,33.3350830078125,35.91999816894531,36.282501220703125,35.56999969482422,36.1775016784668,125997600,-0.014743256725486709,36.93862457275391,37.30639961242676,0.014953627157075763,36.005001068115234
2017-06-30,33.41395568847656,36.005001068115234,36.2400016784668,35.94499969482422,36.11249923706055,92096400,0.0023664505429572547,36.79574966430664,37.31429962158203,0.014418381454759205,35.875
2017-07-03,33.29330825805664,35.875,36.32500076293945,35.775001525878906,36.220001220703125,57111200,-0.003610639196185428,36.665374755859375,37.320449600219725,0.014347593655714287,36.022499084472656
2017-07-05,33.43019485473633,36.022499084472656,36.1974983215332,35.68000030517578,35.92250061035156,86278400,0.0041114727379136795,36.53587474822998,37.32269958496094,0.01436676032119313,35.682498931884766
2017-07-06,33.114646911621094,35.682498931884766,35.875,35.602500915527344,35.755001068115234,96515200,-0.009438549829388299,36.377874755859374,37.31369956970215,0.014252899088002487,36.04499816894531
2017-07-07,33.45107650756836,36.04499816894531,36.1875,35.724998474121094,35.724998474121094,76806800,0.010159020469741487,36.24274959564209,37.31619956970215,0.01460591396059577,36.26499938964844
2017-07-10,33.655242919921875,36.26499938964844,36.48749923706055,35.842498779296875,36.02750015258789,84362400,0.006103515935053316,36.193749618530276,37.32254959106445,0.01214163760908954,36.38249969482422
2017-07-11,33.76429748535156,36.38249969482422,36.462501525878906,36.095001220703125,36.182498931884766,79127200,0.0032400470744065046,36.19512462615967,37.331949615478514,0.01093558582975729,36.435001373291016
2017-07-12,33.813018798828125,36.435001373291016,36.54499816894531,36.20500183105469,36.46749877929688,99538000,0.0014430475890105932,36.184499740600586,37.32774963378906,0.010781489347167963,36.942501068115234
2017-07-13,34.28398513793945,36.942501068115234,37.122501373291016,36.36000061035156,36.375,100797600,0.0139289056043852,36.21712474822998,37.32904968261719,0.010979755109966653,37.2599983215332
2017-07-14,34.57864761352539,37.2599983215332,37.33250045776367,36.83250045776367,36.99250030517578,80528400,0.008594362705236502,36.27649974822998,37.33894966125488,0.010978870248180008,37.38999938964844
2017-07-17,34.69927978515625,37.38999938964844,37.72499847412109,37.14250183105469,37.20500183105469,95174000,0.003489025066329754,36.36762466430664,37.354099655151366,0.010342518991131875,37.52000045776367
2017-07-18,34.81992721557617,37.52000045776367,37.532501220703125,37.16749954223633,37.29999923706055,71475200,0.0034768940956770855,36.41437473297119,37.3596996307373,0.008343877717234669,37.755001068115234
2017-07-19,35.038021087646484,37.755001068115234,37.85499954223633,37.48749923706055,37.619998931884766,83692000,0.00626334241696247,36.4894998550415,37.34974967956543,0.008038882557387503,37.584999084472656
2017-07-20,34.880252838134766,37.584999084472656,37.935001373291016,37.54750061035156,37.875,68974800,-0.0045027672846802425,36.54537487030029,37.331499633789065,0.008112897259833924,37.567501068115234
2017-07-21,34.864013671875,37.567501068115234,37.61000061035156,37.220001220703125,37.497501373291016,105010400,-0.00046555851493024214,36.6033748626709,37.316549682617186,0.008092771608477814,38.022499084472656
2017-07-24,35.28627014160156,38.022499084472656,38.11000061035156,37.47499847412109,37.64500045776367,85972800,0.012111479428254857,36.67599983215332,37.30724967956543,0.008409658549836854,38.185001373291016
2017-07-25,35.43707656860352,38.185001373291016,38.459999084472656,37.95000076293945,37.95000076293945,75415600,0.004273845558055989,36.76249980926514,37.290449676513674,0.00833486255530774,38.3650016784668
2017-07-26,35.60411834716797,38.3650016784668,38.48249816894531,38.26499938964844,38.337501525878906,63124000,0.004713900712379759,36.88412494659424,37.2792497253418,0.007358889341664346,37.63999938964844
2017-07-27,34.93130111694336,37.63999938964844,38.497501373291016,36.82500076293945,38.4375,129905200,-0.018897491387972032,36.94324989318848,37.25469970703125,0.00839168315561736,37.375
2017-07-28,34.68535614013672,37.375,37.557498931884766,37.29750061035156,37.47249984741211,68854800,-0.007040366470391524,37.015999984741214,37.25094970703125,0.007753092555822991,37.182498931884766
2017-07-31,34.50672912597656,37.182498931884766,37.58250045776367,37.032501220703125,37.47499847412109,79383600,-0.005150530250574881,37.07487487792969,37.23189971923828,0.007915705515897832,37.51250076293945
2017-08-01,34.81297302246094,37.51250076293945,37.55500030517578,37.102500915527344,37.275001525878906,141474400,0.008875192376371022,37.15674991607666,37.2168497467041,0.007971956731140302,39.28499984741211
2017-08-02,36.45791244506836,39.28499984741211,39.9375,39.040000915527344,39.81999969482422,279747200,0.047250890994284145,37.319874954223636,37.23259971618652,0.01284484048111707,38.89250183105469
2017-08-03,36.093658447265625,38.89250183105469,39.3025016784668,38.755001068115234,39.26250076293945,108389200,-0.009991040292272713,37.480375099182126,37.24144973754883,0.012876771391148983,39.09749984741211
2017-08-04,36.28390884399414,39.09749984741211,39.34999847412109,38.92250061035156,39.01750183105469,82239600,0.005270887875712171,37.633000183105466,37.25669975280762,0.01280779013128575,39.70249938964844
2017-08-07,36.84537887573242,39.70249938964844,39.72999954223633,39.16749954223633,39.26499938964844,87481200,0.015474123527015493,37.804875183105466,37.28139976501465,0.013052104171913857,40.02000045776367
2017-08-08,37.140018463134766,40.02000045776367,40.45750045776367,39.567501068115234,39.650001525878906,144823600,0.007997004546217878,37.98675022125244,37.31374977111816,0.013069005899519412,40.26499938964844
2017-08-09,37.36739349365234,40.26499938964844,40.317501068115234,39.77750015258789,39.81499862670898,104526000,0.006121912270923957,38.17825012207031,37.350699768066406,0.013046559054041573,38.83000183105469
2017-08-10,36.17716598510742,38.83000183105469,40.0,38.657501220703125,39.97499847412109,163217200,-0.03563883224502584,38.27262516021729,37.36349983215332,0.01571435008875542,39.369998931884766
2017-08-11,36.68027877807617,39.369998931884766,39.64250183105469,39.01750183105469,39.150001525878906,105028400,0.013906697794647371,38.37812519073486,37.38499984741211,0.015864977907609514,39.962501525878906
2017-08-14,37.23229598999024,39.962501525878906,40.0525016784668,39.6875,39.83000183105469,88490800,0.015049596394941522,38.50675029754639,37.40699989318848,0.01609735145046918,40.400001525878906
2017-08-15,37.63991928100586,40.400001525878906,40.54999923706055,40.03499984741211,40.165000915527344,117862000,0.010947763110291886,38.65075035095215,37.44534996032715,0.0161843340230427,40.23749923706055
2017-08-16,37.48851776123047,40.23749923706055,40.62749862670898,40.03749847412109,40.48500061035156,110686400,-0.004022333729721939,38.774875259399415,37.47784996032715,0.016266106375221013,39.46500015258789
2017-08-17,36.76879119873047,39.46500015258789,40.1775016784668,39.459999084472656,40.130001068115234,111762400,-0.01919848646461486,38.86887531280517,37.490299987792966,0.016955136672424407,39.375
2017-08-18,36.68494415283203,39.375,39.875,39.18000030517578,39.46500015258789,109712400,-0.0022805055679694375,38.95925025939941,37.50284996032715,0.01697713455935787,39.3025016784668
2017-08-21,36.61738586425781,39.3025016784668,39.47249984741211,38.77750015258789,39.375,105474000,-0.0018412272135416297,39.02325038909912,37.54400001525879,0.016847075236615265,39.94499969482422
2017-08-22,37.21600341796875,39.94499969482422,40.0,39.505001068115234,39.557498931884766,86418400,0.01634750941845109,39.11125030517578,37.615800018310544,0.01715424223079759,39.994998931884766
2017-08-23,37.262577056884766,39.994998931884766,40.11750030517578,39.720001220703125,39.76750183105469,77596400,0.0012517020263496104,39.19275016784668,37.68275001525879,0.017147074548025762,39.817501068115234
2017-08-24,37.097206115722656,39.817501068115234,40.185001373291016,39.63750076293945,40.10749816894531,79275600,-0.004438001462928609,39.30162525177002,37.75330001831055,0.01650247333752547,39.96500015258789
2017-08-25,37.23463439941406,39.96500015258789,40.13999938964844,39.817501068115234,39.91249847412109,101920400,0.0037043782386125823,39.431125259399415,37.83115005493164,0.016334345758915424,40.36750030517578
2017-08-28,37.609622955322266,40.36750030517578,40.5,39.98249816894531,40.03499984741211,103864000,0.010071316177933998,39.59037532806396,37.92715003967285,0.01626543716297955,40.727500915527344
2017-08-29,37.94504165649414,40.727500915527344,40.77999877929688,40.0,40.025001525878906,118067600,0.008918080327738442,39.75112533569336,38.01000007629395,0.016266082826855686,40.837501525878906
2017-08-30,38.04751968383789,40.837501525878906,40.97249984741211,40.65250015258789,40.95000076293945,109078400,0.0027008927107929903,39.828750419616696,38.101700134277344,0.01273365297980446,41.0
2017-08-31,38.19892501831055,41.0,41.130001068115234,40.869998931884766,40.90999984741211,107140400,0.003979148284037892,39.93412532806396,38.192350158691404,0.012419541379472307,41.01250076293945
2017-09-01,38.21055603027344,41.01250076293945,41.23500061035156,40.907501220703125,41.20000076293945,66364400,0.0003048966570597944,40.02987537384033,38.284450149536134,0.012415416721000336,40.52000045776367
2017-09-05,37.751712799072266,40.52000045776367,41.0625,40.13999938964844,40.9375,117874000,-0.012008541201194545,40.0707504272461,38.36345016479492,0.012420998838889223,40.477500915527344
2017-09-06,37.71211624145508,40.477500915527344,40.747501373291016,40.130001068115234,40.6775016784668,86606800,-0.001048853449067133,40.093625450134276,38.443900146484374,0.012320683601124741,40.31499862670898
2017-09-07,37.56071472167969,40.31499862670898,40.560001373291016,40.09000015258789,40.522499084472656,87714000,-0.004014632453655964,40.0961254119873,38.53155014038086,0.012291824176310178,39.657501220703125
2017-09-08,36.94813537597656,39.657501220703125,40.28749847412109,39.63249969482422,40.21500015258789,114446000,-0.016309002316826415,40.13750038146973,38.59555015563965,0.009847960370283985,40.375
2017-09-11,37.61661911010742,40.375,40.51250076293945,39.97249984741211,40.125,126323200,0.018092384976648557,40.18775043487549,38.68465019226074,0.01017351889622997,40.21500015258789
2017-09-12,37.467559814453125,40.21500015258789,40.9900016784668,39.692501068115234,40.65250015258789,286856000,-0.0039628445179469285,40.200375366210935,38.7688501739502,0.009699358499401244,39.91249847412109
2017-09-13,37.18572616577149,39.91249847412109,39.9900016784668,39.477500915527344,39.96749877929688,179629600,-0.007522110588562003,40.17600021362305,38.84960014343262,0.00951572642453224,39.56999969482422
2017-09-14,36.86661148071289,39.56999969482422,39.84999847412109,39.522499084472656,39.747501373291016,95042800,-0.008581241275059215,40.14262523651123,38.920550155639646,0.00965649647853932,39.970001220703125
2017-09-15,37.23928451538086,39.970001220703125,40.24250030517578,39.5,39.61750030517578,196458400,0.010108706822437252,40.16787528991699,39.00630020141602,0.008911191652973063,39.66749954223633
2017-09-18,36.95744705200195,39.66749954223633,40.125,39.5,40.02750015258789,113077600,-0.007568217894126872,40.18250026702881,39.07875022888184,0.009080285914961439,39.682498931884766
2017-09-19,36.97142791748047,39.682498931884766,39.942501068115234,39.61000061035156,39.87749862670898,83242400,0.00037812793398961375,40.20150012969971,39.14710021972656,0.009064884367813077,39.01750183105469
2017-09-20,36.35186767578125,39.01750183105469,39.56499862670898,38.45750045776367,39.47499847412109,211805600,-0.016757944149927373,40.15512523651123,39.19980026245117,0.009045212266755516,38.34749984741211
2017-09-21,35.72762680053711,38.34749984741211,38.95000076293945,38.1875,38.95000076293945,150046800,-0.01717183192669991,40.0727502822876,39.23805023193359,0.009703527578766986,37.97249984741211
2017-09-22,35.37825393676758,37.97249984741211,38.067501068115234,37.63999938964844,37.8849983215332,186581600,-0.009778994758254278,39.98050022125244,39.25865020751953,0.00984498826188166,37.63750076293945
2017-09-25,35.066131591796875,37.63750076293945,37.95750045776367,37.290000915527344,37.497501373291016,177549200,-0.00882214986684604,39.86412525177002,39.26620025634766,0.00983979080658072,38.28499984741211
2017-09-26,35.66939926147461,38.28499984741211,38.47999954223633,37.92250061035156,37.94499969482422,146640000,0.017203562174623155,39.760000228881836,39.28410026550293,0.010447036845511593,38.557498931884766
2017-09-27,35.92329788208008,38.557498931884766,38.68000030517578,38.3849983215332,38.45000076293945,102016800,0.007117646220679674,39.651500129699706,39.30485023498535,0.010349931345067141,38.31999969482422
2017-09-28,35.70201110839844,38.31999969482422,38.56999969482422,38.17499923706055,38.47249984741211,88022000,-0.006159612102437206,39.52562503814697,39.316150207519534,0.010296843453446286,38.52999877929688
2017-09-29,35.89767074584961,38.52999877929688,38.532501220703125,38.0,38.3025016784668,105199200,0.005480143166624929,39.40212497711182,39.33505020141602,0.010356652734606609,38.45249938964844
2017-10-02,35.82545852661133,38.45249938964844,38.61249923706055,38.18000030517578,38.56499862670898,74795200,-0.002011403895763597,39.27412490844726,39.35275016784668,0.010330066487071046,38.619998931884766
2017-10-03,35.98152160644531,38.619998931884766,38.772499084472656,38.477500915527344,38.50249862670898,64921200,0.004356011830050743,39.17912483215332,39.364700164794925,0.010240587214718605,38.369998931884766
2017-10-04,35.74859619140625,38.369998931884766,38.46500015258789,38.1150016784668,38.407501220703125,80655200,-0.0064733300599238985,39.073749732971194,39.3684001159668,0.010276123512102574,38.84749984741211
2017-10-05,36.1934700012207,38.84749984741211,38.86000061035156,38.51250076293945,38.54499816894531,85135200,0.012444642398218742,39.00037479400635,39.378050079345705,0.010804052020048862,38.82500076293945
2017-10-06,36.17251586914063,38.82500076293945,38.872501373291016,38.63999938964844,38.74250030517578,69630400,-0.0005791642849869438,38.958749771118164,39.40175010681153,0.010250372995915956,38.959999084472656
2017-10-09,36.29829025268555,38.959999084472656,39.182498931884766,38.872501373291016,38.95249938964844,65051600,0.003477097717460076,38.8879997253418,39.433450088500976,0.009293105115442454,38.97499847412109
2017-10-10,36.31225204467773,38.97499847412109,39.5,38.775001525878906,39.01499938964844,62468000,0.0003849946098795076,38.825999641418456,39.4693000793457,0.009289251258006701,39.13750076293945
2017-10-11,36.46365737915039,39.13750076293945,39.244998931884766,38.9375,38.99250030517578,67622400,0.004169398208604624,38.78724975585938,39.501800079345706,0.009259733732243815,39.0
2017-10-12,36.33555221557617,39.0,39.34249877929688,38.932498931884766,39.087501525878906,64500400,-0.0035132739765962873,38.75874977111816,39.49610008239746,0.009107692904984678,39.247501373291016
2017-10-13,36.5661506652832,39.247501373291016,39.31999969482422,39.102500915527344,39.182498931884766,65576800,0.006346189058743956,38.72262477874756,39.50320007324219,0.008909696521911757,39.970001220703125
2017-10-16,37.23928451538086,39.970001220703125,40.0,39.41249847412109,39.47499847412109,96486000,0.01840881131617178,38.737749862670896,39.52065010070801,0.0097374485908891,40.11750030517578
2017-10-17,37.376712799072266,40.11750030517578,40.21749877929688,39.807498931884766,39.94499969482422,75989200,0.0036902446827111746,38.75949993133545,39.52895011901855,0.009764736970505774,39.93999862670898
2017-10-18,37.21133041381836,39.93999862670898,40.1775016784668,39.900001525878906,40.10499954223633,65496800,-0.004424544827482779,38.80562477111816,39.52735008239746,0.008968444443624496,38.994998931884766
2017-10-19,36.330902099609375,38.994998931884766,39.27000045776367,38.755001068115234,39.1875,170336800,-0.023660483908786722,38.837999725341795,39.501950073242185,0.009751477512684223,39.0625
2017-10-20,36.39377975463867,39.0625,39.4375,38.9900016784668,39.15250015258789,95896400,0.0017310185912080556,38.89249973297119,39.506600036621094,0.00942325453844991,39.04249954223633
2017-10-23,36.37514877319336,39.04249954223633,39.42250061035156,38.875,39.22249984741211,87937200,-0.0005120117187500384,38.96274967193604,39.50005004882812,0.00912457215575691,39.275001525878906
2017-10-24,36.59176635742188,39.275001525878906,39.35499954223633,39.04999923706055,39.0724983215332,71028800,0.0059550998621658024,39.01224975585937,39.48630004882813,0.008451805959648926,39.102500915527344
2017-10-25,36.43104934692383,39.102500915527344,39.38750076293945,38.817501068115234,39.227500915527344,84828400,-0.00439212230807684,39.039499855041505,39.460350036621094,0.00842746381866089,39.352500915527344
2017-10-26,36.66396713256836,39.352500915527344,39.45750045776367,39.19499969482422,39.307498931884766,68002000,0.006393452954328138,39.09112491607666,39.44265007019043,0.008354015735158234,40.76250076293945
2017-10-27,37.97764205932617,40.76250076293945,40.900001525878906,39.67499923706055,39.8224983215332,177816800,0.03582999338310833,39.202750015258786,39.46860008239746,0.011357669351252223,41.68000030517578
2017-10-30,38.832462310791016,41.68000030517578,42.01750183105469,40.93000030517578,40.97249984741211,178803200,0.02250842134471065,39.36412506103515,39.51470008850097,0.012100834792212361,42.2599983215332
2017-10-31,39.37283706665039,42.2599983215332,42.41249847412109,41.73500061035156,41.97499847412109,144187200,0.013915499330872105,39.54612503051758,39.573850021362304,0.012298371495943905,41.72249984741211
2017-11-01,38.87205505371094,41.72249984741211,42.48500061035156,41.40250015258789,42.46749877929688,134551200,-0.012718847502821928,39.71375007629395,39.609400024414064,0.012667685776346319,42.02750015258789
2017-11-02,39.156227111816406,42.02750015258789,42.125,41.31999969482422,41.650001525878906,165573600,0.0073102116673553486,39.87275009155273,39.65005004882813,0.01254478907188367,43.125
2017-11-03,40.17873764038086,43.125,43.56499862670898,42.77999877929688,43.5,237594400,0.026113850298672414,40.08775005340576,39.71620002746582,0.013419617549097332,43.5625
2017-11-06,40.58635330200195,43.5625,43.747501373291016,42.93000030517578,43.09249877929688,140105200,0.010144927536231974,40.31787509918213,39.788150024414065,0.013453405888751428,43.70249938964844
2017-11-07,40.716773986816406,43.70249938964844,43.8125,43.400001525878906,43.477500915527344,97446000,0.003213759303263952,40.554250144958495,39.85485000610352,0.013409562124883359,44.060001373291016
2017-11-08,41.04986572265625,44.060001373291016,44.060001373291016,43.58250045776367,43.665000915527344,97638000,0.008180355554841645,40.80037517547608,39.921500015258786,0.013413483430307307,43.970001220703125
2017-11-09,40.96601486206055,43.970001220703125,44.025001525878906,43.28499984741211,43.77750015258789,117930400,-0.0020426724871245305,41.04887523651123,39.98415000915527,0.013362372012595354,43.66749954223633
2017-11-10,40.83042907714844,43.66749954223633,43.845001220703125,43.567501068115234,43.77750015258789,100582000,-0.006879728680206698,41.2698751449585,40.0375,0.013673180684706137,43.49250030517578
2017-11-13,40.666805267333984,43.49250030517578,43.625,43.34999847412109,43.375,67928400,-0.004007539678137162,41.44600009918213,40.08709999084473,0.013471265517682324,42.834999084472656
2017-11-14,40.05202102661133,42.834999084472656,43.369998931884766,42.79499816894531,43.2599983215332,99130000,-0.015117576963605384,41.581875038146975,40.133399963378906,0.014156391262233323,42.27000045776367
2017-11-15,39.52372741699219,42.27000045776367,42.58000183105469,42.095001220703125,42.49250030517578,116632400,-0.013190116465154555,41.698375129699706,40.16924995422363,0.014541101949977979,42.775001525878906
2017-11-16,39.99591445922852,42.775001525878906,42.96749877929688,42.57500076293945,42.79499816894531,94550000,0.011947032473298203,41.88737525939941,40.21845001220703,0.01323405231876069,42.53749847412109
2017-11-17,39.77385330200195,42.53749847412109,42.84749984741211,42.40999984741211,42.7599983215332,87598000,-0.0055523797378272954,42.06112518310546,40.27604995727539,0.01341951775497859,42.494998931884766
2017-11-20,39.73410415649414,42.494998931884766,42.63999938964844,42.38999938964844,42.5724983215332,65049600,-0.0009991076993438597,42.23375015258789,40.31844993591309,0.013429254128918688,43.28499984741211
2017-11-21,40.4727783203125,43.28499984741211,43.42499923706055,42.69499969482422,42.69499969482422,100525200,0.018590444414262386,42.434250068664554,40.37984992980957,0.013801741655687485,43.7400016784668
2017-11-22,40.89822769165039,43.7400016784668,43.75,43.26250076293945,43.34000015258789,102355600,0.010511766955265234,42.66612510681152,40.45639999389648,0.01367182212786723,43.74250030517578
2017-11-24,40.90055847167969,43.74250030517578,43.875,43.66249847412109,43.775001525878906,56106800,5.712452247608191e-05,42.88562507629395,40.539850006103514,0.013728390772085576,43.522499084472656
2017-11-27,40.69485092163086,43.522499084472656,43.77000045776367,43.334999084472656,43.76250076293945,82867200,-0.005029461488672449,43.02362499237061,40.610899963378905,0.011875374285317056,43.26750183105469
2017-11-28,40.4564208984375,43.26750183105469,43.71749877929688,42.96500015258789,43.57500076293945,105715200,-0.005858975444471781,43.10300006866455,40.682900009155276,0.011137573939351166,42.369998931884766
2017-11-29,39.617225646972656,42.369998931884766,43.22999954223633,41.790000915527344,43.157501220703125,166665600,-0.0207431180721821,43.10850009918213,40.73665000915528,0.01184812439908584,42.962501525878906
2017-11-30,40.17123794555664,42.962501525878906,43.03499984741211,42.11000061035156,42.60749816894531,166108800,0.013984012483612807,43.17050018310547,40.815550003051754,0.011820633797340658,42.76250076293945
2017-12-01,39.98423385620117,42.76250076293945,42.91749954223633,42.125,42.48749923706055,159037200,-0.004655240170756358,43.20725021362305,40.9038500213623,0.011815572436531566,42.45000076293945
2017-12-04,39.69203567504883,42.45000076293945,43.15499877929688,42.407501220703125,43.119998931884766,130169600,-0.007307804605076629,43.17350025177002,40.99340003967285,0.010337863881871098,42.40999984741211
2017-12-05,39.654632568359375,42.40999984741211,42.880001068115234,42.09999847412109,42.26499938964844,109400800,-0.0009423065914822004,43.115875244140625,41.088850021362305,0.010015831615945778,42.25249862670898
2017-12-06,39.50736618041992,42.25249862670898,42.54999923706055,41.6150016784668,41.875,114240000,-0.003713775554581633,43.043375205993655,41.16819999694824,0.00997149439161602,42.33000183105469
2017-12-07,39.579837799072266,42.33000183105469,42.61000061035156,42.227500915527344,42.25749969482422,102693200,0.0018342868910647958,42.956875228881835,41.24365005493164,0.009740908297072014,42.34249877929688
2017-12-08,39.59150695800781,42.34249877929688,42.75,42.20500183105469,42.622501373291016,93420800,0.00029522673521431564,42.87550010681152,41.3241000366211,0.009753829689069538,43.16749954223633
2017-12-11,40.3629035949707,43.16749954223633,43.22249984741211,42.1974983215332,42.29999923706055,141095200,0.019483988586493695,42.85050010681152,41.416850051879884,0.010765705810929166,42.92499923706055
2017-12-12,40.13616943359375,42.92499923706055,43.09749984741211,42.8650016784668,43.03749847412109,77636800,-0.0056176592980214934,42.82212505340576,41.50630004882812,0.010799121325873908,43.067501068115234
2017-12-13,40.2694206237793,43.067501068115234,43.3849983215332,43.0,43.125,95273600,0.0033197864551539613,42.83375015258789,41.595250091552735,0.01026863096859284,43.05500030517578
2017-12-14,40.25772476196289,43.05500030517578,43.282501220703125,42.91249847412109,43.09999847412109,81906000,-0.0002902597696504694,42.873000144958496,41.68895011901856,0.00976826765898652,43.49250030517578
2017-12-15,40.666805267333984,43.49250030517578,43.54249954223633,43.1150016784668,43.407501220703125,160677200,0.01016142136567133,42.90887508392334,41.78185012817383,0.009670285854064384,44.10499954223633
2017-12-18,41.23949813842773,44.10499954223633,44.29999923706055,43.71500015258789,43.720001220703125,117684400,0.01408287021354937,42.9872501373291,41.88745010375977,0.00997517628122529,43.6349983215332
2017-12-19,40.80004501342773,43.6349983215332,43.84749984741211,43.522499084472656,43.75749969482422,109745600,-0.010656415952414622,43.044250106811525,41.980950088500975,0.010347555436361115,43.587501525878906
2017-12-20,40.755638122558594,43.587501525878906,43.85499954223633,43.3125,43.71749877929688,93902400,-0.0010885022913099673,43.05937519073486,42.073200149536135,0.00952755579802213,43.75249862670898
2017-12-21,40.909915924072266,43.75249862670898,44.005001068115234,43.525001525878906,43.54249954223633,83799600,0.003785422312680753,43.060000038146974,42.16550010681152,0.009266654277695621,43.75249862670898
2017-12-22,40.909915924072266,43.75249862670898,43.85499954223633,43.625,43.66999816894531,65397600,0.0,43.06049995422363,42.260550079345705,0.009266662402095503,42.64250183105469
2017-12-26,39.87202072143555,42.64250183105469,42.86750030517578,42.41999816894531,42.70000076293945,132742000,-0.02536990641665171,43.016500091552736,42.32845008850098,0.010836881737452432,42.650001525878906
2017-12-27,39.87903594970703,42.650001525878906,42.69499969482422,42.4275016784668,42.525001525878906,85992800,0.0001758737058612514,42.98562507629394,42.382050094604494,0.010777290685386827,42.77000045776367
2017-12-28,39.99123764038086,42.77000045776367,42.962501525878906,42.619998931884766,42.75,65920800,0.002813573917739509,43.00562515258789,42.43510009765625,0.009700744356159972,42.307498931884766
2017-12-29,39.55878829956055,42.307498931884766,42.647499084472656,42.30500030517578,42.630001068115234,103999600,-0.010813689991320818,42.97287502288818,42.48245010375977,0.009470590452572213,43.06499862670898
2018-01-02,40.2670783996582,43.06499862670898,43.07500076293945,42.31499862670898,42.540000915527344,102223600,0.017904620077962674,42.98799991607666,42.56385009765625,0.010286232996131578,43.057498931884766
2018-01-03,40.26007080078125,43.057498931884766,43.63750076293945,42.9900016784668,43.13249969482422,118071600,-0.00017414826572315079,43.018374824523924,42.64375007629395,0.010127242192733778,43.25749969482422
2018-01-04,40.44706726074219,43.25749969482422,43.36750030517578,43.02000045776367,43.1349983215332,89738400,0.004644969352628925,43.06074981689453,42.72805007934571,0.010154851759914447,43.75
2018-01-05,40.90757369995117,43.75,43.84249877929688,43.26250076293945,43.36000061035156,94640000,0.01138531604115589,43.13562488555908,42.817550048828124,0.010342454719080848,43.587501525878906
2018-01-08,40.755638122558594,43.587501525878906,43.90250015258789,43.48249816894531,43.587501525878906,82271200,-0.0037142508370535676,43.198499870300296,42.90725006103516,0.010415472102576612,43.58250045776367
2018-01-09,40.75095748901367,43.58250045776367,43.76499938964844,43.352500915527344,43.63750076293945,86336000,-0.0001147362877008673,43.26049995422363,42.99185005187988,0.010418404946375704,43.5724983215332
2018-01-10,40.74160385131836,43.5724983215332,43.57500076293945,43.25,43.290000915527344,95839600,-0.00022949890725432187,43.28074989318848,43.048050003051756,0.00952087788925663,43.81999969482422
2018-01-11,40.97303009033203,43.81999969482422,43.872501373291016,43.622501373291016,43.647499084472656,74670800,0.00568021992828216,43.32549991607666,43.090849990844724,0.009473205024334462,44.272499084472656
2018-01-12,41.39612579345703,44.272499084472656,44.34000015258789,43.91249847412109,44.04499816894531,101672400,0.01032632115015475,43.38574981689453,43.131100006103516,0.0096877081331896,44.04750061035156
2018-01-16,41.18574905395508,44.04750061035156,44.84749984741211,44.03499984741211,44.47499847412109,118263600,-0.0050821272522202365,43.43537483215332,43.1776000213623,0.009791078071143076,44.775001525878906
2018-01-17,41.8659782409668,44.775001525878906,44.8125,43.76750183105469,44.03749847412109,137547200,0.01651628141089967,43.49949989318848,43.232550048828124,0.010192569039329647,44.81499862670898
2018-01-18,41.90338516235352,44.81499862670898,45.025001525878906,44.5625,44.84249877929688,124773600,0.0008932908870356027,43.53499984741211,43.26635002136231,0.009753048780809464,44.6150016784668
2018-01-19,41.71637725830078,44.6150016784668,44.89500045776367,44.352500915527344,44.65250015258789,129700400,-0.004462723516028055,43.58400001525879,43.28740005493164,0.009462667054327125,44.25
2018-01-22,41.37508010864258,44.25,44.44499969482422,44.150001525878906,44.32500076293945,108434400,-0.008181142322873924,43.61712493896484,43.29835006713867,0.00968150014380087,44.2599983215332
2018-01-23,41.38443756103516,44.2599983215332,44.86000061035156,44.20500183105469,44.32500076293945,130756400,0.0002259507691120266,43.642499923706055,43.30235000610352,0.009656399392995074,43.55500030517578
2018-01-24,40.72525024414063,43.55500030517578,44.32500076293945,43.29999923706055,44.3125,204420400,-0.015928559491481753,43.63262500762939,43.29404998779297,0.010342803099242535,42.77750015258789
2018-01-25,39.99824905395508,42.77750015258789,43.73749923706055,42.63249969482422,43.62749862670898,166116000,-0.017850996375621597,43.63937492370606,43.27625,0.009479429429734556,42.87749862670898
2018-01-26,40.09175491333008,42.87749862670898,43.0,42.51499938964844,43.0,156572000,0.002337641838919824,43.65074977874756,43.263949966430665,0.009491448196192834,41.9900016784668
2018-01-29,39.261905670166016,41.9900016784668,42.540000915527344,41.76750183105469,42.540000915527344,202561600,-0.020698431034158915,43.61174983978272,43.247050018310546,0.010560736783338244,41.74250030517578
2018-01-30,39.03049850463867,41.74250030517578,41.84249877929688,41.17499923706055,41.38249969482422,184192800,-0.005894293007802864,43.583499908447266,43.23650001525879,0.010372481197686082,41.85749816894531
2018-01-31,39.13803482055664,41.85749816894531,42.11000061035156,41.625,41.71749877929688,129915600,0.0027549347290840576,43.523124885559085,43.218149948120114,0.009461576749445666,41.94499969482422
2018-02-01,39.2198486328125,41.94499969482422,42.15499877929688,41.68999862670898,41.79249954223633,188923200,0.0020904623951898404,43.46749992370606,43.20629997253418,0.009490253063429216,40.125
2018-02-02,37.5180892944336,40.125,41.70000076293945,40.025001525878906,41.5,346375200,-0.043390146812870234,43.310874938964844,43.15889999389648,0.013249544609056804,39.122501373291016
2018-02-05,36.58071517944336,39.122501373291016,40.970001220703125,39.0,39.775001525878906,290954000,-0.024984389450691147,43.07950000762939,43.07565002441406,0.013566972460814966,40.75749969482422
2018-02-06,38.1094970703125,40.75749969482422,40.93000030517578,38.5,38.70750045776367,272975200,0.04179176341340529,42.93799991607666,43.015999984741214,0.01720715458766765,39.8849983215332
2018-02-07,37.29367446899414,39.8849983215332,40.84999847412109,39.76750183105469,40.772499084472656,206434400,-0.021407136841659957,42.75312480926514,42.93884994506836,0.017658341770992028,38.78749847412109
2018-02-08,36.26749038696289,38.78749847412109,40.25,38.75749969482422,40.0724983215332,217562000,-0.02751660758675767,42.51387481689453,42.84414993286133,0.018369197369791236,39.102500915527344
2018-02-09,36.71108627319336,39.102500915527344,39.47249984741211,37.560001373291016,39.26750183105469,282690400,0.00812123632093531,42.27799987792969,42.76084991455078,0.01845626721056245,40.6775016784668
2018-02-12,38.18976593017578,40.6775016784668,40.97249984741211,39.37749862670898,39.625,243278000,0.04027877312353767,42.098250007629396,42.72699996948242,0.020867278273352625,41.084999084472656
2018-02-13,38.57234191894531,41.084999084472656,41.1875,40.41249847412109,40.48749923706055,130196800,0.0100177589377759,41.95012493133545,42.6894499206543,0.021098680642602136,41.84249877929688
2018-02-14,39.28352737426758,41.84249877929688,41.8849983215332,40.720001220703125,40.7599983215332,162579600,0.0184373788902068,41.80349979400635,42.67104988098144,0.02119761552023983,43.247501373291016
2018-02-15,40.60258865356445,43.247501373291016,43.272499084472656,42.25,42.4474983215332,204588800,0.03357836254964086,41.72512493133545,42.68699989318848,0.02273166312910927,43.10749816894531
2018-02-16,40.471153259277344,43.10749816894531,43.70500183105469,42.942501068115234,43.09000015258789,160704400,-0.003237255330366118,41.649749755859375,42.70094985961914,0.022725003911061196,42.962501525878906
2018-02-20,40.33501815795898,42.962501525878906,43.56499862670898,42.85499954223633,43.01250076293945,135722000,-0.003363606083056414,41.58537483215332,42.71514991760254,0.022675633203018054,42.76750183105469
2018-02-21,40.15193557739258,42.76750183105469,43.52999877929688,42.75249862670898,43.20750045776367,149886400,-0.0045388347488741765,41.5107500076294,42.72389991760254,0.022684539381669065,43.125
2018-02-22,40.487571716308594,43.125,43.48749923706055,42.9275016784668,42.95000076293945,123967600,0.008359108052594433,41.4892499923706,42.7395499420166,0.022519289763865302,43.875
2018-02-23,41.19172286987305,43.875,43.91249847412109,43.3849983215332,43.41749954223633,135249600,0.017391304347825987,41.54412498474121,42.753699951171875,0.022448739402054812,44.74250030517578
2018-02-26,42.00616836547852,44.74250030517578,44.84749984741211,44.0525016784668,44.087501525878906,152648800,0.019772086727653182,41.637375068664554,42.79004997253418,0.022818181148939364,44.59749984741211
2018-02-27,41.87002944946289,44.59749984741211,45.119998931884766,44.540000915527344,44.775001525878906,155712400,-0.0032407768178949192,41.76774997711182,42.82064994812012,0.02221488905347615,44.52999877929688
2018-02-28,41.80665588378906,44.52999877929688,45.15499877929688,44.51250076293945,44.81499862670898,151128400,-0.0015135617096514453,41.90712490081787,42.850149917602536,0.02214144683079698,43.75
2018-03-01,41.07435607910156,43.75,44.94499969482422,43.165000915527344,44.6349983215332,195208000,-0.017516254225893313,42.001749992370605,42.855299911499024,0.022634390359343136,44.0525016784668
2018-03-02,41.35834884643555,44.0525016784668,44.07500076293945,43.11249923706055,43.20000076293945,153816000,0.006914324079241085,42.10712509155273,42.85424995422363,0.0226559760947199,44.20500183105469
2018-03-05,41.50154113769531,44.20500183105469,44.435001373291016,43.630001068115234,43.8025016784668,113605600,0.003461781891547666,42.31112518310547,42.865650024414066,0.019893549677006375,44.16749954223633
2018-03-06,41.46632385253906,44.16749954223633,44.5625,44.032501220703125,44.477500915527344,95154000,-0.0008483720679774986,42.563375091552736,42.87724998474121,0.01867080677329472,43.75749969482422
2018-03-07,41.08140182495117,43.75749969482422,43.962501525878906,43.567501068115234,43.73500061035156,126814000,-0.009282840361384603,42.713375091552734,42.87735000610351,0.016968552936842254,44.23500061035156
2018-03-08,41.52968215942383,44.23500061035156,44.27999877929688,43.76750183105469,43.869998931884766,95096400,0.010912436013427618,42.93087520599365,42.88700004577637,0.01596139657728835,44.994998931884766
2018-03-09,42.24321365356445,44.994998931884766,45.0,44.34749984741211,44.4900016784668,128740800,0.01718092711759467,43.24125022888184,42.93404998779297,0.014149683460662817,45.43000030517578
2018-03-12,42.65162658691406,45.43000030517578,45.59749984741211,45.0525016784668,45.0724983215332,128828400,0.009667771610563536,43.557625198364256,42.98964996337891,0.014157226719211408,44.99250030517578
2018-03-13,42.24086380004883,44.99250030517578,45.875,44.810001373291016,45.647499084472656,126774000,-0.009630200243475606,43.77337512969971,43.03409996032715,0.012385677736431316,44.61000061035156
2018-03-14,41.88176727294922,44.61000061035156,45.130001068115234,44.45249938964844,45.08000183105469,117473600,-0.008501410062339176,43.949625205993655,43.080149993896484,0.012689255949977893,44.66249847412109
2018-03-15,41.93105316162109,44.66249847412109,45.060001373291016,44.51750183105469,44.625,90975200,0.0011768182705951258,44.09062519073486,43.112099990844726,0.01224932119986254,44.505001068115234
2018-03-16,41.78318405151367,44.505001068115234,44.77999877929688,44.40499877929688,44.66249847412109,157618800,-0.0035263904032846183,44.153500175476076,43.141050033569336,0.010038363842256409,43.82500076293945
2018-03-19,41.144779205322266,43.82500076293945,44.36750030517578,43.415000915527344,44.33000183105469,133787200,-0.015279188604782501,44.18937530517578,43.15240005493164,0.010677123463414224,43.810001373291016
2018-03-20,41.13069152832031,43.810001373291016,44.20000076293945,43.73500061035156,43.810001373291016,78597600,-0.0003422564606346823,44.231750297546384,43.15360008239746,0.01063521733570304,42.817501068115234
2018-03-21,40.19888305664063,42.817501068115234,43.772499084472656,42.81499862670898,43.7599983215332,148219600,-0.02265465131395461,44.23425025939942,43.13820007324219,0.011837986572657484,42.212501525878906
2018-03-22,39.63089370727539,42.212501525878906,43.16999816894531,42.150001525878906,42.5,165963200,-0.014129725629570933,44.18862533569336,43.11080009460449,0.012080282664945019,41.23500061035156
2018-03-23,38.71316909790039,41.23500061035156,42.47999954223633,41.23500061035156,42.09749984741211,164115200,-0.023156668763827604,44.05662536621094,43.06405014038086,0.012232937163786355,43.192501068115234
2018-03-26,40.55094528198242,43.192501068115234,43.275001525878906,41.61000061035156,42.01750183105469,150164800,0.04747181832882674,43.97912540435791,43.05150016784668,0.01595257471400072,42.084999084472656
2018-03-27,39.511192321777344,42.084999084472656,43.78749847412109,41.72999954223633,43.41999816894531,163690400,-0.0256410709325684,43.85350036621094,43.00775016784668,0.016832810754995604,41.619998931884766
2018-03-28,39.07462310791016,41.619998931884766,42.505001068115234,41.29750061035156,41.8125,166674000,-0.011049071229740193,43.708000373840335,42.959200134277346,0.016930353663953235,41.94499969482422
2018-03-29,39.37975311279297,41.94499969482422,42.9375,41.72499847412109,41.95249938964844,153594000,0.007808764326768802,43.617750358581546,42.90260009765625,0.016752417285747348,41.66999816894531
2018-04-02,39.12157440185547,41.66999816894531,42.23500061035156,41.11750030517578,41.65999984741211,150347200,-0.006556240979370909,43.49862518310547,42.839700088500976,0.016646782860020935,42.09749984741211
2018-04-03,39.522911071777344,42.09749984741211,42.1875,41.220001220703125,41.90999984741211,121112000,0.010259219996447966,43.39325008392334,42.789350051879886,0.01684623984485094,42.90250015258789
2018-04-04,40.278690338134766,42.90250015258789,43.00249862670898,41.192501068115234,41.220001220703125,138422000,0.01912228298814922,43.33000011444092,42.76240005493164,0.01751574642333216,43.20000076293945
2018-04-05,40.55800247192383,43.20000076293945,43.557498931884766,43.02000045776367,43.14500045776367,107732800,0.006934342038190433,43.30212516784668,42.741200103759766,0.017502477439252182,42.095001220703125
2018-04-06,39.52056503295898,42.095001220703125,43.119998931884766,42.04999923706055,42.74250030517578,140021200,-0.025578692655586432,43.19512519836426,42.712000122070314,0.01814091182782384,42.51250076293945
2018-04-09,39.91255569458008,42.51250076293945,43.272499084472656,42.462501525878906,42.470001220703125,116070800,0.00991803136071634,43.071000289916995,42.70670013427734,0.017799452343000965,43.3125
2018-04-10,40.663612365722656,43.3125,43.5,42.88249969482422,43.25,113634400,0.018817976423488814,42.965125274658206,42.71540016174316,0.018245659831035214,43.11000061035156
2018-04-11,40.47350692749024,43.11000061035156,43.47999954223633,42.92499923706055,43.057498931884766,89726400,-0.00467531058351367,42.87100028991699,42.73780014038086,0.01817333997113283,43.53499984741211
2018-04-12,40.872501373291016,43.53499984741211,43.75,43.2599983215332,43.352500915527344,91557200,0.009858483670688978,42.81725025177002,42.77365013122559,0.018289870570746873,43.682498931884766
2018-04-13,41.01099395751953,43.682498931884766,43.959999084472656,43.462501525878906,43.69499969482422,100497200,0.0033880575396723067,42.7682502746582,42.810150146484375,0.01831078210720906,43.95500183105469
2018-04-16,41.266822814941406,43.95500183105469,44.04750061035156,43.70750045776367,43.75749969482422,86313600,0.006238262595618549,42.740750312805176,42.85035018920898,0.018368574485690816,44.560001373291016
2018-04-17,41.83482360839844,44.560001373291016,44.73500061035156,44.102500915527344,44.122501373291016,106421600,0.01376406590907897,42.77750034332276,42.93905021667481,0.018283381525029226,44.459999084472656
2018-04-18,41.74092483520508,44.459999084472656,44.70500183105469,44.220001220703125,44.45249938964844,83018000,-0.002244216466256721,42.81000022888183,43.04580017089844,0.018295617368186582,43.20000076293945
2018-04-19,40.55800247192383,43.20000076293945,43.84749984741211,43.165000915527344,43.43999862670898,139235200,-0.028340043802952963,42.829125213623044,43.094650192260744,0.018720022686337195,41.43000030517578
2018-04-20,38.896244049072266,41.43000030517578,42.80500030517578,41.35749816894531,42.650001525878906,261964400,-0.04097223209500789,42.79000015258789,43.125550231933595,0.020690920709554493,41.310001373291016
2018-04-23,38.78359222412109,41.310001373291016,41.72999954223633,41.022499084472656,41.70750045776367,146062000,-0.0028964260439499068,42.79375019073486,43.17600028991699,0.02002031754615131,40.73500061035156
2018-04-24,38.243743896484375,40.73500061035156,41.58250045776367,40.30500030517578,41.41749954223633,134768000,-0.013919165911991938,42.67087516784668,43.208650283813476,0.016861240235929068,40.91249847412109
2018-04-25,38.4103889465332,40.91249847412109,41.35499954223633,40.602500915527344,40.65499877929688,113528400,0.004357379676199535,42.6122501373291,43.213350219726564,0.016035379014108807,41.05500030517578
2018-04-26,38.5441780090332,41.05500030517578,41.432498931884766,40.84249877929688,41.02999877929688,111852000,0.0034830879650342705,42.584000205993654,43.21275024414062,0.01589847128773645,40.58000183105469
2018-04-27,38.09822463989258,40.58000183105469,41.08250045776367,40.157501220703125,41.0,142623200,-0.011569808076732913,42.515750312805174,43.18750030517578,0.015951912712039135,41.31499862670898
2018-04-30,38.78828048706055,41.31499862670898,41.81499862670898,40.459999084472656,40.532501220703125,169709600,0.018112290844989998,42.49800033569336,43.14885025024414,0.01648757671975437,42.275001525878906
2018-05-01,39.68956756591797,42.275001525878906,42.29999923706055,41.317501068115234,41.602500915527344,214277600,0.02323618373665659,42.5068754196167,43.13220031738281,0.017166251385439042,44.14250183105469
2018-05-02,41.44285583496094,44.14250183105469,44.4375,43.45000076293945,43.807498931884766,266157600,0.04417504997681854,42.56887550354004,43.155800323486325,0.01937944017854358,44.22249984741211
2018-05-03,41.5179557800293,44.22249984741211,44.375,43.61000061035156,43.970001220703125,136272800,0.0018122673849252369,42.62000045776367,43.18490028381348,0.019339098826531526,45.95750045776367
2018-05-04,43.14684677124024,45.95750045776367,46.0625,44.54249954223633,44.5625,224805200,0.03923343583782257,42.813125419616696,43.24155029296875,0.020008168102245153,46.290000915527344
2018-05-07,43.45901107788086,46.290000915527344,46.91749954223633,46.1875,46.29499816894531,169805600,0.00723495521844697,43.002000427246095,43.289850311279295,0.019979530154341788,46.51250076293945
2018-05-08,43.66790771484375,46.51250076293945,46.55500030517578,45.91749954223633,46.247501373291016,113611200,0.004806650313490701,43.162000465393064,43.32525032043457,0.01969297976258998,46.84000015258789
2018-05-09,43.97538375854492,46.84000015258789,46.84999847412109,46.30500030517578,46.63750076293945,92844800,0.007041104741230875,43.348500442504886,43.370100326538086,0.019603088063473238,47.5099983215332
2018-05-10,44.60440444946289,47.5099983215332,47.59249877929688,46.91249847412109,46.935001373291016,111957200,0.014303974525249785,43.54725036621094,43.42970031738281,0.01969394704232399,47.147499084472656
2018-05-11,44.434757232666016,47.147499084472656,47.51499938964844,46.86249923706055,47.372501373291016,104848800,-0.007629956848393515,43.72050037384033,43.49765029907226,0.019881730122860188,47.03749847412109
2018-05-14,44.331092834472656,47.03749847412109,47.38249969482422,46.96500015258789,47.25249862670898,83115200,-0.002333116548864811,43.87462520599365,43.55735023498535,0.019923538352914587,46.61000061035156
2018-05-15,43.92818069458008,46.61000061035156,46.76750183105469,46.275001525878906,46.69499969482422,94780800,-0.009088448102841262,43.97712516784668,43.60545021057129,0.019964164639195123,47.04499816894531
2018-05-16,44.338157653808594,47.04499816894531,47.1150016784668,46.5,46.51750183105469,76732400,0.009332708708378323,44.10637512207031,43.66300018310547,0.01998901327255443,46.747501373291016
2018-05-17,44.05777359008789,46.747501373291016,47.227500915527344,46.59000015258789,47.0,69176000,-0.006323664730221501,44.28375015258789,43.722800216674806,0.018738241685935204,46.57749938964844
2018-05-18,43.89755630493164,46.57749938964844,46.95249938964844,46.532501220703125,46.79750061035156,73190800,-0.0036366004310063316,44.54112510681152,43.76965019226074,0.01560783244254468,46.907501220703125
2018-05-21,44.20857620239258,46.907501220703125,47.317501068115234,46.727500915527344,47.0,73603200,0.00708500532186207,44.82100009918213,43.80790023803711,0.01546779545593761,46.790000915527344
2018-05-22,44.09783554077149,46.790000915527344,47.220001220703125,46.69499969482422,47.095001220703125,60962800,-0.00250493635597715,45.12375011444092,43.83510025024414,0.014874493794291645,47.09000015258789
2018-05-23,44.38057327270508,47.09000015258789,47.125,46.43999862670898,46.587501525878906,80233600,0.006411609984837474,45.432625198364256,43.877050247192386,0.014861962906371543,47.03749847412109
2018-05-24,44.331092834472656,47.03749847412109,47.209999084472656,46.5525016784668,47.192501068115234,92936000,-0.0011149220279609295,45.731750106811525,43.92560020446777,0.014957079090474397,47.14500045776367
2018-05-25,44.43239974975586,47.14500045776367,47.41249847412109,46.91249847412109,47.057498931884766,69844000,0.0022854528223206216,46.060000038146974,43.975250244140625,0.014364288794305066,46.97499847412109
2018-05-29,44.27217864990234,46.97499847412109,47.1875,46.71749877929688,46.900001525878906,90056400,-0.0036059387420069866,46.34300003051758,44.024650192260744,0.014350421440472945,46.875
2018-05-30,44.17793655395508,46.875,47.0,46.69499969482422,46.93000030517578,74762000,-0.002128759496951904,46.57299995422363,44.08565017700195,0.01391094284254246,46.71749877929688
2018-05-31,44.02950286865234,46.71749877929688,47.057498931884766,46.53499984741211,46.80500030517578,109931200,-0.0033600260416665195,46.70174980163574,44.14380012512207,0.010574193468960411,47.560001373291016
2018-06-01,44.823524475097656,47.560001373291016,47.56499862670898,46.9375,46.997501373291016,93770000,0.01803398332548345,46.86862487792969,44.23865013122558,0.011096337871257168,47.95750045776367
2018-06-04,45.19816207885742,47.95750045776367,48.35499954223633,47.837501525878906,47.90999984741211,105064800,0.008357844259775149,46.968624877929685,44.35355010986328,0.007437395443016543,48.32749938964844
2018-06-05,45.546875,48.32749938964844,48.48500061035156,48.09000015258789,48.26750183105469,86264000,0.007715142122776575,47.07049980163574,44.49540008544922,0.007455399532396229,48.494998931884766
2018-06-06,45.70473098754883,48.494998931884766,48.52000045776367,47.97999954223633,48.407501220703125,83734400,0.003465926115602036,47.169624710083006,44.60145004272461,0.007436564764108104,48.3650016784668
2018-06-07,45.58220291137695,48.3650016784668,48.54999923706055,48.084999084472656,48.53499984741211,85388800,-0.002680632153442497,47.24587478637695,44.72705009460449,0.007415345364917878,47.92499923706055
2018-06-08,45.16753005981445,47.92499923706055,48.0,47.442501068115234,47.79249954223633,106627200,-0.009097538015844786,47.26662483215332,44.85315010070801,0.007151711468059879,47.807498931884766
2018-06-11,45.0567741394043,47.807498931884766,47.99250030517578,47.5525016784668,47.837501525878906,73234000,-0.002451753928979006,47.299624824523924,44.97040008544922,0.006933866223773331,48.06999969482422
2018-06-12,45.30418395996094,48.06999969482422,48.15250015258789,47.78749847412109,47.84749984741211,67644400,0.005490786357877919,47.351249885559085,45.0984001159668,0.006973257090759954,47.67499923706055
2018-06-13,44.93190383911133,47.67499923706055,48.220001220703125,47.61000061035156,48.10499954223633,86553600,-0.008217192849414579,47.40449981689453,45.209950103759766,0.006908619669969171,47.70000076293945
2018-06-14,44.95547103881836,47.70000076293945,47.89250183105469,47.55500030517578,47.88750076293945,86440400,0.0005244158632198292,47.437249946594235,45.3059001159668,0.00663506071637996,47.209999084472656
2018-06-15,44.49365997314453,47.209999084472656,47.540000915527344,47.06499862670898,47.50749969482422,246876800,-0.01027257171130913,47.46037483215332,45.38610008239746,0.006908577301614016,47.185001373291016
2018-06-18,44.47010803222656,47.185001373291016,47.30500030517578,46.79999923706055,46.970001220703125,73939600,-0.0005295003530271236,47.49074993133545,45.48790008544922,0.006844948490253238,46.42250061035156
2018-06-19,43.75148010253906,46.42250061035156,46.58250045776367,45.86249923706055,46.28499984741211,134314000,-0.016159812244300742,47.46649990081787,45.56610008239746,0.007627174928665796,46.625
2018-06-20,43.94233322143555,46.625,46.79999923706055,46.432498931884766,46.587501525878906,82514800,0.004362095686057943,47.4582498550415,45.63235008239746,0.0076861241799279535,46.3650016784668
2018-06-21,43.6972885131836,46.3650016784668,47.087501525878906,46.23500061035156,46.8125,102847600,-0.005576371507414524,47.42199993133545,45.69745010375976,0.00761471251415229,46.22999954223633
2018-06-22,43.57004928588867,46.22999954223633,46.53749847412109,46.17499923706055,46.52999877929688,108801600,-0.002911725037058832,47.38162498474121,45.75135009765625,0.007629854274476563,45.54249954223633
2018-06-25,42.92210006713867,45.54249954223633,46.22999954223633,45.182498931884766,45.84999847412109,126652400,-0.014871295842689536,47.301499938964845,45.78855010986328,0.008203160956005904,46.10749816894531
2018-06-26,43.45460891723633,46.10749816894531,46.63249969482422,45.6349983215332,45.747501373291016,98276800,0.012405964371476896,47.258124923706056,45.8316000366211,0.008768761225269319,46.040000915527344
2018-06-27,43.39099884033203,46.040000915527344,46.81999969482422,46.00749969482422,46.307498931884766,101141200,-0.0014639105589864254,47.21637496948242,45.86120002746582,0.008765097527000042,46.375
2018-06-28,43.70671463012695,46.375,46.5525016784668,45.95000076293945,46.025001525878906,69460800,0.007276261464184142,47.199250030517575,45.899500045776364,0.008926726051694077,46.27750015258789
2018-06-29,43.61482238769531,46.27750015258789,46.79750061035156,45.727500915527344,46.5724983215332,90950800,-0.00210242258570581,47.13512496948242,45.961050033569336,0.007812521698267684,46.79499816894531
2018-07-02,44.1025390625,46.79499816894531,46.82500076293945,45.85499954223633,45.95500183105469,70925200,0.011182497210331377,47.07699985504151,46.06834999084472,0.008019785515586242,45.97999954223633
2018-07-03,43.33443832397461,45.97999954223633,46.98749923706055,45.8849983215332,46.9474983215332,55819200,-0.017416361974554873,46.9596248626709,46.16174995422363,0.008504349705406483,46.34999847412109
2018-07-05,43.68313980102539,46.34999847412109,46.602500915527344,46.06999969482422,46.31499862670898,66416800,0.00804695379661502,46.85237483978271,46.27404991149902,0.008730809464271457,46.99250030517578
2018-07-06,44.28867721557617,46.99250030517578,47.10749816894531,46.29999923706055,46.35499954223633,69940800,0.013861960133902285,46.78374977111817,46.395649948120116,0.00943997878174015,47.64500045776367
2018-07-09,44.90363311767578,47.64500045776367,47.66999816894531,47.32500076293945,47.375,79026400,0.013885197602818922,46.76974983215332,46.527449951171874,0.009843353875719083,47.587501525878906
2018-07-10,44.84944534301758,47.587501525878906,47.81999969482422,47.54499816894531,47.6775016784668,63756400,-0.0012068198411654407,46.75874996185303,46.66759994506836,0.00983260718227486,46.970001220703125
2018-07-11,44.26748275756836,46.970001220703125,47.44499969482422,46.90250015258789,47.125,75326000,-0.012976102660905098,46.70375003814697,46.78069999694824,0.010134060909426349,47.75749969482422
2018-07-12,45.00966262817383,47.75749969482422,47.852500915527344,47.32749938964844,47.38249969482422,72164400,0.016765987942405802,46.70787506103515,46.89034996032715,0.010733646877157756,47.83250045776367
2018-07-13,45.08034896850586,47.83250045776367,47.959999084472656,47.72499847412109,47.77000045776367,50055600,0.0015704499485675871,46.71450004577637,46.964149932861325,0.010738159883624494,47.727500915527344
2018-07-16,44.981388092041016,47.727500915527344,48.16249847412109,47.60499954223633,47.880001068115234,60172400,-0.0021951506032815704,46.7403751373291,47.03424995422363,0.010472414519131798,47.86249923706055
2018-07-17,45.10862350463867,47.86249923706055,47.96749877929688,47.29999923706055,47.4375,62138000,0.0028285227372817356,46.77425003051758,47.07234992980957,0.01048031255795533,47.59999847412109
2018-07-18,44.86121368408203,47.59999847412109,47.95000076293945,47.48249816894531,47.94499969482422,65573600,-0.005484476722356413,46.83312492370605,47.098549880981444,0.009824256520967689,47.970001220703125
2018-07-19,45.20994186401367,47.970001220703125,48.13750076293945,47.42250061035156,47.42250061035156,81147200,0.007773167194179642,46.90037498474121,47.12769989013672,0.009909470205292986,47.86000061035156
2018-07-20,45.10626602172852,47.86000061035156,48.10749816894531,47.54249954223633,47.94499969482422,82704800,-0.0022931125193319524,46.97512493133545,47.14809989929199,0.009813330327067658,47.90250015258789
2018-07-23,45.14631271362305,47.90250015258789,47.9900016784668,47.38999938964844,47.66999816894531,63957600,0.0008879971102033757,47.058749961853025,47.155949935913085,0.009757319190093898,48.25
2018-07-24,45.473819732666016,48.25,48.415000915527344,48.01250076293945,48.11249923706055,74791600,0.0072543154596353965,47.19412498474121,47.17799995422363,0.008988849677660844,48.70500183105469
2018-07-25,45.90264129638672,48.70500183105469,48.712501525878906,48.10749816894531,48.26499938964844,66839600,0.009430089762791471,47.32400016784668,47.21135002136231,0.00884725262063308,48.5525016784668
2018-07-26,45.75893020629883,48.5525016784668,48.9900016784668,48.40250015258789,48.65250015258789,76304000,-0.0031310983852721463,47.449625205993655,47.25020004272461,0.008897069909095156,47.744998931884766
2018-07-27,44.99788665771485,47.744998931884766,48.79750061035156,47.525001525878906,48.747501373291016,96096000,-0.016631537380496275,47.51812515258789,47.2642000579834,0.009808925777748527,47.477500915527344
2018-07-30,44.74578094482422,47.477500915527344,48.04999923706055,47.26750183105469,47.97499847412109,84118000,-0.005602639487730321,47.578125190734866,47.278800048828124,0.009907361583578368,47.5724983215332
2018-07-31,44.83530807495117,47.5724983215332,48.03499984741211,47.334999084472656,47.57500076293945,157492000,0.002000893142519944,47.61700019836426,47.29870002746582,0.00963567304487451,50.375
2018-08-01,47.4765625,50.375,50.43999862670898,49.32749938964844,49.782501220703125,271742800,0.058910121968479334,47.836750221252444,47.368050003051756,0.01540215000532907,51.84749984741211
2018-08-02,48.86433410644531,51.84749984741211,52.095001220703125,50.087501525878906,50.14500045776367,249616000,0.029230766201729264,48.111625289916994,47.46919998168946,0.016345067930491418,51.997501373291016
2018-08-03,49.00570297241211,51.997501373291016,52.185001373291016,51.369998931884766,51.75749969482422,133789600,0.0028931293952527692,48.36187534332275,47.56735000610352,0.016242038504444316,52.26750183105469
2018-08-06,49.26016616821289,52.26750183105469,52.3125,51.76750183105469,52.0,101701600,0.005192566000918664,48.593000411987305,47.671950073242186,0.016113059908628595,51.77750015258789
2018-08-07,48.7983627319336,51.77750015258789,52.375,51.68999862670898,52.33000183105469,102349600,-0.00937488231311756,48.802500343322755,47.76460006713867,0.01637368449003413,51.8125
2018-08-08,48.83134841918945,51.8125,51.95249938964844,51.130001068115234,51.51250076293945,90102000,0.0006759663426965101,49.0446252822876,47.86135009765625,0.015890699312042875,52.220001220703125
2018-08-09,49.21540832519531,52.220001220703125,52.44499969482422,51.79999923706055,52.38249969482422,93970400,0.007864921026839555,49.267750358581544,47.968250122070316,0.015667942549179407,51.88249969482422
2018-08-10,49.06880569458008,51.88249969482422,52.275001525878906,51.66749954223633,51.84000015258789,98444800,-0.006463070049586683,49.47025032043457,48.07155014038086,0.015851332105281515,52.21749877929688
2018-08-13,49.38564300537109,52.21749877929688,52.73749923706055,51.92499923706055,52.32749938964844,103563600,0.006456880189720016,49.694750213623045,48.16470008850098,0.01578587738317401,52.4375
2018-08-14,49.593711853027344,52.4375,52.63999938964844,52.06499862670898,52.540000915527344,82992000,0.004213170409271827,49.92350025177002,48.254300079345704,0.01578063814186861,52.560001373291016
2018-08-15,49.70957946777344,52.560001373291016,52.685001373291016,52.08250045776367,52.30500030517578,115230400,0.002336140611032489,50.17150039672852,48.338950119018556,0.015611234754669285,53.33000183105469
2018-08-16,50.437801361083984,53.33000183105469,53.45249938964844,52.86750030517578,52.9375,114001600,0.01464993222307931,50.439500427246095,48.43565017700195,0.015748770984516953,54.39500045776367
2018-08-17,51.44504928588867,54.39500045776367,54.48749923706055,53.290000915527344,53.36000061035156,141708000,0.019969971688409416,50.766250419616696,48.55625015258789,0.015959909368139066,53.8650016784668
2018-08-20,50.94380569458008,53.8650016784668,54.79499816894531,53.77750015258789,54.525001525878906,121150800,-0.009743520081563428,51.064375495910646,48.67505020141601,0.016330747884332846,53.7599983215332
2018-08-21,50.84449005126953,53.7599983215332,54.29750061035156,53.50749969482422,54.20000076293945,104639200,-0.0019493799992875704,51.33987541198731,48.79410018920898,0.01642315235714955,53.76250076293945
2018-08-22,50.84685516357422,53.76250076293945,54.09000015258789,53.459999084472656,53.525001525878906,76072400,4.6548390706391274e-05,51.59275035858154,48.907950210571286,0.016440389782787588,53.872501373291016
2018-08-23,50.95088577270508,53.872501373291016,54.26250076293945,53.650001525878906,53.66249847412109,75532800,0.0020460471293290983,51.858750343322754,49.0319002532959,0.016344825410050747,54.040000915527344
2018-08-24,51.10929489135742,54.040000915527344,54.22499847412109,53.77750015258789,54.150001525878906,73905600,0.0031091844255699552,52.17350044250488,49.15870025634766,0.015523853024639519,54.48500061035156
2018-08-27,51.53016662597656,54.48500061035156,54.685001373291016,54.08250045776367,54.28749847412109,82100400,0.008234635219933173,52.5238754272461,49.30420028686523,0.015270657111876768,54.92499923706055
2018-08-28,51.9463119506836,54.92499923706055,55.1349983215332,54.72999954223633,54.75249862670898,91107200,0.008075591846931074,52.89150047302246,49.459000244140626,0.015226024950194397,55.744998931884766
2018-08-29,52.72183227539063,55.744998931884766,55.872501373291016,54.852500915527344,55.03749847412109,109019200,0.01492944390012707,53.1600004196167,49.64545021057129,0.009471124117893831,56.25749969482422
2018-08-30,53.20654678344727,56.25749969482422,57.06499862670898,55.59999847412109,55.8125,195175200,0.009193663517075068,53.380500411987306,49.83810020446777,0.007676077416242646,56.907501220703125
2018-08-31,53.82130432128906,56.907501220703125,57.21749877929688,56.5,56.62749862670898,173360400,0.011554042206015636,53.62600040435791,50.0489501953125,0.007845775333218202,57.09000015258789
2018-09-04,53.99389266967773,57.09000015258789,57.29499816894531,56.657501220703125,57.102500915527344,109560400,0.0032069398228711243,53.86712532043457,50.26615020751953,0.007849790308600486,56.71749877929688
2018-09-05,53.64159393310547,56.71749877929688,57.41749954223633,56.275001525878906,57.247501373291016,133332000,-0.006524809463923642,54.11412525177002,50.48965019226074,0.007607713160573022,55.775001525878906
2018-09-06,52.750221252441406,55.775001525878906,56.837501525878906,55.32500076293945,56.557498931884766,137160000,-0.01661739804650919,54.31225032806397,50.683000259399414,0.008942188782599081,55.32500076293945
2018-09-07,52.32462692260742,55.32500076293945,56.34249877929688,55.1775016784668,55.462501525878906,150479200,-0.008068144341164318,54.46750030517578,50.86870025634766,0.009258509439127741,54.58250045776367
2018-09-10,51.62237930297852,54.58250045776367,55.462501525878906,54.11750030517578,55.23749923706055,158066000,-0.013420701218917253,54.60250034332275,51.03285026550293,0.009747912190712651,55.962501525878906
2018-09-11,52.927547454833984,55.962501525878906,56.07500076293945,54.13999938964844,54.50249862670898,142996000,0.025282848102261113,54.789750480651854,51.22655029296875,0.010973406525455021,55.26750183105469
2018-09-12,52.27023315429688,55.26750183105469,56.25,54.959999084472656,56.23500061035156,197114800,-0.012419024809011248,54.93125057220459,51.396000366210934,0.011534489420985283,56.602500915527344
2018-09-13,53.532840728759766,56.602500915527344,57.087501525878906,55.64250183105469,55.880001068115234,166825600,0.02415522757937505,55.133375549316405,51.608450393676755,0.012490988054013821,55.959999084472656
2018-09-14,52.9251708984375,55.959999084472656,56.709999084472656,55.630001068115234,56.4375,127997200,-0.011351120898589695,55.264875411987305,51.800650405883786,0.012652755868779588,54.470001220703125
2018-09-17,51.51597595214844,54.470001220703125,55.73749923706055,54.317501068115234,55.53749847412109,148780400,-0.02662612380533369,55.26862545013428,51.950200424194335,0.013523804907919967,54.560001373291016
2018-09-18,51.601104736328125,54.560001373291016,55.462501525878906,54.27999877929688,54.4474983215332,126286800,0.001652288426123416,55.30337543487549,52.08850044250488,0.013323356496364631,54.59249877929688
2018-09-19,51.63182830810547,54.59249877929688,54.90499877929688,53.82500076293945,54.625,108495200,0.0005956269279305815,55.345000457763675,52.228600387573245,0.01330860985828315,55.00749969482422
2018-09-20,52.02433395385742,55.00749969482422,55.56999969482422,54.78749847412109,55.060001373291016,106435200,0.00760179374102421,55.40725040435791,52.38935035705566,0.013391490920148063,54.415000915527344
2018-09-21,51.463966369628906,54.415000915527344,55.34000015258789,54.3224983215332,55.19499969482422,384986800,-0.010771236332936307,55.43437538146973,52.522500381469726,0.013654517250410269,55.1974983215332
2018-09-24,52.20402145385742,55.1974983215332,55.31499862670898,54.157501220703125,54.20500183105469,110773600,0.01438017812809722,55.49225025177002,52.66980033874512,0.013992385411915656,55.54750061035156
2018-09-25,52.53505706787109,55.54750061035156,55.70500183105469,54.92499923706055,54.9375,98217600,0.006340908545882762,55.54537525177002,52.826200332641605,0.013948281110878908,55.10499954223633
2018-09-26,52.116546630859375,55.10499954223633,55.9375,54.93999862670898,55.25,95938800,-0.007966174233819068,55.55437526702881,52.971050338745115,0.013984718383783078,56.23749923706055
2018-09-27,53.1876335144043,56.23749923706055,56.61000061035156,55.8849983215332,55.95500183105469,120724800,0.02055166870940983,55.579000282287595,53.14380035400391,0.014347003599244996,56.435001373291016
2018-09-28,53.37442398071289,56.435001373291016,56.459999084472656,56.005001068115234,56.1974983215332,91717600,0.0035119295649674864,55.58787536621094,53.31310035705567,0.014222291527842582,56.81499862670898
2018-10-01,53.73381423950195,56.81499862670898,57.35499954223633,56.587501525878906,56.98749923706055,94403200,0.0067333612859235,55.58325023651123,53.49220031738281,0.014060623876148584,57.31999969482422
2018-10-02,54.211421966552734,57.31999969482422,57.5,56.657501220703125,56.8125,99152800,0.008888516770602095,55.594750213623044,53.68055030822754,0.014185404023610836,58.01750183105469
2018-10-03,54.87109756469727,58.01750183105469,58.36750030517578,57.44499969482422,57.51250076293945,114619200,0.01216856489783713,55.659750366210936,53.87590034484863,0.014327434723224227,56.997501373291016
2018-10-04,53.90642929077149,56.997501373291016,58.087501525878906,56.682498931884766,57.69499969482422,128168000,-0.01758090964919312,55.720875358581544,54.04175033569336,0.014392082675997281,56.0724983215332
2018-10-05,53.031585693359375,56.0724983215332,57.102500915527344,55.14500045776367,56.9900016784668,134322000,-0.016228835115064677,55.75825023651123,54.192150268554684,0.014778659741907346,55.942501068115234
2018-10-08,52.90863037109375,55.942501068115234,56.20000076293945,55.04999923706055,55.5525016784668,118655600,-0.002318378123131515,55.82625026702881,54.3561003112793,0.014421577793310478,56.71749877929688
2018-10-09,53.64159393310547,56.71749877929688,56.817501068115234,55.5625,55.90999984741211,107564000,0.013853469122483641,55.864000129699704,54.54090026855469,0.013627032527707096,54.09000015258789
2018-10-10,51.15660095214844,54.09000015258789,56.587501525878906,54.01250076293945,56.3650016784668,167962400,-0.04632606661540728,55.805125045776364,54.67125030517578,0.017035651536488085,53.61249923706055
2018-10-11,50.70499420166016,53.61249923706055,54.875,53.08000183105469,53.630001068115234,212497600,-0.008827896361255583,55.65562496185303,54.736000289916994,0.01604651551775329,55.52750015258789
2018-10-12,52.51613998413086,55.52750015258789,55.720001220703125,54.209999084472656,55.10499954223633,161351600,0.035719299468948584,55.63400001525879,54.809600296020506,0.018023380397162735,54.34000015258789
2018-10-15,51.39303588867188,54.34000015258789,55.45750045776367,54.317501068115234,55.290000915527344,123164000,-0.021385799770146097,55.627499961853026,54.85645027160645,0.017653786236616592,55.53749847412109
2018-10-16,52.52558898925781,55.53749847412109,55.747501373291016,54.18999862670898,54.73249816894531,116736000,0.022037142402844934,55.67637481689453,54.92185020446777,0.018327988751595425,55.29750061035156
2018-10-17,52.298614501953125,55.29750061035156,55.65999984741211,54.834999084472656,55.57500076293945,91541600,-0.004321366110527247,55.71162490844726,54.992250213623045,0.018367324119799664,54.005001068115234
2018-10-18,51.07621383666992,54.005001068115234,54.935001373291016,53.25,54.46500015258789,130325200,-0.02337356169754945,55.661499977111816,55.036100234985355,0.019056871596219778,54.82749938964844
2018-10-19,51.85409927368164,54.82749938964844,55.31499862670898,54.35749816894531,54.51499938964844,132314800,0.015230039908633808,55.68212490081787,55.08825019836426,0.019223115739102476,55.16249847412109
2018-10-22,52.170936584472656,55.16249847412109,55.84000015258789,54.73500061035156,54.9474983215332,115168400,0.006110055869808617,55.68037490844726,55.1538501739502,0.01899768301965222,55.682498931884766
2018-10-23,52.66273498535156,55.682498931884766,55.8125,53.67499923706055,53.95750045776367,155071200,0.009426702418267485,55.68712482452393,55.223150177001955,0.019063105428996762,53.772499084472656
2018-10-24,50.85630798339844,53.772499084472656,56.057498931884766,53.6349983215332,55.650001525878906,163702000,-0.03430161871414161,55.620499801635745,55.24985015869141,0.020517827512137814,54.95000076293945
2018-10-25,51.96996307373047,54.95000076293945,55.345001220703125,54.1875,54.4275016784668,119423200,0.02189784180603227,55.55612487792969,55.29765014648437,0.02059438883431628,54.07500076293945
2018-10-26,51.14240646362305,54.07500076293945,55.04750061035156,53.16749954223633,53.97499847412109,189033600,-0.015923566657894184,55.43812484741211,55.31255012512207,0.020829748536371685,53.060001373291016
2018-10-29,50.18246078491211,53.060001373291016,54.92250061035156,51.522499084472656,54.79750061035156,183742000,-0.018770214985259326,55.250374984741214,55.28585014343262,0.021051195508824724,53.32500076293945
2018-10-30,50.43307876586914,53.32500076293945,53.79499816894531,52.317501068115234,52.78749847412109,146640000,0.004994334391062338,55.050625038146975,55.27505012512207,0.020951259363059072,54.71500015258789
2018-10-31,51.74769592285156,54.71500015258789,55.11249923706055,54.15499877929688,54.220001220703125,153435600,0.026066561083192274,54.88549995422363,55.29415016174316,0.02171136045147025,55.55500030517578
2018-11-01,52.54215621948242,55.55500030517578,55.59000015258789,54.20249938964844,54.76250076293945,233292800,0.015352282742306933,54.81337490081787,55.33000015258789,0.02177222874100946,51.869998931884766
2018-11-02,49.056976318359375,51.869998931884766,53.41249847412109,51.35749816894531,52.38750076293945,365314800,-0.06633068766174954,54.60324993133545,55.289950103759764,0.026068514503887533,50.397499084472656
2018-11-05,47.664344787597656,50.397499084472656,51.09749984741211,49.54249954223633,51.07500076293945,264654800,-0.028388276031117377,54.32599983215332,55.217100067138674,0.026648514874939085,50.942501068115234
2018-11-06,48.17979049682617,50.942501068115234,51.18000030517578,50.42250061035156,50.47999954223633,127531600,0.010814068030024382,54.03724994659424,55.146250076293946,0.026544625286658022,52.48749923706055
2018-11-07,49.64100646972656,52.48749923706055,52.51499938964844,51.032501220703125,51.49250030517578,133697600,0.030328274751950213,53.957124900817874,55.09750007629395,0.02578910368858721,52.122501373291016
2018-11-08,49.4677963256836,52.122501373291016,52.52999877929688,51.6875,52.494998931884766,101450400,-0.0069539960766851205,53.88262500762939,55.02505012512207,0.025763255495793252,51.11750030517578
2018-11-09,48.51398468017578,51.11750030517578,51.50249862670898,50.5625,51.38750076293945,137463200,-0.01928152029615038,53.66212501525879,54.9222501373291,0.0245336128728659,48.54249954223633
2018-11-12,46.07012939453125,48.54249954223633,49.962501525878906,48.4474983215332,49.75,204542000,-0.05037415263982947,53.37224998474121,54.75495010375977,0.02640942662555544,48.057498931884766
2018-11-13,45.60983276367188,48.057498931884766,49.29499816894531,47.86249923706055,47.907501220703125,187531600,-0.009991257453266678,52.998250007629395,54.574300079345704,0.025624679175387542,46.70000076293945
2018-11-14,44.32148742675781,46.70000076293945,48.619998931884766,46.48249816894531,48.47499847412109,243204000,-0.028247374480918963,52.56837501525879,54.37395011901855,0.026053386620633504,47.852500915527344
2018-11-15,45.41527938842773,47.852500915527344,47.99250030517578,46.72499847412109,47.09749984741211,185915200,0.024678803720759257,52.2607500076294,54.215500106811525,0.026775039984730336,48.38249969482422
2018-11-16,45.91828536987305,48.38249969482422,48.74250030517578,47.3650016784668,47.625,147713200,0.011075675652406636,51.938500022888185,54.07665008544922,0.026619923340619814,46.46500015258789
2018-11-19,44.098445892333984,46.46500015258789,47.67499923706055,46.247501373291016,47.5,167701200,-0.03963208917131367,51.503625106811526,53.9143000793457,0.02748551146812731,44.244998931884766
2018-11-20,41.99150848388672,44.244998931884766,45.36750030517578,43.87749862670898,44.59249877929688,271300800,-0.04777792345664034,50.93175010681152,53.67995002746582,0.028514282850637993,44.19499969482422
2018-11-21,41.94406509399414,44.19499969482422,45.067501068115234,44.13750076293945,44.932498931884766,124496800,-0.0011300539782478358,50.4528751373291,53.45849998474121,0.028050886135279854,43.0724983215332
2018-11-23,40.87873077392578,43.0724983215332,44.150001525878906,43.025001525878906,43.73500061035156,94496000,-0.02539883201814963,49.859000015258786,53.18789993286133,0.027257712281164647,43.65499877929688
2018-11-26,41.43156051635742,43.65499877929688,43.73749923706055,42.56499862670898,43.560001373291016,179994000,0.013523721178543058,49.33799991607666,52.94179992675781,0.027809820112663183,43.560001373291016
2018-11-27,41.34141540527344,43.560001373291016,43.692501068115234,42.720001220703125,42.87749862670898,165549600,-0.002176094574784848,48.86299991607666,52.72359992980957,0.027790471665986482,45.23500061035156
2018-11-28,42.93109130859375,45.23500061035156,45.3224983215332,43.73249816894531,44.182498931884766,184250000,0.03845269018029884,48.458499908447266,52.53709991455078,0.029650104350726444,44.88750076293945
2018-11-29,42.60128021240234,44.88750076293945,45.70000076293945,44.42499923706055,45.665000915527344,167080000,-0.007682101088169024,47.967124938964844,52.342999954223636,0.028563525197112544,44.64500045776367
2018-11-30,42.37114334106445,44.64500045776367,45.08250045776367,44.25749969482422,45.0724983215332,158126000,-0.005402401582936811,47.421624946594235,52.13574996948242,0.027985925293467974,46.20500183105469
2018-12-03,43.851680755615234,46.20500183105469,46.23500061035156,45.3025016784668,46.1150016784668,163210000,0.0349423531704709,47.13837509155273,51.97154998779297,0.026472508409696106,44.17250061035156
2018-12-04,41.92270660400391,44.17250061035156,45.59749984741211,44.067501068115234,45.23749923706055,165377200,-0.043988770482789374,46.82712516784668,51.751050033569335,0.027398209642396445,43.68000030517578
2018-12-06,41.45529174804688,43.68000030517578,43.69499969482422,42.60499954223633,42.93999862670898,172393600,-0.011149477579278533,46.464000129699706,51.51370002746582,0.027118637540855566,42.122501373291016
2018-12-07,39.97711944580078,42.122501373291016,43.622501373291016,42.07500076293945,43.372501373291016,169126400,-0.03565702657974146,45.94575023651123,51.25405006408691,0.026300192948625487,42.400001525878906
2018-12-10,40.2404899597168,42.400001525878906,42.522499084472656,40.83250045776367,41.25,248104000,0.006587931474645314,45.459625244140625,50.97730010986328,0.02657214139350122,42.157501220703125
2018-12-11,40.01033782958984,42.157501220703125,42.9474983215332,41.75,42.915000915527344,189126800,-0.005719346614357357,45.01162528991699,50.691750106811526,0.026493907092302555,42.275001525878906
2018-12-12,40.12186050415039,42.275001525878906,42.97999954223633,42.255001068115234,42.59999847412109,142510800,0.002787174328968023,44.69825038909912,50.40095016479492,0.02476134068555869,42.73749923706055
2018-12-13,40.560794830322266,42.73749923706055,43.14250183105469,42.38750076293945,42.622501373291016,127594400,0.010940217492328541,44.43225040435791,50.10930015563965,0.025050903988859546,41.369998931884766
2018-12-14,39.2629508972168,41.369998931884766,42.27000045776367,41.31999969482422,42.25,162814800,-0.03199766784645952,44.16575031280517,49.77635009765625,0.025243053518517754,40.98500061035156
2018-12-17,38.89754486083984,40.98500061035156,42.087501525878906,40.682498931884766,41.36249923706055,177151600,-0.009306220243493368,43.82237529754639,49.45610008239746,0.024210642969292297,41.51750183105469
2018-12-18,39.40293502807617,41.51750183105469,41.88249969482422,41.09749984741211,41.345001220703125,135366000,0.012992587843676517,43.47912540435791,49.16500015258789,0.024291441541370206,40.22249984741211
2018-12-19,38.17388153076172,40.22249984741211,41.86249923706055,39.772499084472656,41.5,196189200,-0.031191712567684604,43.16700038909912,48.85060012817383,0.023768582054017433,39.20750045776367
2018-12-20,37.21057891845703,39.20750045776367,40.52750015258789,38.82500076293945,40.09999847412109,259092000,-0.025234617278859672,42.91512546539307,48.500400161743165,0.022212489445832637,37.682498931884766
2018-12-21,35.76324844360352,37.682498931884766,39.540000915527344,37.407501220703125,39.21500015258789,382978400,-0.0388956579244758,42.589500427246094,48.1722501373291,0.023370502809023797,36.70750045776367
2018-12-24,34.83791732788086,36.70750045776367,37.88750076293945,36.647499084472656,37.03749847412109,148676800,-0.025874039720229502,42.271250534057614,47.83415016174317,0.02338970048037094,39.29249954223633
2018-12-26,37.2912483215332,39.29249954223633,39.307498931884766,36.68000030517578,37.07500076293945,234330000,0.07042155015286333,42.05312557220459,47.509450149536136,0.028914958349804055,39.03749847412109
2018-12-27,37.04924392700195,39.03749847412109,39.192501068115234,37.51750183105469,38.959999084472656,212468400,-0.006489815386805153,41.82700042724609,47.203400115966794,0.028909992215977526,39.057498931884766
2018-12-28,37.06822204589844,39.057498931884766,39.630001068115234,38.63750076293945,39.375,169165600,0.0005123396361306209,41.51812534332275,46.873800125122074,0.027091157662923214,39.435001373291016
2018-12-31,37.426490783691406,39.435001373291016,39.84000015258789,39.119998931884766,39.63249969482422,140014000,0.009665299922675619,41.24550037384033,46.55655014038086,0.027343692913642057,39.47999954223633
2019-01-02,37.46919631958008,39.47999954223633,39.712501525878906,38.557498931884766,38.72249984741211,148158800,0.0011410718239708295,40.987250328063965,46.26605010986328,0.027391620328616882,35.54750061035156
2019-01-03,33.736995697021484,35.54750061035156,36.43000030517578,35.5,35.994998931884766,365248800,-0.09960737025028876,40.45437526702881,45.880450134277346,0.032844898539013366,37.06499862670898
2019-01-04,35.17720031738281,37.06499862670898,37.13750076293945,35.95000076293945,36.13249969482422,234428400,0.04268930277240113,40.09900016784668,45.5185001373291,0.034163825692469244,36.98249816894531
2019-01-07,35.09889602661133,36.98249816894531,37.20750045776367,36.47499847412109,37.17499923706055,219111200,-0.002225831939036249,39.76412506103516,45.14450012207031,0.034181122866177305,37.6875
2019-01-08,35.768001556396484,37.6875,37.95500183105469,37.130001068115234,37.38999938964844,164101200,0.01906312082634498,39.542374992370604,44.822800140380856,0.034017113160377435,38.32749938964844
2019-01-09,36.37540817260742,38.32749938964844,38.63249969482422,37.407501220703125,37.8224983215332,180396400,0.016981741682214002,39.33874988555908,44.49035011291504,0.03428162199478534,38.45000076293945
2019-01-10,36.49166488647461,38.45000076293945,38.49250030517578,37.71500015258789,38.125,143122800,0.003196174424155096,39.1533748626709,44.17785011291504,0.03432242713872232,38.0724983215332
2019-01-11,36.133392333984375,38.0724983215332,38.42499923706055,37.87749862670898,38.220001220703125,108092800,-0.009818008684413626,38.94324970245361,43.87810005187988,0.03430654767869389,37.5
2019-01-14,35.590049743652344,37.5,37.817501068115234,37.30500030517578,37.712501525878906,129756800,-0.015037056846080588,38.68137474060059,43.561600036621094,0.03417666384657567,38.26750183105469
2019-01-15,36.31846237182617,38.26750183105469,38.34749984741211,37.51250076293945,37.567501068115234,114843600,0.020466715494791732,38.52624988555908,43.23265007019043,0.034085539966191694,38.73500061035156
2019-01-16,36.762149810791016,38.73500061035156,38.970001220703125,38.25,38.27000045776367,122278800,0.01221660042928363,38.413749885559085,42.896250076293946,0.034226313323236376,38.96500015258789
2019-01-17,36.98043823242188,38.96500015258789,39.415000915527344,38.31499862670898,38.54999923706055,119284800,0.005937770455975322,38.286124801635744,42.63815010070801,0.03409704806910963,39.20500183105469
2019-01-18,37.20820999145508,39.20500183105469,39.470001220703125,38.994998931884766,39.375,135004000,0.006159416849145227,38.23524990081787,42.41430015563965,0.03346589695825712,38.32500076293945
2019-01-22,36.37302017211914,38.32500076293945,39.182498931884766,38.15499877929688,39.102500915527344,121576000,-0.022446142762788446,38.19112491607666,42.16195014953613,0.033364116672250824,38.47999954223633
2019-01-23,36.52013397216797,38.47999954223633,38.78499984741211,37.92499923706055,38.53749847412109,92522400,0.004044325537150728,38.23099994659424,41.881800155639645,0.03212860345957059,38.17499923706055
2019-01-24,36.23066329956055,38.17499923706055,38.619998931884766,37.935001373291016,38.52750015258789,101766000,-0.00792620345125028,38.304374885559085,41.602850112915036,0.03156806795196462,39.43999862670898
2019-01-25,37.43123626708984,39.43999862670898,39.532501220703125,38.58000183105469,38.869998931884766,134142000,0.03313685435310654,38.31174983978271,41.369300079345706,0.028271386203769677,39.07500076293945
2019-01-28,37.0848388671875,39.07500076293945,39.08250045776367,38.415000915527344,38.9474983215332,104768400,-0.00925451005270439,38.313624954223634,41.179950103759765,0.028314515594594882,38.66999816894531
2019-01-29,36.70045471191406,38.66999816894531,39.532501220703125,38.52750015258789,39.0625,166348800,-0.010364749483978586,38.29424991607666,40.99220008850098,0.028417424134967506,41.3125
2019-01-30,39.20837020874024,41.3125,41.53749847412109,40.057498931884766,40.8125,244439200,0.06833467691179762,38.38812484741211,40.884450073242185,0.03224836214882206,41.61000061035156
2019-01-31,39.490718841552734,41.61000061035156,42.25,41.13999938964844,41.52750015258789,162958400,0.007201225061459926,38.49462490081787,40.75960006713867,0.03226008284164953,41.630001068115234
2019-02-01,39.50970077514648,41.630001068115234,42.244998931884766,41.48249816894531,41.7400016784668,130672400,0.00048066468325647094,38.798749923706055,40.624550094604494,0.021427030558131218,42.8125
2019-02-04,40.6319580078125,42.8125,42.915000915527344,41.81999969482422,41.852500915527344,125982000,0.02840497001068898,39.08612499237061,40.55150009155273,0.020429724549771495,43.54499816894531
2019-02-05,41.32716369628906,43.54499816894531,43.77000045776367,43.087501525878906,43.21500015258789,144406400,0.017109446281934337,39.41424999237061,40.537500076293945,0.020406341229419714,43.560001373291016
2019-02-06,41.34141540527344,43.560001373291016,43.89250183105469,43.212501525878906,43.66249847412109,112958400,0.0003445448381349525,39.70787506103515,40.52480010986328,0.02032034757043433,42.73500061035156
2019-02-07,40.55842208862305,42.73500061035156,43.48500061035156,42.584999084472656,43.09999847412109,126966800,-0.01893941085698192,39.92825012207031,40.51805015563965,0.021010084722117933,42.602500915527344
2019-02-08,40.606082916259766,42.602500915527344,42.665000915527344,42.10499954223633,42.247501373291016,95280000,-0.003100495915100643,40.135875129699706,40.497000198364255,0.021095987115518303,42.35749816894531
2019-02-11,40.372554779052734,42.35749816894531,42.8025016784668,42.3125,42.76250076293945,83973600,-0.0057509005649181155,40.35012512207031,40.47295013427734,0.020961276692254026,42.72249984741211
2019-02-12,40.720458984375,42.72249984741211,42.75,42.42499923706055,42.525001525878906,89134000,0.008617168016179066,40.61125011444092,40.42270011901856,0.020398258205159944,42.54499816894531
2019-02-13,40.55127334594727,42.54499816894531,43.119998931884766,42.47999954223633,42.84749984741211,89960800,-0.004154758712640039,40.82512493133545,40.37585006713867,0.02026837928609979,42.70000076293945
2019-02-14,40.69900894165039,42.70000076293945,42.81499862670898,42.345001220703125,42.4275016784668,87342800,0.0036432624436515404,41.02337493896484,40.336950073242186,0.020209481508249777,42.60499954223633
2019-02-15,40.60846328735352,42.60499954223633,42.92499923706055,42.4375,42.8125,98507200,-0.0022248529041146714,41.20537490844727,40.26495002746582,0.02027343753957266,42.73249816894531
2019-02-19,40.72998809814453,42.73249816894531,42.86000061035156,42.372501373291016,42.4275016784668,75891200,0.002992574300642481,41.3817497253418,40.2361499786377,0.02027352435628686,43.00749969482422
2019-02-20,40.99209976196289,43.00749969482422,43.33000183105469,42.747501373291016,42.79750061035156,104457600,0.006435418888726563,41.615874671936034,40.22269996643067,0.01925564506121561,42.76499938964844
2019-02-21,40.76097106933594,42.76499938964844,43.09249877929688,42.57500076293945,42.95000076293945,68998800,-0.005638558551334882,41.83012466430664,40.23554992675781,0.01942708496094148,43.24250030517578
2019-02-22,41.21608352661133,43.24250030517578,43.25,42.845001220703125,42.89500045776367,75652800,0.011165694431014783,42.0834997177124,40.25239990234375,0.01920208460482749,43.557498931884766
2019-02-25,41.516334533691406,43.557498931884766,43.96749877929688,43.48749923706055,43.540000915527344,87493600,0.0072844683930379794,42.28937473297119,40.280399856567385,0.018150423564407867,43.58250045776367
2019-02-26,41.540164947509766,43.58250045776367,43.82500076293945,43.29249954223633,43.4275016784668,68280800,0.0005739890143372506,42.514749717712405,40.306549835205075,0.017871392390169345,43.71749877929688
2019-02-27,41.66883087158203,43.71749877929688,43.75,43.182498931884766,43.3025016784668,111341600,0.0030975350224349274,42.76712474822998,40.32614982604981,0.017487012109488588,43.28749847412109
2019-02-28,41.25898361206055,43.28749847412109,43.727500915527344,43.22999954223633,43.58000183105469,112861600,-0.00983588533613522,42.865874671936034,40.36449981689453,0.010041193901100498,43.74250030517578
2019-03-01,41.69266128540039,43.74250030517578,43.78749847412109,43.22249984741211,43.56999969482422,103544800,0.010511160198520386,42.97249965667724,40.419649810791014,0.010151418303423797,43.962501525878906
2019-03-04,41.90234756469727,43.962501525878906,44.4375,43.49250030517578,43.92250061035156,109744800,0.00502946148867256,43.08912467956543,40.4685498046875,0.010153553403033118,43.88249969482422
2019-03-05,41.82608795166016,43.88249969482422,44.0,43.6349983215332,43.98500061035156,78949600,-0.0018197743139706235,43.14262466430664,40.541749801635746,0.008199916770175383,43.630001068115234
2019-03-06,41.58542251586914,43.630001068115234,43.872501373291016,43.48500061035156,43.66749954223633,83241600,-0.005753970910156836,43.146874809265135,40.63019981384277,0.007432887087852636,43.125
2019-03-07,41.10408020019531,43.125,43.61000061035156,43.005001068115234,43.46749877929688,99185600,-0.01157462882769189,43.12512474060058,40.73904983520508,0.00787872007311876,43.227500915527344
2019-03-08,41.20178985595703,43.227500915527344,43.26750183105469,42.375,42.58000183105469,95997600,0.0023768328238225056,43.149749755859375,40.86944984436035,0.006584540032514471,44.72499847412109
2019-03-11,42.62910842895508,44.72499847412109,44.77999877929688,43.837501525878906,43.872501373291016,128044000,0.03464224225036894,43.25587463378906,40.97809982299805,0.00999525834478989,45.227500915527344
2019-03-12,43.10806274414063,45.227500915527344,45.66749954223633,44.84249877929688,45.0,129870400,0.011235381968699665,43.39937477111816,41.10189987182617,0.00998064682336489,45.4275016784668
2019-03-13,43.2986946105957,45.4275016784668,45.82500076293945,45.22999954223633,45.5625,124130000,0.004422105110627239,43.534624862670896,41.22929992675781,0.009907500314751523,45.932498931884766
2019-03-14,43.780033111572266,45.932498931884766,46.025001525878906,45.63999938964844,45.97499847412109,94318000,0.011116553514043392,43.70399990081787,41.359249877929685,0.009905774600222983,46.52999877929688
2019-03-15,44.34952545166016,46.52999877929688,46.83250045776367,45.935001373291016,46.212501525878906,156171600,0.013008215562104963,43.895499801635744,41.5002498626709,0.010112972918997609,47.005001068115234
2019-03-18,44.80228042602539,47.005001068115234,47.09749984741211,46.4474983215332,46.45000076293945,104879200,0.010208517113258653,44.115499877929686,41.729399871826175,0.010069447384012026,46.63249969482422
2019-03-19,44.447227478027344,46.63249969482422,47.247501373291016,46.47999954223633,47.087501525878906,126585600,-0.007924717898659783,44.31049995422363,41.92074989318848,0.01047043517259715,47.040000915527344
2019-03-20,44.83563232421875,47.040000915527344,47.372501373291016,46.182498931884766,46.557498931884766,124140800,0.008738566951588034,44.51212501525879,42.12189994812012,0.010506279486868782,48.772499084472656
2019-03-21,46.48694610595703,48.772499084472656,49.08250045776367,47.45249938964844,47.505001068115234,204136800,0.03683031750055599,44.8125,42.34359992980957,0.012451736701027425,47.76250076293945
2019-03-22,45.52427291870117,47.76250076293945,49.42250061035156,47.69499969482422,48.834999084472656,169630800,-0.020708356973546005,45.038500022888186,42.53229995727539,0.013811166450402527,47.185001373291016
2019-03-25,44.97382736206055,47.185001373291016,47.994998931884766,46.650001525878906,47.87749862670898,175381200,-0.012091062662626273,45.21987514495849,42.706999969482425,0.014318111643263152,46.6974983215332
2019-03-26,44.50917053222656,46.6974983215332,48.220001220703125,46.14500045776367,47.915000915527344,199202000,-0.010331737576970035,45.37562503814697,42.879499969482424,0.014663136025814165,47.11750030517578
2019-03-27,44.909481048583984,47.11750030517578,47.43999862670898,46.63750076293945,47.1875,119393600,0.008994100299563712,45.54562511444092,43.071849975585934,0.014712569650667313,47.18000030517578
2019-03-28,44.96907043457031,47.18000030517578,47.38999938964844,46.88249969482422,47.23749923706055,83121600,0.0013264710478100294,45.740250205993654,43.25009994506836,0.014373746896436845,47.48749923706055
2019-03-29,45.26215744018555,47.48749923706055,47.52000045776367,47.1349983215332,47.45750045776367,94256000,0.006517569518774025,45.92750015258789,43.42514991760254,0.014312162475903244,47.810001373291016
2019-04-01,45.56954956054688,47.810001373291016,47.91999816894531,47.095001220703125,47.90999984741211,111448000,0.006791305952341675,46.1198751449585,43.6020499420166,0.014322876261408353,48.505001068115234
2019-04-02,46.23197555541992,48.505001068115234,48.6150016784668,47.76250076293945,47.772499084472656,91062800,0.014536701001068852,46.351000213623045,43.788049926757814,0.014421668949073456,48.837501525878906
2019-04-03,46.54888534545898,48.837501525878906,49.125,48.28749847412109,48.3125,93087200,0.00685497269233637,46.61137523651123,43.9982999420166,0.014195206211501624,48.92250061035156
2019-04-04,46.62991714477539,48.92250061035156,49.09249877929688,48.28499984741211,48.6974983215332,76457200,0.0017404470297812669,46.90125026702881,44.2071499633789,0.013641430139281268,49.25
2019-04-05,46.94207000732422,49.25,49.275001525878906,48.98249816894531,49.11249923706055,74106400,0.006694248772294742,47.20237522125244,44.428649978637694,0.013608297806546725,50.025001525878906
2019-04-08,47.680755615234375,50.025001525878906,50.057498931884766,49.084999084472656,49.10499954223633,103526800,0.01573607159144985,47.46737537384033,44.64035003662109,0.012137145582839032,49.875
2019-04-09,47.53776550292969,49.875,50.712501525878906,49.807498931884766,50.08000183105469,143072800,-0.002998531160489981,47.69975032806396,44.8563500213623,0.012211634555442273,50.15499877929688
2019-04-10,47.804649353027344,50.15499877929688,50.185001373291016,49.54499816894531,49.66999816894531,86781200,0.0056140106124689115,47.93612518310547,45.086050033569336,0.012211712496451787,49.73749923706055
2019-04-11,47.406715393066406,49.73749923706055,50.25,49.61000061035156,50.212501525878906,83603200,-0.008324186071133388,48.12637519836426,45.254550018310546,0.012472892456944567,49.71749877929688
2019-04-12,47.387657165527344,49.71749877929688,50.03499984741211,49.0525016784668,49.79999923706055,111042800,-0.00040212029294717233,48.285750198364255,45.416699981689455,0.012326166667458078,49.807498931884766
2019-04-15,47.47343826293945,49.807498931884766,49.962501525878906,49.50249862670898,49.64500045776367,70146400,0.0018102309005407768,48.42587509155273,45.58024993896484,0.012224290780838533,49.8125
2019-04-16,47.47820663452149,49.8125,50.34249877929688,49.63999938964844,49.8650016784668,102785600,0.00010040793499932477,48.58487510681152,45.72024993896484,0.011977058142651523,50.782501220703125
2019-04-17,48.40274810791016,50.782501220703125,50.845001220703125,49.65250015258789,49.8849983215332,115627200,0.01947304834535757,48.77200012207031,45.865,0.012460975135503273,50.96500015258789
2019-04-18,48.57670593261719,50.96500015258789,51.03749847412109,50.630001068115234,50.77999877929688,96783200,0.0035937365725964288,48.881625175476074,46.01309997558594,0.009763631151317204,51.13249969482422
2019-04-22,48.73635482788086,51.13249969482422,51.23500061035156,50.584999084472656,50.70750045776367,77758000,0.0032865602224043666,49.05012512207031,46.18104995727539,0.008132508671374147,51.869998931884766
2019-04-23,49.43928909301758,51.869998931884766,51.9375,50.97499847412109,51.10749816894531,93292000,0.014423297148822956,49.284375,46.366399917602536,0.00761079727981132,51.790000915527344
2019-04-24,49.363040924072266,51.790000915527344,52.119998931884766,51.76250076293945,51.84000015258789,70162400,-0.0015422791209707132,49.53900012969971,46.55504997253418,0.0069146981397137965,51.31999969482422
2019-04-25,48.9150619506836,51.31999969482422,51.93999862670898,51.27999877929688,51.70750045776367,74172800,-0.009075134435114762,49.74912509918213,46.72699996948242,0.007546054526085171,51.07500076293945
2019-04-26,48.68154144287109,51.07500076293945,51.25,50.52999877929688,51.22499847412109,74596400,-0.004773946479767366,49.94387512207031,46.89760002136231,0.00779218700020821,51.15250015258789
2019-04-29,48.755409240722656,51.15250015258789,51.49250030517578,50.96500015258789,51.09999847412109,88818800,0.0015173644344743664,50.12712516784668,47.066650009155275,0.007787469062969605,50.16749954223633
2019-04-30,47.81656646728516,50.16749954223633,50.84999847412109,49.77750015258789,50.76499938964844,186139600,-0.019256157712981836,50.24500007629395,47.21790000915527,0.00928639482434964,52.630001068115234
2019-05-01,50.163673400878906,52.630001068115234,53.82749938964844,52.307498931884766,52.470001220703125,259309200,0.04908559422631198,50.451250076293945,47.41585006713867,0.01377943595944157,52.28749847412109
2019-05-02,49.83722305297852,52.28749847412109,53.16249847412109,52.032501220703125,52.459999084472656,127985200,-0.006507744386150982,50.62374992370606,47.60145004272461,0.013965506250363583,52.9375
2019-05-03,50.456764221191406,52.9375,52.959999084472656,52.557498931884766,52.72249984741211,83569600,0.012431298969114435,50.824499893188474,47.80490005493164,0.014098191198878018,52.119998931884766
2019-05-06,49.67757034301758,52.119998931884766,52.209999084472656,50.875,51.0724983215332,129772400,-0.015442759256013905,50.96799983978271,47.98245002746582,0.014733851626456494,50.71500015258789
2019-05-07,48.338409423828125,50.71500015258789,51.85499954223633,50.20750045776367,51.470001220703125,155054800,-0.026956999387760083,51.00249977111817,48.125600051879886,0.01583363965443105,50.72499847412109
2019-05-08,48.34794616699219,50.72499847412109,51.334999084472656,50.4375,50.47499847412109,105358000,0.0001971472247483952,51.04499969482422,48.26845001220703,0.01580936585635654,50.18000030517578
2019-05-09,47.8284797668457,50.18000030517578,50.41999816894531,49.165000915527344,50.09999847412109,139634400,-0.010744173195458062,51.04624977111816,48.39770004272461,0.015978303224002167,49.29499816894531
2019-05-10,47.1658935546875,49.29499816894531,49.712501525878906,48.192501068115234,49.35499954223633,164834800,-0.017636551033244685,51.024124717712404,48.51785003662109,0.01636898768056984,46.43000030517578
2019-05-13,44.42462921142578,46.43000030517578,47.369998931884766,45.712501525878906,46.9275016784668,229722400,-0.0581194435579554,50.85974979400635,48.57160003662109,0.020856685359807222,47.165000915527344
2019-05-14,45.127891540527344,47.165000915527344,47.42499923706055,46.352500915527344,46.602500915527344,146118800,0.015830295186744392,50.72762489318848,48.63565002441406,0.02126578441429916,47.72999954223633
2019-05-15,45.6684799194336,47.72999954223633,47.9375,46.505001068115234,46.567501068115234,106178800,0.01197919253136237,50.62349987030029,48.712600021362306,0.02150692187432652,47.52000045776367
2019-05-16,45.46755599975586,47.52000045776367,48.11750030517578,47.209999084472656,47.477500915527344,132125600,-0.004399729446609935,50.46037483215332,48.79040000915527,0.020911825805676087,47.25
2019-05-17,45.20921325683594,47.25,47.72499847412109,46.68999862670898,46.73249816894531,131516400,-0.005681827760158575,50.274624824523926,48.87290000915527,0.020858218374190676,45.772499084472656
2019-05-20,43.7955322265625,45.772499084472656,46.087501525878906,45.06999969482422,45.880001068115234,154449200,-0.03126986064608139,50.00662479400635,48.92379997253418,0.02167566079261716,46.650001525878906
2019-05-21,44.6351318359375,46.650001525878906,47.0,46.17499923706055,46.30500030517578,113459200,0.019170953278885294,49.74562492370605,48.962300033569335,0.021927531239089016,45.69499969482422
2019-05-22,43.721378326416016,45.69499969482422,46.4275016784668,45.63750076293945,46.165000915527344,118994400,-0.020471635580224024,49.440874862670896,48.971650009155276,0.02217484817579339,44.915000915527344
2019-05-23,42.97507858276367,44.915000915527344,45.1349983215332,44.45249938964844,44.95000076293945,146118800,-0.01706967468007714,49.12062492370605,48.961399993896485,0.022304755602144708,44.74250030517578
2019-05-24,42.810035705566406,44.74250030517578,45.53499984741211,44.65499877929688,45.04999923706055,94858800,-0.003840601287663059,48.80399990081787,48.93760002136231,0.022309325778143832,44.557498931884766
2019-05-28,42.63300704956055,44.557498931884766,45.147499084472656,44.477500915527344,44.72999954223633,111792800,-0.004134801855711578,48.474249839782715,48.898150024414065,0.022239987582645476,44.345001220703125
2019-05-29,42.4296875,44.345001220703125,44.837501525878906,44.0,44.10499954223633,113924800,-0.004769067301252372,48.18312492370605,48.84495002746582,0.022042563330490154,44.57500076293945
2019-05-30,42.64976119995117,44.57500076293945,44.807498931884766,44.16749954223633,44.48749923706055,84873600,0.005186594563198366,47.780374908447264,48.80380004882812,0.018112543044633368,43.76750183105469
2019-05-31,41.877140045166016,43.76750183105469,44.497501373291016,43.747501373291016,44.057498931884766,108174400,-0.018115511341867174,47.35437507629395,48.73835006713867,0.018243915768517898,43.32500076293945
2019-06-03,41.4537467956543,43.32500076293945,44.47999954223633,42.567501068115234,43.900001525878906,161584400,-0.010110265598966883,46.87375011444092,48.62940010070801,0.017553439805378993,44.90999984741211
2019-06-04,42.97028350830078,44.90999984741211,44.95750045776367,43.630001068115234,43.86000061035156,123872000,0.036583936677699436,46.51325016021728,48.57235008239746,0.020314249769426293,45.6349983215332
2019-06-05,43.663970947265625,45.6349983215332,46.247501373291016,45.28499984741211,46.06999969482422,119093600,0.016143363985401393,46.25925006866455,48.541350021362305,0.020396079492928428,46.30500030517578
2019-06-06,44.30503082275391,46.30500030517578,46.36750030517578,45.53749847412109,45.77000045776367,90105200,0.014681757604589007,46.03825016021729,48.533500061035156,0.020844933892814534,47.53749847412109
2019-06-07,45.48431015014648,47.53749847412109,47.97999954223633,46.442501068115234,46.62749862670898,122737600,0.026616956285983262,45.90612506866455,48.54190002441406,0.02188870501158414,48.14500045776367
2019-06-10,46.06556701660156,48.14500045776367,48.84249877929688,47.90499877929688,47.95249938964844,104883600,0.012779426834445218,45.84862518310547,48.56120002746582,0.021836155117256666,48.70249938964844
2019-06-11,46.5989875793457,48.70249938964844,49.0,48.400001525878906,48.71500015258789,107731600,0.011579580986271765,45.9622501373291,48.58550003051758,0.0173286383787408,48.54750061035156
2019-06-12,46.45067596435547,48.54750061035156,48.99250030517578,48.34749984741211,48.48749923706055,73012800,-0.0031825631382240704,46.031375122070315,48.60025001525879,0.017080587489595855,48.53749847412109
2019-06-13,46.44111633300781,48.53749847412109,49.1974983215332,48.400001525878906,48.67499923706055,86698400,-0.00020602783057266372,46.07175006866455,48.60089996337891,0.016906707641001644,48.185001373291016
2019-06-14,46.10384750366211,48.185001373291016,48.397499084472656,47.57500076293945,47.88750076293945,75046000,-0.007262366457101432,46.10500011444092,48.58784996032715,0.016966612231394042,48.47249984741211
2019-06-17,46.3789176940918,48.47249984741211,48.7400016784668,48.04249954223633,48.22499847412109,58676400,0.005966555275029206,46.16612510681152,48.578849945068356,0.01693115424436703,49.61249923706055
2019-06-18,47.46967315673828,49.61249923706055,50.0724983215332,48.8025016784668,49.01250076293945,106204000,0.023518477347714173,46.35812511444092,48.58609992980957,0.01575623281420103,49.46749877929688
2019-06-19,47.33094024658203,49.46749877929688,49.970001220703125,49.32749938964844,49.91999816894531,84496800,-0.002922659813423545,46.498999977111815,48.57494987487793,0.015418801701447209,49.8650016784668
2019-06-20,47.71127700805664,49.8650016784668,50.15250015258789,49.50749969482422,50.09249877929688,86056000,0.008035637721312883,46.70750007629395,48.57474990844727,0.014415063031335692,49.69499969482422
2019-06-21,47.548622131347656,49.69499969482422,50.212501525878906,49.53749847412109,49.70000076293945,191202400,-0.003409244518605692,46.94650001525879,48.56554992675781,0.013643532822853075,49.64500045776367
2019-06-24,47.50078582763672,49.64500045776367,50.040000915527344,49.54249954223633,49.6349983215332,72881600,-0.0010061220921137037,47.19162502288818,48.56369995117188,0.013559614057167123,48.89250183105469
2019-06-25,46.78078079223633,48.89250183105469,49.81499862670898,48.8224983215332,49.60749816894531,84281200,-0.015157591293592287,47.40837516784668,48.54720001220703,0.014173349636350356,49.95000076293945
2019-06-26,47.792606353759766,49.95000076293945,50.247501373291016,49.337501525878906,49.442501068115234,104270000,0.021629061559150564,47.68862514495849,48.550050048828126,0.014466603417594495,49.935001373291016
2019-06-27,47.77825164794922,49.935001373291016,50.39250183105469,49.89250183105469,50.0724983215332,83598800,-0.00030028807646320654,47.95662517547608,48.552500076293946,0.01453604695498354,49.47999954223633
2019-06-28,47.342899322509766,49.47999954223633,49.875,49.26250076293945,49.66999816894531,124442400,-0.009111881817190803,48.24225006103516,48.52645004272461,0.01388130127596732,50.38750076293945
2019-07-01,48.21120834350586,50.38750076293945,51.122501373291016,50.16249847412109,50.79249954223633,109012000,0.018340768575158872,48.595375061035156,48.514900054931644,0.013571559421286194,50.682498931884766
2019-07-02,48.49347305297852,50.682498931884766,50.782501220703125,50.34000015258789,50.352500915527344,67740800,0.005854590215403022,48.88400001525879,48.50590003967285,0.0117414400686636,51.102500915527344
2019-07-03,48.89533615112305,51.102500915527344,51.11000061035156,50.67250061035156,50.81999969482422,45448000,0.008286923346203734,49.15737514495849,48.4905500793457,0.011518076606139344,51.057498931884766
2019-07-05,48.85226821899414,51.057498931884766,51.27000045776367,50.72499847412109,50.837501525878906,69062000,-0.0008806219428862949,49.39500007629395,48.47590003967285,0.011407099621023811,50.005001068115234
2019-07-08,47.84523010253906,50.005001068115234,50.34999847412109,49.602500915527344,50.20249938964844,101354400,-0.02061397220364547,49.51837520599365,48.449600067138675,0.011575006035102314,50.310001373291016
2019-07-09,48.13706207275391,50.310001373291016,50.37749862670898,49.70249938964844,49.79999923706055,82312000,0.00609939603361509,49.62662525177002,48.434300079345704,0.011360102859810242,50.807498931884766
2019-07-10,48.61307144165039,50.807498931884766,50.932498931884766,50.38999938964844,50.462501525878906,71588400,0.009888641324066194,49.73187522888183,48.42740005493164,0.011293209804668138,50.4375
2019-07-11,48.2590446472168,50.4375,51.09749984741211,50.4275016784668,50.82749938964844,80767200,-0.007282368541321138,49.82637519836426,48.43280006408691,0.011431996725698912,50.82500076293945
2019-07-12,48.62980651855469,50.82500076293945,51.0,50.54999923706055,50.61249923706055,70380800,0.007682790838948295,49.94075031280518,48.396700057983395,0.011488797429330821,51.3025016784668
2019-07-15,49.08667755126953,51.3025016784668,51.46749877929688,51.0,51.022499084472656,67789600,0.009395000656360564,50.096625328063965,48.377000122070314,0.011356948643810937,51.125
2019-07-16,48.91686248779297,51.125,51.52750015258789,50.875,51.147499084472656,67467200,-0.0034599029805461035,50.22925033569336,48.34075012207031,0.011431478430429513,50.837501525878906
2019-07-17,48.64177322387695,50.837501525878906,51.272499084472656,50.817501068115234,51.01250076293945,56430000,-0.0056234420365983695,50.290500450134275,48.31510017395019,0.010457968412576214,51.415000915527344
2019-07-18,49.19432830810547,51.415000915527344,51.470001220703125,50.92499923706055,51.0,74162400,0.011359712265844868,50.3878755569458,48.32910018920899,0.010642451461693379,50.647499084472656
2019-07-19,48.45996856689453,50.647499084472656,51.625,50.59000015258789,51.4474983215332,83717200,-0.01492758567320962,50.42700042724609,48.32755020141602,0.011180565247033883,51.80500030517578
2019-07-22,49.567481994628906,51.80500030517578,51.807498931884766,50.90250015258789,50.91249847412109,89111600,0.022854064694736165,50.532500457763675,48.360050201416016,0.012155279438921718,52.209999084472656
2019-07-23,49.95499420166016,52.209999084472656,52.227500915527344,51.8224983215332,52.1150016784668,73420800,0.00781775459726064,50.66075038909912,48.41835021972656,0.012194715993457556,52.16749954223633
2019-07-24,49.91433334350586,52.16749954223633,52.28749847412109,51.79249954223633,51.91749954223633,59966400,-0.0008140115491587219,50.824500274658206,48.53310020446777,0.011497736678083119,51.755001068115234
2019-07-25,49.51963806152344,51.755001068115234,52.310001373291016,51.682498931884766,52.22249984741211,55638400,-0.007907192749139202,50.914750289916995,48.62490020751953,0.010902348958412973,51.935001373291016
2019-07-26,49.69186782836914,51.935001373291016,52.432498931884766,51.78499984741211,51.869998931884766,70475600,0.0034779306629495466,51.01475028991699,48.709000244140626,0.01089617216564659,52.41999816894531
2019-07-29,50.15592193603516,52.41999816894531,52.65999984741211,52.11000061035156,52.1150016784668,86693600,0.009338534376235108,51.16175022125244,48.80700019836426,0.010682889743621072,52.19499969482422
2019-07-30,49.94063568115234,52.19499969482422,52.540000915527344,51.82749938964844,52.18999862670898,135742800,-0.004292225905768721,51.25212516784668,48.905900192260745,0.010151650782489093,53.2599983215332
2019-07-31,50.95964050292969,53.2599983215332,55.34249877929688,52.82500076293945,54.10499954223633,277125600,0.020404227089488636,51.3810001373291,49.05565017700195,0.010946731409495099,52.10749816894531
2019-08-01,49.85690689086914,52.10749816894531,54.50749969482422,51.685001373291016,53.47499847412109,216071600,-0.02163913234901349,51.43125,49.16480010986328,0.012103986827128738,51.005001068115234
2019-08-02,48.80204391479492,51.005001068115234,51.60749816894531,50.407501220703125,51.38249969482422,163448400,-0.021158127708521213,51.42862510681152,49.2710001373291,0.013083316042708383,48.334999084472656
2019-08-05,46.24736785888672,48.334999084472656,49.66249847412109,48.14500045776367,49.497501373291016,209572000,-0.0523478468332329,51.34512500762939,49.339400100708005,0.017043602926586077,49.25
2019-08-06,47.12284851074219,49.25,49.51750183105469,48.5099983215332,49.07749938964844,143299200,0.018930401010833542,51.29212493896485,49.429550094604494,0.01758000823776291,49.7599983215332
2019-08-07,47.61081314086914,49.7599983215332,49.88999938964844,48.45500183105469,48.852500915527344,133457600,0.010355295868694547,51.239749908447266,49.53360008239746,0.017595404973752133,50.85749816894531
2019-08-08,48.66091537475586,50.85749816894531,50.88249969482422,49.84749984741211,50.04999923706055,108038000,0.02205586584469743,51.26074981689453,49.66385002136231,0.018245528671838363,50.247501373291016
2019-08-09,48.25992202758789,50.247501373291016,50.68999862670898,49.8224983215332,50.32500076293945,98478800,-0.011994235218333538,51.23187484741211,49.77730003356933,0.01837217129177709,50.119998931884766
2019-08-12,48.13747024536133,50.119998931884766,50.51250076293945,49.78749847412109,49.90499877929688,89927600,-0.0025374881918810432,51.17274971008301,49.90434997558594,0.018230246363023575,52.24250030517578
2019-08-13,50.1760139465332,52.24250030517578,53.03499984741211,50.119998931884766,50.255001068115234,188874000,0.04234839222912967,51.228624725341795,50.08269996643067,0.020625864907362203,50.6875
2019-08-14,48.682525634765625,50.6875,51.61000061035156,50.647499084472656,50.790000915527344,146189600,-0.02976504371138844,51.22112464904785,50.19824996948242,0.02172839484288975,50.435001373291016
2019-08-15,48.44001007080078,50.435001373291016,51.28499984741211,49.91749954223633,50.8650016784668,108909600,-0.004981477222372077,51.17212467193603,50.29425003051758,0.02158862773079114,51.625
2019-08-16,49.58293151855469,51.625,51.790000915527344,50.959999084472656,51.06999969482422,110481600,0.023594698013415183,51.2209997177124,50.40065002441406,0.021971189268211958,52.587501525878906
2019-08-19,50.50735855102539,52.587501525878906,53.182498931884766,52.50749969482422,52.65499877929688,97654400,0.01864409735358663,51.26012477874756,50.50165008544922,0.021771942984188594,52.59000015258789
2019-08-20,50.50975036621094,52.59000015258789,53.337501525878906,52.58000183105469,52.720001220703125,107537200,4.75136988160596e-05,51.27912483215332,50.590550079345704,0.021712686403972385,53.15999984741211
2019-08-21,51.05721282958984,53.15999984741211,53.41249847412109,52.900001525878906,53.247501373291016,86141600,0.010838556629975127,51.32874984741211,50.67970008850098,0.021829112888729085,53.1150016784668
2019-08-22,51.01399230957031,53.1150016784668,53.61000061035156,52.6875,53.29750061035156,89014800,-0.0008464666868787107,51.396749877929686,50.77105010986328,0.02173144973042329,50.65999984741211
2019-08-23,48.65610504150391,50.65999984741211,53.01250076293945,50.25,52.35749816894531,187272000,-0.046220498041515845,51.332999801635744,50.8135001373291,0.024197707959594125,51.622501373291016
2019-08-26,49.580528259277344,51.622501373291016,51.79750061035156,51.26499938964844,51.46500015258789,104174400,0.018999240599643974,51.293124961853025,50.8822501373291,0.024508560765494333,51.040000915527344
2019-08-27,49.02108001708984,51.040000915527344,52.13750076293945,50.88249969482422,51.96500015258789,103493200,-0.0112838479784525,51.235375022888185,50.933600158691405,0.024615455546558765,51.38249969482422
2019-08-28,49.35002517700195,51.38249969482422,51.43000030517578,50.83000183105469,51.025001525878906,63755200,0.006710399160527514,51.141500091552736,50.96900016784668,0.024180398738562793,52.25249862670898
2019-08-29,50.18560791015625,52.25249862670898,52.33000183105469,51.665000915527344,52.125,83962000,0.01693181408168032,51.148750114440915,51.02470016479492,0.02402834546865665,52.185001373291016
2019-08-30,50.12077331542969,52.185001373291016,52.61249923706055,51.79999923706055,52.540000915527344,84573600,-0.00129175169019502,51.207750129699704,51.07110015869141,0.023494236301830892,51.42499923706055
2019-09-03,49.39084243774414,51.42499923706055,51.744998931884766,51.05500030517578,51.60749816894531,80092000,-0.014563612460101405,51.3622501373291,51.10570014953613,0.020237430420173903,52.29750061035156
2019-09-04,50.22883224487305,52.29750061035156,52.369998931884766,51.83000183105469,52.09749984741211,76752400,0.016966482960338647,51.51462516784668,51.15875015258789,0.02016221473119997,53.31999969482422
2019-09-05,51.21089172363281,53.31999969482422,53.49250030517578,52.87749862670898,53.0,95654800,0.019551586070831517,51.69262523651123,51.24730010986328,0.020436967765335726,53.31499862670898
2019-09-06,51.20608139038086,53.31499862670898,53.60499954223633,53.12749862670898,53.51250076293945,77449200,-9.379347606652821e-05,51.815500259399414,51.31460006713867,0.019982736564448298,53.54249954223633
2019-09-09,51.42458724975586,53.54249954223633,54.11000061035156,52.76750183105469,53.709999084472656,109237600,0.00426710909476391,51.98025016784668,51.386750030517575,0.019688346592316646,54.17499923706055
2019-09-10,52.03207015991211,54.17499923706055,54.19499969482422,52.9275016784668,53.46500015258789,127111600,0.011813040112654383,52.18300018310547,51.48065002441406,0.019723348625010222,55.897499084472656
2019-09-11,53.686431884765625,55.897499084472656,55.9275016784668,54.432498931884766,54.51750183105469,177158400,0.031795106076047075,52.36575012207031,51.590849990844724,0.01876356761325204,55.772499084472656
2019-09-12,53.56638717651367,55.772499084472656,56.60499954223633,55.71500015258789,56.20000076293945,128906800,-0.0022362360042459395,52.62000007629395,51.69264999389648,0.017129142684947547,54.6875
2019-09-13,52.5242919921875,54.6875,55.1974983215332,54.255001068115234,55.0,159053200,-0.019454015908975553,52.832625007629396,51.76434997558594,0.017860090635736812,54.97499847412109
2019-09-16,52.8004264831543,54.97499847412109,55.032501220703125,54.38999938964844,54.432498931884766,84632400,0.005257114955357078,53.00012493133545,51.842699966430665,0.017273549028060765,55.17499923706055
2019-09-17,52.99250793457031,55.17499923706055,55.20500183105469,54.77999877929688,54.9900016784668,73274800,0.0036380312594934683,53.12949981689453,51.94609992980957,0.016893312162914717,55.692501068115234
2019-09-18,53.48954391479492,55.692501068115234,55.712501525878906,54.86000061035156,55.26499938964844,101360000,0.009379281163760966,53.284624862670896,52.05374992370606,0.016949586325117928,55.2400016784668
2019-09-19,53.054931640625,55.2400016784668,55.93999862670898,55.09249877929688,55.50249862670898,88242400,-0.008124960829017258,53.38862495422363,52.1423999786377,0.017018752567380366,54.432498931884766
2019-09-20,52.27937316894531,54.432498931884766,55.63999938964844,54.36750030517578,55.345001220703125,221652400,-0.01461807968946538,53.45449981689453,52.22229995727539,0.01741647818544709,54.68000030517578
2019-09-23,52.517086029052734,54.68000030517578,54.959999084472656,54.41249847412109,54.73749923706055,76662000,0.0045469412234910855,53.65549983978271,52.29939994812012,0.013336924555623705,54.41999816894531
2019-09-24,52.267364501953125,54.41999816894531,55.622501373291016,54.29750061035156,55.25749969482422,124763200,-0.004754976861363613,53.79537467956543,52.36174987792969,0.012975192852545095,55.25749969482422
2019-09-25,53.071754455566406,55.25749969482422,55.375,54.28499984741211,54.63750076293945,87613600,0.015389591217531917,54.006249618530276,52.44439987182617,0.012829856393164233,54.97249984741211
2019-09-26,52.79802322387695,54.97249984741211,55.23500061035156,54.70750045776367,55.0,75334000,-0.005157668171489882,54.18574962615967,52.52709983825684,0.012974244547971935,54.70500183105469
2019-09-27,52.541107177734375,54.70500183105469,55.2400016784668,54.31999969482422,55.1349983215332,101408000,-0.004866033327571406,54.30837478637695,52.592899856567385,0.012695740141239873,55.99250030517578
2019-09-30,53.77767181396485,55.99250030517578,56.14500045776367,55.1974983215332,55.22499847412109,103909600,0.02353529715796876,54.49874973297119,52.699799880981445,0.013506508479163407,56.147499084472656
2019-10-01,53.926544189453125,56.147499084472656,57.05500030517578,56.04999923706055,56.26750183105469,139223200,0.002768206071386059,54.7348747253418,52.78664985656738,0.012817292611460487,54.7400016784668
2019-10-02,52.57472229003906,54.7400016784668,55.89500045776367,54.48249816894531,55.76499938964844,138449200,-0.025067855718530097,54.85699977874756,52.83724990844726,0.014049170328100838,55.20500183105469
2019-10-03,53.02132415771485,55.20500183105469,55.2400016784668,53.782501220703125,54.60749816894531,114426000,0.008494704755751092,54.95124988555908,52.897999954223636,0.01354637713295361,56.75249862670898
2019-10-04,54.507606506347656,56.75249862670898,56.872501373291016,55.97249984741211,56.40999984741211,138478800,0.028031822195933254,55.12312488555908,52.99794990539551,0.014743625204254323,56.76499938964844
2019-10-07,54.519622802734375,56.76499938964844,57.48249816894531,56.459999084472656,56.567501068115234,122306000,0.0002202680629390663,55.28424987792969,53.094549865722655,0.014756432998860472,56.09999847412109
2019-10-08,53.88092422485352,56.09999847412109,57.01499938964844,56.08250045776367,56.45500183105469,111820000,-0.011714981461774077,55.380499839782715,53.168149871826174,0.01495583631081616,56.75749969482422
2019-10-09,54.51242065429688,56.75749969482422,56.9474983215332,56.40999984741211,56.75749969482422,74770400,0.011720164680689482,55.42349987030029,53.25939987182617,0.01343708132924166,57.522499084472656
2019-10-10,55.24715805053711,57.522499084472656,57.61000061035156,56.82500076293945,56.98249816894531,113013600,0.013478384244579367,55.510999870300296,53.34464988708496,0.013703961671104147,59.0525016784668
2019-10-11,56.71664047241211,59.0525016784668,59.40999984741211,58.07749938964844,58.23749923706055,166795600,0.026598333145215314,55.72924995422363,53.48354995727539,0.013842245641623514,58.96749877929688
2019-10-14,56.634986877441406,58.96749877929688,59.532501220703125,58.66749954223633,58.72499847412109,96427600,-0.0014394462004800879,55.92887496948242,53.642799911499026,0.013889560437897776,58.83000183105469
2019-10-15,56.50293731689453,58.83000183105469,59.41249847412109,58.720001220703125,59.09749984741211,87360000,-0.002331741231840545,56.11162509918213,53.85269996643066,0.013952766437393321,58.59249877929688
2019-10-16,56.27482986450195,58.59249877929688,58.810001373291016,58.29999923706055,58.34249877929688,73903200,-0.004037107672371976,56.25662498474121,54.0395499420166,0.013967832796326934,58.81999969482422
2019-10-17,56.49333572387695,58.81999969482422,59.03749847412109,58.380001068115234,58.772499084472656,67585200,0.003882765204881844,56.43562488555908,54.22074996948242,0.013737219098873389,59.102500915527344
2019-10-18,56.764644622802734,59.102500915527344,59.39500045776367,58.5724983215332,58.647499084472656,97433600,0.004802808945406856,56.66912498474121,54.38565002441406,0.013079556551905062,60.12749862670898
2019-10-21,57.74911117553711,60.12749862670898,60.247501373291016,59.33000183105469,59.380001068115234,87247200,0.017342713003746235,56.941499900817874,54.583249969482424,0.013406043124486674,59.9900016784668
2019-10-22,57.6170539855957,59.9900016784668,60.54999923706055,59.90499877929688,60.290000915527344,82293600,-0.002286756498816045,57.22000007629394,54.780650024414065,0.01332413088935459,60.79499816894531
2019-10-23,58.39020919799805,60.79499816894531,60.810001373291016,60.30500030517578,60.525001525878906,75828800,0.013418844273302755,57.496875,54.95169998168945,0.013250085425665569,60.89500045776367
2019-10-24,58.48624420166016,60.89500045776367,61.20000076293945,60.45249938964844,61.12749862670898,69275200,0.0016449098088704428,57.793000030517575,55.15584999084473,0.01306515814086429,61.64500045776367
2019-10-25,59.20658493041992,61.64500045776367,61.682498931884766,60.720001220703125,60.790000915527344,73477200,0.012316282032384551,58.13999996185303,55.38004997253418,0.012931984141676187,62.26250076293945
2019-10-28,59.799652099609375,62.26250076293945,62.3125,61.68000030517578,61.85499954223633,96572800,0.010017037887749991,58.453499984741214,55.59279998779297,0.012309309995331726,60.8224983215332
2019-10-29,58.416622161865234,60.8224983215332,62.4375,60.64250183105469,62.24250030517578,142839600,-0.023127924894776886,58.687249946594235,55.75749992370606,0.013863782053034521,60.81499862670898
2019-10-30,58.40940475463867,60.81499862670898,61.32500076293945,60.3025016784668,61.18999862670898,124522000,-0.00012330461640330803,58.99099979400635,55.92199989318848,0.0121133621334057,62.18999862670898
2019-10-31,59.73002624511719,62.18999862670898,62.29249954223633,59.31499862670898,61.810001373291016,139162000,0.022609554074644267,59.340249633789064,56.10259986877441,0.012703313005243765,63.95500183105469
2019-11-01,61.42521667480469,63.95500183105469,63.98249816894531,62.290000915527344,62.3849983215332,151125200,0.028380820764123404,59.70037479400635,56.31939987182617,0.012735295409571004,64.375
2019-11-04,61.82859420776367,64.375,64.4625015258789,63.845001220703125,64.3324966430664,103272000,0.006567088686117106,60.080874824523924,56.59369987487793,0.01266075343035259,64.28250122070312
2019-11-05,61.73976516723633,64.28250122070312,64.54750061035156,64.08000183105469,64.26249694824219,79897600,-0.0014368742415048485,60.48999996185303,56.846899871826174,0.012082763554728907,64.30999755859375
2019-11-06,61.76616668701172,64.30999755859375,64.37249755859375,63.84249877929688,64.19249725341797,75864400,0.0004277421906191403,60.867624855041505,57.1122998046875,0.012109471339405431,64.85749816894531
2019-11-07,62.4790267944336,64.85749816894531,65.0875015258789,64.52749633789062,64.68499755859375,94940400,0.008513460288234853,61.234374809265134,57.38179977416992,0.012005774714727479,65.03500366210938
2019-11-08,62.6500129699707,65.03500366210938,65.11000061035156,64.2125015258789,64.67250061035156,69986400,0.0027368538438174994,61.53349990844727,57.63744987487793,0.011003999723921387,65.55000305175781
2019-11-11,63.14615249633789,65.55000305175781,65.61750030517578,64.56999969482422,64.57499694824219,81821200,0.007918803115997797,61.86262512207031,57.904749908447265,0.010919158364894979,65.48999786376953
2019-11-12,63.08832931518555,65.48999786376953,65.69750213623047,65.2300033569336,65.38749694824219,87388800,-0.0009154109106738195,62.195624923706056,58.18604988098144,0.010871122715112057,66.11750030517578
2019-11-13,63.692813873291016,66.11750030517578,66.19499969482422,65.26750183105469,65.28250122070312,102734400,0.009581653105434018,62.571875,58.46244987487793,0.010671433097929311,65.66000366210938
2019-11-14,63.25210189819336,65.66000366210938,66.22000122070312,65.5250015258789,65.9375,89182800,-0.006919448571932718,62.91387519836426,58.70924995422363,0.011056692505638826,66.44000244140625
2019-11-15,64.00350952148438,66.44000244140625,66.44499969482422,65.75250244140625,65.91999816894531,100206400,0.01187935936328599,63.2807502746582,58.971750030517576,0.011143620704296236,66.7750015258789
2019-11-18,64.32621765136719,66.7750015258789,66.85749816894531,66.05750274658203,66.44999694824219,86703200,0.005042129322136768,63.6131254196167,59.23640007019043,0.010815026792803125,66.57250213623047
2019-11-19,64.13114929199219,66.57250213623047,67.0,66.34750366210938,66.9749984741211,76167200,-0.0030325628606681088,63.942250442504886,59.48435012817383,0.010843854585380279,65.79750061035156
2019-11-20,63.384578704833984,65.79750061035156,66.5199966430664,65.0999984741211,66.38500213623047,106234400,-0.011641466085997254,64.1923755645752,59.682350158691406,0.01129190594217467,65.50250244140625
2019-11-21,63.10038757324219,65.50250244140625,66.00250244140625,65.29499816894531,65.92250061035156,121395200,-0.004483425148506304,64.42275066375733,59.87695022583008,0.011441955886746784,65.44499969482422
2019-11-22,63.04498291015625,65.44499969482422,65.79499816894531,65.20999908447266,65.64749908447266,65325200,-0.0008778709887223846,64.61275062561035,60.09210021972656,0.011299442329565975,66.59249877929688
2019-11-25,64.1504135131836,66.59249877929688,66.61000061035156,65.62999725341797,65.67749786376953,84020400,0.0175337931060211,64.82925052642823,60.32445022583008,0.011662352277218221,66.07250213623047
2019-11-26,63.64949798583984,66.07250213623047,66.79000091552734,65.625,66.73500061035156,105207600,-0.007808636897524979,65.09175071716308,60.54240028381348,0.010242835237867022,66.95999908447266
2019-11-27,64.50443267822266,66.95999908447266,66.99500274658203,66.32749938964844,66.3949966430664,65235600,0.013432167990434563,65.39900074005126,60.76775024414062,0.01038930862086566,66.8125
2019-11-29,64.36231994628906,66.8125,67.0,66.4749984741211,66.6500015258789,46617600,-0.002202794003724251,65.63012580871582,60.99920021057129,0.009612585631546645,66.04000091552734
2019-12-02,63.61817169189453,66.04000091552734,67.0625,65.86250305175781,66.81749725341797,94487200,-0.01156219396778535,65.73437576293945,61.23135025024414,0.008254002666797504,64.86250305175781
2019-12-03,62.48384094238281,64.86250305175781,64.88249969482422,64.07250213623047,64.57749938964844,114430400,-0.017830070373192175,65.75875091552734,61.435000305175784,0.009232017511112127,65.43499755859375
2019-12-04,63.03536224365234,65.43499755859375,65.82749938964844,65.16999816894531,65.26750183105469,67181600,0.008826278356527606,65.81637573242188,61.65530029296875,0.009407079328637736,66.3949966430664
2019-12-05,63.96014022827149,66.3949966430664,66.47250366210938,65.68250274658203,65.94750213623047,74424400,0.014671034160473884,65.92062568664551,61.87805023193359,0.00989354846954922,67.67749786376953
2019-12-06,65.19560241699219,67.67749786376953,67.75,66.82499694824219,66.87000274658203,106075600,0.01931623293239615,66.06162567138672,62.132150192260745,0.010560768718053472,66.7300033569336
2019-12-09,64.2828598022461,66.7300033569336,67.69999694824219,66.22750091552734,67.5,128042400,-0.014000140914535386,66.14637565612793,62.37265022277832,0.011160681066388161,67.12000274658203
2019-12-10,64.65855407714844,67.12000274658203,67.51750183105469,66.46499633789062,67.1500015258789,90420400,0.005844438334018376,66.22487564086914,62.595200271606444,0.011105891831371298,67.69249725341797
2019-12-11,65.21007537841797,67.69249725341797,67.7750015258789,67.125,67.20249938964844,78756800,0.00852941721408218,66.33500061035156,62.826100234985354,0.011209618244048425,67.86499786376953
2019-12-12,65.37623596191406,67.86499786376953,68.13999938964844,66.83000183105469,66.94499969482422,137310400,0.002548297335017491,66.42237548828125,63.088600158691406,0.011059148510794804,68.7874984741211
2019-12-13,66.2649154663086,68.7874984741211,68.82499694824219,67.73249816894531,67.86499786376953,133587600,0.013593172318421942,66.57875022888183,63.360250091552736,0.011200848230210666,69.96499633789062
2019-12-16,67.39923858642578,69.96499633789062,70.19750213623047,69.24500274658203,69.25,128186000,0.01711790499566601,66.75499992370605,63.624500045776365,0.01149192877432295,70.10250091552734
2019-12-17,67.53167724609375,70.10250091552734,70.44249725341797,69.69999694824219,69.89250183105469,114158400,0.001965333878853448,66.92137489318847,63.89125007629394,0.011478818240281602,69.93499755859375
2019-12-18,67.37030792236328,69.93499755859375,70.4749984741211,69.77999877929688,69.94999694824219,116028400,-0.0023894062942980687,67.08949966430664,64.1679500579834,0.011463402600273767,70.00499725341797
2019-12-19,67.43775939941406,70.00499725341797,70.29499816894531,69.73750305175781,69.875,98369200,0.0010009251057108148,67.29987449645996,64.43290000915528,0.01097921762510149,69.86000061035156
2019-12-20,67.29808807373047,69.86000061035156,70.6624984741211,69.63999938964844,70.55750274658203,275978000,-0.0020712327513066064,67.51774940490722,64.67965003967285,0.010903809543082102,71.0
2019-12-23,68.3962631225586,71.0,71.0625,70.09249877929688,70.13249969482422,98572000,0.01631834210833838,67.79549942016601,64.91860000610352,0.01123160519926641,71.06749725341797
2019-12-24,68.46129608154297,71.06749725341797,71.22250366210938,70.7300033569336,71.17250061035156,48478800,0.000950665541098239,68.01924934387208,65.16059997558594,0.010794522984385706,72.47750091552734
2019-12-26,69.81958770751953,72.47750091552734,72.49500274658203,71.17500305175781,71.20500183105469,93121200,0.01984034497629028,68.33949928283691,65.43354995727539,0.011062454755162203,72.44999694824219
2019-12-27,69.7931137084961,72.44999694824219,73.49250030517578,72.02999877929688,72.77999877929688,146266000,-0.00037948283174404907,68.61399917602539,65.71069992065429,0.01091848411849536,72.87999725341797
2019-12-30,70.20732879638672,72.87999725341797,73.17250061035156,71.30500030517578,72.36499786376953,144114400,0.005935132136485333,68.9173740386963,65.99189987182618,0.01082623652970456,73.4124984741211
2019-12-31,70.72029876708984,73.4124984741211,73.41999816894531,72.37999725341797,72.48249816894531,100805600,0.007306548309154115,69.28599891662597,66.27809982299804,0.010162808701855895,75.0875015258789
2020-01-02,72.33387756347656,75.0875015258789,75.1500015258789,73.79750061035156,74.05999755859375,135480400,0.022816319926071804,69.79724884033203,66.57729988098144,0.009310831704260485,74.35749816894531
2020-01-03,71.63063049316406,74.35749816894531,75.1449966430664,74.125,74.2874984741211,146322800,-0.00972203551987938,70.24337387084961,66.86464981079102,0.010054027634622466,74.94999694824219
2020-01-06,72.201416015625,74.94999694824219,74.98999786376953,73.1875,73.44750213623047,118387200,0.007968245219206693,70.6711238861084,67.14774978637695,0.009876041785457798,74.59750366210938
2020-01-07,71.8618392944336,74.59750366210938,75.2249984741211,74.37000274658203,74.95999908447266,108872000,-0.0047030460371630944,71.01712417602539,67.42179985046387,0.009645160018564738,75.79750061035156
2020-01-08,73.01782989501953,75.79750061035156,76.11000061035156,74.29000091552734,74.29000091552734,132079200,0.016086288271489613,71.47049903869629,67.70484985351563,0.008851993211274523,77.40750122070312
2020-01-09,74.56881713867188,77.40750122070312,77.60749816894531,76.55000305175781,76.80999755859375,170108400,0.021240813976545425,71.98487396240235,68.00774986267089,0.009448002518900883,77.5824966430664
2020-01-10,74.73737335205078,77.5824966430664,78.1675033569336,77.0625,77.6500015258789,140644800,0.0022607036734636488,72.47937393188477,68.34294982910156,0.009505303211115378,79.23999786376953
2020-01-13,76.33409881591797,79.23999786376953,79.26750183105469,77.7874984741211,77.91000366210938,121532000,0.02136437073337283,73.04812393188476,68.71144981384278,0.009973223009962062,78.16999816894531
2020-01-14,75.30331420898438,78.16999816894531,79.39250183105469,78.0425033569336,79.17500305175781,161954400,-0.013503277683875936,73.51724891662597,69.0310498046875,0.010941833902500241,77.83499908447266
2020-01-15,74.98059844970703,77.83499908447266,78.875,77.38749694824219,77.9625015258789,121923600,-0.004285519922216707,73.91074905395507,69.30864974975586,0.010892189989721896,78.80999755859375
2020-01-16,75.91986846923828,78.80999755859375,78.92500305175781,78.02249908447266,78.39749908447266,108829200,0.012526478905240834,74.3461238861084,69.59734970092774,0.010972619269475422,79.68250274658203
2020-01-17,76.76036834716797,79.68250274658203,79.68499755859375,78.75,79.06749725341797,137816400,0.011070996257037002,74.83349914550782,69.90534973144531,0.010847700592618808,79.14250183105469
2020-01-21,76.24015808105469,79.14250183105469,79.75499725341797,79.0,79.29750061035156,110843200,-0.006776907061324833,75.29037437438964,70.20199981689453,0.011192957393066912,79.42500305175781
2020-01-22,76.51231384277344,79.42500305175781,79.99749755859375,79.32749938964844,79.6449966430664,101832400,0.003569526034268966,75.76862449645996,70.49334991455078,0.011043314982941099,79.80750274658203
2020-01-23,76.88078308105469,79.80750274658203,79.88999938964844,78.9124984741211,79.4800033569336,104472000,0.004815859995308536,76.20899963378906,70.78879989624023,0.010801631445720918,79.57749938964844
2020-01-24,76.6592025756836,79.57749938964844,80.8324966430664,79.37999725341797,80.0625,146537600,-0.002881976618964499,76.63449974060059,71.06934982299805,0.010927677937049065,77.23750305175781
2020-01-27,74.40503692626953,77.23750305175781,77.94249725341797,76.22000122070312,77.51499938964844,161940000,-0.029405250929448234,76.87249984741212,71.3042999267578,0.012942681483782057,79.42250061035156
2020-01-28,76.50988006591797,79.42250061035156,79.5999984741211,78.04750061035156,78.1500015258789,162234000,0.02828933448469395,77.22112503051758,71.57039993286133,0.014057356617564744,81.08499908447266
2020-01-29,78.11143493652344,81.08499908447266,81.9625015258789,80.34500122070312,81.11250305175781,216229200,0.020932336067801982,77.63137512207031,71.8788998413086,0.014519197253882399,80.96749877929688
2020-01-30,77.99824523925781,80.96749877929688,81.02249908447266,79.6875,80.13500213623047,126743200,-0.0014491004070108504,78.00912513732911,72.1694497680664,0.014592041810235677,77.37750244140625
2020-01-31,74.53990173339844,77.37750244140625,80.66999816894531,77.07250213623047,80.23249816894531,199588400,-0.04433873334381144,78.12362518310547,72.38149978637695,0.017679103753889668,77.16500091552734
2020-02-03,74.33517456054688,77.16500091552734,78.37249755859375,75.55500030517578,76.07499694824219,173788400,-0.0027462960056099384,78.26400032043458,72.59334976196288,0.017510888988250855,79.7125015258789
2020-02-04,76.78926086425781,79.7125015258789,79.91000366210938,78.40750122070312,78.82749938964844,136616400,0.03301367951955725,78.5021255493164,72.87164978027344,0.018807572432201377,80.36250305175781
2020-02-05,77.41543579101562,80.36250305175781,81.19000244140625,79.73750305175781,80.87999725341797,118826800,0.008154323518098083,78.79037551879883,73.16884979248047,0.018740897392598477,81.30249786376953
2020-02-06,78.32095336914062,81.30249786376953,81.30500030517578,80.06500244140625,80.64250183105469,105425600,0.011696932976394514,79.06562538146973,73.48599975585938,0.01861592317665053,80.00749969482422
2020-02-07,77.25636291503906,80.00749969482422,80.8499984741211,79.5,80.59249877929688,117684000,-0.015928147387491265,79.19562530517578,73.75429977416992,0.01862557354180887,80.38749694824219
2020-02-10,77.623291015625,80.38749694824219,80.38749694824219,78.4625015258789,78.54499816894531,109348800,0.0047495204183034545,79.33587532043457,74.04059967041016,0.01863699081886293,79.90249633789062
2020-02-11,77.15499114990234,79.90249633789062,80.9749984741211,79.67749786376953,80.9000015258789,94323200,-0.006033284139495332,79.36900024414062,74.29944961547852,0.01813448783193616,81.80000305175781
2020-02-12,78.98722839355469,81.80000305175781,81.80500030517578,80.36750030517578,80.36750030517578,113730400,0.023747777614394394,79.55050048828124,74.59919967651368,0.018521453995195124,81.21749877929688
2020-02-13,78.42475128173828,81.21749877929688,81.55500030517578,80.8375015258789,81.04750061035156,94747600,-0.007121078859769314,79.71962547302246,74.90274963378906,0.018586353581782705,81.23750305175781
2020-02-14,78.4440689086914,81.23750305175781,81.49500274658203,80.7125015258789,81.18499755859375,80113600,0.0002463049559713326,79.84100074768067,75.23024963378906,0.01843274389690503,79.75
2020-02-18,77.00773620605469,79.75,79.9375,78.65249633789062,78.83999633789062,152531200,-0.018310546187148335,79.84437561035156,75.51654968261718,0.018811865474040037,80.90499877929688
2020-02-19,78.12300109863281,80.90499877929688,81.14250183105469,80.0,80.0,93984000,0.014482743314067292,79.93250045776367,75.8067497253418,0.01899596003770789,80.07499694824219
2020-02-20,77.321533203125,80.07499694824219,81.1624984741211,79.55249786376953,80.65750122070312,100566000,-0.010258968463974338,79.96500015258789,76.05469970703125,0.019158985034997952,78.26249694824219
2020-02-21,75.57136535644531,78.26249694824219,80.11250305175781,77.625,79.65499877929688,129554000,-0.02263503052234317,79.8877498626709,76.28534957885742,0.01981192778461847,74.54499816894531
2020-02-24,71.98169708251953,74.54499816894531,76.04499816894531,72.30750274658203,74.31500244140625,222195200,-0.047500385551912494,79.63612480163575,76.43384948730468,0.022402656158943234,72.0199966430664
2020-02-25,69.54352569580078,72.0199966430664,75.63249969482422,71.53250122070312,75.23750305175781,230673600,-0.033872179058296537,79.37524948120117,76.52039947509766,0.02269984080060098,73.1624984741211
2020-02-26,70.6467514038086,73.1624984741211,74.47000122070312,71.625,71.63249969482422,198054800,0.015863675150069367,79.06224937438965,76.6263494873047,0.021948988587302695,68.37999725341797
2020-02-27,66.0286865234375,68.37999725341797,71.5,68.23999786376953,70.2750015258789,320605600,-0.06536820530254006,78.42699928283692,76.61819946289063,0.025077454117695408,68.33999633789062
2020-02-28,65.99005126953125,68.33999633789062,69.60250091552734,64.09249877929688,64.31500244140625,426510000,-0.0005849797767482068,77.79562416076661,76.58569946289063,0.025090402849449772,74.70249938964844
2020-03-02,72.13377380371094,74.70249938964844,75.36000061035156,69.43000030517578,70.56999969482422,341397200,0.09310072274952952,77.66187400817871,76.67769943237305,0.032407851823778755,72.33000183105469
2020-03-03,69.8428726196289,72.33000183105469,76.0,71.44999694824219,75.9175033569336,319475600,-0.0317592795151177,77.42012405395508,76.72559951782226,0.03311917682364157,75.68499755859375
2020-03-04,73.08247375488281,75.68499755859375,75.8499984741211,73.28250122070312,74.11000061035156,219178400,0.04638456577639127,77.21874885559082,76.83919952392579,0.03400157064454719,73.2300033569336
2020-03-05,70.71192932128906,73.2300033569336,74.88749694824219,72.85250091552734,73.87999725341797,187572800,-0.03243699915243503,76.86212387084962,76.90659957885742,0.034567332611272025,72.25749969482422
2020-03-06,69.77286529541016,72.25749969482422,72.70500183105469,70.30750274658203,70.5,226176800,-0.013280125870939186,76.40987396240234,76.9317495727539,0.03441832817622086,66.5425033569336
2020-03-09,64.2543716430664,66.5425033569336,69.52249908447266,65.75,65.9375,286744800,-0.07909208541712087,75.73662414550782,76.84124969482421,0.038139211194924236,71.33499908447266
2020-03-10,68.882080078125,71.33499908447266,71.61000061035156,67.34249877929688,69.28500366210938,285290000,0.07202157246522778,75.28399925231933,76.81839965820312,0.042125826133715086,68.85749816894531
2020-03-11,66.48978424072266,68.85749816894531,70.30500030517578,67.96499633789062,69.34750366210938,255598800,-0.03473051023093954,74.73174934387207,76.74654968261719,0.04264410516851449,62.057498931884766
2020-03-12,59.92360305786133,62.057498931884766,67.5,62.0,63.98500061035156,418474000,-0.09875466605505201,73.74462413787842,76.53009971618653,0.04667018385763239,69.49250030517578
2020-03-13,67.10295104980469,69.49250030517578,69.9800033569336,63.23749923706055,66.22250366210938,370732000,0.11980826654731591,73.15837421417237,76.45169975280761,0.05529860122147038,60.5525016784668
2020-03-16,58.4703483581543,60.5525016784668,64.7699966430664,60.0,60.48749923706055,322423600,-0.12864695596573805,72.1241241455078,76.16099975585938,0.06163872071223661,63.21500015258789
2020-03-17,61.04129409790039,63.21500015258789,64.40249633789062,59.59999847412109,61.87749862670898,324056000,0.04397008216537346,71.29737415313721,75.93814979553223,0.06290475516379185,61.66749954223633
2020-03-18,59.5469970703125,61.66749954223633,62.5,59.27999877929688,59.942501068115234,300233600,-0.024479958975183402,70.33549919128419,75.67249984741211,0.06272062742088891,61.19499969482422
2020-03-19,59.09075164794922,61.19499969482422,63.209999084472656,60.65250015258789,61.84749984741211,271857200,-0.007662056203340817,69.39149932861328,75.4044497680664,0.06272626500727348,57.310001373291016
2020-03-20,55.33934020996094,57.310001373291016,62.95750045776367,57.0,61.79499816894531,401693200,-0.06348555177559367,68.34387454986572,75.0346997833252,0.06376502250227074,56.09249877929688
2020-03-23,54.1637077331543,56.09249877929688,57.125,53.15250015258789,57.02000045776367,336752800,-0.02124415572883831,67.4212495803833,74.60839973449707,0.06329728776554766,61.720001220703125
2020-03-24,59.59769821166992,61.720001220703125,61.92250061035156,58.57500076293945,59.09000015258789,287531200,0.100325401147636,66.90624980926513,74.2911498260498,0.06783088813670363,61.380001068115234
2020-03-25,59.26938629150391,61.380001068115234,64.5625,61.07500076293945,62.6875,303602000,-0.0055087515531973,66.31712493896484,73.93394989013672,0.06764466106119053,64.61000061035156
2020-03-26,62.38832473754883,64.61000061035156,64.66999816894531,61.59000015258789,61.630001068115234,252087200,0.052622995862315225,66.12862510681153,73.66274993896485,0.06739161597058829,61.935001373291016
2020-03-27,59.80530548095703,61.935001373291016,63.96749877929688,61.76250076293945,63.1875,204216800,-0.04140224751262378,65.80837535858154,73.34474998474121,0.06800411826518656,63.70249938964844
2020-03-30,61.51201629638672,63.70249938964844,63.880001068115234,62.34999847412109,62.685001373291016,167976400,0.028537950709074167,65.25837535858155,73.0426000213623,0.0646670187861643,63.5724983215332
2020-03-31,61.386497497558594,63.5724983215332,65.62249755859375,63.0,63.900001525878906,197002000,-0.002040753021636643,64.82050018310547,72.72039993286133,0.0643833460087348,60.227500915527344
2020-04-01,58.15652847290039,60.227500915527344,62.18000030517578,59.782501220703125,61.625,176218400,-0.05261705130869221,64.04762535095215,72.34209991455079,0.06407397243250378,61.23249816894531
2020-04-02,59.1269645690918,61.23249816894531,61.28749847412109,59.22499847412109,60.084999084472656,165934000,0.016686683626928822,63.447750091552734,71.97824981689453,0.06408613835930263,60.352500915527344
2020-04-03,58.277225494384766,60.352500915527344,61.42499923706055,59.74250030517578,60.70000076293945,129880000,-0.014371408643005013,62.85250015258789,71.58914978027343,0.06409227714327008,65.61750030517578
2020-04-06,63.36119842529297,65.61750030517578,65.77749633789062,62.345001220703125,62.72499847412109,201820400,0.08723746836966395,62.80625,71.30994979858399,0.06503027094367293,64.85749816894531
2020-04-07,62.6273078918457,64.85749816894531,67.92500305175781,64.75,67.69999694824219,202887200,-0.011582308571582711,62.48237495422363,71.06234970092774,0.0628979733918529,66.51750183105469
2020-04-08,64.23023223876953,66.51750183105469,66.84249877929688,65.30750274658203,65.68499755859375,168895200,0.02559462990362782,62.3653751373291,70.80424972534179,0.06273576841234611,66.99749755859375
2020-04-09,64.6937255859375,66.99749755859375,67.51750183105469,66.17500305175781,67.17500305175781,161834800,0.0072160816976889475,62.61237506866455,70.52249969482422,0.05825813427161303,68.3125
2020-04-13,65.9635009765625,68.3125,68.42500305175781,66.4574966430664,67.07749938964844,131022800,0.01962763520019828,62.55337505340576,70.26939971923828,0.05186376947057959,71.76249694824219
2020-04-14,69.29486846923828,71.76249694824219,72.0625,69.51249694824219,70.0,194994800,0.050503157522300945,63.11387481689453,70.157099609375,0.04313119487182338,71.10749816894531
2020-04-15,68.66239929199219,71.10749816894531,71.5824966430664,70.15750122070312,70.5999984741211,131154400,-0.009127313111321755,63.508499717712404,70.03594955444336,0.04252090532033168,71.67250061035156
2020-04-16,69.20796966552734,71.67250061035156,72.05000305175781,70.5875015258789,71.84500122070312,157125200,0.007945750532016405,64.00874977111816,69.87514953613281,0.0418811717094786,70.69999694824219
2020-04-17,68.26891326904297,70.69999694824219,71.73750305175781,69.21499633789062,71.17250061035156,215250000,-0.01356871399529369,64.48399963378907,69.6818994140625,0.04202071499411139,69.23249816894531
2020-04-20,66.85188293457031,69.23249816894531,70.41999816894531,69.2125015258789,69.48750305175781,130015200,-0.02075670215900005,65.08012447357177,69.44049942016602,0.039181614314259254,67.09249877929688
2020-04-21,64.78546142578125,67.09249877929688,69.3125,66.35749816894531,69.06999969482422,180991600,-0.03091033035419699,65.63012447357178,69.18219940185547,0.03964680077646956,69.0250015258789
2020-04-22,66.65150451660156,69.0250015258789,69.4749984741211,68.05000305175781,68.40249633789062,116862400,0.028803558993071077,65.99537448883056,68.95494949340821,0.0338453676445964,68.75749969482422
2020-04-23,66.39320373535156,68.75749969482422,70.4375,68.71749877929688,68.96749877929688,124814400,-0.0038754339028068685,66.36424942016602,68.73204956054687,0.0338177286672558,70.74250030517578
2020-04-24,68.3099365234375,70.74250030517578,70.75250244140625,69.25,69.30000305175781,126161200,0.028869586869241237,66.67087440490722,68.51089950561523,0.032493711878287895,70.7925033569336
2020-04-27,68.35824584960938,70.7925033569336,71.13500213623047,69.98750305175781,70.44999694824219,117087600,0.0007068318414262809,67.11374950408936,68.30239959716796,0.03063739158376881,69.6449966430664
2020-04-28,67.25019073486328,69.6449966430664,71.4574966430664,69.55000305175781,71.2699966430664,112004800,-0.016209438280229915,67.41087436676025,68.07054946899414,0.03062670658415539,71.93250274658203
2020-04-29,69.45905303955078,71.93250274658203,72.4175033569336,70.97250366210938,71.18250274658203,137280800,0.0328452324470514,67.8288745880127,67.91419952392579,0.03119831142320922,73.44999694824219
2020-04-30,70.92434692382812,73.44999694824219,73.63249969482422,72.0875015258789,72.48999786376953,183064000,0.021096085131450115,68.48999938964843,67.76509948730468,0.02802034100311953,72.26750183105469
2020-05-01,69.78253173828125,72.26750183105469,74.75,71.4625015258789,71.5625,240616800,-0.01609932152918625,69.0417495727539,67.60894958496094,0.028582692465126562,73.29000091552734
2020-05-04,70.76986694335938,73.29000091552734,73.42250061035156,71.58000183105469,72.2925033569336,133568000,0.014148809057535017,69.68862457275391,67.50949966430665,0.02807820101212055,74.38999938964844
2020-05-05,71.83202362060547,74.38999938964844,75.25,73.61499786376953,73.76499938964844,147751200,0.015008847869833364,70.12724952697754,67.5063996887207,0.02151589583628255,75.15750122070312
2020-05-06,72.57313537597656,75.15750122070312,75.80999755859375,74.71749877929688,75.11499786376953,142333600,0.010317271640702286,70.64224967956542,67.56914978027343,0.02109981984828855,75.93499755859375
2020-05-07,73.32389068603516,75.93499755859375,76.2925033569336,75.49250030517578,75.80500030517578,115215200,0.010344893394040211,71.11312446594238,67.62459976196288,0.02068708382475457,77.53250122070312
2020-05-08,75.06912994384766,77.53250122070312,77.5875015258789,76.07250213623047,76.41000366210938,133838400,0.02103777854047717,71.63987464904785,67.80764984130859,0.020929602904234464,78.75250244140625
2020-05-11,76.2503662109375,78.75250244140625,79.26249694824219,76.80999755859375,77.0250015258789,145946400,0.015735352290909388,72.16187477111816,68.0158999633789,0.02082910024240678,77.85250091552734
2020-05-12,75.37896728515625,77.85250091552734,79.92250061035156,77.72750091552734,79.4574966430664,162301200,-0.011428227649636025,72.46637496948242,68.07889999389648,0.018553888495598827,76.9124984741211
2020-05-13,74.46883392333984,76.9124984741211,78.98750305175781,75.80249786376953,78.0374984741211,200622400,-0.012074145728808161,72.75662498474121,68.17054992675781,0.01867695708576382,77.38500213623047
2020-05-14,74.92630767822266,77.38500213623047,77.44750213623047,75.38249969482422,76.12750244140625,158929200,0.006143392445746132,73.04225006103516,68.20455001831054,0.018661750627380524,76.92749786376953
2020-05-15,74.48334503173828,76.92749786376953,76.9749984741211,75.05249786376953,75.0875015258789,166348400,-0.005912053496561764,73.35362510681152,68.27849990844726,0.01835829376378739,78.73999786376953
2020-05-18,76.2382583618164,78.73999786376953,79.125,77.58000183105469,78.2925033569336,135178400,0.023561145888427948,73.82900009155273,68.40814987182617,0.017830370573358626,78.28500366210938
2020-05-19,75.79773712158203,78.28500366210938,79.62999725341797,78.25250244140625,78.75749969482422,101729600,-0.005778438074729886,74.38862533569336,68.64299987792968,0.01581948230734881,79.80750274658203
2020-05-20,77.27184295654297,79.80750274658203,79.87999725341797,79.12999725341797,79.16999816894531,111504800,0.01944815754296969,74.92775039672851,68.81244995117187,0.015297368163891356,79.2125015258789
2020-05-21,76.69576263427734,79.2125015258789,80.22250366210938,78.96749877929688,79.66500091552734,102688800,-0.007455454690675767,75.45050048828125,69.01955001831055,0.01545630102068324,79.72250366210938
2020-05-22,77.18956756591797,79.72250366210938,79.80750274658203,78.8375015258789,78.94249725341797,81803200,0.006438404625611405,75.89950065612793,69.37285011291505,0.014591969310219772,79.18250274658203
2020-05-26,76.66671752929688,79.18250274658203,81.05999755859375,79.125,80.875,125522000,-0.006773506735514134,76.31900062561036,69.56665016174317,0.014831218011262068,79.52749633789062
2020-05-27,77.00074768066406,79.52749633789062,79.67749786376953,78.27249908447266,79.03500366210938,112945200,0.0043569422453433315,76.81312561035156,69.94615005493164,0.013915449791357988,79.5625
2020-05-28,77.03462219238281,79.5625,80.86000061035156,78.90750122070312,79.19249725341797,133560800,0.0004401454053155618,77.19462547302246,70.27310005187988,0.012534957216127362,79.48500061035156
2020-05-29,76.95960998535156,79.48500061035156,80.2874984741211,79.11750030517578,79.8125,153532400,-0.0009740693121563782,77.49637565612792,70.62945007324218,0.01201593275948188,80.4625015258789
2020-06-01,77.90604400634766,80.4625015258789,80.5875015258789,79.30249786376953,79.4375,80791200,0.012297929269941221,77.90612564086913,71.01480010986329,0.011160180585487909,80.83499908447266
2020-06-02,78.26669311523438,80.83499908447266,80.86000061035156,79.73249816894531,80.1875,87642800,0.004629455355348977,78.2833755493164,71.48530006408691,0.010970786285605499,81.27999877929688
2020-06-03,78.69757080078125,81.27999877929688,81.55000305175781,80.57499694824219,81.16500091552734,104491200,0.005505037420229231,78.62787551879883,71.98905006408691,0.010715856859905806,80.58000183105469
2020-06-04,78.01981353759766,80.58000183105469,81.40499877929688,80.19499969482422,81.09750366210938,87560400,-0.008612167307518348,78.89900054931641,72.36625007629395,0.011006383992721526,82.875
2020-06-05,80.24186706542969,82.875,82.9375,80.80750274658203,80.8375015258789,137250400,0.02848098928760323,79.24600067138672,72.79615005493164,0.012270488669420718,83.36499786376953
2020-06-08,80.71631622314453,83.36499786376953,83.4000015258789,81.83000183105469,82.5625,95654400,0.005912493077158798,79.53762550354004,73.17125,0.011644695118932376,85.99749755859375
2020-06-09,83.26517486572266,85.99749755859375,86.40249633789062,83.00250244140625,83.03500366210938,147712400,0.03157799750833212,79.89987525939941,73.65249992370606,0.012970119506855159,88.20999908447266
2020-06-10,85.40737915039062,88.20999908447266,88.69249725341797,86.52249908447266,86.9749984741211,166651600,0.025727510551937005,80.41775016784668,74.14264991760254,0.013228616882528124,83.9749984741211
2020-06-11,81.30693817138672,83.9749984741211,87.76499938964844,83.87000274658203,87.32749938964844,201662400,-0.0480104370741008,80.77087516784668,74.5506999206543,0.017585506065306632,84.69999694824219
2020-06-12,82.00891876220703,84.69999694824219,86.94999694824219,83.55500030517578,86.18000030517578,200146000,0.008633503867755632,81.13662490844726,75.04014984130859,0.017606182607919827,85.74749755859375
2020-06-15,83.02311706542969,85.74749755859375,86.41999816894531,83.1449966430664,83.3125,138808800,0.012367185927901092,81.57762489318847,75.53044982910156,0.017501826781107805,88.0199966430664
2020-06-16,85.22341918945312,88.0199966430664,88.30000305175781,86.18000030517578,87.86499786376953,165428800,0.026502220463282766,82.04162483215332,76.08379974365235,0.01767230847437563,87.89749908447266
2020-06-17,85.10478210449219,87.89749908447266,88.8499984741211,87.77249908447266,88.7874984741211,114406400,-0.0013917014685934648,82.52224960327149,76.52939971923828,0.017548671559851087,87.93250274658203
2020-06-18,85.13870239257812,87.93250274658203,88.36250305175781,87.30500030517578,87.85250091552734,96820400,0.0003982327423870391,82.92849960327149,76.99089981079102,0.017292879867957876,87.43000030517578
2020-06-19,84.65216827392578,87.43000030517578,89.13999938964844,86.2874984741211,88.66000366210938,264476000,-0.005714638224894375,83.33937454223633,77.40914978027344,0.017231145239733753,89.71749877929688
2020-06-22,86.86699676513672,89.71749877929688,89.86499786376953,87.7874984741211,87.83499908447266,135445200,0.0261637706294926,83.8391242980957,77.8635498046875,0.01786525999864273,91.63249969482422
2020-06-23,88.72114562988281,91.63249969482422,93.09500122070312,90.56749725341795,91.0,212155600,0.021344787155047618,84.46162414550781,78.32994979858398,0.01790719589471442,90.01499938964844
2020-06-24,87.155029296875,90.01499938964844,92.19750213623048,89.62999725341797,91.25,192623200,-0.017652037329143666,84.9859992980957,78.6949998474121,0.018765041864063962,91.20999908447266
2020-06-25,88.31206512451172,91.20999908447266,91.25,89.39250183105469,90.1750030517578,137522400,0.013275561883319131,85.56837425231933,79.09704986572265,0.01877064476547939,88.40750122070312
2020-06-26,85.59860229492188,88.40750122070312,91.33000183105467,88.25499725341797,91.10250091552734,205256800,-0.030725774497311842,86.01449928283691,79.43174987792969,0.02053388532806355,90.44499969482422
2020-06-29,87.57135772705078,90.44499969482422,90.5425033569336,87.81999969482422,88.3125,130646000,0.02304666963762081,86.51362419128418,79.82664993286133,0.020858296866104034,91.1999969482422
2020-06-30,88.3023910522461,91.1999969482422,91.49500274658205,90.0,90.0199966430664,140223200,0.0083475842331302,87.03187408447266,80.26599990844727,0.02086132357092617,91.02749633789062
2020-07-01,88.1353759765625,91.02749633789062,91.83999633789062,90.97750091552734,91.27999877929688,110737200,-0.0018914541241649152,87.51924896240234,80.74469985961915,0.02094080034738463,91.02749633789062
2020-07-02,88.1353759765625,91.02749633789062,92.61750030517578,90.91000366210938,91.9625015258789,114041600,0.0,88.04162368774413,81.18474975585937,0.020714237419167506,93.4625015258789
2020-07-06,90.49298095703124,93.4625015258789,93.94499969482422,92.46749877929688,92.5,118655600,0.026750215989129744,88.57099876403808,81.67884979248046,0.020620181990842434,93.17250061035156
2020-07-07,90.21221160888672,93.17250061035156,94.65499877929688,93.05750274658205,93.85250091552734,112424400,-0.003102858481131565,89.06137390136719,82.12744979858398,0.020725828567691323,95.34249877929688
2020-07-08,92.3132553100586,95.34249877929688,95.375,94.08999633789062,94.18000030517578,117092000,0.023290114086561564,89.52862396240235,82.61844970703125,0.020260553846769815,95.75250244140624
2020-07-09,92.71025848388672,95.75250244140624,96.31749725341795,94.67250061035156,96.2624969482422,125642800,0.004300324276778733,89.90574913024902,83.14059982299804,0.019685663416632186,95.91999816894533
2020-07-10,92.87242126464844,95.91999816894533,95.9800033569336,94.70500183105467,95.33499908447266,90257200,0.0017492569203774178,90.50299911499023,83.62034973144532,0.015406161865106507,95.47750091552734
2020-07-13,92.4439926147461,95.47750091552734,99.95500183105467,95.25749969482422,97.26499938964844,191649200,-0.004613190803429812,91.0418743133545,84.06089981079101,0.015605941371617475,97.05750274658205
2020-07-14,93.97379302978516,97.05750274658205,97.25499725341795,93.87750244140624,94.83999633789062,170989200,0.016548420475024805,91.60737457275391,84.55669982910156,0.01572158203393979,97.7249984741211
2020-07-15,94.62006378173828,97.7249984741211,99.24749755859376,96.48999786376952,98.98999786376952,153198000,0.0068773222950304636,92.09262466430664,85.04539978027344,0.014991873226064384,96.52249908447266
2020-07-16,93.45577239990234,96.52249908447266,97.40499877929688,95.90499877929688,96.5625,110577600,-0.012304931270650021,92.52387466430665,85.48804977416992,0.015442015113638878,96.32749938964844
2020-07-17,93.26698303222656,96.32749938964844,97.14749908447266,95.83999633789062,96.9875030517578,92186800,-0.0020202512022980956,92.94362449645996,85.91144973754882,0.015487736633452974,98.35749816894533
2020-07-20,95.23249053955078,98.35749816894533,98.5,96.0625,96.4175033569336,90318000,0.021073927924625924,93.48999938964843,86.35989974975585,0.015698099430424838,97.0
2020-07-21,93.9181137084961,97.0,99.25,96.74250030517578,99.17250061035156,103433200,-0.013801674444927414,93.8541244506836,86.7492497253418,0.015542253552132766,97.27249908447266
2020-07-22,94.18197631835938,97.27249908447266,97.9749984741211,96.60250091552734,96.69249725341795,89001600,0.0028092689120893244,94.13612442016601,87.11964965820313,0.014998212459141385,92.84500122070312
2020-07-23,89.89511108398438,92.84500122070312,97.07749938964844,92.01000213623048,96.99749755859376,197004400,-0.04551643995416055,94.27762451171876,87.41949966430664,0.018017462101081707,92.61499786376952
2020-07-24,89.67241668701172,92.61499786376952,92.97000122070312,89.1449966430664,90.9875030517578,185438800,-0.0024772831483610425,94.34787445068359,87.73354965209961,0.01782833846620368,94.80999755859376
2020-07-27,91.79769134521484,94.80999755859376,94.90499877929688,93.4800033569336,93.70999908447266,121214000,0.023700261787544807,94.66799926757812,88.08204956054688,0.016872353070523503,93.25250244140624
2020-07-28,90.28968048095705,93.25250244140624,94.5500030517578,93.24749755859376,94.36750030517578,103625600,-0.016427540948147135,94.80837440490723,88.40854965209961,0.016791115023032672,95.04000091552734
2020-07-29,92.02037048339844,95.04000091552734,95.2300033569336,93.7125015258789,93.75,90329200,0.01916837004180394,95.00037460327148,88.73454971313477,0.01718744271012194,96.19000244140624
2020-07-30,93.13384246826172,96.19000244140624,96.29750061035156,93.76750183105467,94.1875,158130000,0.012100184288729388,95.25849990844726,89.0926496887207,0.017296309916849616,106.26000213623048
2020-07-31,102.88389587402344,106.26000213623048,106.41500091552734,100.8249969482422,102.88500213623048,374336800,0.1046886312427151,96.02012519836425,89.62169967651367,0.028550537721448617,108.9375
2020-08-03,105.47632598876952,108.9375,111.6374969482422,107.89250183105467,108.1999969482422,308151200,0.02519760784812375,96.79387512207032,90.2161996459961,0.02849933607168917,109.66500091552734
2020-08-04,106.18072509765624,109.66500091552734,110.79000091552734,108.3874969482422,109.13249969482422,173071600,0.006678149540124689,97.61850013732911,90.81504959106445,0.028381340251492995,110.0625
2020-08-05,106.56558227539062,110.0625,110.39250183105467,108.89749908447266,109.37750244140624,121776800,0.0036246667683779155,98.35450019836426,91.43264953613281,0.028183796051114537,113.90249633789062
2020-08-06,110.28357696533205,113.90249633789062,114.4124984741211,109.79750061035156,110.40499877929688,202428800,0.03488923418867129,99.26199989318847,92.12014953613281,0.02881995283581094,111.1125030517578
2020-08-07,107.77621459960938,111.1125030517578,113.6750030517578,110.2925033569336,113.20500183105467,198045600,-0.024494575411730612,100.0216251373291,92.75114959716797,0.029754417711548284,112.72750091552734
2020-08-10,109.34270477294922,112.72750091552734,113.7750015258789,110.0,112.5999984741211,212403600,0.014534798689732176,100.88412513732911,93.41599960327149,0.029642336511180537,109.375
2020-08-11,106.09087371826172,109.375,112.48249816894533,109.10749816894533,111.97000122070312,187902400,-0.029739867275506704,101.5,93.9942495727539,0.03078577551418062,113.01000213623048
2020-08-12,109.61672973632812,113.01000213623048,113.2750015258789,110.29750061035156,110.49749755859376,165598000,0.033234305245535944,102.26425018310547,94.63774963378906,0.03136471153046467,115.01000213623048
2020-08-13,111.55667114257812,115.01000213623048,116.0425033569336,113.92749786376952,114.43000030517578,210082000,0.017697548554941767,103.18862533569336,95.31234970092774,0.03107135503012112,114.90750122070312
2020-08-14,111.45723724365234,114.90750122070312,115.0,113.04499816894533,114.83000183105467,165565200,-0.0008912347937003462,104.1176254272461,95.9988996887207,0.03105082795779728,114.60749816894533
2020-08-17,111.16624450683594,114.60749816894533,116.0875015258789,113.9625015258789,116.0625,119561600,-0.00261082217062214,104.9301254272461,96.6335496520996,0.031029894623809083,115.5625
2020-08-18,112.09255981445312,115.5625,116.0,114.00749969482422,114.35250091552734,105633600,0.00833280410367987,105.85825042724609,97.27749969482421,0.030598677438697014,115.7074966430664
2020-08-19,112.23321533203124,115.7074966430664,117.1624984741211,115.61000061035156,115.98249816894533,145538000,0.0012547032390819446,106.78000030517578,97.87169967651367,0.030617801022724583,118.2750015258789
2020-08-20,114.72366333007812,118.2750015258789,118.39250183105467,115.73249816894533,115.75,126907200,0.02218961568871136,108.05150032043457,98.4729997253418,0.027875979093652713,124.37000274658205
2020-08-21,120.63565063476562,124.37000274658205,124.86750030517578,119.25,119.2624969482422,338054800,0.05153245522782379,109.63925056457519,99.28089981079101,0.02894112600457792,125.85749816894533
2020-08-24,122.0784683227539,125.85749816894533,128.78500366210938,123.9375,128.69749450683594,345937600,0.011960242739515126,111.19162559509277,100.10404983520507,0.028879341462387752,124.8249969482422
2020-08-25,121.07694244384766,124.8249969482422,125.18000030517578,123.05249786376952,124.69750213623048,211495600,-0.00820373228234006,112.77025032043457,100.88559982299805,0.0284692588263679,126.52249908447266
2020-08-26,122.72348022460938,126.52249908447266,126.99250030517578,125.0824966430664,126.18000030517578,163022400,0.01359905610039247,114.34437522888183,101.65564987182617,0.028454162914962958,125.01000213623048
2020-08-27,121.25640106201172,125.01000213623048,127.48500061035156,123.8324966430664,127.14250183105467,155552400,-0.011954371429482746,115.78537521362304,102.39789993286132,0.029074947966793357,124.80750274658205
2020-08-28,121.05998992919922,124.80750274658205,126.44249725341795,124.57749938964844,126.0124969482422,187630000,-0.0016198655002642726,116.71275024414062,103.13539993286133,0.01976975225724444,129.0399932861328
2020-08-31,125.16539764404295,129.0399932861328,131.0,126.0,127.58000183105467,225702700,0.03391214827961675,117.71787490844727,103.96759979248047,0.020252826484692017,134.17999267578125
2020-09-01,130.15101623535156,134.17999267578125,134.8000030517578,130.52999877929688,132.75999450683594,151948100,0.039832607385921204,118.94362449645996,104.85684967041016,0.021403148919137024,131.39999389648438
2020-09-02,127.45452117919922,131.39999389648438,137.97999572753906,127.0,137.58999633789062,200119000,-0.02071842995262474,120.01049919128418,105.65219955444336,0.022471482349740043,120.87999725341795
2020-09-03,117.25041961669922,120.87999725341795,128.83999633789062,120.5,126.91000366210938,257599600,-0.08006086097198739,120.35937423706055,106.26949951171875,0.029223952533905924,120.95999908447266
2020-09-04,117.3280029296875,120.95999908447266,123.6999969482422,110.88999938964844,120.06999969482422,332607200,0.0006618285313737537,120.85174903869628,106.86449951171875,0.028492874150860138,112.81999969482422
2020-09-08,109.43242645263672,112.81999969482422,118.98999786376952,112.68000030517578,113.9499969482422,231366600,-0.0672949690084228,120.85637397766114,107.35274948120117,0.032580370615363306,117.31999969482422
2020-09-09,113.79730987548828,117.31999969482422,119.13999938964844,115.26000213623048,117.26000213623048,176940500,0.039886545046732946,121.25362396240234,107.89024948120117,0.03289123894456208,113.48999786376952
2020-09-10,110.08230590820312,113.48999786376952,120.5,112.5,120.36000061035156,182274400,-0.03264577089172693,121.27762374877929,108.33604949951172,0.03311143021413935,112.0
2020-09-11,108.63705444335938,112.0,115.2300033569336,110.0,114.56999969482422,180860300,-0.013128891460180259,121.12712364196777,108.7554995727539,0.03299794813690013,115.36000061035156
2020-09-14,111.89614868164062,115.36000061035156,115.93000030517578,112.8000030517578,114.72000122070312,140150100,0.03000000544956749,121.14974861145019,109.24214965820312,0.033708692850023265,115.54000091552734
2020-09-15,112.07076263427734,115.54000091552734,118.83000183105467,113.61000061035156,118.33000183105467,184642000,0.0015603355081781345,121.1963737487793,109.6836996459961,0.03369973189498772,112.12999725341795
2020-09-16,108.76315307617188,112.12999725341795,116.0,112.04000091552734,115.2300033569336,154679000,-0.02951361982939993,121.02474861145019,110.06284957885742,0.03432049922853276,110.33999633789062
2020-09-17,107.0269012451172,110.33999633789062,112.1999969482422,108.70999908447266,109.72000122070312,178011000,-0.01596362221860992,120.75637359619141,110.36279953002929,0.03447820827327446,106.83999633789062
2020-09-18,103.63196563720705,106.83999633789062,110.87999725341795,106.08999633789062,110.4000015258789,287104900,-0.03172013880879665,120.18462333679199,110.58454940795899,0.03461119044047869,110.08000183105467
2020-09-21,106.7746810913086,110.08000183105467,110.19000244140624,103.0999984741211,104.54000091552734,195713800,0.030325773158183633,119.47012329101562,110.86774948120117,0.03309613138332425,111.80999755859376
2020-09-22,108.45276641845705,111.80999755859376,112.86000061035156,109.16000366210938,112.68000030517578,183055400,0.015715803949514884,118.76774826049805,111.1943994140625,0.033211187984591425,107.12000274658205
2020-09-23,103.90359497070312,107.12000274658205,112.11000061035156,106.7699966430664,111.62000274658205,150718700,-0.0419461131778841,117.88249855041504,111.3956494140625,0.03420508377831217,108.22000122070312
2020-09-24,104.97057342529295,108.22000122070312,110.25,105.0,105.16999816894533,167743300,0.010268842848365045,116.96737365722656,111.60554946899414,0.034107220637321696,112.27999877929688
2020-09-25,108.90863037109376,112.27999877929688,112.44000244140624,107.66999816894533,108.43000030517578,149981400,0.03751614778042578,116.33087348937988,111.92069946289062,0.035510786495810735,114.95999908447266
2020-09-28,111.50818634033205,114.95999908447266,115.31999969482422,112.77999877929688,115.01000213623048,137672400,0.023868902158110217,115.83849830627442,112.29334945678711,0.03608169855844481,114.08999633789062
2020-09-29,110.66429901123048,114.08999633789062,115.30999755859376,113.56999969482422,114.5500030517578,99382200,-0.007567873638749334,115.0909984588623,112.60799942016601,0.03499552456676546,115.80999755859376
2020-09-30,112.33265686035156,115.80999755859376,117.26000213623048,113.62000274658205,113.79000091552734,142675200,0.015075828520575651,114.17249870300293,112.9841993713379,0.03372055151289544,116.79000091552734
2020-10-01,113.28324127197266,116.79000091552734,117.72000122070312,115.83000183105467,117.63999938964844,116120400,0.00846216542261602,113.44199905395507,113.37454940795898,0.0337171976775661,113.0199966430664
2020-10-02,109.62642669677734,113.0199966430664,115.37000274658205,112.22000122070312,112.88999938964844,144712000,-0.032280197302059555,113.0489990234375,113.77804931640625,0.02958228630668432,116.5
2020-10-05,113.0019073486328,116.5,116.6500015258789,113.5500030517578,113.91000366210938,106243800,0.03079104105730912,112.82599906921386,114.25574935913086,0.030527208827060462,113.16000366210938
2020-10-06,109.76223754882812,113.16000366210938,116.12000274658205,112.25,115.6999969482422,161498200,-0.028669496462580435,112.84299926757812,114.62274948120117,0.027179190364232837,115.08000183105467
2020-10-07,111.62458038330078,115.08000183105467,115.5500030517578,114.12999725341795,114.62000274658205,96849000,0.016967109462795005,112.73099937438965,115.05929946899414,0.025883485765636306,114.97000122070312
2020-10-08,111.51785278320312,114.97000122070312,116.4000015258789,114.58999633789062,116.25,83477200,-0.0009558620837791798,112.80499954223633,115.45789947509766,0.024767258965075135,116.97000122070312
2020-10-09,113.45781707763672,116.97000122070312,117.0,114.91999816894533,115.27999877929688,100506900,0.017395842208966172,113.05349960327149,115.8734994506836,0.02479513910408063,124.4000015258789
2020-10-12,120.66470336914062,124.4000015258789,125.18000030517578,119.27999877929688,120.05999755859376,240226800,0.0635205627736688,113.50549964904785,116.23629943847656,0.027715186680136353,121.0999984741211
2020-10-13,117.46381378173828,121.0999984741211,125.38999938964844,119.6500015258789,125.2699966430664,262330500,-0.026527355396143704,113.78349952697754,116.47954940795898,0.028551919872206087,121.19000244140624
2020-10-14,117.55110931396484,121.19000244140624,123.02999877929688,119.62000274658205,121.0,150712000,0.000743220218160312,114.23649978637695,116.71004943847656,0.027536633464232945,120.70999908447266
2020-10-15,117.08551788330078,120.70999908447266,121.1999969482422,118.1500015258789,118.72000122070312,112559200,-0.003960750451883599,114.75499992370605,116.92299942016602,0.027201640061919666,119.0199966430664
2020-10-16,115.4462661743164,119.0199966430664,121.5500030517578,118.80999755859376,121.27999877929688,115393800,-0.014000517390639566,115.36399993896484,117.02534942626953,0.02621859662115168,115.9800033569336
2020-10-19,112.49755096435548,115.9800033569336,120.41999816894533,115.66000366210938,119.95999908447266,120639300,-0.025541870037600223,115.65900001525878,117.12269943237305,0.026436217985587488,117.51000213623048
2020-10-20,113.98161315917967,117.51000213623048,118.9800033569336,115.62999725341795,116.1999969482422,124423700,0.013191918736096708,115.94400024414062,117.21834945678711,0.02637800121654118,116.87000274658205
2020-10-21,113.36082458496094,116.87000274658205,118.70999908447266,116.4499969482422,116.66999816894533,89946000,-0.005446339698866431,116.43150024414062,117.36824951171874,0.02429866000629989,115.75
2020-10-22,112.27444458007812,115.75,118.04000091552734,114.58999633789062,117.4499969482422,101988000,-0.009583320957137542,116.80800018310546,117.42304946899414,0.024461665099709536,115.04000091552734
2020-10-23,111.58577728271484,115.04000091552734,116.5500030517578,114.27999877929688,116.38999938964844,82572600,-0.006133901377733508,116.946000289917,117.42364944458008,0.023195538207394447,115.0500030517578
2020-10-26,111.59547424316406,115.0500030517578,116.5500030517578,112.87999725341795,114.01000213623048,111850700,8.694485527516171e-05,116.95050048828125,117.42649948120118,0.0225883397661256,116.5999984741211
2020-10-27,113.09893035888672,116.5999984741211,117.27999877929688,114.54000091552734,115.48999786376952,92276800,0.013472363157313483,117.07600059509278,117.46634948730468,0.022693394171726097,111.1999969482422
2020-10-28,107.86105346679688,111.1999969482422,115.43000030517578,111.0999984741211,115.0500030517578,143937800,-0.04631219208015169,116.84550056457519,117.37909942626953,0.024790983281351958,115.31999969482422
2020-10-29,111.85733032226562,115.31999969482422,116.93000030517578,112.1999969482422,112.37000274658205,146129200,0.037050385428514465,116.77200050354004,117.37134948730468,0.02619456988244375,108.86000061035156
2020-10-30,105.5913314819336,108.86000061035156,111.98999786376952,107.72000122070312,111.05999755859376,190272600,-0.05601802897648289,116.56400070190429,117.18304946899414,0.028181824194642813,108.7699966430664
2020-11-02,105.50403594970705,108.7699966430664,110.68000030517578,107.31999969482422,109.11000061035156,122866900,-0.0008267863933540953,116.17750053405761,116.87104934692383,0.0271429618297775,110.44000244140624
2020-11-03,107.12388610839844,110.44000244140624,111.48999786376952,108.7300033569336,109.66000366210938,107624400,0.015353551989341518,116.04150047302247,116.56269943237305,0.026740380108816596,114.9499969482422
2020-11-04,111.49846649169922,114.9499969482422,115.58999633789062,112.3499984741211,114.13999938964844,138235500,0.04083660274481371,116.03500022888184,116.36519943237305,0.028077898849942187,119.02999877929688
2020-11-05,115.45594787597656,119.02999877929688,119.62000274658205,116.87000274658205,117.9499969482422,126387100,0.03549370978140831,116.23800010681153,116.21534942626953,0.029153257070383517,118.69000244140624
2020-11-06,115.3248062133789,118.69000244140624,119.1999969482422,116.12999725341795,118.31999969482422,114457900,-0.00285639201358856,116.32400016784668,116.08894943237304,0.02894644696716722,116.31999969482422
2020-11-09,113.02198791503906,116.31999969482422,121.98999786376952,116.0500030517578,120.5,154515300,-0.019968006553475415,115.92000007629395,115.9191993713379,0.025260307622898708,115.97000122070312
2020-11-10,112.68192291259766,115.97000122070312,117.58999633789062,114.12999725341795,115.5500030517578,138023400,-0.003008927742772949,115.66350021362305,115.6577995300293,0.024649772209593784,119.48999786376952
2020-11-11,116.10210418701172,119.48999786376952,119.62999725341795,116.44000244140624,117.19000244140624,112295000,0.03035264815051142,115.57849998474121,115.36399963378906,0.025682609573964187,119.20999908447266
2020-11-12,115.8300552368164,119.20999908447266,120.52999877929688,118.56999969482422,119.62000274658205,103162300,-0.0023432821516666813,115.50349998474121,115.12019973754883,0.025673321763095804,119.26000213623048
2020-11-13,115.87862396240234,119.26000213623048,119.66999816894533,117.87000274658205,119.44000244140624,81581900,0.00041945350341277,115.51550025939942,115.08779983520508,0.025470288874727045,120.3000030517578
2020-11-16,116.8891372680664,120.3000030517578,120.98999786376952,118.1500015258789,118.91999816894533,91183000,0.008720450250699452,115.73150024414062,115.07459991455079,0.02477560546596362,119.38999938964844
2020-11-17,116.00495910644533,119.38999938964844,120.66999816894533,118.95999908447266,119.5500030517578,74271000,-0.0075644525272192675,115.82550010681152,115.20599990844727,0.024722256756300166,118.02999877929688
2020-11-18,114.6834945678711,118.02999877929688,119.81999969482422,118.0,118.61000061035156,76322100,-0.011391243967704412,115.88349990844726,115.22019989013671,0.02484039084261959,118.63999938964844
2020-11-19,115.27618408203124,118.63999938964844,119.05999755859376,116.80999755859376,117.58999633789062,74113000,0.005168182806577715,116.02799987792969,115.3231999206543,0.02473498248345616,117.33999633789062
2020-11-20,114.0130615234375,117.33999633789062,118.7699966430664,117.29000091552734,118.63999938964844,73604300,-0.010957544322705348,116.14299964904785,115.4299998474121,0.02483691497911507,113.8499984741211
2020-11-23,110.62200164794922,113.8499984741211,117.62000274658205,113.75,117.18000030517578,127959300,-0.02974261098253128,116.08299942016602,115.3997998046875,0.025790026566862995,115.16999816894533
2020-11-24,111.90457153320312,115.16999816894533,115.8499984741211,112.58999633789062,113.91000366210938,113874200,0.01159420037343506,116.01149940490723,115.39239974975585,0.025740971103155923,116.02999877929688
2020-11-25,112.74020385742188,116.02999877929688,116.75,115.16999816894533,115.5500030517578,76499200,0.007467227785225683,116.25299949645996,115.47039978027344,0.02338235108275051,116.58999633789062
2020-11-27,113.2843246459961,116.58999633789062,117.48999786376952,116.22000122070312,116.56999969482422,46691300,0.0048263170256421795,116.31649932861328,115.59539978027344,0.021933582837705946,119.0500030517578
2020-11-30,115.67459106445312,119.0500030517578,120.97000122070312,116.80999755859376,116.97000122070312,169410200,0.021099637971836005,116.8259994506836,115.83959991455077,0.017815458144213824,122.72000122070312
2020-12-01,119.24053192138672,122.72000122070312,123.47000122070312,120.01000213623048,121.01000213623048,127728200,0.030827367281542672,117.52349967956543,116.09239990234374,0.01868945164437795,123.08000183105467
2020-12-02,119.59032440185548,123.08000183105467,123.37000274658205,120.88999938964844,122.0199966430664,89004200,0.0029335121151450316,118.15549964904785,116.31779998779297,0.018575864377538664,122.94000244140624
2020-12-03,119.45427703857422,122.94000244140624,123.77999877929688,122.20999908447266,123.5199966430664,78967600,-0.0011374665873064016,118.55499992370605,116.63419998168945,0.016656728019270896,122.25
2020-12-04,118.78385162353516,122.25,122.86000061035156,121.5199966430664,122.5999984741211,78260400,-0.005612513646525263,118.71599998474122,116.91479995727539,0.01494932355762523,123.75
2020-12-07,120.24132537841795,123.75,124.56999969482422,122.25,122.30999755859376,86712000,0.012269938650306678,118.9689998626709,117.14419998168945,0.015102302619837547,124.37999725341795
2020-12-08,120.8534698486328,124.37999725341795,124.9800033569336,123.08999633789062,124.37000274658205,82225500,0.005090886896306657,119.37199974060059,117.33259994506835,0.014177760027089339,121.77999877929688
2020-12-09,118.32717895507812,121.77999877929688,125.9499969482422,121.0,124.52999877929688,115089200,-0.020903670457748214,119.66249961853028,117.48639999389648,0.015138939363966097,123.23999786376952
2020-12-10,119.74578857421876,123.23999786376952,123.87000274658205,120.1500015258789,120.5,81312200,0.011988824922872787,119.84999961853028,117.635,0.013867834450606442,122.41000366210938
2020-12-11,118.93932342529295,122.41000366210938,122.76000213623048,120.5500030517578,122.43000030517578,86939800,-0.006734779422648329,120.0099998474121,117.74740005493165,0.01396858392449356,121.77999877929688
2020-12-14,118.32717895507812,121.77999877929688,123.3499984741211,121.54000091552734,122.5999984741211,79184500,-0.005146678081568545,120.13599967956543,117.92260009765624,0.014044768961584471,127.87999725341795
2020-12-15,124.25421905517578,127.87999725341795,127.9000015258789,124.12999725341795,124.33999633789062,157243700,0.050090314791152,120.51499938964844,118.1502000427246,0.017771903070738015,127.80999755859376
2020-12-16,124.18621826171876,127.80999755859376,128.3699951171875,126.55999755859376,127.41000366210938,98208600,-0.0005473858017487343,120.93599929809571,118.4431999206543,0.017616621396935647,128.6999969482422
2020-12-17,125.05098724365234,128.6999969482422,129.5800018310547,128.0399932861328,128.89999389648438,94359800,0.006963456745552321,121.46949920654296,118.71559982299804,0.01727150497514311,126.66000366210938
2020-12-18,123.06884002685548,126.66000366210938,129.10000610351562,126.12000274658205,128.9600067138672,192541500,-0.015850764059871847,121.87049942016601,118.94939987182617,0.017856794965436983,128.22999572753906
2020-12-21,124.59429168701172,128.22999572753906,128.30999755859375,123.4499969482422,125.0199966430664,121251600,0.012395326227985448,122.41499938964844,119.1745997619629,0.01762882818018191,131.8800048828125
2020-12-22,128.140869140625,131.8800048828125,134.41000366210938,129.64999389648438,131.61000061035156,168904800,0.028464550236973585,123.31649971008301,119.32419982910156,0.016425564594134152,130.9600067138672
2020-12-23,127.2469253540039,130.9600067138672,132.42999267578125,130.77999877929688,132.16000366210938,88223700,-0.006976024680639181,124.1060001373291,119.52139999389648,0.016704679196001573,131.97000122070312
2020-12-24,128.22824096679688,131.97000122070312,133.4600067138672,131.10000610351562,131.32000732421875,54930100,0.007712236217600754,124.90300025939942,119.73699996948243,0.016705457460310855,136.69000244140625
2020-12-28,132.81442260742188,136.69000244140625,137.33999633789062,133.50999450683594,133.99000549316406,124486200,0.035765713245766495,125.90800056457519,120.05660003662109,0.01792200701293946,134.8699951171875
2020-12-29,131.04603576660156,134.8699951171875,138.7899932861328,134.33999633789062,138.0500030517578,121047300,-0.013314853257091142,126.69900016784668,120.37360000610352,0.01826059751123297,133.72000122070312
2020-12-30,129.92868041992188,133.72000122070312,135.99000549316406,133.39999389648438,135.5800018310547,96452100,-0.008526684497060733,127.24900016784667,120.7283999633789,0.017599799018916434,132.69000244140625
2020-12-31,128.92787170410156,132.69000244140625,134.74000549316406,131.72000122070312,134.0800018310547,99116600,-0.007702653080273847,127.72950019836426,121.03199996948243,0.017807383930264455,129.41000366210938
2021-01-04,125.74083709716795,129.41000366210938,133.61000061035156,126.76000213623048,133.52000427246094,143301900,-0.024719260825586842,128.05300025939943,121.28279998779297,0.01890629958999484,131.00999450683594
2021-01-05,127.2954330444336,131.00999450683594,131.74000549316406,128.42999267578125,128.88999938964844,97664900,0.01236373386484213,128.49099998474122,121.58799987792969,0.018915850534683455,126.5999984741211
2021-01-06,123.0105209350586,126.5999984741211,131.0500030517578,126.37999725341795,127.72000122070312,155088000,-0.0336615236823381,128.63349990844728,121.81919982910156,0.02053146564381543,130.9199981689453
2021-01-07,127.20802307128906,130.9199981689453,131.6300048828125,127.86000061035156,128.36000061035156,109578200,0.03412322074954277,128.96049995422362,122.13659973144532,0.021798056501674806,132.0500030517578
2021-01-08,128.3059844970703,132.0500030517578,132.6300048828125,130.22999572753906,132.42999267578125,105158200,0.008631262592551314,129.47400016784667,122.44559982299805,0.021097661019879196,128.97999572753906
2021-01-11,125.32305145263672,128.97999572753906,130.1699981689453,128.5,129.19000244140625,100384500,-0.023248824333729434,129.76100006103516,122.80119979858398,0.021875781745684348,128.8000030517578
2021-01-12,125.14816284179688,128.8000030517578,129.69000244140625,126.86000061035156,128.5,91951100,-0.0013955084644402538,130.08050003051758,123.07079986572266,0.021789510077062892,130.88999938964844
2021-01-13,127.17888641357422,130.88999938964844,131.4499969482422,128.49000549316406,128.75999450683594,88636800,0.016226679257536736,130.53600006103517,123.51139984130859,0.021904574908076065,128.91000366210938
2021-01-14,125.25503540039062,128.91000366210938,131.0,128.75999450683594,130.8000030517578,90221800,-0.015127173479807188,130.58750038146974,123.91419998168945,0.01936403077600475,127.13999938964844
2021-01-15,123.53523254394533,127.13999938964844,130.22000122070312,127.0,128.77999877929688,111598500,-0.013730542410815172,130.55400047302246,124.2481999206543,0.01962697746789451,127.83000183105467
2021-01-19,124.20564270019533,127.83000183105467,128.7100067138672,126.94000244140624,127.77999877929688,90757300,0.005427107477730786,130.5105007171631,124.50580001831055,0.019600947083157433,132.02999877929688
2021-01-20,128.28652954101562,132.02999877929688,132.49000549316406,128.5500030517578,128.66000366210938,104319500,0.0328561127128284,130.77900047302245,124.76580001831054,0.020551243005589297,136.8699951171875
2021-01-21,132.98934936523438,136.8699951171875,139.6699981689453,133.58999633789062,133.8000030517578,120150900,0.03665830782882318,131.21100044250488,125.12939987182617,0.02185468976964203,139.07000732421875
2021-01-22,135.12698364257812,139.07000732421875,139.85000610351562,135.02000427246094,136.27999877929688,114459400,0.016073736286376095,131.57050056457518,125.58440002441407,0.02127748939150074,142.9199981689453
2021-01-25,138.86782836914062,142.9199981689453,145.08999633789062,136.5399932861328,143.07000732421875,157611700,0.027683832904034755,132.1685001373291,126.1233999633789,0.02183731094101383,143.16000366210938
2021-01-26,139.1009979248047,143.16000366210938,144.3000030517578,141.3699951171875,143.60000610351562,98390600,0.0016792995818566414,132.7280002593994,126.5968000793457,0.021833794132379278,142.05999755859375
2021-01-27,138.03221130371094,142.05999755859375,144.3000030517578,140.41000366210938,143.42999267578125,140843800,-0.007683752971338942,132.9965000152588,127.05380004882812,0.02066903670520339,137.08999633789062
2021-01-28,133.20310974121094,137.08999633789062,141.99000549316406,136.6999969482422,139.52000427246094,142621100,-0.03498522670784365,133.10750007629395,127.41039993286132,0.022043636053179556,131.9600067138672
2021-01-29,128.21856689453125,131.9600067138672,136.74000549316406,130.2100067138672,135.8300018310547,177523800,-0.037420597863168426,133.01950035095214,127.64360000610351,0.023596252879245345,134.13999938964844
2021-02-01,130.33673095703125,134.13999938964844,135.3800048828125,130.92999267578125,133.75,106239800,0.01652010127968695,133.09200019836425,127.93860000610351,0.023822133690473948,134.99000549316406
2021-02-02,131.1626434326172,134.99000549316406,136.30999755859375,134.61000061035156,135.72999572753906,83305400,0.0063367087176327,133.371000289917,128.27780014038086,0.023070537442057018,133.94000244140625
2021-02-03,130.14236450195312,133.94000244140625,135.77000427246094,133.61000061035156,135.75999450683594,89880900,-0.007778376242906226,133.51750068664552,128.583800201416,0.023050775442923308,137.38999938964844
2021-02-04,133.49456787109375,137.38999938964844,137.39999389648438,134.58999633789062,136.3000030517578,84183100,0.025757778746879012,134.05700073242187,128.98480026245116,0.02210945093706202,136.75999450683594
2021-02-05,133.08102416992188,136.75999450683594,137.4199981689453,135.86000061035156,137.35000610351562,75693800,-0.004585522131241526,134.3490005493164,129.44300018310548,0.02103215187182919,136.91000366210938
2021-02-08,133.22702026367188,136.91000366210938,136.9600067138672,134.9199981689453,136.02999877929688,71297200,0.0010968789214593766,134.59200057983398,129.87780029296874,0.02098198371467991,136.00999450683594
2021-02-09,132.35121154785156,136.00999450683594,137.8800048828125,135.85000610351562,136.6199951171875,76774200,-0.006573728224378961,134.94350051879883,130.27740020751952,0.020243426369722352,135.38999938964844
2021-02-10,131.74789428710938,135.38999938964844,136.99000549316406,134.39999389648438,136.47999572753906,73046600,-0.004558452630158305,135.27300033569335,130.6534002685547,0.02029065373780827,135.1300048828125
2021-02-11,131.49485778808594,135.1300048828125,136.38999938964844,133.77000427246094,135.89999389648438,64280000,-0.0019203376025409558,135.48500061035156,130.97500030517577,0.020058050691247702,135.3699951171875
2021-02-12,131.72842407226562,135.3699951171875,135.52999877929688,133.69000244140625,134.35000610351562,60145100,0.0017759951580194056,135.80800018310546,131.22800018310548,0.019660046257405372,133.19000244140625
2021-02-16,129.60707092285156,133.19000244140625,136.00999450683594,132.7899932861328,135.49000549316406,80576300,-0.016103957704172722,136.11050033569336,131.4302001953125,0.019770858520116116,130.83999633789062
2021-02-17,127.32025909423828,130.83999633789062,132.22000122070312,129.47000122070312,131.25,97918500,-0.017644012767020212,136.26100006103516,131.58820007324218,0.020258903118704326,129.7100067138672
2021-02-18,126.2206802368164,129.7100067138672,130.0,127.41000366210938,129.1999969482422,96856700,-0.008636423537534132,136.14500045776367,131.73740020751953,0.018945654513295208,129.8699951171875
2021-02-19,126.3763656616211,129.8699951171875,130.7100067138672,128.8000030517578,130.24000549316406,87668800,0.0012334314627955312,135.79500045776368,131.85980010986327,0.016802376675620484,126.0
2021-02-22,122.61048889160156,126.0,129.72000122070312,125.5999984741211,128.00999450683594,103916400,-0.029798993321709433,135.14150009155273,131.89220016479493,0.017260145587482834,125.86000061035156
2021-02-23,122.47423553466795,125.86000061035156,126.70999908447266,118.38999938964844,123.76000213623048,158273000,-0.0011111062670511318,134.28850021362305,131.97380020141603,0.015523203984828147,125.3499984741211
2021-02-24,121.97795867919922,125.3499984741211,125.55999755859376,122.2300033569336,124.94000244140624,111039900,-0.004052138358153767,133.39799995422362,132.01600021362304,0.0154222761473635,120.98999786376952
2021-02-25,117.73526000976562,120.98999786376952,126.45999908447266,120.54000091552734,124.68000030517578,148199500,-0.03478261398823801,132.34449996948243,131.98760009765624,0.01667098964700954,121.26000213623048
2021-02-26,117.99799346923828,121.26000213623048,124.8499984741211,121.1999969482422,122.58999633789062,164560400,0.00223162473946803,131.55300025939943,131.9772001647949,0.015521526889226527,127.79000091552734
2021-03-01,124.3523406982422,127.79000091552734,127.93000030517578,122.79000091552734,123.75,116307900,0.05385121774911972,131.34449996948243,131.9754002380371,0.018856732211729673,125.12000274658205
2021-03-02,121.754150390625,125.12000274658205,128.72000122070312,125.01000213623048,128.41000366210938,102260900,-0.0208936391722091,130.8935001373291,131.92160034179688,0.01883733325813777,122.05999755859376
2021-03-03,118.7764663696289,122.05999755859376,125.70999908447266,121.83999633789062,124.80999755859376,112966300,-0.024456562666370862,130.2469997406006,131.7888003540039,0.019261224648412786,120.12999725341795
2021-03-04,116.8983917236328,120.12999725341795,123.5999984741211,118.62000274658205,121.75,178155000,-0.015811898605432417,129.55649948120117,131.6582002258301,0.019408764575528953,121.41999816894533
2021-03-05,118.1536636352539,121.41999816894533,121.94000244140624,117.56999969482422,120.9800033569336,153766600,0.010738374635987702,128.75799942016602,131.5220002746582,0.01841080304153193,116.36000061035156
2021-03-08,113.22979736328124,116.36000061035156,121.0,116.20999908447266,120.93000030517578,154376600,-0.041673510417560844,127.7379997253418,131.21160018920898,0.020055202033930297,121.08999633789062
2021-03-09,117.83257293701172,121.08999633789062,122.05999755859376,118.79000091552734,119.02999877929688,129525800,0.04064967087253768,126.94699935913086,131.01419998168944,0.022753041555695314,119.9800033569336
2021-03-10,116.7524185180664,119.9800033569336,122.16999816894533,119.4499969482422,121.69000244140624,111943300,-0.009166677797724065,126.14549980163574,130.77440002441406,0.02276460577212895,121.95999908447266
2021-03-11,118.67916870117188,121.95999908447266,123.20999908447266,121.26000213623048,122.54000091552734,103026500,0.016502714386902317,125.47399978637695,130.4797999572754,0.023315578164883305,121.02999877929688
2021-03-12,117.774169921875,121.02999877929688,121.16999816894533,119.16000366210938,120.4000015258789,88105100,-0.007625453527034254,124.76899948120118,130.2030000305176,0.023311415796372408,123.98999786376952
2021-03-15,120.65455627441406,123.98999786376952,124.0,120.41999816894533,121.41000366210938,92403800,0.0244567389434609,124.19999961853027,130.0083999633789,0.024205167204372543,125.56999969482422
2021-03-16,122.1920394897461,125.56999969482422,127.22000122070312,124.72000122070312,125.6999969482422,115227900,0.012742978129499427,123.81899948120117,129.86599990844726,0.024311752402243255,124.76000213623048
2021-03-17,121.40384674072266,124.76000213623048,125.86000061035156,122.33999633789062,124.0500030517578,111932600,-0.006450565903976191,123.51499977111817,129.7729998779297,0.02407641309603483,120.52999877929688
2021-03-18,117.2876205444336,120.52999877929688,123.18000030517578,120.31999969482422,122.87999725341795,121229700,-0.033905124114335106,123.05599937438964,129.5633999633789,0.025079433709345268,119.98999786376952
2021-03-19,116.76214599609376,119.98999786376952,121.43000030517578,119.68000030517578,119.9000015258789,185549500,-0.004480220036475413,122.56199951171875,129.43119995117186,0.025056814871150343,123.38999938964844
2021-03-22,120.07069396972656,123.38999938964844,123.87000274658205,120.26000213623048,120.33000183105467,111912300,0.028335707862409576,122.43149948120117,129.28059997558594,0.025235285952726286,122.54000091552734
2021-03-23,119.24354553222656,122.54000091552734,124.23999786376952,122.13999938964844,123.33000183105467,95467100,-0.006888714468965329,122.26549949645997,129.09039993286132,0.02527273896564231,120.08999633789062
2021-03-24,116.85945129394533,120.08999633789062,122.9000015258789,120.06999969482422,122.81999969482422,88530500,-0.019993508726392273,122.00249938964843,128.91259994506837,0.025621912754981,120.58999633789062
2021-03-25,117.34601593017578,120.58999633789062,121.66000366210938,119.0,119.54000091552734,98844700,0.0041635441356262515,121.9824993133545,128.74839981079103,0.024438375010253515,121.20999908447266
2021-03-26,117.9493408203125,121.20999908447266,121.4800033569336,118.91999816894533,120.3499984741211,94071200,0.005141411107143501,121.9799991607666,128.5547998046875,0.024460282400592337,121.38999938964844
2021-03-29,118.12449645996094,121.38999938964844,122.58000183105467,120.7300033569336,121.6500015258789,80819200,0.0014850285169158983,121.65999908447266,128.40439971923828,0.02097663501923078,119.9000015258789
2021-03-30,116.67457580566406,119.9000015258789,120.4000015258789,118.86000061035156,120.11000061035156,85671900,-0.012274469653688724,121.3989990234375,128.2595997619629,0.020661929081994646,122.1500015258789
2021-03-31,118.8640365600586,122.1500015258789,123.5199966430664,121.1500015258789,121.6500015258789,118323800,0.018765637792876655,121.40349922180175,128.14599975585938,0.02044049096189978,123.0
2021-04-01,119.6911849975586,123.0,124.18000030517578,122.48999786376952,123.66000366210938,75089100,0.006958644809685222,121.54699935913087,127.96539978027344,0.020131427053796905,125.9000015258789
2021-04-05,122.5131607055664,125.9000015258789,126.16000366210938,123.06999969482422,123.87000274658205,88651200,0.02357724817787732,121.77099952697753,127.74599990844726,0.020643924555360578,126.20999908447266
2021-04-06,122.81482696533205,126.20999908447266,127.12999725341795,125.6500015258789,126.5,80171300,0.002462252222689809,122.2634994506836,127.48879974365235,0.017905135364756797,127.9000015258789
2021-04-07,124.45938873291016,127.9000015258789,127.91999816894533,125.13999938964844,125.83000183105467,83466700,0.013390400551981152,122.603999710083,127.18839981079101,0.015913020919308372,130.36000061035156
2021-04-08,126.85321807861328,130.36000061035156,130.38999938964844,128.52000427246094,128.9499969482422,88844600,0.019233769000189582,123.12299957275391,126.93239974975586,0.016049917885938833,133.0
2021-04-09,129.42214965820312,133.0,133.0399932861328,129.47000122070312,129.8000030517578,106686700,0.020251606146730827,123.67499961853028,126.75119979858398,0.016221157249571908,131.24000549316406
2021-04-12,127.7095184326172,131.24000549316406,132.85000610351562,130.6300048828125,132.52000427246094,91420000,-0.013233041404781432,124.18549995422363,126.63419998168945,0.01648745705794439,134.42999267578125
2021-04-13,130.81370544433594,134.42999267578125,134.66000366210938,131.92999267578125,132.44000244140625,91266500,0.024306515156183428,124.70749969482422,126.68359970092773,0.01647776811545811,132.02999877929688
2021-04-14,128.4782257080078,132.02999877929688,135.0,131.66000366210938,134.94000244140625,87222800,-0.017853113347054084,125.03049964904785,126.6413996887207,0.01705118316010163,134.5
2021-04-15,130.8818359375,134.5,135.0,133.63999938964844,133.82000732421875,89347100,0.018707878842231906,125.51749954223632,126.63159957885742,0.01727108854840467,134.16000366210938
2021-04-16,130.55096435546875,134.16000366210938,134.6699981689453,133.27999877929688,134.3000030517578,84922400,-0.002527853813313219,126.19899978637696,126.63599960327149,0.01492068066253294,134.83999633789062
2021-04-19,131.21267700195312,134.83999633789062,135.47000122070312,133.33999633789062,133.50999450683594,94264200,0.005068520104500429,126.94149971008301,126.58499954223633,0.01473695674598077,133.11000061035156
2021-04-20,129.5292205810547,133.11000061035156,135.52999877929688,131.80999755859375,135.02000427246094,94812300,-0.012829989428388311,127.42749977111816,126.51199966430664,0.014315130429717058,133.5
2021-04-21,129.90872192382812,133.5,133.75,131.3000030517578,132.36000061035156,68847100,0.002929902996470446,127.97549972534179,126.44379959106445,0.014092452860523448,131.94000244140625
2021-04-22,128.3906707763672,131.94000244140625,134.14999389648438,131.41000366210938,133.0399932861328,84566500,-0.011685374970739737,128.56800003051757,126.36239974975587,0.013443480305551331,134.32000732421875
2021-04-23,130.7066650390625,134.32000732421875,135.1199951171875,132.16000366210938,132.16000366210938,78657500,0.01803853902359487,129.25450057983397,126.34099990844726,0.013763014347776934,134.72000122070312
2021-04-26,131.09588623046875,134.72000122070312,135.05999755859375,133.55999755859375,134.8300018310547,66905100,0.002977917470767144,129.9300006866455,126.33279983520508,0.013774442929225483,134.38999938964844
2021-04-27,130.7747802734375,134.38999938964844,135.41000366210938,134.11000061035156,135.00999450683594,66015800,-0.002449538509980198,130.58000068664552,126.3131999206543,0.013860937420649968,133.5800018310547
2021-04-28,129.98654174804688,133.5800018310547,135.02000427246094,133.0800018310547,134.30999755859375,107760100,-0.0060272160300057775,131.2640007019043,126.32099990844726,0.013512651597971683,133.47999572753906
2021-04-29,129.88925170898438,133.47999572753906,137.07000732421875,132.4499969482422,136.47000122070312,151101000,-0.0007486607437100501,131.83050041198732,126.37379989624023,0.013205648507614845,131.4600067138672
2021-04-30,127.92359924316406,131.4600067138672,133.55999755859375,131.07000732421875,131.77999877929688,109839500,-0.015133271488823707,132.25350074768068,126.40879989624024,0.013897412119757995,132.5399932861328
2021-05-03,128.9745330810547,132.5399932861328,134.07000732421875,131.8300018310547,132.0399932861328,75135100,0.008215324183090233,132.58550033569335,126.46219985961915,0.013128095690698397,127.8499984741211
2021-05-04,124.41072082519533,127.8499984741211,131.49000549316406,126.6999969482422,131.19000244140625,137564700,-0.035385506636376296,132.6675003051758,126.49919982910156,0.01564405186630134,128.10000610351562
2021-05-05,124.65399932861328,128.10000610351562,130.4499969482422,127.97000122070312,129.1999969482422,84000900,0.0019554762016296134,132.67750053405763,126.54399993896484,0.015364704274104397,129.74000549316406
2021-05-06,126.24987030029295,129.74000549316406,129.75,127.12999725341795,127.88999938964844,78128300,0.01280249267375666,132.64650077819823,126.63180007934571,0.015008345084376604,130.2100067138672
2021-05-07,126.9224624633789,130.2100067138672,131.25999450683594,129.47999572753906,130.85000610351562,78973300,0.003622639130594907,132.5070011138916,126.81620025634766,0.014261785663415967,126.8499984741211
2021-05-10,123.64727020263672,126.8499984741211,129.5399932861328,126.80999755859376,129.41000366210938,88071200,-0.025804531652698692,132.28750076293946,126.92800018310547,0.015084380853214955,125.91000366210938
2021-05-11,122.73101043701172,125.91000366210938,126.2699966430664,122.7699966430664,123.5,126142800,-0.007410286348592199,131.86150131225585,126.8904002380371,0.013833821767725483,122.7699966430664
2021-05-12,119.67029571533205,122.7699966430664,124.63999938964844,122.25,123.4000015258789,112172300,-0.02493850311901713,131.39850120544435,126.8434001159668,0.01431191042247961,124.97000122070312
2021-05-13,121.81475830078124,124.97000122070312,126.1500015258789,124.26000213623048,124.58000183105467,105861300,0.017919724996269926,130.9220012664795,126.90160018920898,0.01424839689839995,127.4499969482422
2021-05-14,124.23212432861328,127.4499969482422,127.88999938964844,125.8499984741211,126.25,81918000,0.019844728361323227,130.58650093078614,127.04800018310547,0.01518219021404232,126.2699966430664
2021-05-17,123.0819091796875,126.2699966430664,126.93000030517578,125.16999816894533,126.81999969482422,74244600,-0.009258535374112253,130.15800094604492,127.1450001525879,0.015146634137440232,124.8499984741211
2021-05-18,121.6977767944336,124.8499984741211,126.98999786376952,124.77999877929688,126.55999755859376,63342900,-0.011245729046459818,129.7450008392334,127.31480010986328,0.015097509206723503,124.69000244140624
2021-05-19,121.54180908203124,124.69000244140624,124.91999816894533,122.86000061035156,123.16000366210938,92612000,-0.0012815060846638193,129.30450096130372,127.38680023193359,0.01503839607059941,127.30999755859376
2021-05-20,124.0956573486328,127.30999755859376,127.72000122070312,125.0999984741211,125.2300033569336,76857100,0.021012070461853716,129.0730007171631,127.5334001159668,0.015834993107924765,125.43000030517578
2021-05-21,122.26314544677734,125.43000030517578,128.0,125.20999908447266,127.81999969482422,79295400,-0.014767082628783568,128.62850036621094,127.60280014038086,0.015379131909745549,127.0999984741211
2021-05-24,123.89096069335938,127.0999984741211,127.94000244140624,125.94000244140624,126.01000213623048,63092900,0.01331418452429367,128.24750022888185,127.72420013427734,0.01577008591091648,126.9000015258789
2021-05-25,123.69601440429688,126.9000015258789,128.32000732421875,126.31999969482422,127.81999969482422,72009500,-0.0015735401309459052,127.87300033569336,127.78240020751953,0.01577229232337749,126.8499984741211
2021-05-26,123.64727020263672,126.8499984741211,127.38999938964844,126.41999816894533,126.95999908447266,56575900,-0.0003940350760958111,127.53650016784668,127.80800018310546,0.015760876683059897,125.27999877929688
2021-05-27,122.1168975830078,125.27999877929688,127.63999938964844,125.08000183105467,126.44000244140624,94625600,-0.012376820762394547,127.12650032043457,127.8184001159668,0.015908107764371654,124.61000061035156
2021-05-28,121.46383666992188,124.61000061035156,125.8000030517578,124.5500030517578,125.56999969482422,71311100,-0.005348005870638883,126.78400001525878,127.9000001525879,0.01566535398938981,124.27999877929688
2021-06-01,121.14216613769533,124.27999877929688,125.3499984741211,123.94000244140624,125.08000183105467,67637100,-0.002648277260559384,126.37100028991699,127.98580017089844,0.015459239616967066,125.05999755859376
2021-06-02,121.9024658203125,125.05999755859376,125.23999786376952,124.0500030517578,124.27999877929688,59278900,0.006276140867059743,126.23150024414062,128.01920013427736,0.013571225049832067,123.54000091552734
2021-06-03,120.4208526611328,123.54000091552734,124.8499984741211,123.12999725341795,124.68000030517578,76229200,-0.012154139395007313,126.00349998474121,128.03920013427734,0.013773904244734384,125.88999938964844
2021-06-04,122.71151733398438,125.88999938964844,126.16000366210938,123.8499984741211,124.06999969482422,75169300,0.019022166559055975,125.81099967956543,128.1552001953125,0.014183189442855501,125.9000015258789
2021-06-07,122.72126007080078,125.9000015258789,126.31999969482422,124.83000183105467,126.16999816894533,71057600,7.945139629006448e-05,125.59549942016602,128.26140029907228,0.014139086307008737,126.73999786376952
2021-06-08,123.5400619506836,126.73999786376952,128.4600067138672,126.20999908447266,126.5999984741211,74403800,0.0066719327061957046,125.58999938964844,128.3720002746582,0.013032999188933364,127.12999725341795
2021-06-09,123.92022705078124,127.12999725341795,127.75,126.5199966430664,127.20999908447266,56877900,0.003077161087438496,125.65099906921387,128.4868002319336,0.012928140128254367,126.11000061035156
2021-06-10,122.92594146728516,126.11000061035156,128.19000244140625,125.94000244140624,127.0199966430664,71186400,-0.00802325702118245,125.81799926757813,128.61100021362304,0.011663570384219009,127.3499984741211
2021-06-11,124.1346664428711,127.3499984741211,127.44000244140624,126.0999984741211,126.52999877929688,53522400,0.009832668763525065,125.93699913024902,128.7150001525879,0.011191622230878403,130.47999572753906
2021-06-14,127.18558502197266,130.47999572753906,130.5399932861328,127.06999969482422,127.81999969482422,96906500,0.024577913552578545,126.08849906921387,128.86460006713867,0.011651613000902165,129.63999938964844
2021-06-15,126.3668441772461,129.63999938964844,130.60000610351562,129.38999938964844,129.94000244140625,62746300,-0.006437740384699686,126.25699920654297,128.93940002441406,0.01153432925302335,130.14999389648438
2021-06-16,126.8639678955078,130.14999389648438,130.88999938964844,128.4600067138672,130.3699951171875,91815000,0.003933928642679829,126.52199897766113,129.0181999206543,0.011152875754406393,131.7899932861328
2021-06-17,128.4625701904297,131.7899932861328,132.5500030517578,129.64999389648438,129.8000030517578,96721700,0.012600841079968284,126.87699851989746,129.09599975585937,0.011358840862332362,130.4600067138672
2021-06-18,127.1661148071289,130.4600067138672,131.50999450683594,130.24000549316406,130.7100067138672,108953300,-0.010091711359132227,127.03449897766113,129.09799987792968,0.01085717746736789,132.3000030517578
2021-06-21,128.95965576171875,132.3000030517578,132.41000366210938,129.2100067138672,130.3000030517578,79663300,0.014103911108376721,127.37799911499023,129.08399993896484,0.010525748744082849,133.97999572753906
2021-06-22,130.59725952148438,133.97999572753906,134.0800018310547,131.6199951171875,132.1300048828125,74783600,0.012698357044814257,127.72199897766113,129.13879974365236,0.010493985448649766,133.6999969482422
2021-06-23,130.32432556152344,133.6999969482422,134.32000732421875,133.22999572753906,133.77000427246094,60214200,-0.002089855114387973,128.0619987487793,129.12419982910157,0.010505658084500586,133.41000366210938
2021-06-24,130.0416717529297,133.41000366210938,134.63999938964844,132.92999267578125,134.4499969482422,68711000,-0.0021689849869261923,128.3899990081787,129.1517999267578,0.010540304259439985,133.11000061035156
2021-06-25,129.7492218017578,133.11000061035156,133.88999938964844,132.80999755859375,133.4600067138672,70783700,-0.00224872980678148,128.78149909973143,129.12399993896486,0.010014223147939077,134.77999877929688
2021-06-28,131.37705993652344,134.77999877929688,135.25,133.35000610351562,133.41000366210938,62111300,0.012546000760933262,129.2899990081787,129.1363998413086,0.01002065929310869,136.3300018310547
2021-06-29,132.88796997070312,136.3300018310547,136.49000549316406,134.35000610351562,134.8000030517578,64556100,0.011500245331623304,129.8924991607666,129.16619995117188,0.010027670596070942,136.9600067138672
2021-06-30,133.50204467773438,136.9600067138672,137.41000366210938,135.8699951171875,136.1699981689453,63261400,0.0046211756352296796,130.48749961853028,129.24320007324218,0.010020678135586618,137.27000427246094
2021-07-01,133.80419921875,137.27000427246094,137.3300018310547,135.75999450683594,136.60000610351562,52485800,0.002263416642797056,131.17399978637695,129.3186001586914,0.009239950276313816,139.9600067138672
2021-07-02,136.42626953125,139.9600067138672,140.0,137.75,137.89999389648438,78852600,0.01959643299833358,131.87750015258788,129.47900024414062,0.009285539596874406,142.02000427246094
2021-07-06,138.43426513671875,142.02000427246094,143.14999389648438,140.07000732421875,140.07000732421875,108181800,0.01471847284778427,132.683500289917,129.63300018310548,0.00942397569683885,144.57000732421875
2021-07-07,140.9198760986328,144.57000732421875,144.88999938964844,142.66000366210938,143.5399932861328,104911600,0.01795523852305836,133.57500076293945,129.8300003051758,0.009791584924189401,143.24000549316406
2021-07-08,139.62350463867188,143.24000549316406,144.05999755859375,140.6699981689453,141.5800018310547,105575500,-0.009199707848613237,134.38050117492676,130.00700042724608,0.010393563756084223,145.11000061035156
2021-07-09,141.44625854492188,145.11000061035156,145.64999389648438,142.64999389648438,142.75,99890800,0.013054977977341231,135.33050117492675,130.23760040283204,0.009952392145341908,144.5
2021-07-12,140.8516387939453,144.5,146.32000732421875,144.0,146.2100067138672,76299700,-0.004203711720665804,136.1880012512207,130.45800048828124,0.01023944962512137,145.63999938964844
2021-07-13,141.96287536621094,145.63999938964844,147.4600067138672,143.6300048828125,144.02999877929688,100827100,0.007889269132515198,136.94600143432618,130.74160034179687,0.009317460336116957,149.14999389648438
2021-07-14,145.38421630859375,149.14999389648438,149.57000732421875,147.67999267578125,148.10000610351562,127050800,0.024100484218248397,137.92150115966797,131.0738003540039,0.009741781776868857,148.47999572753906
2021-07-15,144.73118591308594,148.47999572753906,150.0,147.08999633789062,149.24000549316406,106820300,-0.004492109932034749,138.8380012512207,131.48640029907227,0.010061895760350789,146.38999938964844
2021-07-16,142.6939697265625,146.38999938964844,149.75999450683594,145.8800048828125,148.4600067138672,93251400,-0.014075945568625792,139.5680015563965,131.8522001647949,0.010960632421145937,142.4499969482422
2021-07-19,138.85340881347656,142.4499969482422,144.07000732421875,141.6699981689453,143.75,121434600,-0.026914423511397723,140.16750106811523,132.10639999389647,0.012711558650395844,146.14999389648438
2021-07-20,142.45997619628906,146.14999389648438,147.10000610351562,142.9600067138672,143.4600067138672,96350000,0.025974005107115117,140.86000061035156,132.42519973754884,0.013440617288378589,145.39999389648438
2021-07-21,141.7289276123047,145.39999389648438,146.1300048828125,144.6300048828125,145.52999877929688,74993500,-0.005131714206784155,141.43100051879884,132.7961996459961,0.013499636281150085,146.8000030517578
2021-07-22,143.09359741210938,146.8000030517578,148.1999969482422,145.80999755859375,145.94000244140625,77338200,0.009628674099327439,142.08600082397462,133.21399963378906,0.013467237832359463,148.55999755859375
2021-07-23,144.80914306640625,148.55999755859375,148.72000122070312,146.9199981689453,147.5500030517578,71447400,0.011989063148829748,142.84350051879883,133.72979965209962,0.013455360401420787,148.99000549316406
2021-07-26,145.22828674316406,148.99000549316406,149.8300018310547,147.6999969482422,148.27000427246094,72434100,0.002894506876931713,143.63750076293945,134.21019973754883,0.013348627901174205,146.77000427246094
2021-07-27,143.0643310546875,146.77000427246094,149.2100067138672,145.5500030517578,149.1199951171875,104818600,-0.014900336524955593,144.23700103759765,134.5965998840332,0.014006263951208306,144.97999572753906
2021-07-28,141.3195037841797,144.97999572753906,146.97000122070312,142.5399932861328,144.80999755859375,118931200,-0.012196010716187922,144.66950073242188,134.97079986572265,0.014368344396686309,145.63999938964844
2021-07-29,141.96287536621094,145.63999938964844,146.5500030517578,144.5800018310547,144.69000244140625,56699500,0.0045523774421245555,145.10350036621094,135.38659988403322,0.014367989082095224,145.86000061035156
2021-07-30,142.1773223876953,145.86000061035156,146.3300018310547,144.11000061035156,144.3800048828125,70440600,0.001510582406104799,145.53300018310546,135.80999984741212,0.014371489102612737,145.52000427246094
2021-08-02,141.84591674804688,145.52000427246094,146.9499969482422,145.25,146.36000061035156,62880000,-0.002330977214232255,145.81100006103514,136.17419998168944,0.013877702215220335,147.36000061035156
2021-08-03,143.63941955566406,147.36000061035156,148.0399932861328,145.17999267578125,145.80999755859375,64786600,0.012644284523559701,146.0779998779297,136.61279998779298,0.01378542046736562,146.9499969482422
2021-08-04,143.23977661132812,146.9499969482422,147.7899932861328,146.27999877929688,147.27000427246094,56368300,-0.00278232668574363,146.19699935913087,137.0097999572754,0.013288146600620257,147.05999755859375
2021-08-05,143.34698486328125,147.05999755859375,147.83999633789062,146.1699981689453,146.97999572753906,46397700,0.0007485580989179397,146.38799896240235,137.41299987792968,0.013074647008355148,146.13999938964844
2021-08-06,142.66368103027344,146.13999938964844,147.11000061035156,145.6300048828125,146.35000610351562,54126800,-0.006255937605185613,146.4394989013672,137.79879989624024,0.012880078564869935,146.08999633789062
2021-08-09,142.61485290527344,146.08999633789062,146.6999969482422,145.52000427246094,146.1999969482422,48908700,-0.0003421585600564825,146.5189987182617,138.21499984741212,0.01283579034555684,145.60000610351562
2021-08-10,142.1365203857422,145.60000610351562,147.7100067138672,145.3000030517578,146.44000244140625,69023100,-0.00335403002709167,146.5169990539551,138.6347999572754,0.012746818670633991,145.86000061035156
2021-08-11,142.390380859375,145.86000061035156,146.72000122070312,145.52999877929688,146.0500030517578,48493500,0.00178567648308392,146.35249938964844,139.06639999389648,0.011441913768943405,148.88999938964844
2021-08-12,145.34825134277344,148.88999938964844,149.0500030517578,145.83999633789062,146.19000244140625,72282600,0.020773335846824503,146.3729995727539,139.5430000305176,0.012397039202738897,149.10000610351562
2021-08-13,145.5532684326172,149.10000610351562,149.44000244140625,148.27000427246094,148.97000122070312,59375000,0.0014104823341263284,146.50849990844728,140.05420013427735,0.011932661593809794,151.1199951171875
2021-08-16,147.52523803710938,151.1199951171875,151.19000244140625,146.47000122070312,148.5399932861328,103296000,0.013547880154139325,146.94199981689454,140.55880004882812,0.01026735596825874,150.19000244140625
2021-08-17,146.6173553466797,150.19000244140625,151.67999267578125,149.08999633789062,150.22999572753906,92229700,-0.006154001494375949,147.1440002441406,141.04460006713867,0.008908502388475065,146.36000061035156
2021-08-18,142.87844848632812,146.36000061035156,150.72000122070312,146.14999389648438,149.8000030517578,86326000,-0.025501043803157875,147.19200057983397,141.43700012207032,0.010682502975672779,146.6999969482422
2021-08-19,143.21034240722656,146.6999969482422,148.0,144.5,145.02999877929688,86960300,0.002323014050784167,147.1870002746582,141.8284001159668,0.010472571544119806,148.19000244140625
2021-08-20,144.66488647460938,148.19000244140625,148.5,146.77999877929688,147.44000244140625,60549600,0.010156820205591055,147.16850051879882,142.2700001525879,0.01036985089770714,149.7100067138672
2021-08-23,146.1487579345703,149.7100067138672,150.19000244140625,147.88999938964844,148.30999755859375,60131800,0.010257131030562805,147.204500579834,142.7172003173828,0.010608696268515539,149.6199951171875
2021-08-24,146.06088256835938,149.6199951171875,150.86000061035156,149.14999389648438,149.4499969482422,48606400,-0.0006012396810035625,147.3470001220703,143.10000030517577,0.009994829270129712,148.36000061035156
2021-08-25,144.8308563232422,148.36000061035156,150.32000732421875,147.8000030517578,149.80999755859375,58991300,-0.008421297606974743,147.51600036621093,143.47440032958986,0.009765343461900795,147.5399932861328
2021-08-26,144.03033447265625,147.5399932861328,149.1199951171875,147.50999450683594,148.35000610351562,48597200,-0.005527145597501004,147.61100006103516,143.82220031738282,0.00984292374271736,148.60000610351562
2021-08-27,145.06517028808594,148.60000610351562,148.75,146.8300018310547,147.47999572753906,55802400,0.007184579541948732,147.74800033569335,144.15840057373046,0.009948886729453165,153.1199951171875
2021-08-30,149.47763061523438,153.1199951171875,153.49000549316406,148.61000061035156,149.0,90956700,0.03041715227469921,148.12799987792968,144.61160034179687,0.011882569499659877,151.8300018310547
2021-08-31,148.21832275390625,151.8300018310547,152.8000030517578,151.2899932861328,152.66000366210938,86453100,-0.008424721311841354,148.35149993896485,145.0022003173828,0.011880607719915993,152.50999450683594
2021-09-01,148.88214111328125,152.50999450683594,154.97999572753906,152.33999633789062,152.8300018310547,80313700,0.004478644981759983,148.62949981689454,145.37280029296875,0.011851770877833099,153.64999389648438
2021-09-02,149.99502563476562,153.64999389648438,154.72000122070312,152.39999389648438,153.8699951171875,71115500,0.007474915944589711,148.95899963378906,145.77180023193358,0.011911911773303014,154.3000030517578
2021-09-03,150.62957763671875,154.3000030517578,154.6300048828125,153.08999633789062,153.75999450683594,57808700,0.0042304535053308,149.36699981689452,146.18960021972657,0.011746921325143198,156.69000244140625
2021-09-07,152.9627227783203,156.69000244140625,157.25999450683594,154.38999938964844,154.97000122070312,82278300,0.01548930228372547,149.89700012207032,146.66120025634766,0.012054434860408388,155.11000061035156
2021-09-08,151.4203338623047,155.11000061035156,157.0399932861328,153.97999572753906,156.97999572753906,74420200,-0.010083616098260806,150.37249984741212,147.06780029296874,0.012348431524895976,154.07000732421875
2021-09-09,150.405029296875,154.07000732421875,156.11000061035156,153.9499969482422,155.49000549316406,57305700,-0.006704875778740793,150.78300018310546,147.42260040283202,0.012545467506169836,148.97000122070312
2021-09-10,145.4263458251953,148.97000122070312,155.47999572753906,148.6999969482422,155.0,140893200,-0.03310187486902216,150.7870002746582,147.66280029296874,0.014166153773838964,149.5500030517578
2021-09-13,145.99253845214844,149.5500030517578,151.4199981689453,148.75,150.6300048828125,102404300,0.003893413615506436,150.80950012207032,147.9084002685547,0.014188896412505729,148.1199951171875
2021-09-14,144.59652709960938,148.1199951171875,151.07000732421875,146.91000366210938,150.35000610351562,109296300,-0.009562072252685905,150.6595001220703,148.0716000366211,0.013988259731116887,149.02999877929688
2021-09-15,145.48492431640625,149.02999877929688,149.44000244140625,146.3699951171875,148.55999755859375,83281300,0.006143692223250508,150.60149993896485,148.2117999267578,0.014015820397901932,148.7899932861328
2021-09-16,145.25064086914062,148.7899932861328,148.97000122070312,147.22000122070312,148.44000244140625,68034100,-0.0016104508832446296,150.7229995727539,148.2961996459961,0.012711822566610291,146.05999755859375
2021-09-17,142.58558654785156,146.05999755859375,148.82000732421875,145.75999450683594,148.82000732421875,129868800,-0.018347979371765355,150.69099960327148,148.3525994873047,0.0134111852638279,142.94000244140625
2021-09-20,139.53981018066406,142.94000244140625,144.83999633789062,141.27000427246094,143.8000030517578,123478900,-0.02136105141269684,150.4284996032715,148.30919952392577,0.01397821894302046,143.42999267578125
2021-09-21,140.01809692382812,143.42999267578125,144.60000610351562,142.77999877929688,143.92999267578125,75834000,0.003427943374884501,150.1144989013672,148.28779937744142,0.013752112791863084,145.85000610351562
2021-09-22,142.3805694580078,145.85000610351562,146.42999267578125,143.6999969482422,144.4499969482422,76404300,0.016872436389261614,149.9259994506836,148.29199951171876,0.01438931552503278,146.8300018310547
2021-09-23,143.33724975585938,146.8300018310547,147.0800018310547,145.63999938964844,146.64999389648438,64838200,0.0067192025130498045,149.84949951171876,148.24559967041014,0.014386383868323263,146.9199981689453
2021-09-24,143.42506408691406,146.9199981689453,147.47000122070312,145.55999755859375,145.66000366210938,53477900,0.0006129288072487249,149.81849975585936,148.2143997192383,0.01433708271474757,145.3699951171875
2021-09-27,141.91197204589844,145.3699951171875,145.9600067138672,143.82000732421875,145.47000122070312,74150700,-0.010549980064493591,149.65699920654296,148.19399963378908,0.014410250845871216,141.91000366210938
2021-09-28,138.5343017578125,141.91000366210938,144.75,141.69000244140625,143.25,108972300,-0.0238012765446467,149.09649963378905,148.1831997680664,0.013241488054795088,142.8300018310547
2021-09-29,139.43238830566406,142.8300018310547,144.4499969482422,142.02999877929688,142.47000122070312,74602000,0.006482969101571312,148.64649963378906,148.1167999267578,0.013380989213248607,141.5
2021-09-30,138.13404846191406,141.5,144.3800048828125,141.27999877929688,143.66000366210938,89056700,-0.009311781936598096,148.09599990844725,148.03880004882814,0.013332460051190506,142.64999389648438
2021-10-01,139.2567138671875,142.64999389648438,142.9199981689453,139.11000061035156,141.89999389648438,94639600,0.00812716534617941,147.54599990844727,147.95579986572267,0.013361881460235394,139.13999938964844
2021-10-04,135.83018493652344,139.13999938964844,142.2100067138672,138.27000427246094,141.75999450683594,98322000,-0.02460564077824645,146.7879997253418,147.76739990234375,0.014010046957125022,141.11000061035156
2021-10-05,137.75332641601562,141.11000061035156,142.24000549316406,139.36000061035156,139.49000549316406,80861100,0.014158410445197056,146.00899963378907,147.6097998046875,0.013910091545104423,142.0
2021-10-06,138.6221466064453,142.0,142.14999389648438,138.3699951171875,139.47000122070312,83221100,0.00630713192402288,145.35349960327147,147.51439971923827,0.014084637260771153,143.2899932861328
2021-10-07,139.8814697265625,143.2899932861328,144.22000122070312,142.72000122070312,143.05999755859375,61732700,0.009084459761498742,144.8144989013672,147.48059967041016,0.014382724566247871,142.89999389648438
2021-10-08,139.500732421875,142.89999389648438,144.17999267578125,142.55999755859375,144.02999877929688,58773200,-0.00272174895611621,144.51099853515626,147.42579956054686,0.012586255552978437,142.80999755859375
2021-10-11,139.41285705566406,142.80999755859375,144.80999755859375,141.80999755859375,142.27000427246094,64452200,-0.0006297854565047167,144.17399826049805,147.36479949951172,0.01251518203188077,141.50999450683594
2021-10-12,138.143798828125,141.50999450683594,143.25,141.0399932861328,143.22999572753906,73035900,-0.009103025516294383,143.84349822998047,147.28459930419922,0.012501437638460322,140.91000366210938
2021-10-13,137.55810546875,140.91000366210938,141.39999389648438,139.1999969482422,141.24000549316406,78762700,-0.004239918507647045,143.4374984741211,147.15559936523437,0.012351167757754784,143.75999450683594
2021-10-14,140.34030151367188,143.75999450683594,143.8800048828125,141.50999450683594,142.11000061035156,69907100,0.02022561046524851,143.18599853515624,147.09179931640625,0.013377320404354407,144.83999633789062
2021-10-15,141.3945770263672,144.83999633789062,144.89999389648438,143.50999450683594,143.77000427246094,67940300,0.007512533892058082,143.1249984741211,147.04739929199218,0.012918565942125057,146.5500030517578
2021-10-18,143.06390380859375,146.5500030517578,146.83999633789062,143.16000366210938,143.4499969482422,85589200,0.01180617755525204,143.30549850463868,147.05559936523437,0.012186095427032678,148.75999450683594
2021-10-19,145.22134399414062,148.75999450683594,149.1699981689453,146.5500030517578,147.00999450683594,76378900,0.01508011879261173,143.5719985961914,147.1089993286133,0.012564898501333861,149.25999450683594
2021-10-20,145.70944213867188,149.25999450683594,149.75,148.1199951171875,148.6999969482422,58418800,0.003361118704377386,143.74249801635742,147.18219909667968,0.012071116365679932,149.47999572753906
2021-10-21,145.92420959472656,149.47999572753906,149.63999938964844,147.8699951171875,148.80999755859375,61421000,0.0014739463272126496,143.87499771118163,147.25459899902344,0.012002264979034552,148.69000244140625
2021-10-22,145.1529998779297,148.69000244140625,150.17999267578125,148.63999938964844,149.69000244140625,58883400,-0.005284943194491021,143.9634979248047,147.2505990600586,0.012083510903634345,148.63999938964844
2021-10-25,145.1042022705078,148.63999938964844,149.3699951171875,147.6199951171875,148.67999267578125,50720600,-0.0003362906109138919,144.12699813842772,147.24139892578125,0.011796857837021352,149.32000732421875
2021-10-26,145.7680206298828,149.32000732421875,150.83999633789062,149.00999450683594,149.3300018310547,60893400,0.004574865025313457,144.49749832153321,147.20539916992186,0.010237685314004125,148.85000610351562
2021-10-27,145.30921936035156,148.85000610351562,149.72999572753906,148.49000549316406,149.36000061035156,56094900,-0.0031476104851951847,144.79849853515626,147.17859924316406,0.010271772215862118,152.57000732421875
2021-10-28,148.94073486328125,152.57000732421875,153.1699981689453,149.72000122070312,149.82000732421875,100077900,0.02499160946030532,145.35199890136718,147.3027993774414,0.011094102123974277,149.8000030517578
2021-10-29,146.2366180419922,149.8000030517578,149.94000244140625,146.41000366210938,147.22000122070312,124953200,-0.0181556278395828,145.70949935913086,147.36479949951172,0.01207205499233656,148.9600067138672
2021-11-01,145.41656494140625,148.9600067138672,149.6999969482422,147.8000030517578,148.99000549316406,74588300,-0.005607452074619768,146.20049972534179,147.38019958496093,0.010466127324287814,150.02000427246094
2021-11-02,146.45138549804688,150.02000427246094,151.57000732421875,148.64999389648438,148.66000366210938,69122000,0.007115987586049588,146.64599990844727,147.3863995361328,0.010202663263613517,151.49000549316406
2021-11-03,147.88641357421875,151.49000549316406,151.97000122070312,149.82000732421875,150.38999938964844,54511500,0.009798701365408391,147.12050018310546,147.42379974365235,0.010289653775930012,150.9600067138672
2021-11-04,147.36898803710938,150.9600067138672,152.42999267578125,150.63999938964844,151.5800018310547,60394600,-0.003498572579567205,147.50400085449218,147.47579986572265,0.010301387841167447,151.27999877929688
2021-11-05,147.89694213867188,151.27999877929688,152.1999969482422,150.05999755859375,151.88999938964844,65463900,0.0021197141706292832,147.92300109863282,147.55059997558592,0.010224846770566827,150.44000244140625
2021-11-08,147.07571411132812,150.44000244140625,151.57000732421875,150.16000366210938,151.41000366210938,55020900,-0.005552593499925207,148.30450134277345,147.58739990234375,0.010372549108197479,150.80999755859375
2021-11-09,147.43740844726562,150.80999755859375,151.42999267578125,150.05999755859375,150.1999969482422,56787900,0.0024594197765426262,148.76950149536134,147.54119995117188,0.009998075050719714,147.9199981689453
2021-11-10,144.61209106445312,147.9199981689453,150.1300048828125,147.85000610351562,150.02000427246094,65187100,-0.01916318172822462,149.12000122070313,147.4629998779297,0.011083256111304547,147.8699951171875
2021-11-11,144.56320190429688,147.8699951171875,149.42999267578125,147.67999267578125,148.9600067138672,41000000,-0.0003380411869712274,149.32550125122071,147.37019989013672,0.010275625412536724,149.99000549316406
2021-11-12,146.63580322265625,149.99000549316406,150.39999389648438,147.47999572753906,148.42999267578125,63804000,0.014336988205730705,149.58300170898437,147.2970001220703,0.010595503844031623,150.0
2021-11-15,146.6455535888672,150.0,151.8800048828125,149.42999267578125,150.3699951171875,59222800,6.663448543164918e-05,149.7555015563965,147.21100006103515,0.010334051434358685,151.0
2021-11-16,147.62319946289062,151.0,151.49000549316406,149.33999633789062,149.94000244140625,59256200,0.006666666666666599,149.86750183105468,147.09720001220703,0.00990214017422327,153.49000549316406
2021-11-17,150.05752563476562,153.49000549316406,155.0,150.99000549316406,151.0,88807000,0.016490102603735624,150.0790023803711,147.06480010986328,0.010498502376280633,157.8699951171875
2021-11-18,154.3395538330078,157.8699951171875,158.6699981689453,153.0500030517578,153.7100067138672,137827700,0.02853599235957094,150.4985023498535,147.14079986572267,0.012120355318589833,160.5500030517578
2021-11-19,156.95965576171875,160.5500030517578,161.02000427246094,156.52999877929688,157.64999389648438,117305600,0.016976043690765552,151.09150238037108,147.37239990234374,0.012358275471375269,161.02000427246094
2021-11-22,157.4191131591797,161.02000427246094,165.6999969482422,161.0,161.67999267578125,117467900,0.002927444483147079,151.71050262451172,147.60179992675782,0.012320651873747894,161.41000366210938
2021-11-23,157.8004150390625,161.41000366210938,161.8000030517578,159.05999755859375,161.1199951171875,96041900,0.0024220555167078217,152.31500244140625,147.86760009765624,0.012325502705669667,161.94000244140625
2021-11-24,158.3185577392578,161.94000244140625,162.13999938964844,159.63999938964844,160.75,69463600,0.003283555958565998,152.9695022583008,148.12580017089843,0.012213359112658785,156.80999755859375
2021-11-26,153.3032684326172,156.80999755859375,160.4499969482422,156.36000061035156,159.57000732421875,76959800,-0.031678429081589354,153.18150177001954,148.28620025634766,0.013648174794562859,160.24000549316406
2021-11-29,156.6565704345703,160.24000549316406,161.19000244140625,158.7899932861328,159.3699951171875,88748200,0.02187365594013646,153.70350189208983,148.56980041503905,0.013554930144431888,165.3000030517578
2021-11-30,161.60342407226562,165.3000030517578,165.52000427246094,159.9199981689453,159.99000549316406,174048100,0.031577617231232535,154.52050170898437,149.0170004272461,0.014743602949951834,164.77000427246094
2021-12-01,161.08523559570312,164.77000427246094,170.3000030517578,164.52999877929688,167.47999572753906,152052500,-0.003206284147078464,155.25800170898438,149.4438006591797,0.014857689157767282,163.75999450683594
2021-12-02,160.09783935546875,163.75999450683594,164.1999969482422,157.8000030517578,158.74000549316406,136739200,-0.006129815739731703,155.87150115966796,149.8020004272461,0.015002124194250241,161.83999633789062
2021-12-03,158.22076416015625,161.83999633789062,164.9600067138672,159.72000122070312,164.02000427246094,118023100,-0.011724464053185835,156.41550064086914,150.10220031738282,0.015327987450577263,165.32000732421875
2021-12-06,161.62298583984375,165.32000732421875,167.8800048828125,164.27999877929688,164.2899932861328,107497000,0.021502787105003085,157.11750106811525,150.4702005004883,0.015834074642392438,171.17999267578125
2021-12-07,167.3519287109375,171.17999267578125,171.5800018310547,168.33999633789062,169.0800018310547,120405400,0.035446316791349686,158.15450057983398,150.98640045166016,0.017061464337052742,175.0800018310547
2021-12-08,171.1646728515625,175.0800018310547,175.9600067138672,170.6999969482422,172.1300048828125,116998900,0.02278308985945654,159.36800079345704,151.64980041503907,0.017402680532430877,174.55999755859375
2021-12-09,170.6563262939453,174.55999755859375,176.75,173.9199981689453,174.91000366210938,108923700,-0.0029700951966102895,160.70000076293945,152.28440032958986,0.016440499121799693,179.4499969482422
2021-12-10,175.43695068359375,179.4499969482422,179.6300048828125,174.69000244140625,175.2100067138672,115402700,0.028013287454401015,162.27900085449218,153.04340026855468,0.01686051339906754,175.74000549316406
2021-12-13,171.8099822998047,175.74000549316406,182.1300048828125,175.52999877929688,181.1199951171875,153237000,-0.020674235264256824,163.56650085449218,153.70520050048827,0.01814016212809532,174.3300018310547
2021-12-14,170.43150329589844,174.3300018310547,177.74000549316406,172.2100067138672,175.25,139380400,-0.008023236702153325,164.78300094604492,154.4090005493164,0.018417015636914943,179.3000030517578
2021-12-15,175.2903594970703,179.3000030517578,179.5,172.30999755859375,175.11000061035156,131063300,0.02850915601733095,166.1980010986328,155.17280059814453,0.01899091228883943,172.25999450683594
2021-12-16,168.40774536132812,172.25999450683594,181.13999938964844,170.75,179.27999877929688,150185800,-0.039263850669816525,167.1365005493164,155.77800048828124,0.02170089277946587,171.13999938964844
2021-12-17,167.31280517578125,171.13999938964844,173.47000122070312,169.69000244140625,169.92999267578125,195432700,-0.006501771466984829,167.80000076293945,156.33500061035156,0.02119498456933742,169.75
2021-12-20,165.95388793945312,169.75,170.5800018310547,167.4600067138672,168.27999877929688,107499100,-0.00812200183829448,168.26000061035157,156.87200073242187,0.021145233584691142,172.99000549316406
2021-12-21,169.1214141845703,172.99000549316406,173.1999969482422,169.1199951171875,171.55999755859375,91185900,0.01908692484927288,168.8585006713867,157.4756008911133,0.021448778942653474,175.63999938964844
2021-12-22,171.7122039794922,175.63999938964844,175.86000061035156,172.14999389648438,173.0399932861328,92135300,0.01531876878626437,169.57000045776368,158.15820098876952,0.021598191756192982,176.27999877929688
2021-12-23,172.3378448486328,176.27999877929688,176.85000610351562,175.27000427246094,175.85000610351562,68356600,0.0036438134358485197,170.2870002746582,158.86560089111327,0.02159731351919346,180.3300018310547
2021-12-27,176.2972869873047,180.3300018310547,180.4199981689453,177.07000732421875,177.08999633789062,74919600,0.022974830268908786,171.46300048828124,159.59700103759766,0.02019441206453526,179.2899932861328
2021-12-28,175.28054809570312,179.2899932861328,181.3300018310547,178.52999877929688,180.1600036621093,79144300,-0.00576725189575622,172.41549987792968,160.2860009765625,0.02008327428732792,179.3800048828125
2021-12-29,175.36854553222656,179.3800048828125,180.6300048828125,178.13999938964844,179.3300018310547,62348900,0.0005020447322792165,173.11949996948243,160.9426010131836,0.019167118400023445,178.1999969482422
2021-12-30,174.21490478515625,178.1999969482422,180.57000732421875,178.08999633789062,179.47000122070312,59773000,-0.006578257901939555,173.79099960327147,161.53140106201172,0.019250988794455016,177.57000732421875
2021-12-31,173.59906005859375,177.57000732421875,179.22999572753906,177.25999450683594,178.08999633789062,64062300,-0.0035352953693170708,174.48150024414062,162.09760131835938,0.019187051684418324,182.009994506836
2022-01-03,177.93971252441406,182.009994506836,182.8800048828125,177.7100067138672,177.8300018310547,104487900,0.025004150472947906,175.4900001525879,162.7482012939453,0.019336645647065318,179.6999969482422
2022-01-04,175.68138122558594,179.6999969482422,182.94000244140625,179.1199951171875,182.6300048828125,99310400,-0.012691597320536374,176.20899963378906,163.36840118408202,0.019411610001834514,174.9199981689453
2022-01-05,171.00828552246094,174.9199981689453,180.1699981689453,174.63999938964844,179.61000061035156,94537600,-0.02659988236212174,176.39599990844727,163.89400115966797,0.0191377136900302,172.0
2022-01-06,168.15359497070312,172.0,175.3000030517578,171.63999938964844,172.6999969482422,96904000,-0.016693335236175,176.24199981689452,164.3476010131836,0.018833883530540347,172.1699981689453
2022-01-07,168.31976318359375,172.1699981689453,174.13999938964844,171.02999877929688,172.88999938964844,86709100,0.0009883614473564784,176.12249984741212,164.81400085449218,0.018829774263110322,172.19000244140625
2022-01-10,168.33932495117188,172.19000244140625,172.5,168.1699981689453,169.0800018310547,106765600,0.00011618907285648739,175.7595001220703,165.20640075683593,0.017597794796658715,175.0800018310547
2022-01-11,171.1646728515625,175.0800018310547,175.17999267578125,170.82000732421875,172.32000732421875,76138300,0.016783781570778755,175.72649993896485,165.71200073242187,0.0174891995047484,175.52999877929688
2022-01-12,171.6046142578125,175.52999877929688,177.17999267578125,174.82000732421875,176.1199951171875,74805200,0.0025702361408266317,175.78649978637696,166.24340057373047,0.017394934840849495,172.19000244140625
2022-01-13,168.33932495117188,172.19000244140625,176.6199951171875,171.7899932861328,175.77999877929688,84505800,-0.019028065636177538,175.43099975585938,166.68680053710938,0.016593788343473546,173.07000732421875
2022-01-14,169.1996612548828,173.07000732421875,173.77999877929688,171.08999633789062,171.33999633789062,80440800,0.005110661887074208,175.47150039672852,167.11840057373047,0.014115011666135284,169.8000030517578
2022-01-18,166.00277709960938,169.8000030517578,172.5399932861328,169.41000366210938,171.50999450683594,90956700,-0.018894112983626976,175.40450057983398,167.4952005004883,0.01469090394310856,166.22999572753906
2022-01-19,162.51258850097656,166.22999572753906,171.0800018310547,165.94000244140625,170.0,94815000,-0.021024777738847034,175.22850036621094,167.79420043945314,0.015322642751279704,164.50999450683594
2022-01-20,160.83106994628906,164.50999450683594,169.67999267578125,164.17999267578125,166.97999572753906,91420500,-0.010347117036099251,174.80449981689452,168.0756002807617,0.014699156531468029,162.41000366210938
2022-01-21,158.77806091308594,162.41000366210938,166.3300018310547,162.3000030517578,164.4199981689453,122848900,-0.01276512622240289,174.14300003051758,168.30760040283204,0.014251264469196617,161.6199951171875
2022-01-24,158.00570678710938,161.6199951171875,162.3000030517578,154.6999969482422,160.02000427246094,162294600,-0.00486428500159064,173.4099998474121,168.58160034179687,0.014143584881399269,159.77999877929688
2022-01-25,156.2068328857422,159.77999877929688,162.75999450683594,157.02000427246094,158.97999572753906,115798400,-0.011384707297859231,172.38249969482422,168.81980041503905,0.012674798760970506,159.69000244140625
2022-01-26,156.11888122558594,159.69000244140625,164.38999938964844,157.82000732421875,163.5,108275300,-0.0005632515870458432,171.4025001525879,169.0138003540039,0.012732140701587784,159.22000122070312
2022-01-27,155.65940856933594,159.22000122070312,163.83999633789062,158.27999877929688,162.4499969482422,121954600,-0.0029432100539642514,170.3944999694824,169.19820037841797,0.012667027565505728,170.3300018310547
2022-01-28,166.52093505859375,170.3300018310547,170.35000610351562,162.8000030517578,165.7100067138672,179935700,0.06977766942076213,170.00100021362306,169.58480041503907,0.021124585529014715,174.77999877929688
2022-01-31,170.87142944335938,174.77999877929688,175.0,169.50999450683594,170.16000366210938,115541600,0.026125737688043937,169.86149978637695,170.0106002807617,0.022036265686909282,174.61000061035156
2022-02-01,170.70521545410156,174.61000061035156,174.83999633789062,172.30999755859375,174.00999450683594,86213900,-0.0009726408635577499,169.49150009155272,170.345400390625,0.021199465256956727,175.83999633789062
2022-02-02,171.90773010253906,175.83999633789062,175.8800048828125,173.3300018310547,174.75,84914300,0.007044245594408194,169.29850006103516,170.65120025634766,0.021128195737535684,172.89999389648438
2022-02-03,169.033447265625,172.89999389648438,176.24000549316406,172.1199951171875,174.47999572753906,89418100,-0.016719759455390393,169.1974998474121,170.88880004882813,0.020604140235449632,172.38999938964844
2022-02-04,168.7495880126953,172.38999938964844,174.10000610351562,170.67999267578125,171.67999267578125,82465400,-0.0029496502304173777,169.21699981689454,171.1083999633789,0.020257850748883605,171.66000366210938
2022-02-07,168.03497314453125,171.66000366210938,173.9499969482422,170.9499969482422,172.86000061035156,77251200,-0.004234559603942367,169.19150009155274,171.30279998779298,0.020282200775023275,174.8300018310547
2022-02-08,171.13803100585938,174.8300018310547,175.35000610351562,171.42999267578125,171.72999572753906,74829200,0.018466725511581794,169.32350006103516,171.6632000732422,0.02069657818959437,176.27999877929688
2022-02-09,172.55743408203125,176.27999877929688,176.64999389648438,174.89999389648438,176.0500030517578,71285000,0.008293753549481586,169.38349990844728,171.98399993896484,0.020440409039958387,172.1199951171875
2022-02-10,168.48524475097656,172.1199951171875,175.47999572753906,171.5500030517578,174.13999938964844,90865900,-0.02359884099680365,169.2129997253418,172.12039978027343,0.021129238076200624,168.63999938964844
2022-02-11,165.07876586914062,168.63999938964844,173.0800018310547,168.0399932861328,172.3300018310547,98670700,-0.020218427993619836,169.0354995727539,172.1977996826172,0.021184967840746482,168.8800048828125
2022-02-14,165.31373596191406,168.8800048828125,169.5800018310547,166.55999755859375,167.3699951171875,86185500,0.0014231824835904128,168.82599945068358,172.30019989013672,0.021146527817938063,172.7899932861328
2022-02-15,169.14112854003906,172.7899932861328,172.9499969482422,170.25,170.97000122070312,62527400,0.023152465006342826,168.97549896240236,172.51919982910155,0.021364692657742972,172.5500030517578
2022-02-16,168.90618896484375,172.5500030517578,173.33999633789062,170.0500030517578,171.85000610351562,61177400,-0.0013889128057177347,169.29149932861327,172.66379974365233,0.020737147476852857,168.8800048828125
2022-02-17,165.31373596191406,168.8800048828125,171.91000366210938,168.47000122070312,171.02999877929688,69589300,-0.021269186346200564,169.5099998474121,172.61779998779298,0.021219469469734745,167.3000030517578
2022-02-18,163.76705932617188,167.3000030517578,170.5399932861328,166.19000244140625,169.82000732421875,82772700,-0.009355766137921773,169.75449981689454,172.46220001220703,0.021112087149654214,164.32000732421875
2022-02-22,160.85000610351562,164.32000732421875,166.69000244140625,162.14999389648438,164.97999572753906,91162800,-0.017812287347162448,169.8895004272461,172.25740020751954,0.021518301784708455,160.07000732421875
2022-02-23,156.68972778320312,160.07000732421875,166.14999389648438,159.75,165.5399932861328,90009200,-0.02586416632525068,169.90400085449218,171.86980041503907,0.02219150156156601,162.74000549316406
2022-02-24,159.30335998535156,162.74000549316406,162.85000610351562,152.0,152.5800018310547,141147500,0.01668019020913314,170.05650100708007,171.60980041503908,0.022488374575584974,164.85000610351562
2022-02-25,161.36878967285156,164.85000610351562,165.1199951171875,160.8699951171875,163.83999633789062,91974200,0.012965469700934706,170.3380012512207,171.42020050048828,0.02261578023384178,165.1199951171875
2022-02-28,161.63308715820312,165.1199951171875,165.4199981689453,162.42999267578125,163.05999755859375,95056600,0.0016377858882354879,170.07750091552734,171.13660034179688,0.016041171722775964,163.1999969482422
2022-03-01,159.753662109375,163.1999969482422,166.60000610351562,161.97000122070312,164.6999969482422,83474400,-0.011627896231359958,169.4985008239746,170.955400390625,0.014801309340136973,166.55999755859375
2022-03-02,163.042724609375,166.55999755859375,167.36000061035156,162.9499969482422,164.38999938964844,79724800,0.02058823941900667,169.09600067138672,170.8638003540039,0.01573670721274038,166.22999572753906
2022-03-03,162.71963500976562,166.22999572753906,168.91000366210938,165.5500030517578,168.47000122070312,76678400,-0.001981279033932526,168.61550064086913,170.79340026855468,0.015585153554959952,163.1699981689453
2022-03-04,159.7242431640625,163.1699981689453,165.5500030517578,162.10000610351562,164.49000549316406,83737200,-0.01840821534766368,168.12900085449218,170.5970001220703,0.015669492036348317,159.3000030517578
2022-03-07,155.93603515625,159.3000030517578,165.02000427246094,159.0399932861328,163.36000061035156,96418800,-0.02371756548762427,167.47450103759766,170.2702001953125,0.01635481420381261,157.44000244140625
2022-03-08,154.11529541015625,157.44000244140625,162.8800048828125,155.8000030517578,158.82000732421875,131148300,-0.011676086470301161,166.7635009765625,169.8934002685547,0.01644927400547053,162.9499969482422
2022-03-09,159.5089111328125,162.9499969482422,163.41000366210938,159.41000366210938,161.47999572753906,91454900,0.034997423916368176,166.16950073242188,169.54580017089845,0.017990509268141143,158.52000427246094
2022-03-10,155.1724853515625,158.52000427246094,160.38999938964844,155.97999572753906,160.1999969482422,105342000,-0.027186209013482565,165.28150100708007,169.130400390625,0.01852241524083602,154.72999572753906
2022-03-11,151.4624786376953,154.72999572753906,159.27999877929688,154.5,158.92999267578125,96970100,-0.02390870831928371,164.41200103759766,168.63740020751953,0.01853879658338104,150.6199951171875
2022-03-14,147.4392852783203,150.6199951171875,154.1199951171875,150.10000610351562,151.4499969482422,108732100,-0.026562403695717718,163.5110008239746,168.08580017089844,0.018861674966618634,155.08999633789062
2022-03-15,151.81491088867188,155.08999633789062,155.57000732421875,150.3800048828125,150.89999389648438,92964300,0.029677342754030223,162.8215003967285,167.63619995117188,0.020400147745381576,159.58999633789062
2022-03-16,156.21987915039062,159.58999633789062,160.0,154.4600067138672,157.0500030517578,102300200,0.02901541109199557,162.1615005493164,167.18779998779297,0.02084885226469239,160.6199951171875
2022-03-17,157.2281494140625,160.6199951171875,161.0,157.6300048828125,158.61000061035156,75615400,0.006454030972694147,161.56500015258788,166.80619995117186,0.02096920607617034,163.97999572753906
2022-03-18,160.5171356201172,163.97999572753906,164.47999572753906,159.75999450683594,160.50999450683594,123511700,0.020918943546848645,161.31999969482422,166.58739990234375,0.021194375952181932,165.3800048828125
2022-03-21,161.88760375976562,165.3800048828125,166.35000610351562,163.00999450683594,163.50999450683594,95811400,0.008537682593916074,161.22399978637696,166.455,0.021212227053904884,168.82000732421875
2022-03-22,165.25498962402344,168.82000732421875,169.4199981689453,164.91000366210938,165.50999450683594,81532000,0.0208005946295855,161.44899978637696,166.38800018310548,0.021297557080179514,170.2100067138672
2022-03-23,166.61563110351562,170.2100067138672,172.63999938964844,167.64999389648438,167.99000549316406,98062700,0.008233617636201895,161.95599975585938,166.34840026855468,0.020328839743788685,174.07000732421875
2022-03-24,170.39410400390625,174.07000732421875,174.13999938964844,170.2100067138672,171.05999755859375,90131400,0.02267787120671727,162.52249984741212,166.32820037841796,0.020579733801344896,174.72000122070312
2022-03-25,171.03036499023438,174.72000122070312,175.27999877929688,172.75,173.8800048828125,80546200,0.003734094727035453,163.0159996032715,166.3120004272461,0.02046114143059778,175.60000610351562
2022-03-28,171.89181518554688,175.60000610351562,175.72999572753906,172.0,172.1699981689453,90371900,0.005036657947940837,163.54000015258788,166.3802005004883,0.020462383016043598,178.9600067138672
2022-03-29,175.1808624267578,178.9600067138672,179.00999450683594,176.33999633789062,176.69000244140625,100589400,0.019134399166084615,164.32800064086913,166.49800048828126,0.020438950181961728,177.77000427246094
2022-03-30,174.0159912109375,177.77000427246094,179.61000061035156,176.6999969482422,178.5500030517578,92633200,-0.006649544014093012,164.8885009765625,166.65740051269532,0.020239341823220947,174.61000061035156
2022-03-31,170.92269897460938,174.61000061035156,178.02999877929688,174.39999389648438,177.83999633789062,103049300,-0.017775797863323284,165.30750122070313,166.82500061035157,0.020764028632239032,174.30999755859375
2022-04-01,170.62904357910156,174.30999755859375,174.8800048828125,171.94000244140625,174.02999877929688,78751300,-0.0017181321270783867,165.86450119018554,167.02100067138673,0.0202001828229416,178.44000244140625
2022-04-04,174.6718292236328,178.44000244140625,178.49000549316406,174.44000244140625,174.57000732421875,76468400,0.023693448113463633,166.82150115966797,167.34160064697267,0.019611191220496003,175.05999755859375
2022-04-05,171.36318969726562,175.05999755859375,178.3000030517578,174.4199981689453,177.5,73401800,-0.018941968373500706,167.70250091552734,167.6104006958008,0.02001648233922369,171.8300018310547
2022-04-06,168.201416015625,171.8300018310547,173.6300048828125,170.1300048828125,172.36000061035156,89058800,-0.018450792714411857,168.14650115966796,167.85140075683594,0.01943158113838469,172.13999938964844
2022-04-07,168.5048370361328,172.13999938964844,173.36000061035156,169.85000610351562,171.16000366210938,77594700,0.0018040944846089424,168.82750091552734,168.10040069580077,0.018110550741232575,170.08999633789062
2022-04-08,166.49815368652344,170.08999633789062,171.77999877929688,169.1999969482422,171.77999877929688,76575500,-0.01190892912179875,169.59550094604492,168.31780059814454,0.017308340431797527,165.75
2022-04-11,162.24978637695312,165.75,169.02999877929688,165.5,168.7100067138672,72246700,-0.025515882364234077,170.35200119018555,168.22620056152343,0.01720956419985302,167.66000366210938
2022-04-12,164.1194610595703,167.66000366210938,169.8699951171875,166.63999938964844,168.02000427246094,79265200,0.01152340067637625,170.9805015563965,168.0838006591797,0.016290232547663534,170.39999389648438
2022-04-13,166.8015899658203,170.39999389648438,171.0399932861328,166.77000427246094,167.38999938964844,70618900,0.016342539511671417,171.52100143432617,167.99960052490235,0.015494249674194863,165.2899932861328
2022-04-14,161.79949951171875,165.2899932861328,171.27000427246094,165.0399932861328,170.6199951171875,75329400,-0.02998826756681583,171.75450134277344,167.7886004638672,0.017168142218838545,165.07000732421875
2022-04-18,161.58416748046875,165.07000732421875,166.60000610351562,163.57000732421875,163.9199981689453,69023900,-0.0013309091345490298,171.80900192260742,167.6320007324219,0.016558721288595934,167.39999389648438
2022-04-19,163.86492919921875,167.39999389648438,167.82000732421875,163.91000366210938,165.02000427246094,67723800,0.014115141872437453,171.910001373291,167.5322006225586,0.01674777441793337,167.22999572753906
2022-04-20,163.69851684570312,167.22999572753906,168.8800048828125,166.10000610351562,168.75999450683594,67929800,-0.0010155207595194948,171.83050079345702,167.4436004638672,0.01606919638383865,166.4199981689453
2022-04-21,162.90567016601562,166.4199981689453,171.52999877929688,165.91000366210938,168.91000366210938,87227800,-0.004843614060203949,171.64100036621093,167.275400390625,0.01596727760168751,161.7899932861328
2022-04-22,158.37339782714844,161.7899932861328,167.8699951171875,161.5,166.4600067138672,84882400,-0.02782120498590701,171.02699966430663,166.98560028076173,0.016018016686925308,162.8800048828125
2022-04-25,159.4404296875,162.8800048828125,163.1699981689453,158.4600067138672,161.1199951171875,96046400,0.006737200333224225,170.43499984741212,166.80080047607422,0.01610353138804854,156.8000030517578
2022-04-26,153.48878479003906,156.8000030517578,162.33999633789062,156.72000122070312,162.25,95623200,-0.03732810442527357,169.49499969482423,166.5640005493164,0.017650342547094213,156.57000732421875
2022-04-27,153.26364135742188,156.57000732421875,159.7899932861328,155.3800048828125,155.91000366210938,88063200,-0.001466809458308127,168.3754997253418,166.31780059814454,0.016713493723605276,163.63999938964844
2022-04-28,160.18438720703125,163.63999938964844,164.52000427246094,158.92999267578125,159.25,130216800,0.04515546870218534,167.66899948120118,166.13480072021486,0.020318968789349703,157.64999389648438
2022-04-29,154.32086181640625,157.64999389648438,166.1999969482422,157.25,161.83999633789062,131747600,-0.036604775821961866,166.8209991455078,165.83680053710938,0.02140130859822927,157.9600067138672
2022-05-02,154.62432861328125,157.9600067138672,158.22999572753906,153.27000427246094,156.7100067138672,123055300,0.0019664626031408172,166.00349960327148,165.61840057373047,0.021445756062619448,159.47999572753906
2022-05-03,156.11221313476562,159.47999572753906,160.7100067138672,156.32000732421875,158.14999389648438,88966500,0.009622619328101267,165.0554992675781,165.4620004272461,0.02068270183885492,166.02000427246094
2022-05-04,162.5141143798828,166.02000427246094,166.47999572753906,159.25999450683594,159.6699981689453,108256500,0.0410083315784322,164.60349960327147,165.49600036621095,0.022847382342151647,156.77000427246094
2022-05-05,153.45944213867188,156.77000427246094,164.0800018310547,154.9499969482422,163.85000610351562,130525300,-0.05571617733980727,163.8504997253418,165.43000030517578,0.025581251116165906,157.27999877929688
2022-05-06,154.1848602294922,157.27999877929688,159.44000244140625,154.17999267578125,156.00999450683594,116124600,0.0032531383104996703,163.1074996948242,165.32080017089845,0.025601383796024835,152.05999755859375
2022-05-09,149.06759643554688,152.05999755859375,155.8300018310547,151.49000549316406,154.92999267578125,131577900,-0.03318922470255159,162.20599975585938,165.065,0.026369722462075997,154.50999450683594
2022-05-10,151.46939086914062,154.50999450683594,156.74000549316406,152.92999267578125,155.52000427246094,115366700,0.01611204121779708,161.64399948120118,164.85279998779296,0.02632916135665325,146.5
2022-05-11,143.61703491210938,146.5,155.4499969482422,145.80999755859375,153.5,142689800,-0.05184127106082803,160.58599929809571,164.51880004882813,0.028212613813690904,142.55999755859375
2022-05-12,139.75453186035156,142.55999755859375,146.1999969482422,138.8000030517578,142.77000427246094,182602000,-0.026894214617107504,159.19399948120116,164.03880004882814,0.028038924895201534,147.11000061035156
2022-05-13,144.2150115966797,147.11000061035156,148.10000610351562,143.11000061035156,144.58999633789062,113990900,0.03191640803646689,158.2849998474121,163.65640014648437,0.028944599753003578,145.5399932861328
2022-05-16,142.67588806152344,145.5399932861328,147.52000427246094,144.17999267578125,145.5500030517578,86643800,-0.010672335787539122,157.30849914550782,163.30380004882812,0.028950711296582478,149.24000549316406
2022-05-17,146.3031005859375,149.24000549316406,149.77000427246094,146.67999267578125,148.86000061035156,78336300,0.02542264929033622,156.4004997253418,163.10260009765625,0.029467449823590598,140.82000732421875
2022-05-18,138.04876708984375,140.82000732421875,147.36000061035156,139.89999389648438,146.85000610351562,109742900,-0.056419176219683176,155.0800003051758,162.7702001953125,0.031571568139656565,137.35000610351562
2022-05-19,134.64706420898438,137.35000610351562,141.66000366210938,136.60000610351562,139.8800048828125,136095600,-0.024641393553644142,153.6265007019043,162.25820037841797,0.03177446609281448,137.58999633789062
2022-05-20,134.8823699951172,137.58999633789062,140.6999969482422,132.61000061035156,139.08999633789062,137426100,0.0017472895792529641,152.4165008544922,161.83960021972655,0.03154312801619355,143.11000061035156
2022-05-23,140.29371643066406,143.11000061035156,143.25999450683594,137.64999389648438,137.7899932861328,117726300,0.04011922682885327,151.42800064086913,161.60720031738282,0.03318187492588142,140.36000061035156
2022-05-24,137.5978546142578,140.36000061035156,141.97000122070312,137.3300018310547,140.80999755859375,104132700,-0.019215987619813357,150.60600051879882,161.4020004272461,0.032520197575930734,140.52000427246094
2022-05-25,137.7546844482422,140.52000427246094,141.7899932861328,138.33999633789062,138.42999267578125,92482700,0.0011399519906925004,149.80350036621093,161.1106005859375,0.0325403923975094,143.77999877929688
2022-05-26,140.9505615234375,143.77999877929688,144.33999633789062,137.13999938964844,137.38999938964844,90601500,0.02319950475175747,148.81050033569335,160.79440063476562,0.031101857531150707,149.63999938964844
2022-05-27,146.6952362060547,149.63999938964844,149.67999267578125,145.25999450683594,145.38999938964844,90978500,0.04075671623385313,148.41000061035157,160.57480072021485,0.03189378882912543,148.83999633789062
2022-05-31,145.91094970703125,148.83999633789062,150.66000366210938,146.83999633789062,149.07000732421875,103718400,-0.005346184543042365,147.95400009155273,160.27200073242187,0.031886436172272374,148.7100067138672
2022-06-01,145.78350830078125,148.7100067138672,151.74000549316406,147.67999267578125,149.89999389648438,74286600,-0.0008733514325567349,147.41550064086914,159.93860076904298,0.0317628640339472,151.2100067138672
2022-06-02,148.2343292236328,151.2100067138672,151.27000427246094,146.86000061035156,147.8300018310547,72348100,0.016811242600575316,146.67500076293945,159.58640075683593,0.03043099514653113,145.3800048828125
2022-06-03,142.51905822753906,145.3800048828125,147.97000122070312,144.4600067138672,146.89999389648438,88570300,-0.03855566147871903,146.10550079345703,159.08980072021484,0.029116013767406242,146.13999938964844
2022-06-06,143.2641143798828,146.13999938964844,148.57000732421875,144.89999389648438,147.02999877929688,71598400,0.005227641225136415,145.54850082397462,158.53120056152343,0.029142947280870503,148.7100067138672
2022-06-07,145.78350830078125,148.7100067138672,149.0,144.10000610351562,144.35000610351562,67808200,0.017585926747997416,145.3810012817383,158.0110006713867,0.028605101555312408,147.9600067138672
2022-06-08,145.0482940673828,147.9600067138672,149.8699951171875,147.4600067138672,148.5800018310547,53950200,-0.005043372780172639,145.05350189208986,157.45820068359376,0.028339796129848785,142.63999938964844
2022-06-09,139.83299255371094,142.63999938964844,147.9499969482422,142.52999877929688,147.0800018310547,69473000,-0.0359557115626985,144.86050186157226,156.73180053710936,0.027056403266408135,137.1300048828125
2022-06-10,134.43142700195312,137.1300048828125,140.75999450683594,137.05999755859375,140.27999877929688,91437900,-0.038628677302390724,144.5890022277832,155.9190005493164,0.0277657637657494,131.8800048828125
2022-06-13,129.28472900390625,131.8800048828125,135.1999969482422,131.44000244140625,132.8699951171875,122207100,-0.03828483784046022,143.82750244140624,155.06440063476563,0.027746850543636216,132.75999450683594
2022-06-14,130.1474151611328,132.75999450683594,133.88999938964844,131.47999572753906,133.1300048828125,84784300,0.006672653862921818,143.1885025024414,154.23340057373048,0.027833831025725952,135.42999267578125
2022-06-15,132.7648468017578,135.42999267578125,137.33999633789062,132.16000366210938,134.2899932861328,91533000,0.020111466401181888,142.49800186157228,153.37320037841798,0.027560180007829085,130.05999755859375
2022-06-16,127.5005340576172,130.05999755859375,132.38999938964844,129.0399932861328,132.0800018310547,108123900,-0.039651446559871295,141.96000137329102,152.47320037841797,0.026114111455208446,131.55999755859375
2022-06-17,128.9710235595703,131.55999755859375,133.0800018310547,129.80999755859375,130.07000732421875,134520300,0.011533138767930717,141.6705009460449,151.66780029296876,0.025834305779107537,135.8699951171875
2022-06-21,133.1962127685547,135.8699951171875,137.05999755859375,133.32000732421875,133.4199981689453,81000500,0.032760699593918474,141.58450088500976,150.94240020751954,0.026966451082381503,135.35000610351562
2022-06-22,132.6864471435547,135.35000610351562,137.75999450683594,133.91000366210938,134.7899932861328,73409200,-0.003827107031419197,141.19650115966797,150.24760040283203,0.025236103782309862,138.27000427246094
2022-06-23,135.54898071289062,138.27000427246094,138.58999633789062,135.6300048828125,136.82000732421875,72433800,0.021573683319320303,141.09200134277344,149.69800048828125,0.025459551570964443,141.66000366210938
2022-06-24,138.87228393554688,141.66000366210938,141.91000366210938,139.77000427246094,139.89999389648438,89116800,0.024517243689154977,141.14900131225585,149.17800048828124,0.02606531751342779,141.66000366210938
2022-06-27,138.87228393554688,141.66000366210938,143.49000549316406,140.97000122070312,142.6999969482422,70207900,0.0,141.0430015563965,148.60320068359374,0.02552328147221193,137.44000244140625
2022-06-28,134.73529052734375,137.44000244140625,143.4199981689453,137.32000732421875,142.1300048828125,67083400,-0.029789645006425114,140.43300170898436,148.04620086669922,0.02438076389527715,139.22999572753906
2022-06-29,136.4900665283203,139.22999572753906,140.6699981689453,136.6699981689453,137.4600067138672,66242400,0.013023815878466127,139.9525016784668,147.52940063476564,0.024670030514911498,136.72000122070312
2022-06-30,134.0294952392578,136.72000122070312,138.3699951171875,133.77000427246094,137.25,98964500,-0.01802768500939822,139.3530014038086,146.91580078125,0.02488799509289929,138.92999267578125
2022-07-01,136.1959686279297,138.92999267578125,139.0399932861328,135.66000366210938,136.0399932861328,71051600,0.016164360995803317,138.7390007019043,146.34980072021483,0.02486007075052946,141.55999755859375
2022-07-05,138.7742462158203,141.55999755859375,141.61000061035156,136.92999267578125,137.77000427246094,73353800,0.018930432746441683,138.54800033569336,145.8526007080078,0.023952620286057356,142.9199981689453
2022-07-06,140.1074676513672,142.9199981689453,144.1199951171875,141.0800018310547,141.35000610351562,74064300,0.009607238159132114,138.3870002746582,145.47520080566406,0.02403296891303973,146.35000610351562
2022-07-07,143.469970703125,146.35000610351562,146.5500030517578,143.27999877929688,143.2899932861328,66253700,0.02399949607133145,138.2690002441406,145.14460083007813,0.02433264117496839,147.0399932861328
2022-07-08,144.1463623046875,147.0399932861328,147.5500030517578,145.0,145.25999450683594,64547800,0.004714637197412497,138.2229995727539,144.94940063476562,0.024334907805751357,144.8699951171875
2022-07-11,142.01910400390625,144.8699951171875,146.63999938964844,143.77999877929688,145.6699981689453,63141600,-0.014757877230874183,138.33449935913086,144.715400390625,0.023118983397983506,145.86000061035156
2022-07-12,142.98959350585938,145.86000061035156,148.4499969482422,145.0500030517578,145.75999450683594,77588800,0.006833751132270249,138.7709991455078,144.35980041503908,0.021166759708024462,145.49000549316406
2022-07-13,142.62689208984375,145.49000549316406,146.4499969482422,142.1199951171875,142.99000549316406,71185600,-0.0025366455206311533,139.45149917602538,144.11660064697264,0.018852756038373587,148.47000122070312
2022-07-14,145.54824829101562,148.47000122070312,148.9499969482422,143.25,144.0800018310547,78140700,0.0204824772494705,140.23699951171875,143.9268005371094,0.019163998172332265,150.1699981689453
2022-07-15,147.21478271484375,150.1699981689453,150.86000061035156,148.1999969482422,149.77999877929688,76259900,0.011450103955445545,140.97399978637696,143.7406005859375,0.01891946868808146,147.07000732421875
2022-07-18,144.17578125,147.07000732421875,151.57000732421875,146.6999969482422,150.74000549316406,81420900,-0.020643210245224752,141.8245002746582,143.36160064697265,0.01691064670744971,151.0
2022-07-19,148.0284423828125,151.0,151.22999572753906,146.91000366210938,147.9199981689453,82982400,0.026721917998667744,142.7965003967285,143.24620056152344,0.017489169551809892,153.0399932861328
2022-07-20,150.02828979492188,153.0399932861328,153.72000122070312,150.3699951171875,151.1199951171875,64823400,0.013509889312137924,143.65500030517578,143.16140045166014,0.016502138549492902,155.35000610351562
2022-07-21,152.2928466796875,155.35000610351562,155.57000732421875,151.94000244140625,154.5,65086600,0.015094177461599134,144.65500030517578,143.2272006225586,0.01644550569795749,154.08999633789062
2022-07-22,151.0576629638672,154.08999633789062,156.27999877929688,153.41000366210938,155.38999938964844,66675400,-0.008110780277571505,145.44599990844728,143.2188006591797,0.016404589624968567,152.9499969482422
2022-07-25,149.94007873535156,152.9499969482422,155.0399932861328,152.27999877929688,154.00999450683594,53623900,-0.0073982699509488326,146.0104995727539,143.34780059814454,0.016010947404334584,151.60000610351562
2022-07-26,148.6166534423828,151.60000610351562,153.08999633789062,150.8000030517578,152.25999450683594,55138700,-0.0088263541788981,146.50749969482422,143.52860076904298,0.016245861834405805,156.7899932861328
2022-07-27,153.7045135498047,156.7899932861328,157.3300018310547,152.16000366210938,152.5800018310547,78620700,0.034234742570348864,147.47499923706056,143.7222006225586,0.015632744884493663,157.35000610351562
2022-07-28,154.2534637451172,157.35000610351562,157.63999938964844,154.41000366210938,156.97999572753906,81378700,0.0035717382573059453,148.38099975585936,143.95840087890625,0.015575014570776312,162.50999450683594
2022-07-29,159.31195068359375,162.50999450683594,163.6300048828125,159.5,161.24000549316406,101786900,0.03279306134837845,149.670499420166,144.2238006591797,0.015551204620740621,161.50999450683594
2022-08-01,158.33163452148438,161.50999450683594,163.58999633789062,160.88999938964844,161.00999450683594,67829400,-0.00615346768692393,150.79949951171875,144.63760040283202,0.015793167994669087,160.00999450683594
2022-08-02,156.8611297607422,160.00999450683594,162.41000366210938,159.6300048828125,160.10000610351562,59907000,-0.009287350944318873,151.72199935913085,145.09080017089843,0.01599396515007241,166.1300048828125
2022-08-03,162.86074829101562,166.1300048828125,166.58999633789062,160.75,160.83999633789062,82507500,0.038247675683253046,152.88249969482422,145.66160034179688,0.017518472709558912,165.80999755859375
2022-08-04,162.54702758789062,165.80999755859375,167.19000244140625,164.42999267578125,166.00999450683594,55474100,-0.0019262464022948844,153.85549926757812,146.11560028076173,0.017205061030683946,165.35000610351562
2022-08-05,162.3212432861328,165.35000610351562,165.85000610351562,163.0,163.2100067138672,56697000,-0.0027742082012610636,154.77099990844727,146.615400390625,0.01732476223898353,164.8699951171875
2022-08-08,161.85000610351562,164.8699951171875,167.80999755859375,164.1999969482422,166.3699951171875,60276900,-0.0029029995077690662,155.77099990844727,147.10240020751954,0.016770156520075227,164.9199981689453
2022-08-09,161.89910888671875,164.9199981689453,165.82000732421875,163.25,164.02000427246094,63135500,0.0003032877615012364,156.72399978637696,147.5252001953125,0.016829226772161955,169.24000549316406
2022-08-10,166.13995361328125,169.24000549316406,169.33999633789062,166.89999389648438,167.67999267578125,70170500,0.026194563256017656,157.91149978637696,147.91720031738282,0.01725673037272779,168.49000549316406
2022-08-11,165.40370178222656,168.49000549316406,170.99000549316406,168.19000244140625,170.05999755859375,57149200,-0.0044315763156265175,158.9125,148.3102005004883,0.017186737410190247,172.10000610351562
2022-08-12,168.9475860595703,172.10000610351562,172.1699981689453,169.39999389648438,169.82000732421875,68039400,0.021425606817361276,160.0090003967285,148.77800048828124,0.0174806992509796,173.19000244140625
2022-08-15,170.0176239013672,173.19000244140625,173.38999938964844,171.35000610351562,171.52000427246094,54091700,0.006333505515595528,161.31500015258788,149.21760040283203,0.016233165041418498,173.02999877929688
2022-08-16,169.86056518554688,173.02999877929688,173.7100067138672,171.66000366210938,172.77999877929688,56377100,-0.0009238620004263787,162.41650009155273,149.77060028076173,0.015754709303919576,174.5500030517578
2022-08-17,171.35269165039062,174.5500030517578,176.14999389648438,172.57000732421875,172.77000427246094,79542000,0.00878462857992468,163.49200057983398,150.3388003540039,0.015686418956625092,174.14999389648438
2022-08-18,170.9600372314453,174.14999389648438,174.89999389648438,173.1199951171875,173.75,62290100,-0.0022916594000563784,164.43199996948243,150.84760009765625,0.015679212448595187,171.52000427246094
2022-08-19,168.37818908691406,171.52000427246094,173.74000549316406,171.30999755859375,173.02999877929688,70346300,-0.015101864577650947,165.30350036621093,151.31880004882814,0.016079495581484405,167.57000732421875
2022-08-22,164.50054931640625,167.57000732421875,169.86000061035156,167.13999938964844,169.69000244140625,69026800,-0.023029365962279114,166.03450088500978,151.81740020751954,0.017087382946091932,167.22999572753906
2022-08-23,164.16676330566406,167.22999572753906,168.7100067138672,166.64999389648438,167.0800018310547,54147100,-0.0020290719210975805,166.81600036621094,152.41940002441407,0.016870153380067712,167.52999877929688
2022-08-24,164.46127319335938,167.52999877929688,168.11000061035156,166.25,167.32000732421875,53841500,0.001793954789346408,167.35300064086914,153.13239990234376,0.015413241568156618,170.02999877929688
2022-08-25,166.91546630859375,170.02999877929688,170.13999938964844,168.35000610351562,168.77999877929688,51218200,0.014922700520600518,167.98700027465821,153.87779998779297,0.015626253717401506,163.6199951171875
2022-08-26,160.62286376953125,163.6199951171875,171.0500030517578,163.55999755859375,170.57000732421875,78961000,-0.03769925135640162,168.0425003051758,154.44160003662108,0.016702306426702347,161.3800048828125
2022-08-29,158.42393493652344,161.3800048828125,162.89999389648438,159.82000732421875,161.14999389648438,73314000,-0.013690198638440787,168.0360008239746,155.06800018310548,0.016942963134971827,158.91000366210938
2022-08-30,155.99917602539062,158.91000366210938,162.55999755859375,157.72000122070312,162.1300048828125,77906200,-0.015305497248539135,167.9810012817383,155.61500030517578,0.017170297014638125,157.22000122070312
2022-08-31,154.34014892578125,157.22000122070312,160.5800018310547,157.13999938964844,160.30999755859375,87991100,-0.010634965719336975,167.5355010986328,156.04200042724608,0.014711727816202131,157.9600067138672
2022-09-01,155.0665740966797,157.9600067138672,158.4199981689453,154.6699981689453,156.63999938964844,74229900,0.004706815210650195,167.14300155639648,156.49420043945312,0.014803362371066754,155.80999755859375
2022-09-02,152.9559783935547,155.80999755859375,160.36000061035156,154.97000122070312,159.75,76957800,-0.013611098150736467,166.6660011291504,156.84500030517577,0.015017738050371255,154.52999877929688
2022-09-06,151.69943237304688,154.52999877929688,157.08999633789062,153.69000244140625,156.47000122070312,73714800,-0.008215126110989845,166.14900131225585,157.10240020751954,0.01506545108418076,155.9600067138672
2022-09-07,153.10324096679688,155.9600067138672,156.6699981689453,153.61000061035156,154.82000732421875,87449600,0.00925391798269981,165.70100173950195,157.38840026855468,0.015303707686960254,154.4600067138672
2022-09-08,151.63070678710938,154.4600067138672,156.36000061035156,152.67999267578125,154.63999938964844,84923800,-0.009617850316921195,164.9620018005371,157.7288003540039,0.013765555041672532,157.3699951171875
2022-09-09,154.48736572265625,157.3699951171875,157.82000732421875,154.75,155.47000122070312,68028800,0.01883975318420772,164.40600128173827,158.09160034179686,0.014719290065441558,163.42999267578125
2022-09-12,160.43638610839844,163.42999267578125,164.25999450683594,159.3000030517578,159.58999633789062,104956000,0.038507960517385253,163.97250061035157,158.62580017089843,0.016604698132959103,153.83999633789062
2022-09-13,151.0220489501953,153.83999633789062,160.5399932861328,153.3699951171875,159.89999389648438,122656600,-0.05867953721882391,163.00500030517577,158.92400024414061,0.020662497626741275,155.30999755859375
2022-09-14,152.46511840820312,155.30999755859375,157.10000610351562,153.61000061035156,154.7899932861328,87965400,0.009555390377639084,162.11900024414064,159.19900024414062,0.020921259167872013,152.3699951171875
2022-09-15,149.57896423339844,152.3699951171875,155.24000549316406,151.3800048828125,154.64999389648438,90481100,-0.018929898188280392,161.0099998474121,159.38800018310548,0.020865599984611335,150.6999969482422
2022-09-16,147.93955993652344,150.6999969482422,151.35000610351562,148.3699951171875,151.2100067138672,162278800,-0.010960151095764759,159.8375,159.475,0.020862242233444676,154.47999572753906
2022-09-19,151.65029907226562,154.47999572753906,154.55999755859375,149.10000610351562,149.30999755859375,81474200,0.025082938658552933,158.9854995727539,159.62380004882812,0.02194737223415886,156.89999389648438
2022-09-20,154.0260009765625,156.89999389648438,158.0800018310547,153.0800018310547,153.39999389648438,107689800,0.01566544689199456,158.45199890136718,159.86440002441407,0.021978676850315612,153.72000122070312
2022-09-21,150.9042510986328,153.72000122070312,158.74000549316406,153.60000610351562,157.33999633789062,101696800,-0.02026764053209118,157.7764991760254,160.0216000366211,0.022309869472313153,152.74000549316406
2022-09-22,149.94219970703125,152.74000549316406,154.47000122070312,150.91000366210938,152.3800048828125,86652500,-0.006375199842290069,157.03699951171876,160.1666000366211,0.02227365262017254,150.42999267578125
2022-09-23,147.67449951171875,150.42999267578125,151.47000122070312,148.55999755859375,151.19000244140625,96029900,-0.015123823060790742,156.05699920654297,160.20579986572267,0.02191411278646173,150.77000427246094
2022-09-26,148.00828552246094,150.77000427246094,153.77000427246094,149.63999938964844,149.66000366210938,93339400,0.0022602646628622214,155.41449966430665,160.21779998779297,0.020644729061605412,151.75999450683594
2022-09-27,148.9801483154297,151.75999450683594,154.72000122070312,149.9499969482422,152.74000549316406,84442700,0.0065662280713738586,154.93349914550782,160.3115997314453,0.020634838814580458,149.83999633789062
2022-09-28,147.09530639648438,149.83999633789062,150.63999938964844,144.83999633789062,147.63999938964844,146691400,-0.012651543479456517,154.47999877929686,160.28839965820313,0.020559014433546803,142.47999572753906
2022-09-29,139.8701171875,142.47999572753906,146.72000122070312,140.67999267578125,146.10000610351562,128138200,-0.049119065604851575,153.74299850463868,160.07719970703124,0.022994376695142107,138.1999969482422
2022-09-30,135.66851806640625,138.1999969482422,143.10000610351562,138.0,141.27999877929688,124925300,-0.030039296095161427,152.75499801635743,159.73419952392578,0.023555530885970257,142.4499969482422
2022-10-03,139.84066772460938,142.4499969482422,143.07000732421875,137.69000244140625,138.2100067138672,114311700,0.030752533240588242,152.08699798583984,159.50139953613282,0.02489099749409332,146.10000610351562
2022-10-04,143.42384338378906,146.10000610351562,146.22000122070312,144.25999450683594,145.02999877929688,87830100,0.02562309044204225,151.66549835205078,159.3643997192383,0.02573754962943916,146.39999389648438
2022-10-05,143.7183380126953,146.39999389648438,147.3800048828125,143.00999450683594,144.07000732421875,79471000,0.0020533044519943644,151.18749771118163,159.26039947509764,0.025614799036392674,145.42999267578125
2022-10-06,142.76609802246094,145.42999267578125,147.5399932861328,145.22000122070312,145.80999755859375,68402200,-0.0066256916744750205,150.73599700927736,159.03319946289062,0.025581862719101307,140.08999633789062
2022-10-07,137.52394104003906,140.08999633789062,143.10000610351562,139.4499969482422,142.5399932861328,85925600,-0.03671867294799025,149.8719970703125,158.68799926757814,0.026131172050867048,140.4199981689453
2022-10-10,137.84786987304688,140.4199981689453,141.88999938964844,138.57000732421875,140.4199981689453,74899000,0.0023556416566585803,148.72149734497071,158.2461993408203,0.02410030638571556,138.97999572753906
2022-10-11,136.4342498779297,138.97999572753906,141.35000610351562,138.22000122070312,139.89999389648438,77033700,-0.01025496695758199,147.97849731445314,157.79559936523438,0.02088218061729823,138.33999633789062
2022-10-12,135.80601501464844,138.33999633789062,140.36000061035156,138.16000366210938,139.1300048828125,70433700,-0.004604974883602009,147.12999725341797,157.36219940185546,0.020606014539403184,142.99000549316406
2022-10-13,140.37078857421875,142.99000549316406,143.58999633789062,134.3699951171875,134.99000549316406,113224000,0.0336129050048255,146.6609977722168,156.8993994140625,0.022107226250117084,138.3800048828125
2022-10-14,135.84523010253906,138.3800048828125,144.52000427246094,138.19000244140625,144.30999755859375,88598000,-0.03224001981433555,146.0449981689453,156.35079956054688,0.023007382061482506,142.41000366210938
2022-10-17,139.8014373779297,142.41000366210938,142.89999389648438,140.27000427246094,141.07000732421875,85250900,0.02912269574429982,145.44149856567384,155.89199951171875,0.023292140347445665,143.75
2022-10-18,141.11688232421875,143.75,146.6999969482422,140.61000061035156,145.49000549316406,99136600,0.009409425626236034,144.78399887084962,155.469599609375,0.023057793697987262,143.86000061035156
2022-10-19,141.224853515625,143.86000061035156,144.9499969482422,141.5,141.69000244140625,61758300,0.0007652216372282528,144.29099884033204,155.04839965820312,0.022759949627181832,143.38999938964844
2022-10-20,140.76345825195312,143.38999938964844,145.88999938964844,142.64999389648438,143.02000427246094,64522000,-0.003267073673773546,143.82349853515626,154.53139953613282,0.02274674073732016,147.27000427246094
2022-10-21,144.57237243652344,147.27000427246094,147.85000610351562,142.64999389648438,142.8699951171875,86548600,0.027059103837980825,143.66549911499024,154.10699951171875,0.02349753453451834,149.4499969482422
2022-10-24,146.7124786376953,149.4499969482422,150.22999572753906,146.0,147.19000244140625,75981900,0.014802693097965003,143.5994987487793,153.65399932861328,0.023749445981371353,152.33999633789062
2022-10-25,149.54953002929688,152.33999633789062,152.49000549316406,149.36000061035156,150.08999633789062,74732300,0.019337567404898115,143.62849884033204,153.23699920654298,0.02410907080027923,149.35000610351562
2022-10-26,146.61436462402344,149.35000610351562,151.99000549316406,148.0399932861328,150.9600067138672,88194300,-0.019627086164182295,143.60399932861327,152.76339935302735,0.02435803632832674,144.8000030517578
2022-10-27,142.14764404296875,144.8000030517578,149.0500030517578,144.1300048828125,148.07000732421875,109180200,-0.03046536903791064,143.71999969482422,152.16839935302735,0.022672207553809817,155.74000549316406
2022-10-28,152.88723754882812,155.74000549316406,157.5,147.82000732421875,148.1999969482422,164762400,0.07555250145606562,144.5970001220703,151.80019958496095,0.02694302865942589,153.33999633789062
2022-10-31,150.53121948242188,153.33999633789062,154.24000549316406,151.9199981689453,153.16000366210938,97943200,-0.015410357458724877,145.14150009155273,151.43659942626954,0.026717271341391614,150.64999389648438
2022-11-01,147.89048767089844,150.64999389648438,155.4499969482422,149.1300048828125,155.0800018310547,80379300,-0.0175427318745901,145.36899948120117,151.09819915771484,0.02662396793844266,145.02999877929688
2022-11-02,142.3734130859375,145.02999877929688,152.1699981689453,145.0,148.9499969482422,93604600,-0.03730498071609045,145.3004997253418,150.65419921875,0.028026990246280248,138.8800048828125
2022-11-03,136.33607482910156,138.8800048828125,142.8000030517578,138.75,142.05999755859375,97918500,-0.04240497792352105,144.97300033569337,150.08119934082032,0.029564997143603774,138.3800048828125
2022-11-04,136.07057189941406,138.3800048828125,142.6699981689453,134.3800048828125,142.08999633789062,140814800,-0.003600230288167805,144.88750076293945,149.4481994628906,0.028416837683435617,138.9199981689453
2022-11-07,136.6015625,138.9199981689453,139.14999389648438,135.6699981689453,137.11000061035156,83374600,0.003902249364639898,144.81250076293946,148.95419952392578,0.028426362114579298,139.5
2022-11-08,137.1719207763672,139.5,141.42999267578125,137.49000549316406,140.41000366210938,89908500,0.004175078021159573,144.8385009765625,148.51659942626952,0.028339591434771046,134.8699951171875
2022-11-09,132.61915588378906,134.8699951171875,138.5500030517578,134.58999633789062,138.5,74917800,-0.03318999915994625,144.66500091552734,148.0357992553711,0.02931790497424202,146.8699951171875
2022-11-10,144.41888427734375,146.8699951171875,146.8699951171875,139.5,141.24000549316406,118854000,0.08897457132383879,144.8590003967285,147.82879913330078,0.03483835041102692,149.6999969482422
2022-11-11,147.20167541503906,149.6999969482422,150.00999450683594,144.3699951171875,145.82000732421875,93979700,0.019268754171310798,145.425,147.66359893798827,0.034077102062780196,148.27999877929688
2022-11-14,145.8053436279297,148.27999877929688,150.27999877929688,147.42999267578125,148.97000122070312,73374100,-0.009485625904429806,145.71849975585937,147.51299896240235,0.033698984165026036,150.0399932861328
2022-11-15,147.53599548339844,150.0399932861328,153.58999633789062,148.55999755859375,152.22000122070312,89868300,0.011869399253607638,146.03299942016602,147.42319885253906,0.033729823334782805,148.7899932861328
2022-11-16,146.30682373046875,148.7899932861328,149.8699951171875,147.2899932861328,149.1300048828125,64218300,-0.00833111207633952,146.27949905395508,147.2797985839844,0.03381807808677647,150.72000122070312
2022-11-17,148.2046356201172,150.72000122070312,151.47999572753906,146.14999389648438,146.42999267578125,80389400,0.01297135574741759,146.6459991455078,147.20499847412108,0.033874402180787834,151.2899932861328
2022-11-18,148.76515197753906,151.2899932861328,152.6999969482422,149.97000122070312,152.30999755859375,74829600,0.003781794458686649,146.8469985961914,147.0833984375,0.03340185034967513,148.00999450683594
2022-11-21,145.53985595703125,148.00999450683594,150.3699951171875,147.72000122070312,150.16000366210938,58724100,-0.02168020969565021,146.7749984741211,146.7749984741211,0.03365329006616393,150.17999267578125
2022-11-22,147.67364501953125,150.17999267578125,150.4199981689453,146.92999267578125,148.1300048828125,51804100,0.014661159715434469,146.66699829101563,146.7017984008789,0.033528164968878234,151.07000732421875
2022-11-23,148.548828125,151.07000732421875,151.8300018310547,149.33999633789062,149.4499969482422,58301400,0.0059263196953200925,146.75299835205078,146.6169985961914,0.03323425514756552,148.11000061035156
2022-11-25,145.63818359375,148.11000061035156,148.8800048828125,147.1199951171875,148.30999755859375,35195900,-0.01959360938875554,146.91849822998046,146.5317987060547,0.03277683967888314,144.22000122070312
2022-11-28,141.81309509277344,144.22000122070312,146.63999938964844,143.3800048828125,145.13999938964844,69246000,-0.02626425881856731,146.3424980163574,146.4021987915039,0.02829051027015794,141.1699981689453
2022-11-29,138.81402587890625,141.1699981689453,144.80999755859375,140.35000610351562,144.2899932861328,83763800,-0.021148266717113118,145.73399810791017,146.13599884033204,0.028446699552761922,148.02999877929688
2022-11-30,145.5595703125,148.02999877929688,148.72000122070312,140.5500030517578,141.39999389648438,111380900,0.04859389884061516,145.60299835205078,145.95859893798828,0.030527056607556467,148.30999755859375
2022-12-01,145.83486938476562,148.30999755859375,149.1300048828125,146.61000061035156,148.2100067138672,71250400,0.0018915002472865705,145.76699829101562,145.8503988647461,0.02926828878441926,147.80999755859375
2022-12-02,145.34323120117188,147.80999755859375,148.0,145.64999389648438,145.9600067138672,65447400,-0.0033713168918532155,146.2134979248047,145.7517987060547,0.027429030617804655,146.6300048828125
2022-12-05,144.18292236328125,146.6300048828125,150.9199981689453,145.77000427246094,147.77000427246094,68826400,-0.00798317228381984,146.6259979248047,145.67579895019531,0.02750587296491024,142.91000366210938
2022-12-06,140.52499389648438,142.91000366210938,147.3000030517578,141.9199981689453,147.07000732421875,64727200,-0.025369986338581674,146.82549819946288,145.5185989379883,0.028238300534774687,140.94000244140625
2022-12-07,138.58786010742188,140.94000244140625,143.3699951171875,140.0,142.19000244140625,69721100,-0.013784907775671984,146.8974983215332,145.3021990966797,0.028443115468861947,142.64999389648438
2022-12-08,140.26931762695312,142.64999389648438,143.52000427246094,141.10000610351562,142.36000061035156,62128300,0.012132761639400691,147.28649826049804,145.15839904785156,0.027370498915407382,142.16000366210938
2022-12-09,139.7875213623047,142.16000366210938,145.57000732421875,140.89999389648438,142.33999633789062,76097000,-0.0034349124103753015,147.05099868774414,145.15199920654297,0.018474468971282725,144.49000549316406
2022-12-12,142.07862854003906,144.49000549316406,144.5,141.05999755859375,142.6999969482422,70462700,0.01638999557563814,146.79049911499024,145.2777993774414,0.018314931347745096,145.47000122070312
2022-12-13,143.0422821044922,145.47000122070312,149.97000122070312,144.24000549316406,149.5,93886200,0.006782446468835079,146.64999923706054,145.33819946289063,0.018308065740742816,143.2100067138672
2022-12-14,140.81997680664062,143.2100067138672,146.66000366210938,141.16000366210938,145.35000610351562,82291200,-0.015535811424151502,146.30849990844726,145.28039947509765,0.018335620902663337,136.5
2022-12-15,134.2219696044922,136.5,141.8000030517578,136.02999877929688,141.11000061035156,98931900,-0.04685431463789913,145.69400024414062,145.08239959716798,0.020865939763170166,134.50999450683594
2022-12-16,132.26516723632812,134.50999450683594,137.64999389648438,133.72999572753906,136.69000244140625,160156900,-0.014578794821714758,144.88349990844728,144.86399963378906,0.02058753985885207,132.3699951171875
2022-12-19,130.16085815429688,132.3699951171875,135.1999969482422,131.32000732421875,135.11000061035156,79592600,-0.01590959391154889,143.9375,144.709599609375,0.020592554720574717,132.3000030517578
2022-12-20,130.09205627441406,132.3000030517578,133.25,129.88999938964844,131.38999938964844,77432800,-0.0005287608069164396,143.1520004272461,144.54719970703124,0.020310773292990258,135.4499969482422
2022-12-21,133.1894989013672,135.4499969482422,136.80999755859375,132.75,132.97999572753906,85928000,0.023809477126406797,142.41550064086914,144.4765997314453,0.02088132245528738,132.22999572753906
2022-12-22,130.0232391357422,132.22999572753906,134.55999755859375,130.3000030517578,134.35000610351562,77852100,-0.02377261936693542,141.47350006103517,144.35439971923827,0.021122399240965338,131.86000061035156
2022-12-23,129.6593780517578,131.86000061035156,132.4199981689453,129.63999938964844,130.9199981689453,63814900,-0.0027981178941416385,140.66100006103517,144.13179962158202,0.020904101356811786,130.02999877929688
2022-12-27,127.8599624633789,130.02999877929688,131.41000366210938,128.72000122070312,131.3800048828125,69007800,-0.01387836965405731,139.95149993896484,143.9647994995117,0.020437540775125468,126.04000091552734
2022-12-28,123.9365234375,126.04000091552734,131.02999877929688,125.87000274658205,129.6699981689453,85438400,-0.03068521034551308,139.19500007629395,143.63739944458007,0.02094002113474165,129.61000061035156
2022-12-29,127.44696807861328,129.61000061035156,130.47999572753906,127.7300033569336,127.98999786376952,75703700,0.02832433885189234,138.27400016784668,143.3545994567871,0.01853993823875138,129.92999267578125
2022-12-30,127.76161193847656,129.92999267578125,129.9499969482422,127.43000030517578,128.41000366210938,77034200,0.00246888406699175,137.35499992370606,143.0759992980957,0.018554067587506558,125.06999969482422
2023-01-03,122.9827117919922,125.06999969482422,130.89999389648438,124.16999816894533,130.27999877929688,112117500,-0.03740470449409117,136.21800003051757,142.70959930419923,0.019779113364750224,126.36000061035156
2023-01-04,124.25119018554688,126.36000061035156,128.66000366210938,125.08000183105467,126.88999938964844,89113600,0.010314231379827232,135.20449981689453,142.29139923095704,0.02020487481146918,125.0199966430664
2023-01-05,122.9335479736328,125.0199966430664,127.7699966430664,124.76000213623048,127.12999725341795,80962700,-0.010604653061194957,134.30999946594238,141.80279922485352,0.01977173480626422,129.6199951171875
2023-01-06,127.45677947998048,129.6199951171875,130.2899932861328,124.88999938964844,126.01000213623048,87754700,0.036794101724815675,133.74399909973144,141.34839920043945,0.02190724831207835,130.14999389648438
2023-01-09,127.97789764404295,130.14999389648438,133.41000366210938,129.88999938964844,130.47000122070312,70790800,0.004088865910060413,133.11899909973144,140.96439895629882,0.02166901790977906,130.72999572753906
2023-01-10,128.5482635498047,130.72999572753906,131.25999450683594,128.1199951171875,130.25999450683594,63896200,0.004456410743407302,132.54749870300293,140.68299880981445,0.02175823245599196,133.49000549316406
2023-01-11,131.26219177246094,133.49000549316406,133.50999450683594,130.4600067138672,131.25,69458900,0.02111229140844828,131.99749870300292,140.23799880981446,0.022014754197414433,133.41000366210938
2023-01-12,131.1835174560547,133.41000366210938,134.25999450683594,131.44000244140625,133.8800048828125,71379600,-0.0005993095195339082,131.39449882507324,139.83939895629882,0.021890939639910997,134.75999450683594
2023-01-13,132.51100158691406,134.75999450683594,134.9199981689453,131.66000366210938,132.02999877929688,57809700,0.010119112567793076,130.97199821472168,139.52159896850586,0.021936496863497208,135.94000244140625
2023-01-17,133.67129516601562,135.94000244140625,137.2899932861328,134.1300048828125,134.8300018310547,63646600,0.008756366745847899,130.943998336792,139.33979904174805,0.01944199518492767,135.2100067138672
2023-01-18,132.95350646972656,135.2100067138672,138.61000061035156,135.02999877929688,136.82000732421875,69672800,-0.005369984658148752,130.97899894714357,139.26639907836915,0.019186567326787328,135.27000427246094
2023-01-19,133.0125274658203,135.27000427246094,136.25,133.77000427246094,134.0800018310547,58280400,0.00044373608175840573,131.12399940490724,139.20419906616212,0.018797896790298745,137.8699951171875
2023-01-20,135.569091796875,137.8699951171875,138.02000427246094,134.22000122070312,135.27999877929688,80223600,0.01922074933545259,131.40249900817872,139.18319900512697,0.019213548147591276,141.11000061035156
2023-01-23,138.75502014160156,141.11000061035156,143.32000732421875,137.89999389648438,138.1199951171875,81760300,0.02350043960188808,131.68549919128418,139.215399017334,0.019195404128202045,142.52999877929688
2023-01-24,140.1513214111328,142.52999877929688,143.16000366210938,140.3000030517578,140.30999755859375,66435100,0.010063058343160014,132.20049934387208,139.36859909057617,0.018251415261476712,141.86000061035156
2023-01-25,139.4925079345703,141.86000061035156,142.42999267578125,138.80999755859375,140.88999938964844,65799300,-0.00470075194473818,132.70049934387208,139.26839920043946,0.01829316450092405,143.9600067138672
2023-01-26,141.55746459960938,143.9600067138672,144.25,141.89999389648438,143.1699981689453,54105100,0.014803370185255682,133.3969997406006,139.15359939575194,0.017953699631710524,145.92999267578125
2023-01-27,143.49459838867188,145.92999267578125,147.22999572753906,143.0800018310547,143.16000366210938,70555800,0.013684258613779976,134.3914993286133,139.10659927368164,0.015903138572522204,143.0
2023-01-30,140.6134796142578,143.0,145.5500030517578,142.85000610351562,144.9600067138672,64015300,-0.020078070464177533,135.0609992980957,138.965799407959,0.016242378512661363,144.2899932861328
2023-01-31,141.88197326660156,144.2899932861328,144.33999633789062,142.27999877929688,142.6999969482422,65874500,0.009020932070858745,135.77899932861328,138.875799407959,0.01625357805617,145.42999267578125
2023-02-01,143.0029296875,145.42999267578125,146.61000061035156,141.32000732421875,143.97000122070312,77663600,0.007900751560697472,136.79699897766113,138.76999923706055,0.012757863566933871,150.82000732421875
2023-02-02,148.302978515625,150.82000732421875,151.17999267578125,148.1699981689453,148.89999389648438,118339000,0.03706260688917107,138.0199993133545,138.76059951782227,0.014354398365640819,154.5
2023-02-03,151.92156982421875,154.5,157.3800048828125,147.8300018310547,148.02999877929688,154357300,0.024399897209064214,139.49399948120117,138.89039962768555,0.013969167067262662,151.72999572753906
2023-02-06,149.19778442382812,151.72999572753906,153.10000610351562,150.77999877929688,152.57000732421875,69858300,-0.01792883024246561,140.59949951171876,138.9213996887207,0.013955394211806938,154.64999389648438
2023-02-07,152.06903076171875,154.64999389648438,155.22999572753906,150.63999938964844,150.63999938964844,83322600,0.019244699473851767,141.82449951171876,138.99299942016603,0.014142202041243479,151.9199981689453
2023-02-08,149.3845977783203,151.9199981689453,154.5800018310547,151.1699981689453,153.8800048828125,64120100,-0.017652737376545935,142.88399963378907,139.0691993713379,0.015311694254687086,150.8699951171875
2023-02-09,148.35214233398438,150.8699951171875,154.3300018310547,150.4199981689453,153.77999877929688,56007100,-0.006911552556695955,143.75299911499025,139.20219924926758,0.015297157658294029,151.00999450683594
2023-02-10,148.71652221679688,151.00999450683594,151.33999633789062,149.22000122070312,149.4600067138672,57450700,0.0009279472007650558,144.63299865722655,139.3989991760254,0.015264950294082666,153.85000610351562
2023-02-13,151.51341247558594,153.85000610351562,154.25999450683594,150.9199981689453,150.9499969482422,62199000,0.01880677902118011,145.58749923706054,139.51539932250978,0.015500383646621079,153.1999969482422
2023-02-14,150.8732452392578,153.1999969482422,153.77000427246094,150.86000061035156,152.1199951171875,61707600,-0.004224953717818392,146.45049896240235,139.61319931030275,0.015683088009995884,155.3300018310547
2023-02-15,152.97091674804688,155.3300018310547,155.5,152.8800048828125,153.11000061035156,65573800,0.013903426404976438,147.4564987182617,139.76359939575195,0.015531930061766652,153.7100067138672
2023-02-16,151.3755340576172,153.7100067138672,156.3300018310547,153.35000610351562,153.50999450683594,68167900,-0.010429376798369527,148.37849884033204,139.90519943237305,0.015960607768057286,152.5500030517578
2023-02-17,150.233154296875,152.5500030517578,153.0,150.85000610351562,152.35000610351562,59144100,-0.007546702305912589,149.11249923706055,140.09799942016602,0.015962763336678967,148.47999572753906
2023-02-21,146.2249298095703,148.47999572753906,151.3000030517578,148.41000366210938,150.1999969482422,58867200,-0.026679824600448265,149.48099899291992,140.24879928588868,0.01685249286552112,148.91000366210938
2023-02-22,146.6483917236328,148.91000366210938,149.9499969482422,147.16000366210938,148.8699951171875,51011300,0.0028960664530148783,149.79999923706055,140.37399948120117,0.016763273104815356,149.39999389648438
2023-02-23,147.13095092773438,149.39999389648438,150.33999633789062,147.24000549316406,150.08999633789062,48394200,0.0032905125399556034,150.1769989013672,140.51879928588866,0.016682040196687925,146.7100067138672
2023-02-24,144.4818572998047,146.7100067138672,147.19000244140625,145.72000122070312,147.11000061035156,55469600,-0.018005269695533066,150.3144989013672,140.56319931030274,0.017041003360866523,147.9199981689453
2023-02-27,145.6734619140625,147.9199981689453,149.1699981689453,147.4499969482422,147.7100067138672,44998500,0.008247504598905886,150.41399917602538,140.61219924926758,0.01687195085268604,147.41000366210938
2023-02-28,145.17123413085938,147.41000366210938,149.0800018310547,146.8300018310547,147.0500030517578,50547000,-0.003447772533457294,150.63449935913087,140.6961991882324,0.0161839877568694,145.30999755859375
2023-03-01,143.1031036376953,145.30999755859375,147.22999572753906,145.00999450683594,146.8300018310547,55479000,-0.014246021649447993,150.6854995727539,140.8723991394043,0.016459679794654222,145.91000366210938
2023-03-02,143.69400024414062,145.91000366210938,146.7100067138672,143.89999389648438,144.3800048828125,52238100,0.0041291453691869595,150.70950012207032,141.10039932250976,0.0163916542855075,151.02999877929688
2023-03-03,148.73623657226562,151.02999877929688,151.11000061035156,147.3300018310547,148.0399932861328,70732300,0.035090089703815774,150.71999969482422,141.47359939575196,0.01616310673939875,153.8300018310547
2023-03-06,151.49371337890625,153.8300018310547,156.3000030517578,153.4600067138672,153.7899932861328,87558000,0.01853938339660255,150.68649978637694,141.90419937133788,0.01574897619685955,151.60000610351562
2023-03-07,149.2975616455078,151.60000610351562,154.02999877929688,151.1300048828125,153.6999969482422,56182000,-0.014496494188358522,150.68000030517578,142.22719955444336,0.015562060345696635,152.8699951171875
2023-03-08,150.54827880859375,152.8699951171875,153.47000122070312,151.8300018310547,152.80999755859375,47204800,0.00837723590066819,150.59100036621095,142.63999954223632,0.015038285480681347,150.58999633789062
2023-03-09,148.3029022216797,150.58999633789062,154.5399932861328,150.22999572753906,153.55999755859375,53833600,-0.014914625839747453,150.5245002746582,143.0145994567871,0.01488532550646636,148.5
2023-03-10,146.24464416503906,148.5,150.94000244140625,147.61000061035156,150.2100067138672,68572400,-0.0138787196275717,150.40600051879883,143.38399948120116,0.015126907795904837,150.47000122070312
2023-03-13,148.18472290039062,150.47000122070312,153.13999938964844,147.6999969482422,147.80999755859375,84457100,0.013266001486216261,150.37900085449218,143.87259948730468,0.015444320405828979,152.58999633789062
2023-03-14,150.27249145507812,152.58999633789062,153.39999389648438,150.10000610351562,151.27999877929688,73695900,0.01408915464869298,150.31600036621094,144.33219940185546,0.01517457314649567,152.99000549316406
2023-03-15,150.66644287109375,152.99000549316406,153.25,149.9199981689453,151.19000244140625,77167900,0.0026214638237991306,150.30550079345704,144.79339965820313,0.015158634825795953,155.85000610351562
2023-03-16,153.4830322265625,155.85000610351562,156.4600067138672,151.63999938964844,152.16000366210938,76161100,0.018694035607962345,150.33150100708008,145.40899978637697,0.01542473826727519,155.0
2023-03-17,152.6459197998047,155.0,156.74000549316406,154.27999877929688,156.0800018310547,98944600,-0.00545400109224925,150.39600067138673,145.98179977416993,0.015282395887338695,157.39999389648438
2023-03-20,155.0094757080078,157.39999389648438,157.82000732421875,154.14999389648438,155.07000732421875,73641400,0.015483831590221708,150.63850021362305,146.62939971923828,0.01550791132067005,159.27999877929688
2023-03-21,156.8609161376953,159.27999877929688,159.39999389648438,156.5399932861328,157.32000732421875,73938300,0.011944122971497162,151.17850036621093,147.22259979248048,0.014134479138028904,157.8300018310547
2023-03-22,155.43292236328125,157.8300018310547,162.13999938964844,157.80999755859375,159.3000030517578,75701800,-0.009103446505241086,151.6245002746582,147.77619995117186,0.014418263063947253,158.92999267578125
2023-03-23,156.5162353515625,158.92999267578125,161.5500030517578,157.67999267578125,158.8300018310547,67622100,0.006969466083539766,152.10100021362305,148.34019989013672,0.014445454979942979,160.25
2023-03-24,157.81619262695312,160.25,160.33999633789062,157.85000610351562,158.86000061035156,59196500,0.008305589788276002,152.7779998779297,148.87539978027343,0.013585581505258236,158.27999877929688
2023-03-27,155.8760986328125,158.27999877929688,160.77000427246094,157.8699951171875,159.94000244140625,52390300,-0.012293299349161457,153.29599990844727,149.3727996826172,0.01405648551986351,157.64999389648438
2023-03-28,155.2556610107422,157.64999389648438,158.49000549316406,155.97999572753906,157.97000122070312,45992200,-0.003980318976947728,153.80799942016603,149.83059967041015,0.014070804163682076,160.77000427246094
2023-03-29,158.3282928466797,160.77000427246094,161.0500030517578,159.35000610351562,159.3699951171875,51305700,0.019790742129842442,154.58099975585938,150.32719970703124,0.01387391215695816,162.36000061035156
2023-03-30,159.8941650390625,162.36000061035156,162.47000122070312,161.27000427246094,161.52999877929688,49501700,0.009889881791605992,155.40349960327148,150.87019958496094,0.01391115614488637,164.89999389648438
2023-03-31,162.3955535888672,164.89999389648438,165.0,161.91000366210938,162.44000244140625,68749800,0.015644205941022005,156.09699935913085,151.4627993774414,0.012318681457177445,166.1699981689453
2023-04-03,163.64625549316406,166.1699981689453,166.2899932861328,164.22000122070312,164.27000427246094,56976200,0.00770166355044366,156.7139991760254,152.02879943847657,0.011898637111912025,165.6300048828125
2023-04-04,163.114501953125,165.6300048828125,166.83999633789062,165.11000061035156,166.60000610351562,46278300,-0.003249643690696802,157.41549911499024,152.51919952392578,0.011228716047153569,163.75999450683594
2023-04-05,161.2728729248047,163.75999450683594,165.0500030517578,161.8000030517578,164.74000549316406,51511700,-0.011290287513422759,157.95999908447266,152.94379943847656,0.011721250964144517,164.66000366210938
2023-04-06,162.15921020507812,164.66000366210938,164.9600067138672,162.0,162.42999267578125,45390100,0.005495903672834368,158.6634994506836,153.39979949951172,0.010891670273089564,162.02999877929688
2023-04-10,159.5691680908203,162.02999877929688,162.02999877929688,160.0800018310547,161.4199981689453,47716900,-0.01597233586979263,159.33999938964843,153.76119934082033,0.011086256320569976,160.8000030517578
2023-04-11,158.35784912109375,160.8000030517578,162.36000061035156,160.50999450683594,162.35000610351562,47644200,-0.007591160506113748,159.85649948120118,154.05859954833986,0.011191585727003552,160.10000610351562
2023-04-12,157.66848754882812,160.10000610351562,162.05999755859375,159.77999877929688,161.22000122070312,50133100,-0.004353214769634461,160.23199996948242,154.40059967041014,0.011021670158855239,165.55999755859375
2023-04-13,163.04556274414062,165.55999755859375,165.8000030517578,161.4199981689453,161.6300048828125,68445600,0.03410363052421039,160.8604995727539,154.82599975585939,0.013098084450017259,165.2100067138672
2023-04-14,162.7008514404297,165.2100067138672,166.32000732421875,163.82000732421875,164.58999633789062,49386500,-0.0021139819394035975,161.3284996032715,155.22160003662108,0.012692691787630623,165.22999572753906
2023-04-17,162.72055053710938,165.22999572753906,165.38999938964844,164.02999877929688,165.08999633789062,41516200,0.0001209915432451858,161.83999938964843,155.5097998046875,0.012557843225634689,166.47000122070312
2023-04-18,163.94175720214844,166.47000122070312,167.41000366210938,165.64999389648438,166.10000610351562,49923000,0.0075047238711354325,162.2934997558594,155.74919982910157,0.012273082780544954,167.6300048828125
2023-04-19,165.0841064453125,167.6300048828125,168.16000366210938,165.5399932861328,165.8000030517578,47720200,0.006968244450070493,162.71100006103515,156.06720001220702,0.012129177323731153,166.64999389648438
2023-04-20,164.11900329589844,166.64999389648438,167.8699951171875,165.55999755859375,166.08999633789062,52456400,-0.0058462742813449875,163.15199966430663,156.30720001220703,0.011984380308840458,165.02000427246094
2023-04-21,162.5137481689453,165.02000427246094,166.4499969482422,164.49000549316406,165.0500030517578,58337300,-0.00978091619394783,163.4565002441406,156.56920013427734,0.01225909086999593,165.3300018310547
2023-04-24,162.8190460205078,165.3300018310547,165.60000610351562,163.88999938964844,165.0,41949600,0.001878545331279513,163.71050033569335,156.85840026855467,0.01216769213966569,163.77000427246094
2023-04-25,161.28273010253906,163.77000427246094,166.30999755859375,163.72999572753906,165.19000244140625,48714100,-0.0094356592349637,163.98500061035156,157.1136004638672,0.012011346408098545,163.75999450683594
2023-04-26,161.2728729248047,163.75999450683594,165.27999877929688,162.8000030517578,163.05999755859375,45498800,-6.112087295517821e-05,164.29050064086914,157.3118002319336,0.011944305021705896,168.41000366210938
2023-04-27,165.85227966308594,168.41000366210938,168.55999755859375,165.19000244140625,165.19000244140625,64902300,0.02839526936524983,164.67250061035156,157.61600036621093,0.012747905410393216,169.67999267578125
2023-04-28,167.10293579101562,169.67999267578125,169.85000610351562,167.8800048828125,168.49000549316406,55275900,0.007541054486406518,165.03850021362305,157.90300018310546,0.012685945404909978,169.58999633789062
2023-05-01,167.01434326171875,169.58999633789062,170.4499969482422,168.63999938964844,169.27999877929688,52472900,-0.0005303886243240852,165.27300033569335,158.22059997558594,0.01229900054915733,168.5399932861328
2023-05-02,165.98028564453125,168.5399932861328,170.35000610351562,167.5399932861328,170.08999633789062,48425700,-0.006191420923589042,165.39150009155273,158.54039978027345,0.012321085643340965,167.4499969482422
2023-05-03,164.90684509277344,167.4499969482422,170.9199981689453,167.16000366210938,169.5,65136000,-0.006467285993302041,165.4824996948242,158.9197998046875,0.01239723813621182,165.7899932861328
2023-05-04,163.27206420898438,165.7899932861328,167.0399932861328,164.30999755859375,164.88999938964844,81235400,-0.009913429037699317,165.58399963378906,159.25739959716796,0.012331273214326975,173.57000732421875
2023-05-05,170.93389892578125,173.57000732421875,174.3000030517578,170.75999450683594,170.97999572753906,113453200,0.04692692172716728,166.02949981689454,159.74079986572266,0.016089024908202538,173.5
2023-05-08,170.86495971679688,173.5,173.85000610351562,172.11000061035156,172.47999572753906,55962800,-0.0004033376808469935,166.60299987792968,160.27659973144532,0.015500920285051737,171.77000427246094
2023-05-09,169.1612091064453,171.77000427246094,173.5399932861328,171.60000610351562,173.0500030517578,45326900,-0.009971156931060876,167.15149993896483,160.75359985351562,0.015599672492806263,173.55999755859375
2023-05-10,170.92404174804688,173.55999755859375,174.02999877929688,171.89999389648438,173.02000427246094,53724500,0.010420872338650744,167.82449951171876,161.27659973144532,0.01556203896118065,173.75
2023-05-11,171.11117553710938,173.75,174.58999633789062,172.1699981689453,173.85000610351562,49514700,0.0010947363682816125,168.23399963378907,161.84539978027342,0.01387818988487151,172.57000732421875
2023-05-12,170.18414306640625,172.57000732421875,174.05999755859375,171.0,173.6199951171875,45533100,-0.006791324752697836,168.60199966430665,162.37859985351562,0.013999038948025603,172.07000732421875
2023-05-15,169.69110107421875,172.07000732421875,173.2100067138672,171.47000122070312,173.16000366210938,37266700,-0.002897374855299284,168.94400024414062,162.79940002441407,0.014039670408845718,172.07000732421875
2023-05-16,169.69110107421875,172.07000732421875,173.13999938964844,171.8000030517578,171.99000549316406,42110300,0.0,169.2240005493164,163.16420013427734,0.013988431670748988,172.69000244140625
2023-05-17,170.302490234375,172.69000244140625,172.92999267578125,170.4199981689453,171.7100067138672,57951600,0.0036031562201266354,169.47700042724608,163.58600006103515,0.013942484415059278,175.0500030517578
2023-05-18,172.62986755371094,175.0500030517578,175.24000549316406,172.5800018310547,173.0,65496700,0.013666110237923634,169.89700088500976,164.02960021972658,0.014077621774351701,175.16000366210938
2023-05-19,172.7383575439453,175.16000366210938,176.38999938964844,174.94000244140625,176.38999938964844,55809500,0.0006283953638037687,170.40400085449218,164.52100036621093,0.013786999950219484,174.1999969482422
2023-05-22,171.79161071777344,174.1999969482422,174.7100067138672,173.4499969482422,173.97999572753906,43570900,-0.005480741572254533,170.84750061035157,165.03500030517577,0.013918185314193103,171.55999755859375
2023-05-23,169.1881103515625,171.55999755859375,173.3800048828125,171.27999877929688,173.1300048828125,50747300,-0.015154991021227304,171.23700027465821,165.45680023193358,0.014235923671093824,171.83999633789062
2023-05-24,169.46421813964844,171.83999633789062,172.4199981689453,170.52000427246094,171.08999633789062,45143500,0.00163207497832496,171.64100036621093,165.8418002319336,0.014225418486293443,172.99000549316406
2023-05-25,170.59835815429688,172.99000549316406,173.89999389648438,171.69000244140625,172.41000366210938,56058300,0.0066923253013353445,171.87000045776367,166.24180023193358,0.012913844758839051,175.42999267578125
2023-05-26,173.00462341308594,175.42999267578125,175.77000427246094,173.11000061035156,173.32000732421875,54835000,0.014104787011603337,172.15750045776366,166.6333999633789,0.013158667291789975,177.3000030517578
2023-05-30,174.8487548828125,177.3000030517578,178.99000549316406,176.57000732421875,176.9600067138672,55964400,0.010659581907596527,172.54300079345703,167.07940002441407,0.01329387584920916,177.25
2023-05-31,174.79946899414062,177.25,179.35000610351562,176.75999450683594,177.3300018310547,99625300,-0.0002820251037627397,172.9785011291504,167.47640014648437,0.013160024865183426,180.08999633789062
2023-06-01,177.60018920898438,180.08999633789062,180.1199951171875,176.92999267578125,177.6999969482422,68901800,0.016022546335066945,173.61050109863282,167.89260009765624,0.013304227538050705,180.9499969482422
2023-06-02,178.44827270507812,180.9499969482422,181.77999877929688,179.25999450683594,181.02999877929688,61996900,0.004775393568990927,174.36850128173828,168.355,0.012911177387830727,179.5800018310547
2023-06-05,177.0972442626953,179.5800018310547,184.9499969482422,178.0399932861328,182.6300048828125,121946500,-0.0075711253953729685,174.66900100708008,168.76800018310547,0.008461456341720276,179.2100067138672
2023-06-06,176.7323455810547,179.2100067138672,180.1199951171875,177.42999267578125,179.97000122070312,64848400,-0.002060335858196427,174.95450134277343,169.1472003173828,0.00849157900675313,177.82000732421875
2023-06-07,175.361572265625,177.82000732421875,181.2100067138672,177.32000732421875,178.44000244140625,61944600,-0.007756259904993845,175.25700149536132,169.53800048828126,0.008345160528686783,180.57000732421875
2023-06-08,178.0735626220703,180.57000732421875,180.83999633789065,177.4600067138672,177.89999389648438,50214900,0.01546507640721173,175.60750198364258,169.99640075683592,0.008689634546249764,180.9600067138672
2023-06-09,178.45819091796875,180.9600067138672,182.22999572753903,180.6300048828125,181.5,48900000,0.002159823746078704,175.96800231933594,170.40020080566407,0.008686945028438088,183.7899932861328
2023-06-12,181.2490081787109,183.7899932861328,183.88999938964844,180.97000122070312,181.2700042724609,54274900,0.015638740424785524,176.52900161743165,170.82880065917968,0.008927178079891986,183.3099975585937
2023-06-13,180.775634765625,183.3099975585937,184.1499938964844,182.44000244140625,182.8000030517578,54929100,-0.002611653218746457,177.09100112915038,171.19700073242188,0.008917142970218835,183.9499969482422
2023-06-14,181.4068145751953,183.9499969482422,184.38999938964844,182.0200042724609,183.3699951171875,57462900,0.003491350161869411,177.68500061035155,171.55260070800782,0.008885182965574608,186.009994506836
2023-06-15,183.4383239746093,186.009994506836,186.5200042724609,183.77999877929688,183.9600067138672,65433200,0.0111986822113046,178.35100021362305,171.96020050048827,0.00905586043989043,184.9199981689453
2023-06-16,182.36343383789065,184.9199981689453,186.9900054931641,184.2700042724609,186.72999572753903,101256200,-0.005859880490726166,178.84449996948243,172.38340057373046,0.008984038747964242,185.009994506836
2023-06-20,182.45217895507807,185.009994506836,186.1000061035156,184.4100036621093,184.4100036621093,49799100,0.0004866771511020662,179.33699951171874,172.790400390625,0.008985884590859894,183.9600067138672
2023-06-21,181.41668701171875,183.9600067138672,185.4100036621093,182.58999633789065,184.8999938964844,49515700,-0.00567530308709896,179.825,173.2290005493164,0.008995395752350347,187.0
2023-06-22,184.41465759277344,187.0,187.0500030517578,183.6699981689453,183.7400054931641,51245300,0.016525294494369236,180.5970001220703,173.75300048828126,0.008445763726269484,186.67999267578125
2023-06-23,184.0990753173828,186.67999267578125,187.5599975585937,185.009994506836,185.5500030517578,53117000,-0.0017112691134693048,181.33899993896483,174.28460021972657,0.008535043866295253,185.2700042724609
2023-06-26,182.70860290527344,185.2700042724609,188.0500030517578,185.22999572753903,186.8300018310547,48088700,-0.007552970101992407,181.9529998779297,174.6788003540039,0.008901296633753929,188.0599975585937
2023-06-27,185.45997619628903,188.0599975585937,188.38999938964844,185.6699981689453,185.88999938964844,50730800,0.015059066345298744,182.58450012207032,175.13580017089845,0.008963629103428891,189.25
2023-06-28,186.633529663086,189.25,189.8999938964844,187.6000061035156,187.92999267578125,51216800,0.0063277807979102985,183.18199996948243,175.61620025634767,0.008833425384704328,189.58999633789065
2023-06-29,186.9688262939453,189.58999633789065,190.07000732421875,188.94000244140625,189.0800018310547,46347300,0.001796546039052327,183.79899978637695,176.07860015869142,0.008801189078700956,193.97000122070312
2023-06-30,191.2882843017578,193.97000122070312,194.47999572753903,191.259994506836,191.6300048828125,85213200,0.023102510509079632,184.49300003051758,176.60540008544922,0.009453505875026727,192.4600067138672
2023-07-03,189.7991638183593,192.4600067138672,193.8800048828125,191.759994506836,193.77999877929688,31458200,-0.007784680606965799,185.06850051879883,177.12160034179686,0.009793668460153533,191.3300018310547
2023-07-05,188.68475341796875,191.3300018310547,192.97999572753903,190.6199951171875,191.57000732421875,46920300,-0.005871375056598072,185.65600051879883,177.64780029296875,0.009702841516995579,191.8099975585937
2023-07-06,189.1581573486328,191.8099975585937,192.0200042724609,189.1999969482422,189.83999633789065,45094300,0.002508732153584825,186.28600006103517,178.17740020751953,0.009625493495200308,190.67999267578125
2023-07-07,188.0437774658203,190.67999267578125,192.6699981689453,190.2400054931641,191.4100036621093,46815000,-0.0058912720775529115,186.9289993286133,178.71559997558595,0.009519700735112942,188.6100006103516
2023-07-10,186.0023803710937,188.6100006103516,189.9900054931641,187.0399932861328,189.259994506836,59922200,-0.010855843008916621,187.33099899291992,179.21260009765626,0.009603364508904318,188.0800018310547
2023-07-11,185.47970581054688,188.0800018310547,189.3000030517578,186.6000061035156,189.1600036621093,46638100,-0.002810024800285249,187.6869987487793,179.60600006103516,0.009669187036654325,189.7700042724609
2023-07-12,187.1463623046875,189.7700042724609,191.6999969482422,188.47000122070312,189.67999267578125,60750200,0.008985550962107514,187.9859992980957,180.00780029296874,0.009281034844147246,190.5399932861328
2023-07-13,187.9056701660156,190.5399932861328,191.19000244140625,189.77999877929688,190.5,41342300,0.004057485357730206,188.34749908447264,180.42680023193358,0.009239844298422268,190.69000244140625
2023-07-14,188.0536193847656,190.69000244140625,191.17999267578125,189.6300048828125,190.22999572753903,41616200,0.0007872843526774975,188.68449935913085,180.86980041503907,0.009236292259032651,193.9900054931641
2023-07-17,191.3080139160156,193.9900054931641,194.32000732421875,191.8099975585937,191.8999938964844,50520200,0.017305590274832694,189.08349990844727,181.4006005859375,0.009653452045992722,193.72999572753903
2023-07-18,191.0516357421875,193.72999572753903,194.3300018310547,192.4199981689453,193.3500061035156,48288200,-0.0013403255748359877,189.52399978637695,181.95940063476561,0.009507969349942585,195.1000061035156
2023-07-19,192.40264892578125,195.1000061035156,198.22999572753903,192.6499938964844,193.1000061035156,80507300,0.007071751438550322,190.02850036621095,182.39000061035156,0.009553139404091698,193.1300048828125
2023-07-20,190.4598999023437,193.1300048828125,196.47000122070312,192.5,195.08999633789065,59581200,-0.010097391896840113,190.48700027465821,182.7826007080078,0.009805079350323475,191.94000244140625
2023-07-21,189.28634643554688,191.94000244140625,194.97000122070312,191.22999572753903,194.1000061035156,71951700,-0.006161665258219817,190.7340003967285,183.18600067138672,0.009398637745080823,192.75
2023-07-24,190.0851593017578,192.75,194.9100036621093,192.25,193.4100036621093,45377800,0.004220055998181094,191.03750076293946,183.56980072021486,0.00939065733803999,193.6199951171875
2023-07-25,190.943115234375,193.6199951171875,194.44000244140625,192.9199981689453,193.3300018310547,37283200,0.004513593344682265,191.4550003051758,183.9672006225586,0.009153379175208273,194.5
2023-07-26,191.8109588623047,194.5,195.63999938964844,193.32000732421875,193.6699981689453,47471900,0.00454501035536059,191.7770004272461,184.4058004760742,0.008667816180526871,193.22000122070312
2023-07-27,190.5486297607422,193.22000122070312,197.1999969482422,192.5500030517578,196.0200042724609,47460200,-0.006580970587644619,191.97550048828126,184.8288003540039,0.008786486057275694,195.8300018310547
2023-07-28,193.12257385253903,195.8300018310547,196.6300048828125,194.13999938964844,194.6699981689453,48291400,0.013507921508448373,192.28750076293946,185.30400024414064,0.009216811990669312,196.4499969482422
2023-07-31,193.73399353027344,196.4499969482422,196.4900054931641,195.259994506836,196.0599975585937,38824100,0.003165986372825502,192.4115005493164,185.77920013427735,0.0077346796941406915,195.6100006103516
2023-08-01,192.9056396484375,195.6100006103516,196.72999572753903,195.27999877929688,196.2400054931641,35175100,-0.004275878599844907,192.56900024414062,186.19040008544923,0.007571026318711731,192.5800018310547
2023-08-02,189.91748046875,192.5800018310547,195.17999267578125,191.8500061035156,195.0399932861328,50389300,-0.015489999334607374,192.63150024414062,186.53880004882814,0.008291002080796719,191.1699981689453
2023-08-03,188.52700805664065,191.1699981689453,192.3699951171875,190.69000244140625,191.57000732421875,61235200,-0.007321651514710981,192.5995002746582,186.8782000732422,0.008446732993971402,181.9900054931641
2023-08-04,179.4739227294922,181.9900054931641,187.3800048828125,181.9199981689453,185.5200042724609,115956800,-0.048020048981056385,192.16500091552734,187.08680023193358,0.013624375498531167,178.85000610351562
2023-08-07,176.3773193359375,178.85000610351562,183.1300048828125,177.35000610351562,182.1300048828125,97576100,-0.0172536913834338,191.67700119018554,187.22700042724608,0.013909451947022247,179.8000030517578
2023-08-08,177.31417846679688,179.8000030517578,180.2700042724609,177.5800018310547,179.69000244140625,67823000,0.005311696482092065,191.26300125122071,187.36320037841796,0.014019873527943597,178.19000244140625
2023-08-09,175.72647094726562,178.19000244140625,180.92999267578125,177.00999450683594,180.8699951171875,60378500,-0.00895439701348677,190.68400115966796,187.41840057373048,0.013842464076324338,177.97000122070312
2023-08-10,175.50950622558594,177.97000122070312,180.75,177.60000610351562,179.47999572753906,54686900,-0.0012346440186814522,190.05550155639648,187.43180053710938,0.013749710343103138,177.7899932861328
2023-08-11,175.5687255859375,177.7899932861328,178.6199951171875,176.5500030517578,177.32000732421875,52036700,-0.0010114509936260951,189.4105010986328,187.44260040283203,0.013727328995063822,179.4600067138672
2023-08-14,177.2178955078125,179.4600067138672,179.69000244140625,177.30999755859375,177.97000122070312,43675600,0.009393180104611876,188.68400115966796,187.43000061035156,0.013203041545745062,177.4499969482422
2023-08-15,175.2329864501953,177.4499969482422,179.47999572753906,177.0500030517578,178.8800048828125,43622600,-0.01120032146677552,187.87000122070313,187.36000061035156,0.013290136548397353,176.57000732421875
2023-08-16,174.36399841308594,176.57000732421875,178.5399932861328,176.5,177.1300048828125,46964900,-0.004959085033290345,186.9435012817383,187.29980072021485,0.013018125753140755,174.0
2023-08-17,171.8260955810547,174.0,177.50999450683594,173.47999572753906,177.13999938964844,66062900,-0.014555174817995509,185.98700103759765,187.1956005859375,0.013149383008302689,174.49000549316406
2023-08-18,172.3100128173828,174.49000549316406,175.10000610351562,171.9600067138672,172.3000030517578,61172200,0.0028161235239314575,185.11450119018554,187.1290005493164,0.013264617793166678,175.83999633789062
2023-08-21,173.6431121826172,175.83999633789062,176.1300048828125,173.74000549316406,175.07000732421875,46311900,0.007736780344014926,184.26900100708008,187.03440032958986,0.013411155290044914,177.22999572753906
2023-08-22,175.0157470703125,177.22999572753906,177.67999267578125,176.25,177.05999755859375,42038900,0.007904910251348207,183.44950103759766,186.9598001098633,0.013551732114480772,181.1199951171875
2023-08-23,178.85716247558594,181.1199951171875,181.5500030517578,178.3300018310547,178.52000427246094,52722800,0.021948877071738204,182.78050079345704,186.90640014648437,0.01466429954821357,176.3800048828125
2023-08-24,174.17637634277344,176.3800048828125,181.1000061035156,176.00999450683594,180.6699981689453,54945800,-0.02617044148719283,181.9385009765625,186.76780029296876,0.015513795783433064,178.61000061035156
2023-08-25,176.37850952148438,178.61000061035156,179.14999389648438,175.82000732421875,177.3800048828125,51449600,0.01264313224744873,181.07750091552734,186.66100036621094,0.015462279151004744,180.19000244140625
2023-08-28,177.9387664794922,180.19000244140625,180.58999633789065,178.5500030517578,180.08999633789062,43820700,0.008846099466185864,180.26450119018554,186.54460052490234,0.015660927095680614,184.1199951171875
2023-08-29,181.8196563720703,184.1199951171875,184.8999938964844,179.5,179.6999969482422,53003900,0.02181027039532446,179.69000091552735,186.52860046386718,0.016705073917211568,187.6499938964844
2023-08-30,185.3055419921875,187.6499938964844,187.8500061035156,184.7400054931641,184.94000244140625,60813900,0.019172272827023162,179.44350051879883,186.58140045166016,0.017121702792071276,187.8699951171875
2023-08-31,185.52281188964844,187.8699951171875,189.1199951171875,187.47999572753903,187.83999633789065,60794500,0.001172401960345626,179.27850036621095,186.65960021972657,0.0170659419468091,189.4600067138672
2023-09-01,187.0929412841797,189.4600067138672,189.9199981689453,188.27999877929688,189.4900054931641,45766500,0.008463361036912254,179.6520004272461,186.7088003540039,0.013022958106216426,189.6999969482422
2023-09-05,187.3299560546875,189.6999969482422,189.97999572753903,187.6100006103516,188.27999877929688,45280000,0.0012667065653462206,180.19449996948242,186.76920043945313,0.012207746678958771,182.9100036621093
2023-09-06,180.62478637695312,182.9100036621093,188.8500061035156,181.47000122070312,188.3999938964844,81755800,-0.035793323117371934,180.35,186.7220004272461,0.014953075321886488,177.55999755859375
2023-09-07,175.34161376953125,177.55999755859375,178.2100067138672,173.5399932861328,175.17999267578125,112488800,-0.02924939039090846,180.31849975585936,186.5120004272461,0.016290465080471193,178.17999267578125
2023-09-08,175.953857421875,178.17999267578125,180.2400054931641,177.7899932861328,178.35000610351562,65551300,0.0034917499758519988,180.3289993286133,186.2906002807617,0.016306649168849528,179.36000061035156
2023-09-11,177.11912536621094,179.36000061035156,180.3000030517578,177.33999633789062,180.07000732421875,58953100,0.006622561359722834,180.40749969482422,186.08600036621092,0.016366374004230716,176.3000030517578
2023-09-12,174.09739685058594,176.3000030517578,180.1300048828125,174.82000732421875,179.49000549316406,90370200,-0.017060646455066664,180.24949951171874,185.73260040283202,0.016681541509185067,174.2100067138672
2023-09-13,172.03350830078125,174.2100067138672,177.3000030517578,173.97999572753906,176.50999450683594,84267900,-0.011854771989295187,180.0875,185.36760040283204,0.016703737285816568,175.74000549316406
2023-09-14,173.5443878173828,175.74000549316406,176.10000610351562,173.5800018310547,174.0,60895800,0.008782496529087691,180.04599990844727,185.0558004760742,0.016805418594812667,175.00999450683594
2023-09-15,172.823486328125,175.00999450683594,176.5,173.82000732421875,176.47999572753906,109259500,-0.004153926047057777,180.09649963378905,184.71980041503906,0.01649258042592842,177.97000122070312
2023-09-18,175.74649047851562,177.97000122070312,179.3800048828125,176.1699981689453,176.47999572753906,67257600,0.016913358132535583,180.270499420166,184.4656005859375,0.016896680662693935,179.07000732421875
2023-09-19,176.83274841308594,179.07000732421875,179.6300048828125,177.1300048828125,177.52000427246094,51826900,0.006180851244426799,180.43199996948243,184.27480072021484,0.01686819228354685,175.49000549316406
2023-09-20,173.29750061035156,175.49000549316406,179.6999969482422,175.39999389648438,179.25999450683594,58436200,-0.01999219123598317,180.34500045776366,184.02300079345704,0.01741577763647054,173.92999267578125
2023-09-21,171.75697326660156,173.92999267578125,176.3000030517578,173.86000061035156,174.5500030517578,63149100,-0.008889468166570769,179.98550033569336,183.70620056152345,0.016687737343727124,174.7899932861328
2023-09-22,172.606201171875,174.7899932861328,177.0800018310547,174.0500030517578,174.6699981689453,56725400,0.0049445216268977354,179.90599975585937,183.39120056152345,0.015727768511158455,176.0800018310547
2023-09-25,173.88009643554688,176.0800018310547,176.97000122070312,174.14999389648438,174.1999969482422,46172700,0.00738033408360006,179.77949981689454,183.0990005493164,0.015542148823234493,171.9600067138672
2023-09-26,169.81158447265625,171.9600067138672,175.1999969482422,171.66000366210938,174.82000732421875,64588900,-0.023398427273646605,179.36800003051758,182.65840057373046,0.016170693416965115,170.42999267578125
2023-09-27,168.3007049560547,170.42999267578125,173.0399932861328,169.0500030517578,172.6199951171875,66921800,-0.008897499292564004,178.68349990844726,182.19240051269531,0.01519861996667488,170.69000244140625
2023-09-28,168.5574493408203,170.69000244140625,172.02999877929688,167.6199951171875,169.33999633789062,56294400,0.0015256103784480057,177.83550033569335,181.70420043945313,0.01428280590935331,171.2100067138672
2023-09-29,169.0709686279297,171.2100067138672,173.07000732421875,170.33999633789062,172.02000427246094,51861100,0.003046483478957418,177.00250091552735,181.26580047607422,0.014328931152194102,173.75
2023-10-02,171.57920837402344,173.75,174.3000030517578,170.92999267578125,171.22000122070312,52164500,0.014835542237771948,176.21700057983398,180.9020004272461,0.014699193108348158,172.39999389648438
2023-10-03,170.24609375,172.39999389648438,173.6300048828125,170.82000732421875,172.25999450683594,49594600,-0.007769819300809333,175.35200042724608,180.49500030517578,0.01466066073880386,173.66000366210938
2023-10-04,171.49034118652344,173.66000366210938,174.2100067138672,170.97000122070312,171.08999633789062,53020300,0.00730864159068112,174.8895004272461,180.09580047607423,0.01290741542718008,174.91000366210938
2023-10-05,172.72474670410156,174.91000366210938,175.4499969482422,172.67999267578125,173.7899932861328,48527900,0.007197972898999483,174.7570007324219,179.70400054931642,0.01142107745583965,177.49000549316406
2023-10-06,175.2725067138672,177.49000549316406,177.99000549316406,173.17999267578125,173.8000030517578,57266700,0.014750453244736894,174.722501373291,179.38940063476562,0.011905210670859676,178.99000549316406
2023-10-09,176.7537841796875,178.99000549316406,179.0500030517578,175.8000030517578,176.80999755859375,42390800,0.008451180086631815,174.70400161743163,179.05260070800782,0.011966633382099605,178.38999938964844
2023-10-10,176.16127014160156,178.38999938964844,179.72000122070312,177.9499969482422,178.10000610351562,43698000,-0.00335217657467779,174.80850143432616,178.69140075683595,0.011314964329141093,179.8000030517578
2023-10-11,177.5536346435547,179.8000030517578,179.85000610351562,177.60000610351562,178.1999969482422,47551100,0.007904051050695804,175.0880012512207,178.37520080566406,0.01102450191528087,180.7100067138672
2023-10-12,178.45228576660156,180.7100067138672,182.33999633789065,179.0399932861328,180.07000732421875,56743100,0.005061199369654101,175.33650131225585,178.1378009033203,0.010928567683377645,178.85000610351562
2023-10-13,176.61550903320312,178.85000610351562,181.92999267578125,178.13999938964844,181.4199981689453,51427100,-0.01029273721015711,175.52850189208985,177.8914010620117,0.011177681106761242,178.72000122070312
2023-10-16,176.48715209960938,178.72000122070312,179.0800018310547,176.50999450683594,176.75,52517000,-0.0007268933652552212,175.56600189208984,177.8260009765625,0.010546110252411678,177.14999389648438
2023-10-17,174.93673706054688,177.14999389648438,178.4199981689453,174.8000030517578,176.64999389648438,57549400,-0.0087847320585005,175.47000122070312,177.79200073242188,0.01063470451569701,175.83999633789062
2023-10-18,173.6431121826172,175.83999633789062,177.5800018310547,175.11000061035156,175.5800018310547,54764400,-0.007394849583563845,175.48750076293945,177.71280059814453,0.0097552149244698,175.4600067138672
2023-10-19,173.2678985595703,175.4600067138672,177.83999633789062,175.19000244140625,176.0399932861328,59302900,-0.002160996541954341,175.56400146484376,177.65820068359375,0.009540917276364878,172.8800048828125
2023-10-20,170.72010803222656,172.8800048828125,175.4199981689453,172.63999938964844,175.30999755859375,64244000,-0.014704215959948308,175.46850204467773,177.55640075683593,0.01005493464255013,173.0
2023-10-23,170.83859252929688,173.0,174.00999450683594,169.92999267578125,170.91000366210938,55980100,0.0006940948276166203,175.314501953125,177.46060089111327,0.009888881183180634,173.44000244140625
2023-10-24,171.2731170654297,173.44000244140625,173.6699981689453,171.4499969482422,173.0500030517578,43816600,0.0025433667133309967,175.38850173950195,177.34020080566407,0.008356164421553064,171.10000610351562
2023-10-25,168.9623260498047,171.10000610351562,173.05999755859375,170.64999389648438,171.8800048828125,57157000,-0.013491676112499795,175.42200241088867,177.21320098876953,0.008683715170329084,166.88999938964844
2023-10-26,164.80496215820312,166.88999938964844,171.3800048828125,165.6699981689453,170.3699951171875,70625300,-0.02460553222493822,175.23200225830078,177.01960083007813,0.010295170883638434,168.22000122070312
2023-10-27,166.1183319091797,168.22000122070312,168.9600067138672,166.8300018310547,166.91000366210938,58499100,0.007969332110484562,175.08250198364257,176.90400085449218,0.010456469455926617,170.2899932861328
2023-10-30,168.16241455078125,170.2899932861328,171.1699981689453,168.8699951171875,169.02000427246094,51131000,0.012305267212035398,174.9095016479492,176.82000061035157,0.010270631050964166,170.77000427246094
2023-10-31,168.63644409179688,170.77000427246094,170.89999389648438,167.89999389648438,169.35000610351562,44846000,0.0028187856318813154,174.82800216674804,176.71860076904298,0.010173296070709012,173.97000122070312
2023-11-01,171.79649353027344,173.97000122070312,174.22999572753906,170.1199951171875,171.0,56934900,0.018738635990994235,174.84350204467773,176.65340087890624,0.010923989578267441,177.57000732421875
2023-11-02,175.35150146484375,177.57000732421875,177.77999877929688,175.4600067138672,175.52000427246094,77334800,0.020693257908003027,174.97650222778321,176.58240112304688,0.011766791033128658,176.64999389648438
2023-11-03,174.44297790527344,176.64999389648438,176.82000732421875,173.35000610351562,174.24000549316406,79829200,-0.005181130764130404,174.93450164794922,176.5878009033203,0.011362019406200964,179.22999572753906
2023-11-06,176.99075317382812,179.22999572753906,179.42999267578125,176.2100067138672,176.3800048828125,63841300,0.014605162299448304,174.94650115966797,176.60020080566406,0.011686637801863258,181.82000732421875
2023-11-07,179.54840087890625,181.82000732421875,182.44000244140625,178.97000122070312,179.17999267578125,70530000,0.014450770844278482,175.11800155639648,176.63280090332032,0.01207872467619254,182.88999938964844
2023-11-08,180.60504150390625,182.88999938964844,183.4499969482422,181.58999633789065,182.3500061035156,49340300,0.005884897273828127,175.27250137329102,176.60820098876954,0.012026500857523542,182.4100036621093
2023-11-09,180.13099670410156,182.4100036621093,184.1199951171875,181.8099975585937,182.9600067138672,53763500,-0.0026245050529882796,175.3575012207031,176.50340118408204,0.012010028987454402,186.3999938964844
2023-11-10,184.31369018554688,186.3999938964844,186.57000732421875,183.52999877929688,183.97000122070312,66133400,0.021873746802648197,175.73500061035156,176.47400115966798,0.012621674019566273,184.8000030517578
2023-11-13,182.7315673828125,184.8000030517578,186.02999877929688,184.2100067138672,185.82000732421875,43627500,-0.008583642151915205,176.03900070190429,176.38080108642578,0.012836211526620685,187.44000244140625
2023-11-14,185.34207153320312,187.44000244140625,188.1100006103516,186.3000030517578,187.6999969482422,60108400,0.01428571074703422,176.5535011291504,176.33560119628908,0.012876014398091698,188.009994506836
2023-11-15,185.90565490722656,188.009994506836,189.5,187.77999877929688,187.8500061035156,53790500,0.003040930740533465,177.16200103759766,176.43760101318358,0.012646015163630491,189.7100067138672
2023-11-16,187.58663940429688,189.7100067138672,190.9600067138672,188.6499938964844,189.57000732421875,54412900,0.00904213742195159,177.87450103759767,176.68060119628908,0.01263355412731716,189.69000244140625
2023-11-17,187.56686401367188,189.69000244140625,190.3800048828125,188.57000732421875,190.25,50922700,-0.0001054465855937492,178.71500091552736,176.91080139160155,0.011897003151567467,191.4499969482422
2023-11-20,189.30715942382807,191.4499969482422,191.9100036621093,189.8800048828125,189.88999938964844,46505100,0.009278267089376957,179.63750076293945,177.1526013183594,0.011899048675458511,190.63999938964844
2023-11-21,188.50624084472656,190.63999938964844,191.5200042724609,189.7400054931641,191.4100036621093,38134500,-0.004230856994020926,180.49750061035155,177.43940124511718,0.012072215797794559,191.3099975585937
2023-11-22,189.16873168945312,191.3099975585937,192.92999267578125,190.8300018310547,191.4900054931641,39617700,0.0035144679557821412,181.50800018310548,177.78140106201172,0.011288925943927011,189.97000122070312
2023-11-24,187.8437347412109,189.97000122070312,190.8999938964844,189.25,190.8699951171875,24048300,-0.007004319455287011,182.6620002746582,178.0660009765625,0.009319763648571698,189.7899932861328
2023-11-27,187.66574096679688,189.7899932861328,190.6699981689453,188.8999938964844,189.9199981689453,40552600,-0.0009475597905649336,183.7404998779297,178.36160095214845,0.009459947333094264,190.3999938964844
2023-11-28,188.2689208984375,190.3999938964844,191.0800018310547,189.3999938964844,189.77999877929688,38415400,0.003214082048213829,184.74599990844726,178.61020080566405,0.009363647398853453,189.3699951171875
2023-11-29,187.2504272460937,189.3699951171875,192.08999633789065,188.97000122070312,190.8999938964844,43014200,-0.0054096576277039565,185.6759994506836,178.81620056152343,0.009669812375383833,189.9499969482422
2023-11-30,187.823959350586,189.9499969482422,190.32000732421875,188.19000244140625,189.83999633789065,48794400,0.0030627968844576525,186.47499923706056,179.105400390625,0.009137617762731993,191.2400054931641
2023-12-01,189.0995178222656,191.2400054931641,191.5599975585937,189.22999572753903,190.3300018310547,45704800,0.006791305952341897,187.15849914550782,179.45160064697265,0.008329416219827485,189.42999267578125
2023-12-04,187.3097686767578,189.42999267578125,190.0500030517578,187.4499969482422,189.97999572753903,43389500,-0.009464613916503661,187.79749908447266,179.7444006347656,0.008621055858176187,193.4199981689453
2023-12-05,191.255111694336,193.4199981689453,194.3999938964844,190.17999267578125,190.2100067138672,66628400,0.02106321938149014,188.50699920654296,180.09120056152344,0.009161564838582615,192.32000732421875
2023-12-06,190.1674194335937,192.32000732421875,194.759994506836,192.1100006103516,194.4499969482422,41089700,-0.0056870585003612195,189.03199920654296,180.49840057373046,0.009041771333598262,194.2700042724609
2023-12-07,192.09559631347656,194.2700042724609,195.0,193.58999633789065,193.6300048828125,47477700,0.010139334827264257,189.6009994506836,180.97520080566406,0.009166128526753284,195.7100067138672
2023-12-08,193.5194702148437,195.7100067138672,195.9900054931641,193.6699981689453,194.1999969482422,53406400,0.007412376639404972,190.2659996032715,181.4756008911133,0.00911298797886912,193.17999267578125
2023-12-11,191.01779174804688,193.17999267578125,193.4900054931641,191.4199981689453,193.1100006103516,60943700,-0.012927361664163084,190.60499954223633,181.91500061035157,0.008748127449200909,194.7100067138672
2023-12-12,192.5306854248047,194.7100067138672,194.72000122070312,191.72000122070312,193.0800018310547,52696900,0.007920147510585007,191.1004997253418,182.3342007446289,0.008489260711465852,197.9600067138672
2023-12-13,195.74432373046875,197.9600067138672,198.0,194.8500061035156,195.08999633789065,70404200,0.016691489332522957,191.62649993896486,182.84540100097655,0.008677771303209248,198.1100006103516
2023-12-14,195.89260864257807,198.1100006103516,199.6199951171875,196.1600036621093,198.0200042724609,66831600,0.000757697976345284,192.13150024414062,183.33440093994142,0.008689026463191911,197.57000732421875
2023-12-15,195.3586883544922,197.57000732421875,198.3999938964844,197.0,197.52999877929688,128538400,-0.002725724519050954,192.5245002746582,183.7876010131836,0.008632037252634011,195.88999938964844
2023-12-18,193.697494506836,195.88999938964844,196.6300048828125,194.38999938964844,196.08999633789065,55751900,-0.008503355126233125,192.83450012207032,184.1556008911133,0.0089419710754732,196.94000244140625
2023-12-19,194.73570251464844,196.94000244140625,196.9499969482422,195.88999938964844,196.1600036621093,40714100,0.005360166700849378,193.1090003967285,184.51460083007814,0.008807902296689204,194.8300018310547
2023-12-20,192.6493530273437,194.8300018310547,197.67999267578125,194.8300018310547,196.8999938964844,52242800,-0.010713925988598105,193.31850051879883,184.84340087890624,0.00914102491959939,194.67999267578125
2023-12-21,192.50100708007807,194.67999267578125,197.0800018310547,193.5,196.1000061035156,46482500,-0.0007699489496669765,193.48700027465821,185.1410006713867,0.009132332667189746,193.6000061035156
2023-12-22,191.4330902099609,193.6000061035156,195.4100036621093,192.97000122070312,195.17999267578125,37149600,-0.005547496470601709,193.66850051879882,185.3988006591797,0.009071466491699038,193.0500030517578
2023-12-26,190.8892517089844,193.0500030517578,193.88999938964844,192.8300018310547,193.6100006103516,28919300,-0.0028409247645565516,193.83150100708008,185.68280059814452,0.009102530783242337,193.1499938964844
2023-12-27,190.9881286621093,193.1499938964844,193.5,191.08999633789065,192.4900054931641,48087700,0.0005179530854488856,193.96900100708007,185.97140045166014,0.009086267695945187,193.5800018310547
2023-12-28,191.413314819336,193.5800018310547,194.6600036621093,193.1699981689453,194.13999938964844,34049900,0.002226290179438095,194.17950134277345,186.30000061035156,0.008973267560774937,192.52999877929688
2023-12-29,190.3750457763672,192.52999877929688,194.3999938964844,191.72999572753903,193.8999938964844,42672100,-0.005424129774904141,194.30850143432616,186.63380065917968,0.009077526911486278,185.63999938964844
2024-01-02,183.5621795654297,185.63999938964844,188.44000244140625,183.88999938964844,187.1499938964844,82488700,-0.03578662771169838,194.02850112915038,186.83740051269533,0.01207504418276796,184.25
2024-01-03,182.18777465820312,184.25,185.8800048828125,183.42999267578125,184.22000122070312,58414500,-0.007487607165581278,193.76950149536134,187.06480041503906,0.012013616149404582,181.9100036621093
2024-01-04,179.87396240234375,181.9100036621093,183.08999633789065,180.8800048828125,182.1499938964844,71983600,-0.01270011580944752,193.19400177001953,187.24300048828124,0.01103574207554325,181.17999267578125
2024-01-05,179.152099609375,181.17999267578125,182.759994506836,180.1699981689453,181.9900054931641,62379700,-0.004013033761925522,192.63700103759766,187.39780029296875,0.011020662805546646,185.5599975585937
2024-01-08,183.4830780029297,185.5599975585937,185.6000061035156,181.5,182.08999633789065,59144500,0.024174881663950654,192.2015007019043,187.68700012207032,0.012271924501693057,185.13999938964844
2024-01-09,183.0677947998047,185.13999938964844,185.1499938964844,182.72999572753903,183.9199981689453,42841800,-0.0022634090023235798,191.67300033569336,188.05200012207033,0.012061161527270391,186.19000244140625
2024-01-10,184.1060485839844,186.19000244140625,186.3999938964844,183.9199981689453,184.3500061035156,46792900,0.005671400319862574,191.3235008239746,188.41140014648437,0.011947800516808783,185.58999633789065
2024-01-11,183.5127410888672,185.58999633789065,187.0500030517578,183.6199951171875,186.5399932861328,49128400,-0.0032225473744457167,190.86750030517578,188.71740020751952,0.011729829398752665,185.9199981689453
2024-01-12,183.8390655517578,185.9199981689453,186.7400054931641,185.19000244140625,186.0599975585937,40477800,0.0017781229460980263,190.2654998779297,189.0204000854492,0.010901785923050467,183.6300048828125
2024-01-16,181.57467651367188,183.6300048828125,184.259994506836,180.92999267578125,182.1600036621093,65603000,-0.012317089655153213,189.54150009155273,189.2136001586914,0.011050822326899107,182.67999267578125
2024-01-17,180.6352996826172,182.67999267578125,182.92999267578125,180.3000030517578,181.2700042724609,47317400,-0.005173512943255187,188.79699935913087,189.31579986572265,0.011052676592580545,188.6300048828125
2024-01-18,186.5187225341797,188.6300048828125,189.13999938964844,185.8300018310547,186.08999633789065,78005800,0.032570683411353496,188.43399963378906,189.5554000854492,0.01365298031722872,191.5599975585937
2024-01-19,189.4159240722656,191.5599975585937,191.9499969482422,188.82000732421875,189.3300018310547,68903000,0.0155330148965509,188.16499938964841,189.80200012207033,0.014115360856804014,193.88999938964844
2024-01-22,191.7198181152344,193.88999938964844,195.3300018310547,192.259994506836,192.3000030517578,60133900,0.012163300588589943,188.1179992675781,190.0433999633789,0.01423784795015026,195.17999267578125
2024-01-23,192.99539184570312,195.17999267578125,195.75,193.8300018310547,195.0200042724609,42355600,0.006653222395139657,188.1429992675781,190.28919982910156,0.014317247747047634,194.5
2024-01-24,192.32302856445312,194.5,196.3800048828125,194.33999633789065,195.4199981689453,53631300,-0.0034839261261312426,188.18799896240233,190.53099975585937,0.014280842938512874,194.1699981689453
2024-01-25,191.9967041015625,194.1699981689453,196.2700042724609,193.1100006103516,195.22000122070312,54822100,-0.0016966675118492702,188.2439987182617,190.6863998413086,0.014269763633989158,192.4199981689453
2024-01-26,190.26629638671875,192.4199981689453,194.759994506836,191.94000244140625,194.2700042724609,44594000,-0.009012720896651283,188.20749893188474,190.83879974365234,0.014423434837856656,191.72999572753903
2024-01-29,189.58401489257807,191.72999572753903,192.1999969482422,189.5800018310547,192.009994506836,47145600,-0.003585918553020928,188.11499862670897,190.924599609375,0.014432848224532821,188.0399932861328
2024-01-30,185.9353179931641,188.0399932861328,191.8000030517578,187.47000122070312,190.94000244140625,55859400,-0.01924582758897031,187.89049835205077,190.92519958496095,0.015006538821781113,184.3999938964844
2024-01-31,182.3360748291016,184.3999938964844,187.1000061035156,184.3500061035156,187.0399932861328,55467800,-0.01935758093816553,187.82849807739257,190.81899932861327,0.013366290174226046,186.8600006103516
2024-02-01,184.7685089111328,186.8600006103516,186.9499969482422,183.82000732421875,183.9900054931641,64885400,0.013340600842146166,187.95899810791016,190.76239929199218,0.013582417505697364,185.8500061035156
2024-02-02,183.76983642578125,185.8500061035156,187.3300018310547,179.25,179.86000061035156,102551700,-0.0054050867148506265,188.15599822998044,190.65039947509766,0.0132959923707194,187.67999267578125
2024-02-05,185.579330444336,187.67999267578125,189.25,185.83999633789065,188.1499938964844,69668800,0.009846577950857638,188.48099822998046,190.5911993408203,0.013373391500697286,189.3000030517578
2024-02-06,187.1812286376953,189.3000030517578,189.3099975585937,186.7700042724609,186.8600006103516,43490800,0.0086317691773099,188.66799850463866,190.5509994506836,0.012425708814632484,189.4100036621093
2024-02-07,187.2899932861328,189.4100036621093,191.0500030517578,188.6100006103516,190.63999938964844,53439000,0.000581091434644021,188.88149871826172,190.53979949951173,0.01240178778746204,188.32000732421875
2024-02-08,186.21218872070312,188.32000732421875,189.5399932861328,187.3500061035156,189.38999938964844,40962000,-0.005754692554861052,188.98799896240234,190.51039978027345,0.012448707961021769,188.8500061035156
2024-02-09,186.9745330810547,188.8500061035156,189.9900054931641,188.0,188.6499938964844,45155200,0.0028143519471321987,189.15099945068357,190.47940002441408,0.01242323110129836,187.1499938964844
2024-02-12,185.2914123535156,187.1499938964844,188.6699981689453,186.7899932861328,188.4199981689453,41781900,-0.009001917670573678,189.2124992370605,190.435,0.012617472204958116,185.0399932861328
2024-02-13,183.2023468017578,185.0399932861328,186.2100067138672,183.509994506836,185.7700042724609,56529500,-0.01127438246948953,189.28299865722653,190.3367999267578,0.01256417960550838,184.1499938964844
2024-02-14,182.3212432861328,184.1499938964844,185.52999877929688,182.44000244140625,185.32000732421875,54630500,-0.004809767736384307,189.3564987182617,190.19499969482422,0.012555860527978378,183.8600006103516
2024-02-15,182.0341033935547,183.8600006103516,184.4900054931641,181.3500061035156,183.5500030517578,65434500,-0.0015747667431138535,189.11799850463865,190.08359985351564,0.010029265099757484,182.3099975585937
2024-02-16,180.49948120117188,182.3099975585937,184.8500061035156,181.6699981689453,183.4199981689453,49752500,-0.00843034399332332,188.65549850463867,189.86139984130858,0.009327878215787727,181.5599975585937
2024-02-20,179.75694274902344,181.5599975585937,182.42999267578125,180.0,181.7899932861328,53665600,-0.004113872031395016,188.03899841308595,189.6461996459961,0.008674816069650555,182.32000732421875
2024-02-21,180.5093994140625,182.32000732421875,182.88999938964844,180.6600036621093,181.94000244140625,41371400,0.004185997884141868,187.3959991455078,189.40719970703125,0.008543208369569245,184.3699951171875
2024-02-22,182.53903198242188,184.3699951171875,184.9600067138672,182.4600067138672,183.47999572753903,52292200,0.011243899246467626,186.88949890136718,189.18039947509766,0.009146099166799381,182.5200042724609
2024-02-23,180.70741271972656,182.5200042724609,185.0399932861328,182.22999572753903,185.009994506836,45119700,-0.010034121026855414,186.30699920654297,188.96719970703126,0.00929014660847799,181.1600036621093
2024-02-26,179.3609161376953,181.1600036621093,182.759994506836,180.6499938964844,182.2400054931641,40867400,-0.007451241390074914,185.74399948120117,188.6961996459961,0.009243825452491016,182.6300048828125
2024-02-27,180.8163452148437,182.6300048828125,183.9199981689453,179.55999755859375,181.1000061035156,54318900,0.008114380608232885,185.28899993896485,188.389599609375,0.00956735562307936,181.4199981689453
2024-02-28,179.61831665039062,181.4199981689453,183.1199951171875,180.1300048828125,182.509994506836,48953900,-0.006625454095802064,184.95800018310547,188.0557995605469,0.00878058694552328,180.75
2024-02-29,178.95498657226562,180.75,182.57000732421875,179.52999877929688,181.2700042724609,136682600,-0.003693077806788292,184.77550048828124,187.7193994140625,0.007767923379050224,179.66000366210938
2024-03-01,177.8758087158203,179.66000366210938,180.52999877929688,177.3800048828125,179.5500030517578,73563100,-0.00603040850838521,184.41550064086914,187.39479949951172,0.007065502547227163,175.10000610351562
2024-03-04,173.36111450195312,175.10000610351562,176.89999389648438,173.7899932861328,176.14999389648438,81510100,-0.025381261636673647,183.87800064086915,186.95799957275392,0.008784186052532346,170.1199951171875
2024-03-05,168.4305419921875,170.1199951171875,172.0399932861328,169.6199951171875,170.75999450683594,95132400,-0.028440952671264008,183.00000076293946,186.46379943847657,0.009946555999089066,169.1199951171875
2024-03-06,167.44046020507812,169.1199951171875,171.24000549316406,168.67999267578125,171.05999755859375,68587700,-0.005878203789690617,181.99100036621093,185.9525994873047,0.009426872910440256,169.0
2024-03-07,167.3216552734375,169.0,170.72999572753906,168.49000549316406,169.14999389648438,71765100,-0.0007095264939214196,180.97050018310546,185.46059936523437,0.009386826562141511,170.72999572753906
2024-03-08,169.0344696044922,170.72999572753906,173.6999969482422,168.94000244140625,169.0,76267000,0.010236661109698675,180.09099960327148,185.01419921875,0.010035409223888497,172.75
2024-03-11,171.03443908691406,172.75,174.3800048828125,172.0500030517578,172.94000244140625,60139500,0.01183157220764297,179.2859992980957,184.60619934082033,0.010585030965206322,173.22999572753906
2024-03-12,171.50967407226562,173.22999572753906,174.02999877929688,171.00999450683594,173.14999389648438,59825400,0.002778557033511264,178.58999938964843,184.19919921875,0.010642609279199149,171.1300048828125
2024-03-13,169.4305419921875,171.1300048828125,173.19000244140625,170.75999450683594,172.77000427246094,52488700,-0.012122559005482425,177.8944999694824,183.77119934082032,0.010675587896481358,173.0
2024-03-14,171.28195190429688,173.0,174.30999755859375,172.0500030517578,172.91000366210938,72913500,0.010927336316434166,177.3370002746582,183.51839935302735,0.011169297078127917,172.6199951171875
2024-03-15,170.90570068359375,172.6199951171875,172.6199951171875,170.2899932861328,171.1699981689453,121752700,-0.002196560016257232,176.775,183.2857992553711,0.011165814969187556,173.72000122070312
2024-03-18,171.99481201171875,173.72000122070312,177.7100067138672,173.52000427246094,175.57000732421875,75604200,0.006372414173507979,176.34550018310546,183.12199920654297,0.01128314756546433,176.0800018310547
2024-03-19,174.33135986328125,176.0800018310547,176.61000061035156,173.02999877929688,174.33999633789062,55215200,0.013585082856137465,176.0715003967285,183.01999938964843,0.011818825073428879,178.6699981689453
2024-03-20,176.89564514160156,178.6699981689453,178.6699981689453,175.08999633789062,175.72000122070312,53423100,0.014709202129471022,175.88899993896484,182.88219940185547,0.012307740079525604,171.3699951171875
2024-03-21,169.66812133789062,171.3699951171875,177.49000549316406,170.83999633789062,177.0500030517578,106181300,-0.04085746418856029,175.23899993896484,182.60679931640624,0.014845775583005481,172.27999877929688
2024-03-22,170.56910705566406,172.27999877929688,173.0500030517578,170.05999755859375,171.75999450683594,71160100,0.005310169154682409,174.72699966430665,182.32859924316406,0.014889106261968921,170.85000610351562
2024-03-25,169.15330505371094,170.85000610351562,171.94000244140625,169.4499969482422,170.57000732421875,54288300,-0.0083003986876804,174.21149978637695,182.03379943847656,0.01490434262475251,169.7100067138672
2024-03-26,168.02462768554688,169.7100067138672,171.4199981689453,169.5800018310547,170.0,57388400,-0.006672515943357493,173.56549987792968,181.709599609375,0.014698802978409526,173.30999755859375
2024-03-27,171.58889770507812,173.30999755859375,173.60000610351562,170.11000061035156,170.41000366210938,60273300,0.021212602099510702,173.1599998474121,181.50319946289062,0.015678445956131513,171.47999572753906
2024-03-28,169.77703857421875,171.47999572753906,172.22999572753906,170.50999450683594,171.75,65672700,-0.010559124440792766,172.69649963378907,181.27919952392577,0.015788429448740492,170.02999877929688
2024-04-01,168.34144592285156,170.02999877929688,171.25,169.47999572753906,171.19000244140625,46240500,-0.008455779008450959,172.21499938964843,180.90719940185548,0.015826167574540303,168.83999633789062
2024-04-02,167.1632537841797,168.83999633789062,169.33999633789062,168.22999572753906,169.0800018310547,49329500,-0.006998779332762939,171.9019989013672,180.4527993774414,0.01494458945366253,169.64999389648438
2024-04-03,167.96519470214844,169.64999389648438,170.67999267578125,168.5800018310547,168.7899932861328,47691700,0.004797427008780275,171.87849884033204,179.96799926757814,0.013603659645890644,168.82000732421875
2024-04-04,167.14346313476562,168.82000732421875,171.9199981689453,168.82000732421875,170.2899932861328,53704400,-0.00489234660846527,171.8634994506836,179.44079956054688,0.013583198460620284,169.5800018310547
2024-04-05,167.89590454101562,169.5800018310547,170.38999938964844,168.9499969482422,169.58999633789062,42104800,0.004501803541427263,171.89249954223632,178.94239959716796,0.013618813104655148,168.4499969482422
2024-04-08,166.7771453857422,168.4499969482422,169.1999969482422,168.24000549316406,169.02999877929688,37425500,-0.0066635503633162285,171.77849960327148,178.42799957275392,0.013490937699811415,169.6699981689453
2024-04-09,167.9850311279297,169.6699981689453,170.0800018310547,168.35000610351562,168.6999969482422,42373800,0.007242512572309456,171.62449951171874,177.9729995727539,0.013306412320063648,167.77999877929688
2024-04-10,166.11378479003906,167.77999877929688,169.08999633789062,167.11000061035156,168.8000030517578,49709300,-0.01113926687125033,171.35199966430665,177.49399963378906,0.013471545458585596,175.0399932861328
2024-04-11,173.30166625976562,175.0399932861328,175.4600067138672,168.16000366210938,168.33999633789062,91070300,0.04327091762818491,171.54749908447266,177.23399963378907,0.016523427353159117,176.5500030517578
2024-04-12,174.7967071533203,176.5500030517578,178.36000061035156,174.2100067138672,174.25999450683594,101670900,0.00862665575607413,171.72499923706056,177.07699981689453,0.01646046858363417,172.69000244140625
2024-04-15,170.9750213623047,172.69000244140625,176.6300048828125,172.5,175.36000061035156,73531800,-0.021863497839872292,171.72849960327147,176.79359985351562,0.01723958916535443,169.3800048828125
2024-04-16,167.6979217529297,169.3800048828125,173.75999450683594,168.27000427246094,171.75,73711200,-0.019167279586534414,171.51149978637696,176.46419982910157,0.017695178753764706,168.0
2024-04-17,166.3315887451172,168.0,170.64999389648438,168.0,169.61000061035156,50901200,-0.008147389556206863,171.1074996948242,176.07059997558594,0.017409896004452113,167.0399932861328
2024-04-18,165.38113403320312,167.0399932861328,168.63999938964844,166.5500030517578,168.02999877929688,43122900,-0.0057143256777808515,170.5259994506836,175.62539978027343,0.016958873294712566,165.0
2024-04-19,163.3614044189453,165.0,166.39999389648438,164.0800018310547,166.2100067138672,68149400,-0.012212603975853775,170.2074996948242,175.13719970703124,0.01466812791688248,165.83999633789062
2024-04-22,164.19305419921875,165.83999633789062,167.25999450683594,164.77000427246094,165.52000427246094,48116400,0.005090886896306879,169.8854995727539,174.68759948730468,0.014662621310466362,166.89999389648438
2024-04-23,165.24253845214844,166.89999389648438,167.0500030517578,164.9199981689453,165.35000610351562,49537800,0.006391688265803275,169.68799896240233,174.24859924316405,0.014687942127608607,169.02000427246094
2024-04-24,167.3415069580078,169.02000427246094,169.3000030517578,166.2100067138672,166.5399932861328,48251800,0.012702279529689164,169.65349884033202,173.88599945068358,0.014935655911306547,169.88999938964844
2024-04-25,168.20285034179688,169.88999938964844,170.61000061035156,168.14999389648438,169.52999877929688,50558300,0.005147290824730311,169.48249893188478,173.58299957275392,0.014139979809246713,169.3000030517578
2024-04-26,167.6186981201172,169.3000030517578,171.33999633789062,169.17999267578125,169.8800048828125,44838400,-0.003472813820767917,169.3734992980957,173.28599975585936,0.013973059700950887,173.5
2024-04-29,171.77696228027344,173.5,176.02999877929688,173.10000610351562,173.3699951171875,68169400,0.024808014604454476,169.54699935913087,173.07879974365235,0.014929200144685953,170.3300018310547
2024-04-30,168.63845825195312,170.3300018310547,174.99000549316406,170.0,173.3300018310547,65934800,-0.01827088281812861,169.62149963378906,172.83919982910157,0.01545515403163333,169.3000030517578
2024-05-01,167.6186981201172,169.3000030517578,172.7100067138672,169.11000061035156,169.5800018310547,50383100,-0.006047077838456816,169.60400009155273,172.59399993896486,0.015488557901307197,173.02999877929688
2024-05-02,171.31166076660156,173.02999877929688,173.4199981689453,170.88999938964844,172.50999450683594,94214900,0.02203187040935095,169.81449966430665,172.4081997680664,0.01619408824013201,183.3800048828125
2024-05-03,181.5588836669922,183.3800048828125,187.0,182.6600036621093,186.6499938964844,163224100,0.05981625253732603,170.50449981689454,172.3883999633789,0.020821886756327977,181.7100067138672
2024-05-06,179.9054412841797,181.7100067138672,184.1999969482422,180.4199981689453,182.3500061035156,78569700,-0.009106762593950823,171.1675003051758,172.37220001220703,0.020895528949326912,182.3999938964844
2024-05-07,180.5885772705078,182.3999938964844,184.8999938964844,181.32000732421875,183.4499969482422,77305800,0.0037971886914500708,171.80400009155272,172.39699981689452,0.020881581586003263,182.7400054931641
2024-05-08,180.9252319335937,182.7400054931641,183.07000732421875,181.4499969482422,182.8500061035156,45057100,0.0018640987283840005,172.5520004272461,172.39919982910158,0.02059148586737641,184.57000732421875
2024-05-09,182.737045288086,184.57000732421875,184.6600036621093,182.1100006103516,182.5599975585937,48983000,0.010014237583697128,173.02850112915038,172.46220001220703,0.018533872447844626,183.0500030517578
2024-05-10,181.4779815673828,183.0500030517578,185.08999633789065,182.1300048828125,184.8999938964844,50759500,-0.008235380680192916,173.3535011291504,172.5082000732422,0.018638786337212884,186.27999877929688
2024-05-13,184.68020629882807,186.27999877929688,187.1000061035156,184.6199951171875,185.44000244140625,72044800,0.017645428427694565,174.03300094604492,172.64059997558593,0.018064528389338662,187.42999267578125
2024-05-14,185.8203125,187.42999267578125,188.3000030517578,186.2899932861328,187.509994506836,52393600,0.006173469529849429,174.93550033569335,172.88719970703124,0.017227287840071426,189.72000122070312
2024-05-15,188.0906677246093,189.72000122070312,190.6499938964844,187.3699951171875,187.9100036621093,70400000,0.012217940748059153,176.02150039672853,173.27919982910157,0.016996299641813994,189.83999633789065
2024-05-16,188.20965576171875,189.83999633789065,191.1000061035156,189.6600036621093,190.47000122070312,52845200,0.000632485327932919,177.1615005493164,173.69359985351562,0.016819842743322842,189.8699951171875
2024-05-17,188.2393951416016,189.8699951171875,190.8099975585937,189.17999267578125,189.509994506836,41282900,0.00015802138577503122,178.40500030517578,174.11099975585938,0.016313412110556487,191.0399932861328
2024-05-20,189.3993377685547,191.0399932861328,191.9199981689453,189.009994506836,189.3300018310547,44361300,0.006162101432736655,179.66500015258788,174.51719970703124,0.016307991463876178,192.3500061035156
2024-05-21,190.6980743408203,192.3500061035156,192.72999572753903,190.9199981689453,191.08999633789065,42309400,0.006857270013722605,180.93750076293946,174.90919982910157,0.01630707690959902,190.8999938964844
2024-05-22,189.2605438232422,190.8999938964844,192.82000732421875,190.2700042724609,192.2700042724609,34648500,-0.007538404788252739,182.03150024414063,175.26259979248047,0.016576405594186414,186.8800048828125
2024-05-23,185.2750701904297,186.8800048828125,191.0,186.6300048828125,190.97999572753903,51005900,-0.02105808874908477,182.88100051879883,175.57759979248047,0.017666562348046363,189.97999572753903
2024-05-24,188.3484344482422,189.97999572753903,190.5800018310547,188.0399932861328,188.82000732421875,36327000,0.01658813550797178,183.91500015258788,175.91719970703124,0.017734187652271964,189.9900054931641
2024-05-28,188.35836791992188,189.9900054931641,193.0,189.1000061035156,191.509994506836,52280100,5.268852431927762e-05,184.7395004272461,176.2645999145508,0.017202854515394956,190.2899932861328
2024-05-29,188.65577697753903,190.2899932861328,192.25,189.509994506836,189.6100006103516,53068000,0.0015789661787208864,185.7375,176.59599975585937,0.016360561642484367,191.2899932861328
2024-05-30,189.647201538086,191.2899932861328,192.17999267578125,190.6300048828125,190.759994506836,49889100,0.005255137081729533,186.83699951171874,176.90019958496094,0.016127706953609367,192.25
2024-05-31,190.59893798828125,192.25,192.57000732421875,189.9100036621093,191.44000244140625,75158300,0.005018593484036549,187.7979995727539,177.17179962158204,0.01569407068545966,194.02999877929688
2024-06-03,192.3636474609375,194.02999877929688,194.9900054931641,192.5200042724609,192.8999938964844,50080500,0.009258771283728873,188.33049926757812,177.62499969482423,0.009191508715589256,194.3500061035156
2024-06-04,192.680908203125,194.3500061035156,195.32000732421875,193.02999877929688,194.63999938964844,47471400,0.0016492672588361845,188.96249923706054,178.0663998413086,0.0087585281851792,195.8699951171875
2024-06-05,194.1878356933593,195.8699951171875,196.8999938964844,194.8699951171875,195.3999938964844,54156800,0.007820884826020169,189.6359992980957,178.56679962158202,0.008814057169867941,194.47999572753903
2024-06-06,192.809799194336,194.47999572753903,196.5,194.1699981689453,195.69000244140625,41181800,-0.007096540686677644,190.22299880981444,179.06219940185548,0.00912935131804276,196.88999938964844
2024-06-07,195.19911193847656,196.88999938964844,196.94000244140625,194.13999938964844,194.6499938964844,53103900,0.01239203884745943,190.83899841308593,179.53379943847656,0.009238176026812817,193.1199951171875
2024-06-10,191.4614715576172,193.1199951171875,197.3000030517578,192.1499938964844,196.8999938964844,97010200,-0.019147769232301326,191.3424980163574,179.96659942626954,0.010223573150754568,207.1499938964844
2024-06-11,205.3709716796875,207.1499938964844,207.1600036621093,193.6300048828125,193.6499938964844,172373300,0.07264912559045644,192.3859977722168,180.7089993286133,0.0184971393332051,213.07000732421875
2024-06-12,211.2401580810547,213.07000732421875,220.1999969482422,206.8999938964844,207.3699951171875,198134300,0.02857839054869893,193.66799850463866,181.59359954833985,0.019206140529781007,214.2400054931641
2024-06-13,212.4001007080078,214.2400054931641,216.75,211.6000061035156,214.7400054931641,97862700,0.005491144359726752,194.8939987182617,182.48539978027344,0.01916145552317245,212.4900054931641
2024-06-14,210.6651306152344,212.4900054931641,215.1699981689453,211.3000030517578,213.8500061035156,70122700,-0.008168409051202308,196.0264991760254,183.35879974365236,0.019397223645597116,216.6699981689453
2024-06-17,214.8092193603516,216.6699981689453,218.9499969482422,212.72000122070312,213.3699951171875,93728300,0.019671478976528656,197.3664993286133,184.30059967041015,0.01958700215750154,214.2899932861328
2024-06-18,212.4496459960937,214.2899932861328,218.6300048828125,213.0,217.58999633789065,79943300,-0.010984469021671939,198.52899932861328,185.21739959716797,0.01998758554409616,209.67999267578125
2024-06-20,207.87925720214844,209.67999267578125,214.2400054931641,208.8500061035156,213.92999267578125,86172500,-0.021512906597537684,199.39549865722657,186.0175994873047,0.020904971465852077,207.4900054931641
2024-06-21,205.70806884765625,207.4900054931641,211.88999938964844,207.1100006103516,210.38999938964844,241805100,-0.010444426073609403,200.22499923706056,186.81179962158203,0.021003099984791253,208.13999938964844
2024-06-24,206.3524932861328,208.13999938964844,212.6999969482422,206.58999633789065,207.72000122070312,80727000,0.00313265159417897,201.28799896240236,187.47379974365234,0.020139896532402314,209.07000732421875
2024-06-25,207.2745056152344,209.07000732421875,211.3800048828125,208.6100006103516,209.1499938964844,55549700,0.004468184574312861,202.24249954223632,188.12419982910157,0.019973175611636487,213.25
2024-06-26,211.4185791015625,213.25,214.8600006103516,210.63999938964844,211.5,66213200,0.01999326794540668,203.40549926757814,188.93539978027343,0.020210393867273614,214.1000061035156
2024-06-27,212.2612762451172,214.1000061035156,215.7400054931641,212.3500061035156,214.69000244140625,49772700,0.003985960626099017,204.59599990844725,189.8297998046875,0.020189962311079158,210.6199951171875
2024-06-28,208.8111724853516,210.6199951171875,216.07000732421875,210.3000030517578,215.7700042724609,82542700,-0.016254137725925766,205.5625,190.68219970703126,0.020800987499404157,216.75
2024-07-01,214.88853454589844,216.75,217.509994506836,211.9199981689453,212.08999633789065,60402900,0.029104572333703782,206.7875,191.67639984130858,0.02148654037543128,220.2700042724609
2024-07-02,218.37831115722656,220.2700042724609,220.3800048828125,215.1000061035156,216.1499938964844,58046200,0.016239927439265944,208.0995002746582,192.7817999267578,0.02159477801518065,221.5500030517578
2024-07-03,219.64732360839844,221.5500030517578,221.5500030517578,219.02999877929688,220.0,37369800,0.0058110444203451905,209.45950012207032,193.89600006103515,0.021564811346854323,226.33999633789065
2024-07-05,224.3961639404297,226.33999633789065,226.4499969482422,221.6499938964844,221.6499938964844,60412400,0.021620371113304948,210.98300018310547,195.0848001098633,0.02181891158259769,227.82000732421875
2024-07-08,225.86346435546875,227.82000732421875,227.8500061035156,223.25,227.08999633789065,59085900,0.00653888402524605,212.65000076293944,196.26080017089845,0.021550971648188737,228.67999267578125
2024-07-09,226.7160797119141,228.67999267578125,229.3999938964844,226.3699951171875,227.92999267578125,48076100,0.00377484559702701,214.2395004272461,197.4366000366211,0.021548011998820688,232.97999572753903
2024-07-10,230.9791412353516,232.97999572753903,233.0800018310547,229.25,229.3000030517578,62627700,0.018803582252402196,216.23250045776368,198.71019989013672,0.020711568669385318,227.57000732421875
2024-07-11,225.61561584472656,227.57000732421875,232.38999938964844,225.7700042724609,231.38999938964844,64710600,-0.023220827978926772,217.25350112915038,199.7916000366211,0.015890512355556063,230.5399932861328
2024-07-12,228.5601043701172,230.5399932861328,232.63999938964844,228.67999267578125,228.9199981689453,53046500,0.013050867277438316,218.1270004272461,200.99579986572266,0.015024972041991179,234.3999938964844
2024-07-15,232.386962890625,234.3999938964844,237.22999572753903,233.08999633789065,236.47999572753903,62631300,0.01674330147811176,219.1349998474121,202.29779968261718,0.015289907295479905,234.82000732421875
2024-07-16,232.8033447265625,234.82000732421875,236.2700042724609,232.3300018310547,235.0,43234300,0.0017918662059344115,220.25149993896486,203.53359985351562,0.015011196997470376,228.8800048828125
2024-07-17,226.91436767578125,228.8800048828125,231.4600067138672,226.63999938964844,229.4499969482422,57345900,-0.025295980990260425,220.86200027465821,204.44359985351562,0.01604808704756654,224.17999267578125
2024-07-18,222.2547149658203,224.17999267578125,230.44000244140625,222.2700042724609,230.27999877929688,66034600,-0.020534830945314275,221.35650024414062,205.2929995727539,0.01661405424305287,224.3099975585937
2024-07-19,222.3836212158203,224.3099975585937,226.8000030517578,223.27999877929688,224.82000732421875,49151500,0.0005799129586039342,222.08800048828124,206.1311996459961,0.015647499153777254,223.9600067138672
2024-07-22,222.03663635253903,223.9600067138672,227.77999877929688,223.08999633789065,227.009994506836,48201800,-0.0015602998017735237,222.9115005493164,206.95559967041015,0.01535432765647958,225.009994506836
2024-07-23,223.0775909423828,225.009994506836,226.94000244140625,222.67999267578125,224.3699951171875,39960300,0.004688282557118617,223.75500030517577,207.7643994140625,0.01535396994567423,218.5399932861328
2024-07-24,216.66314697265625,218.5399932861328,224.8000030517578,217.1300048828125,224.0,61777600,-0.028754283714746753,224.22849960327147,208.47419921875,0.0170103267185662,217.4900054931641
2024-07-25,215.62217712402344,217.4900054931641,220.8500061035156,214.6199951171875,218.92999267578125,51391200,-0.004804556718339348,224.44049987792968,209.09839935302733,0.016554682788082576,217.9600067138672
2024-07-26,216.088134765625,217.9600067138672,219.4900054931641,216.009994506836,218.6999969482422,41601300,0.002161024455525462,224.63349990844728,209.70899963378906,0.016543053409339245,218.2400054931641
2024-07-29,216.36572265625,218.2400054931641,219.3000030517578,215.75,216.9600067138672,36311800,0.0012846337432190769,225.0145004272461,210.27939971923828,0.016036023454092014,218.8000030517578
2024-07-30,216.92095947265625,218.8000030517578,220.3300018310547,216.1199951171875,219.19000244140625,41643800,0.0025659711533101426,225.11700057983398,210.8585998535156,0.01470969262642597,222.0800018310547
2024-07-31,220.1727600097656,222.0800018310547,223.82000732421875,220.6300048828125,221.44000244140625,50036300,0.014990853444005525,225.20750045776367,211.50279998779297,0.014642175787387008,218.3600006103516
2024-08-01,216.4847106933593,218.3600006103516,224.47999572753903,217.0200042724609,224.3699951171875,62501000,-0.016750725819666745,225.04800033569336,212.04920013427736,0.015075129456264692,219.8600006103516
2024-08-02,217.97183227539065,219.8600006103516,225.6000061035156,217.7100067138672,219.1499938964844,105568600,0.006869389978967133,224.7240005493164,212.59940002441405,0.014269245245135159,209.2700042724609
2024-08-05,207.4727935791016,209.2700042724609,213.5,196.0,199.08999633789065,119548600,-0.04816699858315232,223.7965003967285,212.9668002319336,0.01754415305237673,207.22999572753903
2024-08-06,205.4502868652344,207.22999572753903,209.9900054931641,201.07000732421875,205.3000030517578,69660500,-0.009748212850733573,222.7240005493164,213.37380004882812,0.01748561275341556,209.82000732421875
2024-08-07,208.01806640625,209.82000732421875,213.63999938964844,206.38999938964844,206.8999938964844,63516400,0.012498246634550902,221.56600112915038,213.77060028076173,0.01709068033531156,213.3099975585937
2024-08-08,211.4780731201172,213.3099975585937,214.1999969482422,208.8300018310547,213.1100006103516,47161100,0.016633257613903885,220.85300064086914,214.2370001220703,0.017187424306101866,216.2400054931641
2024-08-09,214.3829345703125,216.2400054931641,216.77999877929688,211.97000122070312,212.1000061035156,42201600,0.013735914716165976,220.13800125122071,214.75600036621094,0.017221927605394646,217.52999877929688
2024-08-12,215.9114532470703,217.52999877929688,219.509994506836,215.6000061035156,216.07000732421875,38028100,0.005965562584919315,219.29450149536132,215.2808004760742,0.01673150147536872,221.2700042724609
2024-08-13,219.6236572265625,221.2700042724609,221.88999938964844,219.009994506836,219.009994506836,44155300,0.017193056195245138,218.61700134277345,215.86120056152345,0.017335860770083034,221.72000122070312
2024-08-14,220.0702972412109,221.72000122070312,223.02999877929688,219.6999969482422,220.57000732421875,41960600,0.0020337006352117992,218.25900115966797,216.41500061035157,0.01652954050060911,224.72000122070312
2024-08-15,223.04795837402344,224.72000122070312,225.3500061035156,222.759994506836,224.6000061035156,46414000,0.01353057903429189,218.28600158691407,217.0224005126953,0.016212181861962032,226.0500030517578
2024-08-16,224.3680877685547,226.0500030517578,226.8300018310547,223.6499938964844,223.9199981689453,44340200,0.0059184844421056315,218.37300186157228,217.62600067138672,0.016261820037027495,225.88999938964844
2024-08-19,224.20925903320312,225.88999938964844,225.9900054931641,223.0399932861328,225.72000122070312,40687800,-0.0007078241979617816,218.46950149536133,218.25420074462892,0.016257212967030116,226.509994506836
2024-08-20,224.8246459960937,226.509994506836,227.1699981689453,225.4499969482422,225.7700042724609,30299000,0.0027446771387080737,218.54450149536132,218.84660064697266,0.0162370131795461,226.3999938964844
2024-08-21,224.7154693603516,226.3999938964844,227.97999572753903,225.0500030517578,226.5200042724609,34765500,-0.00048563247988719915,218.9375015258789,219.5122006225586,0.014719582112288113,224.52999877929688
2024-08-22,222.8593597412109,224.52999877929688,228.33999633789065,223.8999938964844,227.7899932861328,43695300,-0.008259695969967784,219.28950119018555,219.85980072021485,0.014821998590794578,226.83999633789065
2024-08-23,225.1521911621093,226.83999633789065,228.22000122070312,224.3300018310547,225.6600036621093,38677300,0.010288146667049247,219.7335006713867,220.13520050048828,0.014946179457326646,227.17999267578125
2024-08-26,225.4896545410156,227.17999267578125,227.27999877929688,223.88999938964844,226.759994506836,30602200,0.0014988376978464224,220.18050003051758,220.3940002441406,0.01494563613429479,228.02999877929688
2024-08-27,226.3333282470703,228.02999877929688,228.8500061035156,224.88999938964844,226.0,35934600,0.0037415535298863656,220.64199981689453,220.70480010986327,0.014949804358971195,226.4900054931641
2024-08-28,224.80479431152344,226.4900054931641,229.8600006103516,225.67999267578125,227.9199981689453,38052200,-0.006753467940081359,220.8625,220.90120025634766,0.014758257999082694,229.7899932861328
2024-08-29,228.0802459716797,229.7899932861328,232.9199981689453,228.8800048828125,230.1000061035156,51906300,0.014570125448949867,221.43399963378906,221.21120025634767,0.014423584759483948,229.0
2024-08-30,227.296127319336,229.0,230.3999938964844,227.47999572753903,230.19000244140625,52990800,-0.0034378924636161434,221.8909996032715,221.59760040283203,0.014449196102504128,222.7700042724609
2024-09-03,221.1124725341797,222.7700042724609,229.0,221.1699981689453,228.5500030517578,50190600,-0.027205221517637934,222.56599960327148,221.90320037841798,0.010942914314696787,220.8500061035156
2024-09-04,219.206771850586,220.8500061035156,221.77999877929688,217.47999572753903,221.6600036621093,43840200,-0.00861874638471094,223.24700012207032,222.15740051269532,0.010875347855271637,222.3800048828125
2024-09-05,220.72537231445312,222.3800048828125,225.47999572753903,221.5200042724609,221.6300048828125,36615400,0.006927773316790287,223.875,222.4236004638672,0.010695720404570086,220.82000732421875
2024-09-06,219.177001953125,220.82000732421875,225.2400054931641,219.7700042724609,223.9499969482422,48423000,-0.007015008203708928,224.25050048828126,222.57500061035157,0.010408545895993188,220.9100036621093
2024-09-09,219.2663116455078,220.9100036621093,221.2700042724609,216.7100067138672,220.82000732421875,67180000,0.00040755518026225346,224.4840003967285,222.71120056152344,0.01002250810637963,220.1100006103516
2024-09-10,218.4722595214844,220.1100006103516,221.47999572753903,216.72999572753903,218.9199981689453,51591000,-0.0036213980285896286,224.61300048828124,222.90100067138673,0.010007649118867012,222.6600036621093
2024-09-11,221.00331115722656,222.6600036621093,223.08999633789065,217.88999938964844,221.4600067138672,44587100,0.011585130365211471,224.68250045776367,223.0192007446289,0.009589191508028281,222.7700042724609
2024-09-12,221.1124725341797,222.7700042724609,223.5500030517578,219.82000732421875,222.5,37455600,0.0004940295003252881,224.73500061035156,223.06920074462892,0.009581199964869053,222.5
2024-09-13,220.8444976806641,222.5,224.0399932861328,221.9100036621093,223.5800018310547,36766600,-0.001212031545013037,224.6240005493164,223.08820068359375,0.009061115603775847,216.32000732421875
2024-09-16,214.71047973632807,216.32000732421875,217.22000122070312,213.9199981689453,216.5399932861328,59357400,-0.027775247981039364,224.13750076293945,222.8878009033203,0.010782165963439158,216.7899932861328
2024-09-17,215.17697143554688,216.7899932861328,216.8999938964844,214.5,215.75,45519300,0.0021726421320320544,223.68250045776367,222.6672006225586,0.010821493587018872,220.69000244140625
2024-09-18,219.0479431152344,220.69000244140625,222.7100067138672,217.5399932861328,217.5500030517578,59894900,0.017989802463465043,223.3915008544922,222.5074008178711,0.011676289450428706,228.8699951171875
2024-09-19,227.1670837402344,228.8699951171875,229.82000732421875,224.6300048828125,224.9900054931641,66781300,0.03706553348719566,223.51500091552734,222.42520080566408,0.014484613660110175,228.1999969482422
2024-09-20,226.50205993652344,228.1999969482422,233.08999633789065,227.6199951171875,229.97000122070312,318679900,-0.002927418111763669,223.6985008239746,222.43780059814452,0.014360681389872053,226.47000122070312
2024-09-23,224.78494262695312,226.47000122070312,229.4499969482422,225.8099975585937,227.33999633789065,54146000,-0.007581050616453089,223.68000106811525,222.35640075683594,0.014302174864788575,227.3699951171875
2024-09-24,225.67825317382807,227.3699951171875,229.3500061035156,225.72999572753903,228.6499938964844,43556100,0.0039740093241191765,223.68950119018555,222.21580078125,0.01432637649629234,226.3699951171875
2024-09-25,224.6856689453125,226.3699951171875,227.2899932861328,224.0200042724609,224.92999267578125,42308700,-0.004398117700115112,223.60650100708008,222.04680053710936,0.014334263490357633,227.5200042724609
2024-09-26,225.8271331787109,227.5200042724609,228.5,225.4100036621093,227.3000030517578,36636700,0.005080219022304933,223.65800094604492,222.01960052490233,0.014296650780283351,227.7899932861328
2024-09-27,226.09510803222656,227.7899932861328,229.5200042724609,227.3000030517578,228.4600067138672,34026000,0.0011866605511687833,223.55800094604493,222.09180053710938,0.0139025165720869,233.0
2024-09-30,231.266357421875,233.0,233.0,229.6499938964844,230.0399932861328,54541900,0.02287197360475246,223.75800094604492,222.2656005859375,0.01480965882078444,226.2100067138672
2024-10-01,224.52688598632807,226.2100067138672,229.6499938964844,223.7400054931641,229.5200042724609,63285000,-0.029141602086406926,223.93000106811525,222.3106005859375,0.015008545107045159,226.77999877929688
2024-10-02,225.09263610839844,226.77999877929688,227.3699951171875,223.0200042724609,225.88999938964844,32880600,0.002519747352073054,224.22650070190429,222.34600067138672,0.014843538518621083,225.6699981689453
2024-10-03,223.9908905029297,225.6699981689453,226.8099975585937,223.32000732421875,225.13999938964844,34044200,-0.004894614235498862,224.39100036621093,222.48860076904296,0.014848485048181214,226.8000030517578
2024-10-04,225.1125030517578,226.8000030517578,228.0,224.1300048828125,227.8999938964844,37245100,0.005007333238716605,224.69000015258788,222.67480072021485,0.014756861739442595,221.69000244140625
2024-10-07,220.0405120849609,221.69000244140625,225.69000244140625,221.3300018310547,224.5,39505400,-0.022530866585506182,224.72900009155273,222.74940063476564,0.015702446308939674,225.7700042724609
2024-10-08,224.0901794433593,225.7700042724609,225.97999572753903,223.25,224.3000030517578,31855700,0.018404085823098937,225.0120002746582,222.90000061035155,0.016178595305691174,229.5399932861328
2024-10-09,227.83209228515625,229.5399932861328,229.75,224.8300018310547,225.22999572753903,33591100,0.01669836090857424,225.3559997558594,223.11480041503907,0.016387164134276534,229.0399932861328
2024-10-10,227.33583068847656,229.0399932861328,229.5,227.1699981689453,227.77999877929688,28183500,-0.0021782696463562568,225.66949920654298,223.25400024414063,0.01640796831776361,227.5500030517578
2024-10-11,225.8569183349609,227.5500030517578,229.4100036621093,227.33999633789065,229.3000030517578,31759200,-0.006505371454991304,225.92199935913087,223.43780029296875,0.016496749656431112,231.3000030517578
2024-10-14,229.5790100097656,231.3000030517578,231.72999572753903,228.6000061035156,228.6999969482422,39882100,0.01647989430765695,226.6709991455078,223.66660034179688,0.015324736948357951,233.8500061035156
2024-10-15,232.11004638671875,233.8500061035156,237.4900054931641,232.3699951171875,233.6100006103516,64751400,0.011024656368842312,227.52399978637695,224.15820037841797,0.015413033164109274,231.77999877929688
2024-10-16,230.05545043945312,231.77999877929688,232.1199951171875,229.83999633789065,231.6000061035156,34082200,-0.008851859184054955,228.0784996032715,224.64920043945312,0.015290387395015606,232.1499938964844
2024-10-17,230.42266845703125,232.1499938964844,233.8500061035156,230.5200042724609,233.42999267578125,32993800,0.0015963203000093351,228.24249954223632,225.09580017089843,0.012957182488343709,235.0
2024-10-18,233.25149536132807,235.0,236.17999267578125,234.009994506836,236.17999267578125,46431500,0.01227657195109133,228.5824996948242,225.52960021972658,0.013171730539243746,236.47999572753903
2024-10-21,234.720458984375,236.47999572753903,236.8500061035156,234.4499969482422,234.4499969482422,36254500,0.00629785415974049,229.082999420166,225.93440002441406,0.013030080994716387,235.8600006103516
2024-10-22,234.10508728027344,235.8600006103516,236.22000122070312,232.6000061035156,233.88999938964844,38846600,-0.002621765597043413,229.50749969482422,226.30100006103515,0.013067454810445389,230.759994506836
2024-10-23,229.04302978515625,230.759994506836,235.13999938964844,227.759994506836,234.0800018310547,52287000,-0.021623022514703383,229.72699966430665,226.49079986572266,0.014037157169578839,230.57000732421875
2024-10-24,228.8544158935547,230.57000732421875,230.82000732421875,228.4100036621093,229.97999572753903,31109500,-0.0008233107433689435,229.87949981689454,226.66779998779296,0.014010099263248758,231.4100036621093
2024-10-25,229.6881866455078,231.4100036621093,233.22000122070312,229.57000732421875,229.7400054931641,38802300,0.0036431292501515333,230.06050033569335,226.8016000366211,0.014024799845658891,233.3999938964844
2024-10-28,231.66339111328125,233.3999938964844,234.72999572753903,232.5500030517578,233.32000732421875,36087100,0.008599413175243598,230.08050003051758,226.94859985351562,0.013184984734868531,233.6699981689453
2024-10-29,231.931381225586,233.6699981689453,234.3300018310547,232.32000732421875,233.1000061035156,35417200,0.0011568306748999113,230.4534996032715,227.10419982910156,0.011236705207946692,230.1000061035156
2024-10-30,228.387939453125,230.1000061035156,233.47000122070312,229.5500030517578,232.6100006103516,47070900,-0.015277922255336307,230.61949996948243,227.17600006103515,0.011854755043833784,225.9100036621093
2024-10-31,224.22911071777344,225.9100036621093,229.8300018310547,225.3699951171875,229.33999633789065,64370100,-0.018209484268858933,230.63150024414062,227.16620025634765,0.012544811303230981,222.9100036621093
2024-11-01,221.2514495849609,222.9100036621093,225.3500061035156,220.2700042724609,220.97000122070312,65276700,-0.013279624414008095,230.4370002746582,227.1338003540039,0.012833578683757875,222.009994506836
2024-11-04,220.35812377929688,222.009994506836,222.7899932861328,219.7100067138672,220.9900054931641,44944500,-0.004037544930632797,230.4529998779297,227.03720031738283,0.011809798270789188,223.4499969482422
2024-11-05,221.78741455078125,223.4499969482422,223.9499969482422,221.13999938964844,221.8000030517578,28111300,0.006486205472888473,230.33699951171874,226.96260040283204,0.011120190393642601,222.72000122070312
2024-11-06,221.0628356933593,222.72000122070312,226.07000732421875,221.19000244140625,222.6100006103516,54561100,-0.0032669310248778505,229.99599990844726,226.85640045166016,0.010369882676926496,227.47999572753903
2024-11-07,225.7874450683593,227.47999572753903,227.8800048828125,224.57000732421875,224.6300048828125,42137700,0.02137210165565251,229.9180000305176,226.87620025634766,0.011553105831180481,226.9600067138672
2024-11-08,225.5191650390625,226.9600067138672,228.6600036621093,226.4100036621093,227.1699981689453,38328800,-0.0022858669924306074,229.88850021362305,226.81960052490234,0.011471643815226517,224.22999572753903
2024-11-11,222.8064727783203,224.22999572753903,225.6999969482422,221.5,225.0,42005600,-0.0120285993371948,229.5349998474121,226.7242004394531,0.01107154876079427,224.22999572753903
2024-11-12,222.8064727783203,224.22999572753903,225.58999633789065,223.3600006103516,224.5500030517578,40398300,0.0,229.0539993286133,226.75340026855469,0.01068317099454116,225.1199951171875
2024-11-13,223.6908416748047,225.1199951171875,226.6499938964844,222.759994506836,224.009994506836,48566200,0.003969136184303723,228.72099914550782,226.83880004882812,0.010637722035881461,228.22000122070312
2024-11-14,226.77114868164065,228.22000122070312,228.8699951171875,225.0,225.0200042724609,44923900,0.013770460957508002,228.52449951171874,226.95559997558593,0.011154146579889902,225.0
2024-11-15,223.57159423828125,225.0,226.9199981689453,224.2700042724609,226.3999938964844,47923700,-0.014109198157391867,228.02449951171874,227.03919982910156,0.011087030570358621,228.0200042724609
2024-11-18,226.57241821289065,228.0200042724609,229.7400054931641,225.1699981689453,225.25,44633700,0.013422241210937269,227.60149993896485,227.1813998413086,0.011479024110512596,228.27999877929688
2024-11-19,226.8307647705078,228.27999877929688,230.1600036621093,226.6600036621093,226.97999572753903,36211800,0.0011402267431119828,227.2224998474121,227.3447998046875,0.01149492286409669,229.0
2024-11-20,227.54620361328125,229.0,229.92999267578125,225.88999938964844,228.0599975585937,35169600,0.0031540267415159917,227.1345001220703,227.4715997314453,0.010513110097519943,228.5200042724609
2024-11-21,227.0692596435547,228.5200042724609,230.1600036621093,225.7100067138672,228.8800048828125,42108300,-0.002096051211961103,227.03199996948243,227.58659973144532,0.010520101518020127,229.8699951171875
2024-11-22,228.41065979003903,229.8699951171875,230.72000122070312,228.0599975585937,228.0599975585937,38168300,0.005907539031537068,226.95499954223632,227.73399963378907,0.010577862209984423,232.8699951171875
2024-11-25,231.39163208007807,232.8699951171875,233.25,229.7400054931641,231.4600067138672,90152800,0.013050855108212911,226.9284996032715,228.06499938964845,0.010818636375698663,235.0599975585937
2024-11-26,233.5677185058593,235.0599975585937,235.57000732421875,233.3300018310547,233.3300018310547,45986200,0.00940439939591231,226.9979995727539,228.43039947509763,0.01102264739301053,234.92999267578125
2024-11-27,233.4385528564453,234.92999267578125,235.69000244140625,233.8099975585937,234.47000122070312,33498400,-0.000553071063399635,227.2394989013672,228.7151992797851,0.010397601664873286,237.3300018310547
2024-11-29,235.82330322265625,237.3300018310547,237.8099975585937,233.97000122070312,234.8099975585937,28481400,0.01021584825308186,227.81049880981445,228.88439941406247,0.009526894243893849,239.58999633789065
2024-12-02,238.06895446777344,239.58999633789065,240.7899932861328,237.1600036621093,237.2700042724609,48137100,0.009522582435425697,228.6444984436035,229.11219940185546,0.008880069843051359,242.6499938964844
2024-12-03,241.10952758789065,242.6499938964844,242.759994506836,238.8999938964844,239.8099975585937,38861000,0.01277180852859261,229.67649841308594,229.43579925537108,0.008909409609018863,243.009994506836
2024-12-04,241.46725463867188,243.009994506836,244.1100006103516,241.25,242.8699951171875,44383900,0.0014836209330595374,230.6544982910156,229.74859924316405,0.008920703499347326,243.0399932861328
2024-12-05,241.4970703125,243.0399932861328,244.5399932861328,242.1300048828125,243.9900054931641,40033900,0.0001234466893333952,231.6704978942871,230.08199920654297,0.008801919741764377,242.83999633789065
2024-12-06,241.2983245849609,242.83999633789065,244.6300048828125,242.0800018310547,242.9100036621093,36870600,-0.0008228972752097885,232.4384979248047,230.38839904785155,0.007904430010827941,246.75
2024-12-09,245.1835021972656,246.75,247.2400054931641,241.75,241.8300018310547,44649200,0.016101151873964437,233.42799758911133,230.76759918212892,0.008280634465175817,247.7700042724609
2024-12-10,246.19705200195312,247.7700042724609,248.2100067138672,245.33999633789065,246.88999938964844,36914800,0.004133755916761572,234.60499801635743,231.06299926757814,0.0073473737407630125,246.4900054931641
2024-12-11,244.92515563964844,246.4900054931641,250.8000030517578,246.259994506836,247.9600067138672,45205800,-0.005166076430661359,235.71799850463867,231.46859924316405,0.007619274545017081,247.9600067138672
2024-12-12,246.3858184814453,247.9600067138672,248.7400054931641,245.67999267578125,246.88999938964844,32777500,0.005963735599591624,236.85999908447266,231.89219940185546,0.007621277346410401,248.1300048828125
2024-12-13,246.55474853515625,248.1300048828125,249.2899932861328,246.2400054931641,247.82000732421875,33155300,0.0006855870476785153,237.85549926757812,232.34139953613283,0.007374736365463086,251.0399932861328
2024-12-16,249.4462738037109,251.0399932861328,251.3800048828125,247.6499938964844,247.9900054931641,51694800,0.011727676403724852,239.15749893188476,232.82619934082032,0.006158213268057334,253.47999572753903
2024-12-17,251.8707733154297,253.47999572753903,253.8300018310547,249.77999877929688,250.0800018310547,51356400,0.009719576588042456,240.43049850463868,233.46199920654297,0.005960257644363045,248.0500030517578
2024-12-18,246.4752655029297,248.0500030517578,254.27999877929688,247.7400054931641,252.1600036621093,56774100,-0.021421779893107673,241.41899871826172,233.9075991821289,0.008420906535588203,249.7899932861328
2024-12-19,248.2041931152344,249.7899932861328,252.0,247.08999633789065,247.5,60882300,0.007014675319362729,242.45849838256837,234.3125991821289,0.00844000863679848,254.4900054931641
2024-12-20,252.87437438964844,254.4900054931641,255.0,245.69000244140625,248.0399932861328,147495300,0.018815854651340835,243.75699844360352,234.82159942626953,0.008878366672875022,255.2700042724609
2024-12-23,253.64942932128903,255.2700042724609,255.6499938964844,253.4499969482422,254.7700042724609,40858800,0.0030649485734628445,245.0269989013672,235.3759994506836,0.008893126156487602,258.20001220703125
2024-12-24,256.5608215332031,258.20001220703125,258.2099914550781,255.2899932861328,255.4900054931641,23234700,0.011478073747525075,246.2934997558594,235.91399963378908,0.0088276165976903,259.0199890136719
2024-12-26,257.37554931640625,259.0199890136719,260.1000061035156,257.6300048828125,258.19000244140625,27237100,0.003175742710589624,247.4914993286133,236.41739929199218,0.008781721682188963,255.58999633789065
2024-12-27,253.9674072265625,255.58999633789065,258.70001220703125,253.0599975585937,257.8299865722656,42355300,-0.013242192962953814,248.52449951171874,236.89359924316406,0.009615366109085368,252.1999969482422
2024-12-30,250.59890747070312,252.1999969482422,253.5,250.75,252.22999572753903,35557500,-0.013263427513676596,249.26799926757812,237.2945993041992,0.010262413232888392,250.4199981689453
2024-12-31,248.8302001953125,250.4199981689453,253.27999877929688,249.42999267578125,252.44000244140625,39480700,-0.007057885808230857,249.80949935913085,237.60299926757813,0.010384681174847284,243.8500061035156
2025-01-02,242.30194091796875,243.8500061035156,249.1000061035156,241.82000732421875,248.92999267578125,55740700,-0.02623589215505573,249.86949996948243,237.75039947509765,0.011864944561689727,243.3600006103516
2025-01-03,241.8150329589844,243.3600006103516,244.17999267578125,241.88999938964844,243.3600006103516,40244100,-0.0020094545044054835,249.8870002746582,237.90039947509766,0.011872526496952788,245.0
2025-01-06,243.4446258544922,245.0,247.3300018310547,243.1999969482422,244.3099975585937,45045600,0.006738984983297502,249.98500061035156,238.18519958496094,0.011963868983618082,242.2100067138672
2025-01-07,240.6723480224609,242.2100067138672,245.5500030517578,241.3500061035156,242.97999572753903,40856000,-0.011387727698501271,249.9535011291504,238.4179995727539,0.012253683799561238,242.6999969482422
2025-01-08,241.1592254638672,242.6999969482422,243.7100067138672,240.0500030517578,241.9199981689453,37628900,0.0020229974847978394,249.7510009765625,238.64379943847655,0.011666864068650475,236.8500061035156
2025-01-10,235.34637451171875,236.8500061035156,240.1600036621093,233.0,240.009994506836,61710900,-0.02410379447171629,249.20500106811522,238.71279968261717,0.012705559541286243,234.3999938964844
2025-01-13,232.9119110107422,234.3999938964844,234.6699981689453,229.72000122070312,233.52999877929688,49630700,-0.010344150913639494,248.60050048828126,238.72739959716796,0.012821962342222097,233.27999877929688
2025-01-14,231.7990264892578,233.27999877929688,236.1199951171875,232.47000122070312,234.75,39435300,-0.004778136289893209,247.86650009155272,238.7909994506836,0.012675875168946873,237.8699951171875
2025-01-15,236.35986328125,237.8699951171875,238.9600067138672,234.42999267578125,234.63999938964844,39832000,0.019675910330543056,247.35349960327147,239.03019927978517,0.013638801750135696,228.259994506836
2025-01-16,226.81089782714844,228.259994506836,238.009994506836,228.02999877929688,237.3500061035156,71759100,-0.04040022200201043,246.21449966430663,239.1371990966797,0.015698551994791067,229.97999572753903
2025-01-17,228.51998901367188,229.97999572753903,232.2899932861328,228.47999572753903,232.1199951171875,68488300,0.007535272330217779,245.03949966430665,239.29659912109375,0.015600783832965736,222.63999938964844
2025-01-21,221.2265625,222.63999938964844,224.4199981689453,219.3800048828125,224.0,98070400,-0.031915803436166734,243.76899948120118,239.28039916992188,0.016349992101346862,223.8300018310547
2025-01-22,222.4090118408203,223.8300018310547,224.1199951171875,219.7899932861328,219.7899932861328,64126500,0.00534496247156202,242.47099990844725,239.30259918212892,0.01628815853505455,223.6600036621093
2025-01-23,222.2401123046875,223.6600036621093,227.02999877929688,222.3000030517578,224.7400054931641,60234800,-0.000759496794686676,240.92949981689452,239.2261993408203,0.015319278885336594,222.77999877929688
2025-01-24,221.36569213867188,222.77999877929688,225.6300048828125,221.4100036621093,224.77999877929688,54697900,-0.003934565270515944,239.30499954223632,239.14259918212892,0.015172770422915765,229.8600006103516
2025-01-27,228.4007263183593,229.8600006103516,232.1499938964844,223.97999572753903,224.0200042724609,94863400,0.031780240011890504,237.88799896240235,239.25519927978516,0.017017992353558265,238.259994506836
2025-01-28,236.7474060058593,238.259994506836,240.19000244140625,230.8099975585937,230.8500061035156,75707600,0.036543956643956044,236.84999923706056,239.5357992553711,0.019398755956674344,239.3600006103516
2025-01-29,237.84043884277344,239.3600006103516,239.8600006103516,234.009994506836,234.1199951171875,45486100,0.00461683089430287,236.0384994506836,239.8205993652344,0.01936142807969967,237.58999633789065
2025-01-30,236.08164978027344,237.58999633789065,240.7899932861328,237.2100067138672,238.6699981689453,55658300,-0.0073947370820001135,235.30799942016603,240.00799926757813,0.01924334501726554,236.0
2025-01-31,234.50177001953125,236.0,247.19000244140625,233.44000244140625,247.19000244140625,100959800,-0.006692185539787787,234.58699951171874,240.22799926757813,0.019239262685368703,228.009994506836
2025-02-03,226.5624847412109,228.009994506836,231.8300018310547,225.6999969482422,229.9900054931641,73063300,-0.03385595547950848,233.79499893188478,240.2277990722656,0.019795526190178582,232.8000030517578
2025-02-04,231.3220672607422,232.8000030517578,233.1300048828125,226.6499938964844,227.25,45067300,0.02100788851507218,233.2669990539551,240.31819915771484,0.02052205095954495,232.47000122070312
2025-02-05,230.99417114257807,232.47000122070312,232.6699981689453,228.2700042724609,228.52999877929688,39620300,-0.0014175336199687694,232.64049911499023,240.3875991821289,0.020419721412210486,233.22000122070312
2025-02-06,231.7393951416016,233.22000122070312,233.8000030517578,230.42999267578125,231.2899932861328,29925300,0.00322622272147699,232.19099884033204,240.48159912109375,0.02034336688151702,227.6300048828125
2025-02-07,226.1848907470703,227.6300048828125,234.0,227.259994506836,232.6000061035156,39707200,-0.023968769010513147,231.43749923706054,240.43679931640625,0.020915705007942226,227.6499938964844
2025-02-10,226.4534606933593,227.6499938964844,230.58999633789065,227.1999969482422,229.57000732421875,33115600,8.781361526666309e-05,230.97749862670898,240.33239929199217,0.020321584246263787,232.6199951171875
2025-02-11,231.39735412597656,232.6199951171875,235.22999572753903,228.1300048828125,228.1999969482422,53718400,0.021831765227118938,230.88849868774415,240.2835992431641,0.020874199447332393,236.8699951171875
2025-02-12,235.625,236.8699951171875,236.9600067138672,230.67999267578125,231.1999969482422,45243300,0.018270140526221557,231.06799850463867,240.3223992919922,0.02123962028283712,241.52999877929688
2025-02-13,240.26052856445312,241.52999877929688,242.33999633789065,235.57000732421875,236.9100036621093,53614100,0.01967325435120615,231.25099868774413,240.40639923095708,0.021239497237793295,244.6000061035156
2025-02-14,243.3143768310547,244.6000061035156,245.5500030517578,240.9900054931641,241.25,40896200,0.012710666748373622,232.06799926757813,240.50659942626953,0.01899524479622983,244.47000122070312
2025-02-18,243.18508911132807,244.47000122070312,245.17999267578125,241.83999633789065,244.1499938964844,48822500,-0.0005314999164695022,232.79249954223633,240.5429995727539,0.018993701222354064,244.8699951171875
2025-02-19,243.5829467773437,244.8699951171875,246.009994506836,243.1600036621093,244.6600036621093,32204200,0.001636167605379324,233.90399932861328,240.58019958496095,0.017114784736740975,245.8300018310547
2025-02-20,244.53790283203125,245.8300018310547,246.77999877929688,244.2899932861328,244.94000244140625,32316900,0.003920475080696484,235.00399932861328,240.6359997558594,0.017115837920396965,245.5500030517578
2025-02-21,244.25938415527344,245.5500030517578,248.69000244140625,245.22000122070312,245.9499969482422,53197400,-0.001138993520771736,236.0984992980957,240.6901998901367,0.017122578466059576,247.1000061035156
2025-02-24,245.8012542724609,247.1000061035156,248.8600006103516,244.4199981689453,244.92999267578125,51326400,0.006312372357947238,237.31449966430665,240.69720001220702,0.016999745320000943,247.0399932861328
2025-02-25,245.74156188964844,247.0399932861328,250.0,244.9100036621093,248.0,48013300,-0.00024286853865007618,238.1734992980957,240.68259979248046,0.015846402874639207,240.3600006103516
2025-02-26,239.0966644287109,240.3600006103516,244.97999572753903,239.1300048828125,244.3300018310547,44433600,-0.02704012652738441,238.27849960327148,240.55999969482423,0.015284886985567018,237.3000030517578
2025-02-27,236.05274963378903,237.3000030517578,242.4600067138672,237.0599975585937,239.4100036621093,41153600,-0.012730893454915404,238.1754997253418,240.34679962158202,0.015532211744432195,241.83999633789065
2025-02-28,240.56887817382807,241.83999633789065,242.08999633789065,230.1999969482422,236.9499969482422,56833400,0.019131872009047646,238.38799972534179,240.2209994506836,0.01602089941500937,238.02999877929688
2025-03-03,236.77891540527344,238.02999877929688,244.02999877929688,236.1100006103516,241.7899932861328,47184000,-0.01575420780800285,238.48949966430663,239.9607995605469,0.016374426307131477,235.92999267578125
2025-03-04,234.68997192382807,235.92999267578125,240.07000732421875,234.67999267578125,237.7100067138672,53798100,-0.00882244302938795,238.8854995727539,239.60979949951172,0.01444906493788472,235.7400054931641
2025-03-05,234.5009765625,235.7400054931641,236.5500030517578,229.22999572753903,235.4199981689453,47227600,-0.0008052693108766551,239.03249969482422,239.36359954833983,0.013728839567946901,235.3300018310547
2025-03-06,234.09312438964844,235.3300018310547,237.8600006103516,233.1600036621093,234.44000244140625,45170400,-0.0017392197020258404,239.1754997253418,239.07439971923827,0.013731660594845697,239.07000732421875
2025-03-07,237.8134613037109,239.07000732421875,241.3699951171875,234.759994506836,235.1100006103516,46273600,0.015892599600832114,239.46800003051757,238.76599975585938,0.01414025508382218,227.47999572753903
2025-03-10,226.28436279296875,227.47999572753903,236.1600036621093,224.22000122070312,235.5399932861328,72071200,-0.04847957184759577,239.46049957275392,238.21019958496095,0.01718344333717371,220.83999633789065
2025-03-11,219.6792755126953,220.83999633789065,225.83999633789065,217.4499969482422,223.8099975585937,76137400,-0.029189377151217055,239.11999969482423,237.4629992675781,0.01839005235504663,216.97999572753903
2025-03-12,215.8395538330078,216.97999572753903,221.75,214.9100036621093,220.13999938964844,62547500,-0.017478720677235104,238.3379997253418,236.62219940185548,0.017874987074520256,209.67999267578125
2025-03-13,208.5779266357422,209.67999267578125,216.83999633789065,208.4199981689453,215.9499969482422,61368300,-0.03364366852013567,236.97849960327147,235.7039993286133,0.01833804978071158,213.4900054931641
2025-03-14,212.36788940429688,213.4900054931641,213.9499969482422,209.5800018310547,211.25,60107600,0.018170607356297053,235.57649993896484,234.92979949951172,0.018230453448803315,214.0
2025-03-17,212.87521362304688,214.0,215.22000122070312,209.97000122070312,213.3099975585937,48073400,0.002388844881322738,234.04649963378907,234.2013995361328,0.01781451141176963,212.69000244140625
2025-03-18,211.5720977783203,212.69000244140625,215.1499938964844,211.4900054931641,214.1600036621093,42432400,-0.006121483918662407,232.4574996948242,233.57819946289064,0.01775958889016952,215.2400054931641
2025-03-19,214.1086883544922,215.2400054931641,218.759994506836,213.75,214.22000122070312,54385400,0.011989294383784488,230.97600021362305,233.01579956054687,0.01816429516773468,214.1000061035156
2025-03-20,212.97471618652344,214.1000061035156,217.4900054931641,212.22000122070312,213.9900054931641,48862900,-0.005296410335227875,229.3895004272461,232.39779968261718,0.018008423499609315,218.2700042724609
2025-03-21,217.12277221679688,218.2700042724609,218.83999633789065,211.27999877929688,211.5599975585937,94127800,0.019476870855058115,228.02550048828124,231.91899963378907,0.018912608212893475,220.72999572753903
2025-03-24,219.56985473632807,220.72999572753903,221.47999572753903,218.5800018310547,221.0,44299500,0.011270405492856295,226.7069999694824,231.479599609375,0.019109804156701427,223.75
2025-03-25,222.573959350586,223.75,224.1000061035156,220.0800018310547,220.7700042724609,34493600,0.013681893403326706,225.5425003051758,231.21759948730468,0.01955795834053506,221.52999877929688
2025-03-26,220.3656311035156,221.52999877929688,225.0200042724609,220.47000122070312,223.509994506836,34466100,-0.009921793165153625,224.60100021362305,230.96019958496095,0.01889468913198781,223.8500061035156
2025-03-27,222.6734313964844,223.8500061035156,224.9900054931641,220.5599975585937,221.38999938964844,37094800,0.010472655337889769,223.92850036621093,230.77159973144532,0.019035700156661145,217.8999938964844
2025-03-28,216.7547149658203,217.8999938964844,223.8099975585937,217.67999267578125,221.6699981689453,39818600,-0.026580353115021604,222.73150024414062,230.37219970703126,0.01901579341325504,222.1300048828125
2025-03-31,220.9624938964844,222.1300048828125,225.6199951171875,216.22999572753903,217.009994506836,65299300,0.019412625538381745,221.9365005493164,230.24959991455077,0.019588686926630784,223.19000244140625
2025-04-01,222.0169219970703,223.19000244140625,223.67999267578125,218.8999938964844,219.8099975585937,36412700,0.0047719692760685994,221.29950103759765,230.11380004882812,0.019621570247882948,223.88999938964844
2025-04-02,222.7132263183593,223.88999938964844,225.19000244140625,221.0200042724609,221.32000732421875,35905900,0.003136327526256366,220.70700073242188,230.13880004882813,0.01966015845018291,203.19000244140625
2025-04-03,202.12203979492188,203.19000244140625,207.4900054931641,201.25,205.5399932861328,103419000,-0.09245610346452682,219.10000076293946,229.72600006103517,0.028138790446618926,188.3800048828125
2025-04-04,187.389877319336,188.3800048828125,199.8800048828125,187.33999633789065,193.88999938964844,125910900,-0.07288743235713335,216.56550064086915,229.0204000854492,0.031187306689105035,181.4600067138672
2025-04-07,180.5062561035156,181.4600067138672,194.1499938964844,174.6199951171875,177.1999969482422,160466300,-0.036734249865053914,214.26450119018554,228.19400024414062,0.030555819640877897,172.4199981689453
2025-04-08,171.51376342773438,172.4199981689453,190.33999633789065,169.2100067138672,186.6999969482422,120859500,-0.049818186985832624,211.84350128173827,227.0452001953125,0.03154231021998912,198.8500061035156
2025-04-09,197.8048858642578,198.8500061035156,200.6100006103516,171.88999938964844,171.9499969482422,184395900,0.15328852926139636,210.9370018005371,226.25700042724608,0.048487752950120366,190.4199981689453
2025-04-10,189.41915893554688,190.4199981689453,194.77999877929688,183.0,189.07000732421875,121880000,-0.04239380274487825,209.9740020751953,225.27820037841798,0.04881461482792777,198.1499938964844
2025-04-11,197.10850524902344,198.1499938964844,199.5399932861328,186.0599975585937,186.1000061035156,87435900,0.04059445332354672,209.20700149536134,224.48940032958984,0.04959485084349745,202.5200042724609
2025-04-14,201.45556640625,202.5200042724609,212.94000244140625,201.1600036621093,211.44000244140625,101352900,0.02205405253890369,208.63300170898438,223.81980041503905,0.049892723947831334,202.13999938964844
2025-04-15,201.0775451660156,202.13999938964844,203.509994506836,199.8000030517578,201.8600006103516,51343900,-0.0018763819612666044,208.1055015563965,223.3024005126953,0.049881518287003504,194.2700042724609
2025-04-16,193.2489318847656,194.2700042724609,200.6999969482422,192.3699951171875,198.3600006103516,59732400,-0.03893338844835548,207.05700149536133,222.53180053710938,0.050458902690712015,196.97999572753903
2025-04-17,195.9446563720703,196.97999572753903,198.8300018310547,194.4199981689453,197.1999969482422,52164700,0.013949613401343264,206.2010009765625,221.82200042724608,0.05061489046128215,193.1600036621093
2025-04-21,192.144760131836,193.1600036621093,193.8000030517578,189.8099975585937,193.2700042724609,46742500,-0.019392791899099815,204.94550094604492,221.0208004760742,0.05045342844130702,199.7400054931641
2025-04-22,198.690170288086,199.7400054931641,201.58999633789065,195.97000122070312,196.1199951171875,52976400,0.034065032648089355,203.89600143432614,220.46300048828124,0.05109179430670645,204.6000061035156
2025-04-23,203.524642944336,204.6000061035156,208.0,202.8000030517578,206.0,52929200,0.024331633507028494,202.93850173950193,220.00200073242186,0.05133824779279384,208.3699951171875
2025-04-24,207.2748107910156,208.3699951171875,208.8300018310547,202.94000244140625,204.88999938964844,47311000,0.01842614321215863,202.28050155639647,219.51700073242188,0.05153518293219995,209.27999877929688
2025-04-25,208.1800231933593,209.27999877929688,209.75,206.1999969482422,206.3699951171875,38222300,0.0043672490446504675,201.55200119018554,218.96520080566407,0.0514765310919757,210.13999938964844
2025-04-28,209.0354766845703,210.13999938964844,211.5,207.4600067138672,210.0,38743100,0.0041093301575299,201.16400146484372,218.3374008178711,0.05116592143726191,211.2100067138672
2025-04-29,210.0998992919922,211.2100067138672,212.2400054931641,208.3699951171875,208.69000244140625,36827600,0.005091878401668248,200.61800155639645,217.66960083007814,0.05097096070168899,212.5
2025-04-30,211.3831024169922,212.5,213.5800018310547,206.6699981689453,209.3000030517578,52286500,0.006107633374967891,200.08350143432614,217.03020080566407,0.050980230312545165,213.32000732421875
2025-05-01,212.1988067626953,213.32000732421875,214.5599975585937,208.8999938964844,209.0800018310547,57365700,0.0038588579963234615,199.55500183105465,216.39920104980467,0.05098375700872459,205.3500061035156
2025-05-02,204.27069091796875,205.3500061035156,206.9900054931641,202.1600036621093,206.08999633789065,101010600,-0.03736171454649251,199.66300201416013,215.5896011352539,0.047137601289139776,198.88999938964844
2025-05-05,197.8446350097656,198.88999938964844,204.1000061035156,198.2100067138672,203.1000061035156,69018500,-0.03145851727226501,200.18850173950193,214.65640106201172,0.04453299479600609,198.509994506836
2025-05-06,197.4666290283203,198.509994506836,200.6499938964844,197.0200042724609,198.2100067138672,51216500,-0.0019106284075549596,201.04100112915037,213.68460083007812,0.043542167715666824,196.25
2025-05-07,195.218505859375,196.25,199.44000244140625,193.25,199.1699981689453,68536700,-0.011384789528862571,202.2325012207031,212.66880096435546,0.041791949975025236,197.4900054931641
2025-05-08,196.45201110839844,197.4900054931641,200.0500030517578,194.67999267578125,197.72000122070312,50478900,0.006318499328224592,202.16450119018552,211.81140106201173,0.023826351310890413,198.52999877929688
2025-05-09,197.4865264892578,198.52999877929688,200.5399932861328,197.5399932861328,199.0,36453900,0.0052660552797887394,202.5700012207031,211.0360009765625,0.021655169316499766,210.7899932861328
2025-05-12,209.95704650878903,210.7899932861328,211.2700042724609,206.75,210.97000122070312,63775800,0.06175386381009962,203.2020011901855,210.41500091552734,0.02401252012646618,212.92999267578125
2025-05-13,212.08859252929688,212.92999267578125,213.3999938964844,209.0,210.42999267578125,51909300,0.010152281691776288,203.72250061035155,209.91300079345703,0.02367012595197527,212.3300018310547
2025-05-14,211.490966796875,212.3300018310547,213.94000244140625,210.5800018310547,212.42999267578125,49325800,-0.0028177845553216674,204.23200073242185,209.4410009765625,0.02368079397901101,211.4499969482422
2025-05-15,210.6144256591797,211.4499969482422,212.9600067138672,209.5399932861328,210.9499969482422,45029500,-0.004144515024837148,205.09100036621095,208.95520080566405,0.02165026060455538,211.259994506836
2025-05-16,210.42518615722656,211.259994506836,212.57000732421875,209.7700042724609,212.3600006103516,54737900,-0.0008985691376136584,205.80500030517578,208.4738006591797,0.021562356376877475,208.77999877929688
2025-05-19,207.9550170898437,208.77999877929688,209.47999572753903,204.259994506836,207.9100036621093,46140500,-0.011739069355409248,206.58600006103515,207.86800048828124,0.021195283937615585,206.8600006103516
2025-05-20,206.0425720214844,206.8600006103516,208.47000122070312,205.02999877929688,207.6699981689453,42496600,-0.009196274452395903,206.94199981689454,207.4556005859375,0.02015916492177577,202.08999633789065
2025-05-21,201.2914123535156,202.08999633789065,207.0399932861328,200.7100067138672,205.1699981689453,59211800,-0.02305909435553888,206.81649932861328,207.0806005859375,0.020174320877354972,201.3600006103516
2025-05-22,200.5643310546875,201.3600006103516,202.75,199.6999969482422,200.7100067138672,46742400,-0.003612230891026025,206.46599960327148,206.76820068359376,0.019686393033863814,195.2700042724609
2025-05-23,194.4983825683593,195.2700042724609,197.6999969482422,193.4600067138672,193.6699981689453,78432900,-0.03024432021966139,205.7654998779297,206.48000091552734,0.020639143842072938,200.2100067138672
2025-05-27,199.4188537597656,200.2100067138672,200.7400054931641,197.42999267578125,198.3000030517578,56288500,0.025298316860348224,205.2690002441406,206.2144009399414,0.021560523418547684,200.4199981689453
2025-05-28,199.6280212402344,200.4199981689453,202.72999572753903,199.8999938964844,200.58999633789065,45339700,0.0010488559414427723,204.72949981689456,205.94280090332032,0.021507454694702312,199.9499969482422
2025-05-29,199.15988159179688,199.9499969482422,203.8099975585937,198.509994506836,203.5800018310547,51396800,-0.0023450814539321962,204.10199966430667,205.68800079345704,0.02141430012858296,200.8500061035156
2025-05-30,200.05633544921875,200.8500061035156,201.9600067138672,196.77999877929688,199.3699951171875,70819900,0.0045011711378339925,203.4784996032715,205.40020080566407,0.021425328587798022,201.6999969482422
2025-06-02,200.9029693603516,201.6999969482422,202.1300048828125,200.1199951171875,200.27999877929688,35423300,0.004231968229508221,203.29599914550784,205.15220062255858,0.019854194561768113,203.2700042724609
2025-06-03,202.4667816162109,203.2700042724609,203.7700042724609,200.9600067138672,201.3500061035156,46381600,0.0077838738124602624,203.51499938964844,204.8522006225586,0.018552095266436374,202.82000732421875
2025-06-04,202.0185546875,202.82000732421875,206.2400054931641,202.1000061035156,202.9100036621093,43604000,-0.0022137892398476078,203.7305000305176,204.49400085449219,0.018554937322827637,200.6300048828125
2025-06-05,199.83721923828125,200.6300048828125,204.75,200.1499938964844,203.5,55126100,-0.010797763348392997,203.9495002746582,204.03160095214844,0.01853437687279514,203.9199981689453
2025-06-06,203.1141967773437,203.9199981689453,205.6999969482422,202.0500030517578,203.0,46607700,0.0163983113495636,204.27099990844727,203.67940093994142,0.018813981693565757,201.4499969482422
2025-06-09,200.65396118164065,201.4499969482422,206.0,200.0200042724609,204.38999938964844,72862600,-0.012112599268742419,204.41699981689453,203.23140075683594,0.019043850762058896,202.6699981689453
2025-06-10,201.86915588378903,202.6699981689453,204.3500061035156,200.57000732421875,200.6000061035156,54672600,0.0060560994747325125,204.01100006103516,202.92680084228516,0.01268838678205191,198.77999877929688
2025-06-11,197.99452209472656,198.77999877929688,204.5,198.4100036621093,203.5,60989900,-0.019193760422328232,203.30350036621093,202.45980072021484,0.012917787777833135,199.1999969482422
2025-06-12,198.412841796875,199.1999969482422,199.67999267578125,197.3600006103516,199.0800018310547,43904600,0.002112879422097258,202.64700012207032,201.98000061035157,0.01297545769142617,196.4499969482422
2025-06-13,195.6737060546875,196.4499969482422,200.3699951171875,195.6999969482422,199.72999572753903,51447300,-0.013805221095031128,201.89700012207032,201.43120056152344,0.013194118504266956,198.4199981689453
2025-06-16,197.63592529296875,198.4199981689453,198.69000244140625,196.5599975585937,197.3000030517578,43020700,0.010028003315378786,201.25500030517577,201.3358004760742,0.013533257750039532,195.63999938964844
2025-06-17,194.86691284179688,195.63999938964844,198.38999938964844,195.2100067138672,197.1999969482422,38856200,-0.014010678383989505,200.59800033569337,201.48100036621094,0.013619341201205353,196.5800018310547
2025-06-18,195.80319213867188,196.5800018310547,197.57000732421875,195.07000732421875,195.94000244140625,45394700,0.004804755900321256,200.08400039672853,201.7834002685547,0.013652348525609988,201.0
2025-06-20,200.2057342529297,201.0,201.6999969482422,196.8600006103516,198.2400054931641,96813500,0.022484475164182616,200.02950057983398,202.3550003051758,0.013832116856300926,201.5
2025-06-23,200.70376586914065,201.5,202.3000030517578,198.9600067138672,201.6300048828125,55814300,0.0024875621890547706,200.0365005493164,202.40800018310546,0.013819682552153833,200.3000030517578
2025-06-24,199.50851440429688,200.3000030517578,203.44000244140625,200.1999969482422,202.58999633789065,54064000,-0.005955319842392948,200.28800048828126,202.6056002807617,0.011951291656524156,201.5599975585937
2025-06-25,200.76353454589844,201.5599975585937,203.6699981689453,200.6199951171875,201.4499969482422,39525700,0.006290536633243526,200.35550003051756,202.6738003540039,0.010628363415031827,201.0
2025-06-26,200.2057342529297,201.0,202.63999938964844,199.4600067138672,201.42999267578125,50799100,-0.002778316954637261,200.38450012207028,202.6434002685547,0.010650301843965551,201.0800018310547
2025-06-27,200.2854156494141,201.0800018310547,203.22000122070312,200.0,201.88999938964844,73188600,0.00039801905997349785,200.44100036621091,202.6222003173828,0.010633473024984649,205.1699981689453
2025-06-30,204.3592529296875,205.1699981689453,207.38999938964844,199.259994506836,202.009994506836,91912800,0.020340144721736175,200.6569999694824,202.8402001953125,0.01151345490928761,207.82000732421875
2025-07-01,206.998779296875,207.82000732421875,210.19000244140625,206.13999938964844,206.6699981689453,78788900,0.012916163079025322,200.96300048828124,203.0570004272461,0.01179696222871921,212.44000244140625
2025-07-02,211.60055541992188,212.44000244140625,213.33999633789065,208.13999938964844,208.9100036621093,67941800,0.022230752354752248,201.4215003967285,203.44260040283203,0.012612144531765257,213.5500030517578
2025-07-03,212.7061462402344,213.5500030517578,214.6499938964844,211.8099975585937,212.1499938964844,34955800,0.005225007520218483,201.95800018310547,203.71880035400392,0.012582172114820378,209.9499969482422
2025-07-07,209.120361328125,209.9499969482422,216.22999572753903,208.8000030517578,212.67999267578125,50229000,-0.016857907057220234,202.42399978637695,203.82580017089845,0.012989595078044954,210.009994506836
2025-07-08,209.1801300048828,210.009994506836,211.42999267578125,208.4499969482422,210.1000061035156,42848900,0.0002857707047674296,202.72849960327147,203.85860015869142,0.012565370609333647,211.13999938964844
2025-07-09,210.3056640625,211.13999938964844,211.3300018310547,207.22000122070312,209.52999877929688,48749400,0.0053807195484483206,203.2129997253418,203.89580017089844,0.012167002481976077,212.4100036621093
2025-07-10,211.5706787109375,212.4100036621093,213.47999572753903,210.02999877929688,210.509994506836,44443600,0.0060149866256138385,203.7,203.94120025634766,0.012166359630737646,211.1600036621093
2025-07-11,210.3256072998047,211.1600036621093,212.1300048828125,209.8600006103516,210.57000732421875,39765800,-0.005884845244805148,204.31900024414062,203.9402001953125,0.01125154300595122,208.6199951171875
2025-07-14,207.795639038086,208.6199951171875,210.9100036621093,207.5399932861328,209.92999267578125,38840100,-0.012028833590030708,204.79000015258788,203.86260009765624,0.011749224642142054,209.1100006103516
2025-07-15,208.28370666503903,209.1100006103516,211.88999938964844,208.9199981689453,209.22000122070312,42296300,0.0023487944810316463,205.42300033569336,203.77839996337892,0.011116343072376243,210.1600036621093
2025-07-16,209.3295440673828,210.1600036621093,212.3999938964844,208.63999938964844,210.3000030517578,47490500,0.0050212952450525705,206.01000061035157,203.87459991455077,0.011010020365935513,210.0200042724609
2025-07-17,209.1901092529297,210.0200042724609,211.8000030517578,209.58999633789065,210.57000732421875,48068100,-0.0006661562010318312,206.7290008544922,204.097200012207,0.01031116272905024,211.17999267578125
2025-07-18,210.34552001953125,211.17999267578125,211.7899932861328,209.6999969482422,210.8699951171875,48974600,0.005523228167424898,207.45900039672853,204.3505999755859,0.010316820401264365,212.47999572753903
2025-07-21,211.640365600586,212.47999572753903,215.77999877929688,211.6300048828125,212.1000061035156,51377400,0.006155900638530776,208.03300018310546,204.6751998901367,0.009347513634115814,214.3999938964844
2025-07-22,213.55279541015625,214.3999938964844,214.9499969482422,212.22999572753903,213.13999938964844,46404100,0.009036136142469342,208.6779998779297,205.0133996582031,0.009449307262758729,214.1499938964844
2025-07-23,213.30377197265625,214.1499938964844,215.1499938964844,212.4100036621093,215.0,46989300,-0.0011660448093142595,209.37049942016603,205.32579956054687,0.009265314952090485,213.759994506836
2025-07-24,212.91531372070312,213.759994506836,215.69000244140625,213.52999877929688,213.8999938964844,46022600,-0.0018211505989438326,209.98049926757812,205.38519958496093,0.009309068254652907,213.8800048828125
2025-07-25,213.03485107421875,213.8800048828125,215.2400054931641,213.3999938964844,214.6999969482422,40268800,0.0005614258002455408,210.62449951171874,205.40419982910157,0.009229886452876536,214.0500030517578
2025-07-28,213.2041778564453,214.0500030517578,214.8500061035156,213.0599975585937,214.02999877929688,37858000,0.0007948296477664485,211.27299957275392,205.43859985351563,0.009224082604793196,211.2700042724609
2025-07-29,210.4351501464844,211.2700042724609,214.8099975585937,210.82000732421875,214.17999267578125,51411700,-0.012987613826965005,211.5779998779297,205.435,0.008965847451592898,209.0500030517578
2025-07-30,208.2239227294922,209.0500030517578,212.38999938964844,207.72000122070312,211.8999938964844,45512500,-0.010507886476113781,211.63949966430664,205.39080017089844,0.008926487476736421,207.57000732421875
2025-07-31,206.7498016357422,207.57000732421875,209.83999633789065,207.1600036621093,208.4900054931641,80698400,-0.007079625476841711,211.39599990844727,205.36660034179687,0.007421296799511158,202.3800048828125
2025-08-01,201.58029174804688,202.3800048828125,213.5800018310547,201.5,210.8699951171875,104434500,-0.025003624118486445,210.8375,205.2770004272461,0.008974101575100531,203.3500061035156
2025-08-04,202.5464630126953,203.3500061035156,207.8800048828125,201.67999267578125,204.509994506836,75109300,0.004792969647692047,210.50750045776368,205.3022006225586,0.008460409729546274,202.9199981689453
2025-08-05,202.1181488037109,202.9199981689453,205.33999633789065,202.1600036621093,203.3999938964844,44155100,-0.00211461972787641,210.15300064086915,205.33340057373047,0.00844984468257691,213.25
2025-08-06,212.40733337402344,213.25,215.3800048828125,205.58999633789065,205.6300048828125,108483100,0.05090677076812433,210.2585006713867,205.69300048828126,0.014452496338828657,220.02999877929688
2025-08-07,219.16053771972656,220.02999877929688,220.8500061035156,216.5800018310547,218.8800048828125,90224800,0.03179366367782821,210.6395004272461,206.08940032958984,0.01602527967145871,229.3500061035156
2025-08-08,228.4437255859375,229.3500061035156,231.0,219.25,220.8300018310547,113854000,0.04235789381413957,211.54900054931642,206.66800048828122,0.01826820821407337,227.17999267578125
2025-08-11,226.53909301757807,227.17999267578125,229.5599975585937,224.759994506836,227.9199981689453,61806100,-0.00946157998685615,212.47700042724608,207.21260040283198,0.018156140256124016,229.6499938964844
2025-08-12,229.0021209716797,229.6499938964844,230.8000030517578,227.07000732421875,228.009994506836,55626200,0.010872441677679756,213.50400009155274,207.7886001586914,0.01820483238097457,233.3300018310547
2025-08-13,232.6717529296875,233.3300018310547,235.0,230.42999267578125,231.07000732421875,69878500,0.01602441991019199,214.6625,208.42120025634765,0.01837572528755866,232.77999877929688
2025-08-14,232.1233062744141,232.77999877929688,235.1199951171875,230.8500061035156,234.0599975585937,51916300,-0.0023571895917441354,215.8004997253418,209.01140014648436,0.018408969496894412,231.58999633789065
2025-08-15,230.93667602539065,231.58999633789065,234.27999877929688,229.33999633789065,234.0,56038700,-0.005112133549474263,216.82099990844728,209.5867999267578,0.018555692626169407,230.88999938964844
2025-08-18,230.23863220214844,230.88999938964844,233.1199951171875,230.1100006103516,231.6999969482422,37476200,-0.0030225698834630554,217.74150009155272,210.19199981689454,0.018633322764925107,230.5599975585937
2025-08-19,229.9095764160156,230.5599975585937,232.8699951171875,229.3500061035156,231.27999877929688,39402600,-0.001429259958972251,218.54950027465821,210.72479980468745,0.018641014375881507,226.009994506836
2025-08-20,225.3723907470703,226.009994506836,230.47000122070312,225.7700042724609,229.97999572753903,42263900,-0.01973457277905022,219.1425003051758,211.21599975585937,0.019350387285221565,224.8999938964844
2025-08-21,224.26551818847656,224.8999938964844,226.5200042724609,223.77999877929688,226.2700042724609,30621200,-0.004911289931109786,219.6995002746582,211.66059967041016,0.01940211442041063,227.759994506836
2025-08-22,227.11746215820312,227.759994506836,229.08999633789065,225.4100036621093,226.1699981689453,42477800,0.012716766064778007,220.39349975585938,212.24019958496095,0.01952098525752531,227.1600036621093
2025-08-25,226.5191650390625,227.1600036621093,229.3000030517578,226.22999572753903,226.47999572753903,30983100,-0.0026343118159352086,221.04899978637695,212.7993997192383,0.01955941701653403,229.3099975585937
2025-08-26,228.6630859375,229.3099975585937,229.4900054931641,224.69000244140625,226.8699951171875,54575100,0.009464667467088184,221.95099945068358,213.45659973144527,0.019225597443875416,230.4900054931641
2025-08-27,229.8397674560547,230.4900054931641,230.8999938964844,228.259994506836,228.6100006103516,31259500,0.005145907056533394,223.02299957275392,214.09799987792968,0.018907984459646584,232.5599975585937
2025-08-28,231.90391540527344,232.5599975585937,233.4100036621093,229.33999633789065,230.82000732421875,38074700,0.008980832210058631,224.27249908447266,214.83639984130855,0.018705202635979547,232.13999938964844
2025-08-29,231.485107421875,232.13999938964844,233.3800048828125,231.3699951171875,232.509994506836,39418400,-0.001805977697602268,225.76049880981446,215.54759979248044,0.0173613765002047,229.72000122070312
2025-09-02,229.07192993164065,229.72000122070312,230.8500061035156,226.97000122070312,229.25,44075600,-0.010424735828844955,227.07899856567383,216.1219998168945,0.01779240158363693,238.47000122070312
2025-09-03,237.7972412109375,238.47000122070312,238.8500061035156,234.3600006103516,237.2100067138672,66427800,0.038089848308826335,228.85649871826172,216.86139984130855,0.01902461693199907,239.77999877929688
2025-09-04,239.10354614257807,239.77999877929688,239.8999938964844,236.7400054931641,238.4499969482422,47549400,0.005493343195739575,230.18299865722656,217.65099975585935,0.01616323343818056,239.69000244140625
2025-09-05,239.0138092041016,239.69000244140625,241.32000732421875,238.4900054931641,240.0,54870400,-0.00037532879451496193,231.16599884033204,218.4135998535156,0.015021896676632005,237.8800048828125
2025-09-08,237.2089233398437,237.8800048828125,240.1499938964844,236.33999633789065,239.3000030517578,48999500,-0.007551410322323426,231.59249877929688,219.15119995117183,0.012278275107895475,234.3500061035156
2025-09-09,233.6888885498047,234.3500061035156,238.77999877929688,233.3600006103516,237.0,66313900,-0.014839409394816094,231.95099945068358,219.81660003662105,0.012594952510847758,226.7899932861328
2025-09-10,226.1501922607422,226.7899932861328,232.4199981689453,225.9499969482422,232.19000244140625,83440800,-0.03225949486019397,231.80799942016603,220.2489999389648,0.014480545401396485,230.02999877929688
2025-09-11,229.3810577392578,230.02999877929688,230.4499969482422,226.6499938964844,226.8800048828125,50208600,0.014286368839370622,231.64299926757812,220.69319976806636,0.014380858497366204,234.07000732421875
2025-09-12,233.40966796875,234.07000732421875,234.509994506836,229.0200042724609,229.22000122070312,55824200,0.017562963814985233,231.7074996948242,221.12579986572263,0.014933000037387503,236.6999969482422
2025-09-15,236.03224182128903,236.6999969482422,238.19000244140625,235.02999877929688,237.0,42699500,0.011235910376080627,231.9629997253418,221.58879974365232,0.015063294393531058,238.1499938964844
2025-09-16,237.4781494140625,238.1499938964844,241.22000122070312,236.32000732421875,237.17999267578125,63421100,0.0061258849469241206,232.32599945068358,222.15279968261714,0.015067242631076356,238.9900054931641
2025-09-17,238.3157958984375,238.9900054931641,240.1000061035156,237.72999572753903,238.97000122070312,46508000,0.0035272375318422533,232.74749984741212,222.7323999023437,0.01505456791893842,237.8800048828125
2025-09-18,237.2089233398437,237.8800048828125,241.1999969482422,236.6499938964844,239.97000122070312,44249600,-0.0046445482440199415,233.34100036621095,223.26720001220698,0.014270710864637649,245.5
2025-09-19,244.80740356445312,245.5,246.3000030517578,240.2100067138672,241.22999572753903,163741300,0.03203293660995743,234.37100067138672,223.9289999389648,0.015571015152670602,256.0799865722656
2025-09-22,255.3575592041016,256.0799865722656,256.6400146484375,248.1199951171875,248.3000030517578,105517400,0.04309566831880085,235.7870002746582,224.82739959716798,0.017744165906502404,254.42999267578125
2025-09-23,253.7122344970703,254.42999267578125,257.3399963378906,253.5800018310547,255.8800048828125,60275200,-0.006443275472520216,237.1504997253418,225.74359954833983,0.01786205073377729,252.3099975585937
2025-09-24,251.59820556640625,252.3099975585937,255.7400054931641,251.0399932861328,255.22000122070312,42303700,-0.00833233179348103,238.3004997253418,226.60759948730464,0.018113242856116662,256.8699951171875
2025-09-25,256.1453552246094,256.8699951171875,257.1700134277344,251.7100067138672,253.2100067138672,55202100,0.018072995928489988,239.61949920654297,227.54179931640624,0.018349888423639302,255.4600067138672
2025-09-26,254.73931884765625,255.4600067138672,257.6000061035156,253.77999877929688,254.1000061035156,46076300,-0.005489112898051984,240.76449966430664,228.45059936523438,0.018493910081630566,254.42999267578125
2025-09-29,253.7122344970703,254.42999267578125,255.0,253.009994506836,254.5599975585937,40127700,-0.004031997224675621,241.87899932861328,229.31559936523436,0.018542822638890663,254.6300048828125
2025-09-30,253.9116668701172,254.6300048828125,255.9199981689453,253.1100006103516,254.8600006103516,37704300,0.0007861188255666729,243.12449951171874,230.15859954833985,0.018226495033561652,255.4499969482422
2025-10-01,254.7293395996093,255.4499969482422,258.7900085449219,254.92999267578125,255.0399932861328,48713900,0.003220327729275496,243.9734992980957,230.979599609375,0.01651386631711928,257.1300048828125
2025-10-02,256.40460205078125,257.1300048828125,258.17999267578125,254.1499938964844,256.5799865722656,42630200,0.00657666061710982,244.84099960327148,231.83919982910157,0.016522268900177304,258.0199890136719
2025-10-03,257.2920837402344,258.0199890136719,259.239990234375,253.9499969482422,254.6699981689453,49155600,0.0034612223931820285,245.75749893188475,232.72439971923825,0.016495595442682247,256.69000244140625
2025-10-06,255.96585083007807,256.69000244140625,259.07000732421875,255.0500030517578,257.989990234375,44664100,-0.005154587353288997,246.69799880981446,233.58059967041012,0.016417156405648003,256.4800109863281
2025-10-07,255.7564697265625,256.4800109863281,257.3999938964844,255.42999267578125,256.8099975585937,31955800,-0.0008180741481198517,247.80449905395508,234.42919982910152,0.015863057535191752,258.0599975585937
2025-10-08,257.3319702148437,258.0599975585937,258.5199890136719,256.1099853515625,256.5199890136719,36496900,0.006160271773965942,249.3679992675781,235.36499969482418,0.013274407702984938,254.0399932861328
2025-10-09,253.32330322265625,254.0399932861328,258.0,253.13999938964844,257.8099975585937,38322000,-0.015577789314471846,250.56849899291993,236.2647994995117,0.014018542506456665,245.2700042724609
2025-10-10,244.5780639648437,245.2700042724609,256.3800048828125,244.0,254.94000244140625,61999100,-0.03452208016630676,251.12849884033204,237.01879943847652,0.016237566330340254,247.6600036621093
2025-10-13,246.96131896972656,247.6600036621093,249.69000244140625,245.5599975585937,249.3800048828125,38142900,0.009744360696440468,251.6764991760254,237.92439941406246,0.016198536101927702,247.7700042724609
2025-10-14,247.07101440429688,247.7700042724609,248.8500061035156,244.6999969482422,246.6000061035156,35478000,0.00044415977035061616,252.15749969482422,238.8127993774414,0.016179370357188944,249.33999633789065
2025-10-15,248.63658142089844,249.33999633789065,251.82000732421875,247.47000122070312,249.4900054931641,33893600,0.0063364896410273985,252.67499923706055,239.74119934082032,0.016204538569415224,247.4499969482422
2025-10-16,246.75192260742188,247.4499969482422,249.0399932861328,245.1300048828125,248.25,39777000,-0.007580008893106949,253.15349884033202,240.42519927978515,0.016283335888173538,252.2899932861328
2025-10-17,251.5782623291016,252.2899932861328,253.3800048828125,247.2700042724609,248.0200042724609,49147000,0.019559492412937862,253.49299850463868,241.07039916992187,0.015284744471685074,262.239990234375
2025-10-20,261.5001525878906,262.239990234375,264.3800048828125,255.6300048828125,255.88999938964844,90483000,0.03943873008454002,253.80099868774414,241.72819885253907,0.01477398866582025,262.7699890136719
2025-10-21,262.0286865234375,262.7699890136719,265.2900085449219,261.8299865722656,261.8800048828125,46695900,0.002021044840732289,254.21799850463867,242.43999877929687,0.0146615305247886,258.45001220703125
2025-10-22,257.72088623046875,258.45001220703125,262.8500061035156,255.42999267578125,262.6499938964844,45015300,-0.016440145325788524,254.52499923706054,243.0159991455078,0.015060641540400356,259.5799865722656
2025-10-23,258.84771728515625,259.5799865722656,260.6199951171875,258.010009765625,259.94000244140625,32754900,0.004372119604812541,254.66049880981444,243.54099884033204,0.014561375479791604,262.82000732421875
2025-10-24,262.0785522460937,262.82000732421875,264.1300048828125,259.17999267578125,261.19000244140625,38253700,0.012481781799657865,255.02849884033202,244.14179901123046,0.014717836944467141,268.8099975585937
2025-10-27,268.0516357421875,268.8099975585937,269.1199951171875,264.6499938964844,264.8800048828125,44888200,0.022791226190727487,255.74749908447265,244.8861990356445,0.015391618367650272,269.0
2025-10-28,268.2410888671875,269.0,269.8900146484375,268.1499938964844,268.989990234375,41534800,0.0007068280314421749,256.465998840332,245.6483990478515,0.015392192243172962,269.70001220703125
2025-10-29,268.93914794921875,269.70001220703125,271.4100036621094,267.1099853515625,269.2799987792969,51086700,0.0026022758625696696,257.17849960327146,246.4311993408203,0.015392053497982209,271.3999938964844
2025-10-30,270.63433837890625,271.3999938964844,274.1400146484375,268.4800109863281,271.989990234375,69886500,0.006303231785351748,257.8919990539551,247.33899932861326,0.015388671757400019,270.3699951171875
2025-10-31,269.60723876953125,270.3699951171875,277.32000732421875,269.1600036621094,276.989990234375,86167100,-0.0037951319176879883,258.50949935913087,248.2483993530273,0.015458056705862597,269.04998779296875
2025-11-03,268.2909851074219,269.04998779296875,270.8500061035156,266.25,270.4200134277344,50194600,-0.0048822256465500535,259.127498626709,249.07419921874995,0.015451119665759617,270.0400085449219
2025-11-04,269.2781982421875,270.0400085449219,271.489990234375,267.6199951171875,268.3299865722656,49274800,0.003679690752169673,259.80549850463865,249.93179931640623,0.01543350651327737,270.1400146484375
2025-11-05,269.3778991699219,270.1400146484375,271.70001220703125,266.92999267578125,268.6099853515625,43683100,0.00037033809935982376,260.40949935913085,250.7483996582031,0.015419326361312196,269.7699890136719
2025-11-06,269.0089416503906,269.7699890136719,273.3999938964844,267.8900146484375,267.8900146484375,51204000,-0.001369754996301431,261.1959991455078,251.53399932861328,0.014864646047689658,268.4700012207031
2025-11-07,267.7126159667969,268.4700012207031,272.2900085449219,266.7699890136719,269.79998779296875,48227400,-0.004818874767062664,262.3559989929199,252.25219940185548,0.012140819581301301,269.42999267578125
2025-11-10,268.9303283691406,269.42999267578125,273.7300109863281,267.4599914550781,268.9599914550781,41312400,0.003575786682732396,263.4444984436035,252.99799926757814,0.012081415262333028,275.25
2025-11-11,274.73956298828125,275.25,275.9100036621094,269.79998779296875,269.8099975585937,46208300,0.021601185771556786,264.8184982299805,253.90859924316408,0.012640293157819942,273.4700012207031
2025-11-12,272.962890625,273.4700012207031,275.7300109863281,271.70001220703125,275.0,48398000,-0.006466843884820661,266.0249984741211,254.60859924316406,0.012908937720623676,272.95001220703125
2025-11-13,272.4438171386719,272.95001220703125,276.70001220703125,272.0899963378906,274.1099853515625,49602800,-0.0019014480979659965,267.29999923706055,255.27199951171875,0.012684958730830859,272.4100036621094
2025-11-14,271.90484619140625,272.4100036621094,275.9599914550781,269.6000061035156,271.04998779296875,47431300,-0.0019784155368063328,268.3059997558594,255.9263995361328,0.012291231653821596,267.4599914550781
2025-11-17,266.9639892578125,267.4599914550781,270.489990234375,265.7300109863281,268.82000732421875,45018300,-0.018171183658773127,268.5669998168945,256.51799926757815,0.010079375995812101,267.44000244140625
2025-11-18,266.94403076171875,267.44000244140625,270.7099914550781,265.32000732421875,269.989990234375,45677300,-7.473646268785217e-05,268.8005004882813,257.17979919433594,0.01007946929535385,268.5599975585937
2025-11-19,268.0619812011719,268.5599975585937,272.2099914550781,265.5,265.5299987792969,40424500,0.004187836924032462,269.3059997558594,258.0151992797852,0.009227999964686612,266.25
2025-11-20,265.7562561035156,266.25,275.42999267578125,265.9200134277344,270.8299865722656,45823600,-0.008601420835542384,269.6395004272461,258.7395993041992,0.009501498749917549,271.489990234375
2025-11-21,270.98651123046875,271.489990234375,273.3299865722656,265.6700134277344,265.95001220703125,59030800,0.019680714495305063,270.07299957275393,259.48799896240234,0.010066477462052357,275.9200134277344
2025-11-24,275.4083557128906,275.9200134277344,277.0,270.8999938964844,270.8999938964844,65585800,0.0163174457722548,270.4285003662109,260.2723992919922,0.00943598007723997,276.9700012207031
2025-11-25,276.45635986328125,276.9700012207031,280.3800048828125,275.25,275.2699890136719,46914200,0.003805406428931457,270.8270004272461,261.0487994384766,0.009450320863559864,277.54998779296875
2025-11-26,277.0353088378906,277.54998779296875,279.5299987792969,276.6300048828125,276.9599914550781,33431400,0.0020940411225383038,271.219499206543,261.81999908447267,0.009447892909478029,278.8500061035156
2025-11-28,278.3328857421875,278.8500061035156,279.0,275.989990234375,277.260009765625,20135600,0.004683906927485104,271.59199981689454,262.6393991088867,0.009411230942613731,283.1000061035156
2025-12-01,282.57501220703125,283.1000061035156,283.4200134277344,276.1400146484375,278.010009765625,46587700,0.015241168753721723,272.22850036621094,263.391399230957,0.009812572057956062,286.19000244140625
2025-12-02,285.6592712402344,286.19000244140625,287.3999938964844,282.6300048828125,283.0,53669500,0.010914857899228636,273.0855010986328,263.99359954833983,0.009835655876463572,284.1499938964844
2025-12-03,283.623046875,284.1499938964844,288.6199951171875,283.29998779296875,286.20001220703125,43538700,-0.00712816145749029,273.79100036621094,264.5879995727539,0.01009776694369199,280.70001220703125
2025-12-04,280.179443359375,280.70001220703125,284.7300109863281,278.5899963378906,284.1000061035156,43989100,-0.012141410394363561,274.3190002441406,265.15579986572266,0.010617254849119259,278.7799987792969
2025-12-05,278.26300048828125,278.7799987792969,281.1400146484375,278.04998779296875,280.5400085449219,47265800,-0.00684009028940924,274.7695007324219,265.5939999389648,0.01077714642416052,277.8900146484375
2025-12-08,277.3746643066406,277.8900146484375,279.6700134277344,276.1499938964844,278.1300048828125,38211800,-0.00319242461710445,275.2405014038086,266.04260009765625,0.010731414608195862,277.17999267578125
2025-12-09,276.6659851074219,277.17999267578125,280.0299987792969,276.9200134277344,278.1600036621094,32193300,-0.002555046727945598,275.6280014038086,266.49760009765623,0.010764938617716486,278.7799987792969
2025-12-10,278.26300048828125,278.7799987792969,279.75,276.44000244140625,277.75,33038300,0.00577244442526248,275.80450134277345,266.98059997558596,0.00974039991797917,278.0299987792969
2025-12-11,277.514404296875,278.0299987792969,279.5899963378906,273.8099975585937,279.1000061035156,33248000,-0.0026902934331158868,276.0325012207031,267.43220001220703,0.009630497582922124,278.2799987792969
2025-12-12,277.763916015625,278.2799987792969,279.2200012207031,276.82000732421875,277.8999938964844,39532900,0.0008991835452922814,276.2990005493164,267.8551998901367,0.00960839667173531,274.1099853515625
2025-12-15,273.6016540527344,274.1099853515625,280.1499938964844,272.8399963378906,280.1499938964844,50409100,-0.014984955605960026,276.3839996337891,268.1769998168945,0.010240746539244044,274.6099853515625
2025-12-16,274.1007385253906,274.6099853515625,275.5,271.7900085449219,272.82000732421875,37648600,0.0018240853187405648,276.74149932861326,268.5353994750977,0.009265949508093344,271.8399963378906
2025-12-17,271.3358764648437,271.8399963378906,276.1600036621094,271.6400146484375,275.010009765625,50138700,-0.010086993049891024,276.9614990234375,268.8425991821289,0.009611599542893449,272.19000244140625
2025-12-18,271.68524169921875,272.19000244140625,273.6300048828125,266.95001220703125,273.6099853515625,51630700,0.001287544541755281,277.14299926757815,269.12519927978514,0.009580577573651538,273.6700134277344
2025-12-19,273.1625061035156,273.6700134277344,274.6000061035156,269.8999938964844,272.1499938964844,144632000,0.005437418615868328,277.51399993896484,269.5177996826172,0.00937413280770481,270.9700012207031
2025-12-22,270.4674987792969,270.9700012207031,273.8800048828125,270.510009765625,272.8599853515625,36571800,-0.009865941003960987,277.4880004882813,270.031799621582,0.008644136373728828,272.3599853515625
2025-12-23,271.8549194335937,272.3599853515625,272.5,269.5599975585937,270.8399963378906,29642000,0.005129660569795913,277.3099990844727,270.5257992553711,0.00785441732219487,273.8099975585937
2025-12-24,273.3022155761719,273.8099975585937,275.42999267578125,272.20001220703125,272.3399963378906,17910600,0.005323881205087977,277.15199890136716,271.0465991210938,0.007906609836486821,273.3999938964844
2025-12-26,272.8930053710937,273.3999938964844,275.3699951171875,272.8599853515625,274.1600036621094,21521800,-0.0014974020881819428,276.94449920654296,271.5277990722656,0.007884297944269033,273.760009765625
2025-12-29,273.2523498535156,273.760009765625,274.3599853515625,272.3500061035156,272.69000244140625,23715200,0.0013168100847762432,276.68999938964845,272.05399932861326,0.007798236502608444,273.0799865722656
2025-12-30,272.57354736328125,273.0799865722656,274.0799865722656,272.2799987792969,272.8099975585937,22139600,-0.0024840121606569676,276.1889984130859,272.46979919433596,0.006813266128351649,271.8599853515625
2025-12-31,271.3558349609375,271.8599853515625,273.67999267578125,271.75,273.0599975585937,27293600,-0.004467559984957958,275.4724975585938,272.6621990966797,0.006139964702497325,271.010009765625
2026-01-02,270.5074462890625,271.010009765625,277.8399963378906,269.0,272.260009765625,37838100,-0.0031265196488491354,274.8154983520508,272.8269995117187,0.006047329187832242,267.260009765625
2026-01-05,266.764404296875,267.260009765625,271.510009765625,266.1400146484375,270.6400146484375,45647200,-0.013837127282653072,274.1434982299805,273.0031994628906,0.006201791414370238,262.3599853515625
2026-01-06,261.8734741210937,262.3599853515625,267.54998779296875,262.1199951171875,267.0,52352100,-0.01833429707033085,273.32249755859374,273.05879943847657,0.00709941113596085,260.3299865722656
2026-01-07,259.84722900390625,260.3299865722656,263.67999267578125,259.8099975585937,263.20001220703125,48309800,-0.007737455757884204,272.44449615478516,273.0089990234375,0.007177981457086773,259.0400085449219
2026-01-08,258.55963134765625,259.0400085449219,259.2900085449219,255.6999969482422,257.0199890136719,50419300,-0.004955164959399183,271.53749694824216,272.81359924316405,0.007186094624091528,259.3699951171875
2026-01-09,258.8890075683594,259.3699951171875,260.2099914550781,256.2200012207031,259.0799865722656,39997000,0.00127388264893602,270.5669967651367,272.6209991455078,0.006951993683698569,260.25
2026-01-12,259.7673645019531,260.25,261.29998779296875,256.79998779296875,259.1600036621094,45263800,0.0033928553779511983,269.67799682617186,272.4319989013672,0.00712385892735851,261.04998779296875
2026-01-13,260.5658874511719,261.04998779296875,261.8099975585937,258.3900146484375,258.7200012207031,45730800,0.003073920434077726,268.81649627685545,272.22499877929687,0.007207031457355083,259.9599914550781
2026-01-14,259.4779052734375,259.9599914550781,261.82000732421875,256.7099914550781,259.489990234375,40019400,-0.004175431483854575,268.10899658203124,272.0167987060547,0.006658476405195695,258.2099914550781
2026-01-15,257.7311706542969,258.2099914550781,261.0400085449219,257.04998779296875,260.6499938964844,39388600,-0.006731805114335909,267.288996887207,271.79999877929686,0.006632358733637373,255.52999877929688
2026-01-16,255.05612182617188,255.52999877929688,258.8999938964844,254.92999267578125,257.8999938964844,72142800,-0.010379120733008063,266.47349700927737,271.5097985839844,0.006648965395412211,246.6999969482422
2026-01-20,246.2425079345703,246.6999969482422,254.7899932861328,243.4199981689453,252.72999572753903,80267500,-0.03455563680678142,265.19899673461913,271.04099822998046,0.009592334445415,247.6499938964844
2026-01-21,247.1907501220703,247.6499938964844,251.5599975585937,245.17999267578125,248.6999969482422,54641700,0.0038508186461045923,263.89799575805665,270.5985983276367,0.009508889303665911,248.3500061035156
2026-01-22,247.8894500732422,248.3500061035156,251.0,248.1499938964844,249.1999969482422,39708300,0.0028266191168322408,262.7669960021973,270.19619842529295,0.009586017074229798,248.0399932861328
2026-01-23,247.5800170898437,248.0399932861328,249.4100036621093,244.67999267578125,247.32000732421875,41689000,-0.0012482899527433977,261.5509963989258,269.7683984375,0.009359048246571841,255.4100036621093
2026-01-26,254.9363708496093,255.4100036621093,256.5599975585937,249.8000030517578,251.47999572753903,55969200,0.029712992160399798,260.6309967041015,269.37159851074216,0.011952866398129546,258.2699890136719
2026-01-27,257.7910461425781,258.2699890136719,261.95001220703125,258.2099914550781,259.1700134277344,49648300,0.011197624644906812,259.87449645996094,269.0675982666016,0.012388589555328323,256.44000244140625
2026-01-28,255.9644470214844,256.44000244140625,258.8599853515625,254.509994506836,257.6499938964844,41288000,-0.007085556394896275,259.00849609375,268.7373980712891,0.012385196816226641,258.2799987792969
2026-01-29,257.801025390625,258.2799987792969,259.6499938964844,254.4100036621093,258.0,67253000,0.007175153331668849,258.26849670410155,268.4547979736328,0.01260060889181689,259.4800109863281
2026-01-30,258.99884033203125,259.4800109863281,261.8999938964844,252.17999267578125,255.1699981689453,92443400,0.004646167774132071,257.64949798583984,268.2951983642578,0.012697987872014782,270.010009765625
2026-02-02,269.50927734375,270.010009765625,270.489990234375,259.2099914550781,260.0299987792969,73913400,0.04058115590203082,257.59949798583983,268.3465985107422,0.01589742144302432,269.4800109863281
2026-02-03,268.98028564453125,269.4800109863281,271.8800048828125,267.6099853515625,269.20001220703125,64394700,-0.0019628856713753695,257.710498046875,268.36499877929685,0.015574478257569331,276.489990234375
2026-02-04,275.97723388671875,276.489990234375,278.95001220703125,272.2900085449219,272.2900085449219,90545700,0.026012984125945104,258.4169982910156,268.5697985839844,0.015901113150636612,275.9100036621094
2026-02-05,275.3983459472656,275.9100036621094,279.5,273.2300109863281,278.1300048828125,52977400,-0.0020976765624461935,259.1959991455078,268.65819885253904,0.01575475640285686,278.1199951171875
2026-02-06,277.6042175292969,278.1199951171875,280.9100036621094,276.92999267578125,277.1199951171875,50453400,0.008009827210848641,260.1499984741211,268.70219848632814,0.015675538018354026,274.6199951171875
2026-02-09,274.3672180175781,274.6199951171875,278.20001220703125,271.70001220703125,277.9100036621094,44623400,-0.01258449612198953,260.9124984741211,268.6551983642578,0.016088169658926597,273.67999267578125
2026-02-10,273.4280700683594,273.67999267578125,275.3699951171875,272.94000244140625,274.8900146484375,34376900,-0.003422920610733904,261.58399810791013,268.5777984619141,0.0161510948335555,275.5
2026-02-11,275.24639892578125,275.5,280.17999267578125,274.45001220703125,274.70001220703125,51931300,0.0066501292492171515,262.3064987182617,268.51079833984375,0.016175903573332796,261.7300109863281
2026-02-12,261.4891052246094,261.7300109863281,275.7200012207031,260.17999267578125,275.5899963378906,81077200,-0.049981811301894274,262.3949996948242,268.0833984375,0.02000764496955152,255.77999877929688
2026-02-13,255.5445556640625,255.77999877929688,262.2300109863281,255.4499969482422,262.010009765625,56290700,-0.022733396848946263,262.2735000610352,267.47519836425784,0.02062380050559292,263.8800048828125
2026-02-17,263.6371154785156,263.8800048828125,266.2900085449219,255.5399932861328,258.04998779296875,58469100,0.031667863563111576,262.6910003662109,267.0697985839844,0.021656247482464506,264.3500061035156
2026-02-18,264.106689453125,264.3500061035156,266.82000732421875,262.45001220703125,263.6000061035156,34203300,0.0017811172199722058,263.5735008239746,266.74279846191405,0.019895416971899803,260.5799865722656
2026-02-19,260.3401184082031,260.5799865722656,264.4800109863281,260.04998779296875,262.6000061035156,30845300,-0.014261469431454121,264.22000045776366,266.37879821777346,0.020294015292244175,264.5799865722656
2026-02-20,264.3364562988281,264.5799865722656,264.75,258.1600036621094,258.9700012207031,42070500,0.015350373037534393,265.0314994812012,266.11259765625,0.020488972322605152,266.17999267578125
2026-02-23,265.9349670410156,266.17999267578125,269.42999267578125,263.3800048828125,263.489990234375,37308200,0.006047343656806037,265.9384994506836,265.89259765625,0.020467348811543343,272.1400146484375
2026-02-24,271.8895263671875,272.1400146484375,274.8900146484375,267.7099914550781,267.8599853515625,47014600,0.022390946489790453,266.775,265.7597979736328,0.02003923056298431,274.2300109863281
2026-02-25,273.97760009765625,274.2300109863281,274.94000244140625,271.04998779296875,271.7799987792969,33714300,0.007679856784716499,267.5730010986328,265.6837982177734,0.01998225795142267,272.95001220703125
2026-02-26,272.6987609863281,272.95001220703125,276.1099853515625,270.79998779296875,274.95001220703125,32345100,-0.004667610137537803,268.39850158691405,265.57719848632814,0.019924026115961956,264.17999267578125
2026-02-27,263.93682861328125,264.17999267578125,272.8099975585937,262.8900146484375,272.8099975585937,72366500,-0.03213049693728531,268.6935012817383,265.3785986328125,0.02140650322859865,264.7200012207031
2026-03-02,264.476318359375,264.7200012207031,266.5299987792969,260.20001220703125,262.4100036621094,41827900,0.002044093269336189,268.955500793457,265.1807989501953,0.021393310843523167,263.75
2026-03-03,263.5072326660156,263.75,265.5599975585937,260.1300048828125,263.4800109863281,38568900,-0.0036642536122324376,268.64250030517576,265.0189990234375,0.01929324120576366,262.5199890136719
2026-03-04,262.2783508300781,262.5199890136719,266.1499938964844,261.4200134277344,264.6499938964844,39803100,-0.004663548763329417,268.294499206543,264.82559875488283,0.01930982592533213,260.2900085449219
2026-03-05,260.0504150390625,260.2900085449219,261.5599975585937,257.25,260.7900085449219,49658600,-0.00849451684471103,267.4845001220703,264.55799865722656,0.0182707228782841,257.4599914550781
2026-03-06,257.2229919433594,257.4599914550781,258.7699890136719,254.3699951171875,258.6300048828125,41120000,-0.010872553678353492,266.56199951171874,264.28779846191406,0.018356759349470245,259.8800048828125
2026-03-09,259.6407775878906,259.8800048828125,261.1499938964844,253.67999267578125,255.69000244140625,38218500,0.009399570838394267,265.65,264.03819885253904,0.01840436436020242,260.8299865722656
2026-03-10,260.58990478515625,260.8299865722656,262.4800109863281,256.95001220703125,257.6499938964844,30590800,0.0036554627966916,264.9604995727539,263.7785986328125,0.018327704276752895,260.8099975585937
2026-03-11,260.5699157714844,260.8099975585937,262.1300048828125,259.54998779296875,261.0899963378906,26218900,-7.663617950770529e-05,264.3169998168945,263.5267987060547,0.01833325634378935,255.759994506836
2026-03-12,255.52456665039065,255.759994506836,258.95001220703125,254.17999267578125,258.6600036621094,40794000,-0.019362766377938212,263.32999954223635,263.1667984008789,0.018589996985178624,250.1199951171875
2026-03-13,249.8897705078125,250.1199951171875,256.3299865722656,249.5200042724609,255.47999572753903,36930000,-0.022051921765652627,262.7494987487793,262.70759857177734,0.01575014687831683,252.82000732421875
2026-03-16,252.58729553222656,252.82000732421875,253.88999938964844,249.8800048828125,252.1100006103516,32074200,0.01079486750256109,262.6014991760254,262.3267990112305,0.015219163756148683,254.22999572753903
2026-03-17,253.99598693847656,254.22999572753903,255.1300048828125,252.17999267578125,252.9600067138672,32361600,0.005577044389181163,262.1189987182617,261.99119873046874,0.013318832051061697,249.94000244140625
2026-03-18,249.7099456787109,249.94000244140625,254.94000244140625,249.0,252.6300048828125,35757900,-0.016874457610149274,261.39849853515625,261.64479858398437,0.013704270871803516,248.9600067138672
2026-03-19,248.73085021972656,248.9600067138672,251.8300018310547,247.3000030517578,249.3999938964844,34864100,-0.0039209238936004365,260.8174995422363,261.37679901123045,0.013437961396461456,247.9900054931641
2026-03-20,247.76173400878903,247.9900054931641,249.1999969482422,246.0,247.97999572753903,88331100,-0.003896213024359052,259.9880004882813,261.12999938964845,0.0127890681429923,251.4900054931641
2026-03-23,251.25851440429688,251.4900054931641,254.6000061035156,250.27999877929688,253.97000122070312,40546100,0.01411347200480817,259.25350112915044,260.97899932861327,0.013214621434022722,251.63999938964844
2026-03-24,251.4083709716797,251.63999938964844,254.8300018310547,249.5500030517578,250.3500061035156,45152300,0.0005964209042430557,258.22850036621094,260.8243994140625,0.011861557954281409,252.6199951171875
2026-03-25,252.3874664306641,252.6199951171875,255.0,251.6000061035156,254.1000061035156,28476700,0.00389443542328749,257.1479995727539,260.67179931640624,0.01169711342099053,252.88999938964844
2026-03-26,252.6572265625,252.88999938964844,257.0,250.7700042724609,252.1199951171875,41796700,0.0010688159198788405,256.14499893188474,260.5085995483398,0.01175086365961891,248.8000030517578
2026-03-27,248.57098388671875,248.8000030517578,255.4900054931641,248.07000732421875,253.8999938964844,47900000,-0.016173025219509918,255.3759994506836,260.28539978027345,0.010155380189741235,246.6300048828125
2026-03-30,246.40298461914065,246.6300048828125,250.8699951171875,245.509994506836,250.07000732421875,39446200,-0.008721857485242457,254.47149963378905,260.0538000488281,0.010162318925922561,253.7899932861328
2026-03-31,253.556381225586,253.7899932861328,255.47999572753903,247.1000061035156,247.9100036621093,49598100,0.029031294901536553,253.9734992980957,260.01899993896484,0.01249403966280555,255.6300048828125
2026-04-01,255.3946990966797,255.6300048828125,256.17999267578125,253.3300018310547,254.0800018310547,40059400,0.007250134541771258,253.62900009155274,260.1976000976563,0.012635979865301489,255.9199981689453
2026-04-02,255.68443298339844,255.9199981689453,256.1300048828125,250.6499938964844,254.1999969482422,31289400,0.0011344258521832629,253.4104995727539,260.36300018310544,0.012528534575395435,258.8599853515625
2026-04-06,258.6217041015625,258.8599853515625,262.1600036621094,256.4599914550781,256.510009765625,29329900,0.011487914987700076,253.48049926757812,260.5731997680664,0.012577322318434532,253.5
2026-04-07,253.26666259765625,253.5,256.20001220703125,245.6999969482422,256.1600036621094,62148000,-0.020706117804507373,253.1614990234375,260.6823999023438,0.013221825719102857,258.8999938964844
2026-04-08,258.66168212890625,258.8999938964844,259.75,256.5299987792969,258.45001220703125,41032800,0.02130175107094434,253.06499938964845,260.75219970703125,0.014118395784570883,260.489990234375
2026-04-09,260.2502136230469,260.489990234375,261.1199951171875,256.07000732421875,259.0,28121600,0.006141353323192211,253.0489990234375,260.7965997314453,0.014191307003883503,260.4800109863281
2026-04-10,260.240234375,260.4800109863281,262.19000244140625,259.0199890136719,259.9800109863281,31291500,-3.8309525974056235e-05,253.2849998474121,260.87739990234377,0.013439064552530489,259.20001220703125
2026-04-13,258.96142578125,259.20001220703125,260.17999267578125,256.6600036621094,259.7300109863281,36234700,-0.004914000020385667,253.7390007019043,260.89580017089844,0.012397885946170764,258.8299865722656
2026-04-14,258.5917358398437,258.8299865722656,261.92999267578125,257.19000244140625,259.25,48370700,-0.001427567968129817,254.03949966430665,260.8827996826172,0.012234304758012453,266.42999267578125
2026-04-15,266.18475341796875,266.42999267578125,266.5599975585937,257.8099975585937,258.1600036621094,49913500,0.029362927395561567,254.64949951171874,260.81119934082034,0.013740815832151103,263.3999938964844
2026-04-16,263.15753173828125,263.3999938964844,267.1600036621094,261.2699890136719,266.79998779296875,43323100,-0.011372588907376024,255.32249908447267,260.6895989990234,0.013384329884474062,270.2300109863281
2026-04-17,269.98126220703125,270.2300109863281,272.29998779296875,266.7200012207031,266.9599914550781,61436200,0.025930209749845057,256.3859992980957,260.5643994140625,0.014242787794707107,273.04998779296875
2026-04-20,272.79864501953125,273.04998779296875,274.2799987792969,270.2900085449219,270.3299865722656,36590200,0.010435468645202839,257.6389984130859,260.5071990966797,0.01417420684887265,266.1700134277344
2026-04-21,265.9250183105469,266.1700134277344,272.79998779296875,265.3999938964844,271.5,50209800,-0.025196757637106715,258.3729988098145,260.2681994628906,0.015496128678852335,273.1700134277344
2026-04-22,272.9185791015625,273.1700134277344,273.739990234375,266.8699951171875,267.82000732421875,43249200,0.026298980526972437,259.4494995117187,260.23919982910155,0.016333459794083523,273.42999267578125
2026-04-23,273.1783142089844,273.42999267578125,275.7699890136719,271.6499938964844,275.04998779296875,33399600,0.0009517122497622044,260.48999938964846,260.23419982910156,0.016349976704504308,271.0599975585937
2026-04-24,270.8104858398437,271.0599975585937,273.0599975585937,269.6499938964844,272.760009765625,38157100,-0.008667648687676222,261.39849929809566,260.14539978027346,0.01658795809433536,267.6099853515625
2026-04-27,267.3636474609375,267.6099853515625,268.3599853515625,265.07000732421875,266.0899963378906,41466800,-0.012727854490168444,262.3389984130859,260.26299926757815,0.016388446276355773,270.7099914550781
2026-04-28,270.4608154296875,270.7099914550781,273.2300109863281,268.6600036621094,272.3399963378906,40018900,0.011584044965448959,263.5429977416992,260.56159912109376,0.01620124577915879,270.1700134277344
2026-04-29,269.9213256835937,270.1700134277344,271.0400085449219,267.0400085449219,267.54998779296875,30047900,-0.0019946734305643643,264.36199874877923,260.68739929199216,0.015213518956320088,271.3500061035156
2026-04-30,271.1002502441406,271.3500061035156,276.0,268.1400146484375,270.5,91848200,0.004367593060422559,265.1479988098144,260.8273992919922,0.015187176872078056,280.1400146484375
2026-05-01,279.88214111328125,280.1400146484375,287.2200012207031,278.3699951171875,278.8599853515625,79915400,0.032393618379240596,266.35899963378904,261.2185998535156,0.016524154286602193,276.8299865722656
2026-05-04,276.5751647949219,276.8299865722656,280.6300048828125,274.8599853515625,279.6600036621094,46668400,-0.011815620415119188,267.2574996948242,261.46359985351563,0.01683605492527821,284.17999267578125
2026-05-05,283.9184265136719,284.17999267578125,284.57000732421875,276.5,276.92999267578125,49311700,0.026550613950909296,268.79149932861327,261.82359985351565,0.016574836105711564,287.510009765625
2026-05-06,287.245361328125,287.510009765625,288.0299987792969,281.07000732421875,281.9200134277344,58336100,0.01171798569803939,270.2220001220703,262.13099975585936,0.01624000797391284,287.44000244140625
2026-05-07,287.1754150390625,287.44000244140625,292.1300048828125,285.7799987792969,289.2699890136719,45224300,-0.00024349525874178823,271.5695007324219,262.39519958496095,0.016286920727681748,293.32000732421875
2026-05-08,293.0500183105469,293.32000732421875,294.760009765625,290.0,290.010009765625,52692800,0.02045645989726541,273.2115005493164,262.8025994873047,0.01659118246537354,292.67999267578125
2026-05-11,292.67999267578125,292.67999267578125,293.8800048828125,290.2300109863281,291.9800109863281,42247300,-0.0021819672455212213,274.88549957275393,263.3725994873047,0.016506894597925037,294.79998779296875
2026-05-12,294.79998779296875,294.79998779296875,295.2699890136719,292.5599975585937,292.5599975585937,45748100,0.007243389265544797,276.6839996337891,263.97419921875,0.016409012254054292,298.8699951171875
2026-05-13,298.8699951171875,298.8699951171875,300.9200134277344,293.5,293.5,52684300,0.013805995565634221,278.3059997558594,264.6765991210938,0.015625943369706543,298.2099914550781
2026-05-14,298.2099914550781,298.2099914550781,300.45001220703125,295.3800048828125,299.82000732421875,35324900,-0.00220833028705536,280.04649963378904,265.39039916992186,0.01522266530267756,300.2300109863281
2026-05-15,300.2300109863281,300.2300109863281,303.20001220703125,296.5199890136719,297.8999938964844,54862800,0.0067738157309671365,281.54649963378904,266.18919921875,0.014510853749395088,297.8399963378906
2026-05-18,297.8399963378906,297.8399963378906,300.6600036621094,294.9100036621094,300.239990234375,34483000,-0.007960612067346995,282.78600006103517,266.9967993164062,0.01475434241578068,298.9700012207031
2026-05-19,298.9700012207031,298.9700012207031,300.510009765625,296.3500061035156,296.9700012207031,42243600,0.003793999787491842,284.4259994506836,267.7785992431641,0.013008442180215008,302.25
2026-05-20,302.25,302.25,302.79998779296875,298.0799865722656,298.17999267578125,38229800,0.0109709963070026,285.8799987792969,268.60699951171875,0.012168190996392126,304.989990234375
2026-05-21,304.989990234375,304.989990234375,305.5400085449219,300.3999938964844,301.0599975585937,42965100,0.009065310949131433,287.45799865722654,269.4905993652344,0.01215643478228846,308.82000732421875
2026-05-22,308.82000732421875,308.82000732421875,311.3999938964844,305.8399963378906,306.1199951171875,43670200,0.012557845216167651,289.3459991455078,270.551799621582,0.011770622715867148,308.3299865722656
2026-05-26,308.3299865722656,308.3299865722656,311.82000732421875,307.6700134277344,309.5599975585937,48000500,-0.001586751960143129,291.38199920654296,271.71599945068357,0.011048906190816634,310.8500061035156
2026-05-27,310.8500061035156,310.8500061035156,313.260009765625,308.29998779296875,308.3299865722656,50430900,0.008173125031610828,293.38899993896484,272.87659942626954,0.011003328526701715,312.510009765625
2026-05-28,312.510009765625,312.510009765625,312.79998779296875,309.57000732421875,310.67999267578125,48220400,0.005340207912225559,295.50599975585936,274.0421997070313,0.010808478162162658,312.0599975585937
2026-05-29,312.0599975585937,312.0599975585937,315.0,309.5299987792969,311.7799987792969,70026800,-0.001439992937726342,297.54149932861327,275.284599609375,0.010969930220930407,306.3099975585937
2026-06-01,306.3099975585937,306.3099975585937,310.94000244140625,305.0199890136719,309.6300048828125,48849900,-0.018425943872925732,298.8499984741211,276.43159942626954,0.010677343526182954,315.20001220703125
2026-06-02,315.20001220703125,315.20001220703125,315.45001220703125,306.69000244140625,307.4599914550781,44534700,0.02902293336585271,300.76849975585935,277.7757995605469,0.011275253988357598,310.260009765625
2026-06-03,310.260009765625,310.260009765625,316.94000244140625,308.8500061035156,314.17999267578125,50836700,-0.015672595971098935,302.07250061035154,278.9511996459961,0.01129035893955722,311.2300109863281
2026-06-04,311.2300109863281,311.2300109863281,313.5400085449219,309.6499938964844,313.2300109863281,44869100,0.0031264139436979477,303.25850067138674,280.1429998779297,0.011162397581117315,307.3399963378906
2026-06-05,307.3399963378906,307.3399963378906,315.1700134277344,307.1499938964844,312.8599853515625,65310500,-0.012498841728371679,304.2535003662109,281.2373999023437,0.011731259829655774,301.5400085449219
2026-06-08,301.5400085449219,301.5400085449219,317.3999938964844,301.1700134277344,308.739990234375,77949100,-0.01887156849768501,304.6645004272461,282.21040008544924,0.012017508886249107,290.54998779296875
2026-06-09,290.54998779296875,290.54998779296875,300.75,287.7799987792969,300.2799987792969,70108800,-0.03644631040831148,304.5580001831055,283.04539978027344,0.01470467300347126,291.5799865722656
2026-06-10,291.5799865722656,291.5799865722656,294.75,287.3800048828125,290.739990234375,52793300,0.003544996808021894,304.3970001220703,283.9443994140625,0.014628379676169657,295.6300048828125
2026-06-11,295.6300048828125,295.6300048828125,297.0,289.5899963378906,293.7200012207031,42572500,0.013889904990249002,304.23500061035156,284.7811996459961,0.014632693959510867,291.1300048828125
2026-06-12,291.1300048828125,291.1300048828125,297.1400146484375,289.6199951171875,296.0299987792969,38742100,-0.015221729613622226,303.8810012817383,285.4911996459961,0.015000065161510633,296.4200134277344
2026-06-15,296.4200134277344,296.4200134277344,297.7799987792969,291.70001220703125,294.1199951171875,45732600,0.018170605764429082,303.6905014038086,286.3011999511719,0.015522052199757282,299.239990234375
2026-06-16,299.239990234375,299.239990234375,300.4800109863281,293.9700012207031,295.25,39874400,0.009513449426140408,303.7605010986328,287.10880004882813,0.015573099409865444,295.95001220703125
2026-06-17,295.95001220703125,295.95001220703125,302.07000732421875,294.3599853515625,300.8500061035156,42745100,-0.010994446379867018,303.60950164794923,287.9578002929687,0.015751050850776754,298.010009765625
2026-06-18,298.010009765625,298.010009765625,300.57000732421875,295.6199951171875,298.1099853515625,85962200,0.006960626705947437,303.39750213623046,288.74000061035156,0.015623832738604687,297.010009765625
2026-06-22,297.010009765625,297.010009765625,302.4200134277344,296.760009765625,297.3099975585937,44879900,-0.0033555919842641613,302.99850311279295,289.47040100097655,0.015465917296501562,294.29998779296875
2026-06-23,294.29998779296875,294.29998779296875,301.6400146484375,294.17999267578125,297.5400085449219,52010900,-0.00912434558954689,302.27250213623046,290.14680053710936,0.01520776319407328,293.0799865722656
2026-06-24,293.0799865722656,293.0799865722656,299.70001220703125,292.94000244140625,295.3599853515625,53081900,-0.004145434153267291,301.51000213623047,290.82440002441405,0.01521225505807992,275.1499938964844
2026-06-25,275.1499938964844,275.1499938964844,288.79998779296875,273.75,287.3999938964844,107013700,-0.06117781321571136,299.7250015258789,291.15080017089844,0.019863020174683922,283.7799987792969
2026-06-26,283.7799987792969,283.7799987792969,285.95001220703125,274.2099914550781,275.0,261775500,0.03136472859984596,298.2885009765625,291.49780029296875,0.021428214968197974,281.739990234375
2026-06-29,281.739990234375,281.739990234375,288.3699951171875,279.8500061035156,286.7300109863281,66427000,-0.007188697419469814,296.7725006103516,291.8646002197266,0.02142230611931093,289.3599853515625
2026-06-30,289.3599853515625,289.3599853515625,289.94000244140625,280.70001220703125,281.1700134277344,65100200,0.02704619642688466,295.925,292.24719970703126,0.022303495809414382,294.3800048828125
2026-07-01,294.3800048828125,294.3800048828125,296.5899963378906,289.20001220703125,293.44000244140625,50164200,0.017348699838890536,294.8839996337891,292.6738000488281,0.02157304819045642,308.6300048828125
2026-07-02,308.6300048828125,308.6300048828125,309.4200134277344,293.67999267578125,294.1199951171875,75352800,0.0484068203126522,294.80249938964846,293.5229998779297,0.024217438817482142,312.6600036621094
2026-07-06,312.6600036621094,312.6600036621094,314.20001220703125,307.0,307.3599853515625,53590000,0.01305770247720095,294.8739990234375,294.3127996826172,0.024385775453554873,310.6600036621094
2026-07-07,310.6600036621094,310.6600036621094,315.4800109863281,310.1499938964844,315.2900085449219,42490000,-0.006396724801939757,295.0399993896484,295.0573999023438,0.024252203112214665,313.3900146484375
2026-07-08,313.3900146484375,313.3900146484375,314.82000732421875,307.04998779296875,311.9100036621094,41323500,0.008787777487112347,295.6324996948242,295.9040002441406,0.02385564675337144,316.2200012207031
2026-07-09,316.2200012207031,316.2200012207031,316.5299987792969,308.1600036621094,310.510009765625,48124500,0.009030238488741738,296.91600036621094,296.87620056152343,0.022079129211903782,315.32000732421875
2026-07-10,315.32000732421875,315.32000732421875,316.9100036621094,312.1700134277344,314.7200012207031,34132300,-0.0028461004775477416,298.1030014038086,297.7684008789063,0.02213947787427838,317.3099975585937
2026-07-13,317.3099975585937,317.3099975585937,323.45001220703125,315.7799987792969,317.0199890136719,43257800,0.0063110179758709695,299.18700103759767,298.7112005615234,0.022028690379056155,314.8599853515625
2026-07-14,314.8599853515625,314.8599853515625,316.19000244140625,311.9100036621094,313.760009765625,36336800,-0.0077211944971219415,300.37350006103514,299.5814001464844,0.021750304788724306,327.5
2026-07-15,327.5,327.5,328.7300109863281,317.32000732421875,317.6199951171875,60957600,0.040144874663333496,301.92749938964846,300.52859985351563,0.023014006250525687,333.260009765625
2026-07-16,333.260009765625,333.260009765625,334.67999267578125,326.7900085449219,328.010009765625,62970600,0.017587816078244334,303.6285003662109,301.65720031738283,0.023163051948612845,333.739990234375
2026-07-17,333.739990234375,333.739990234375,334.989990234375,329.0,331.9800109863281,63407100,0.0014402582208634662,305.51799926757815,302.64840026855467,0.02285750620945103,326.5899963378906
