Date,Adj Close,Close,High,Low,Open,Volume,Daily_Return,MA20,MA50,Volatility,Target
2016-07-25,36.980499267578125,36.980499267578125,37.42499923706055,36.76750183105469,37.32749938964844,53586000,-0.00704832485901663,36.69049987792969,36.080119934082035,0.009221113800938681,36.77949905395508
2016-07-26,36.77949905395508,36.77949905395508,37.15650177001953,36.63750076293945,37.135501861572266,50594000,-0.005435302865131164,36.80107479095459,36.10578994750976,0.00886792960083335,36.83349990844727
2016-07-27,36.83349990844727,36.83349990844727,37.047000885009766,36.69300079345703,36.89849853515625,58262000,0.0014682324632255828,36.87287483215332,36.131799926757814,0.007386755390378317,37.63050079345703
2016-07-28,37.63050079345703,37.63050079345703,37.667999267578125,36.98500061035156,37.29899978637695,152352000,0.02163793522176194,36.96539993286133,36.189139938354494,0.008393632308507596,37.94049835205078
2016-07-29,37.94049835205078,37.94049835205078,38.29999923706055,37.75,38.25,135542000,0.008237933380032203,37.07337493896485,36.250499877929684,0.00846386296093732,38.387001037597656
2016-08-01,38.387001037597656,38.387001037597656,38.525001525878906,37.85300064086914,37.993499755859375,71564000,0.011768498173212238,37.1785249710083,36.31971992492676,0.008320256541837857,38.02899932861328
2016-08-02,38.02899932861328,38.02899932861328,38.2504997253418,37.85100173950195,38.19049835205078,72066000,-0.009326118199067812,37.25972499847412,36.377499923706054,0.00875217404748029,37.73199844360352
2016-08-03,37.73199844360352,37.73199844360352,37.94449996948242,37.61249923706055,37.85300064086914,71630000,-0.007809852750616408,37.302299880981444,36.435389862060546,0.008635062162810936,38.03850173950195
2016-08-04,38.03850173950195,38.03850173950195,38.25,37.51750183105469,37.685001373291016,63564000,0.008123166239300872,37.36280002593994,36.49195991516113,0.008747122484052903,38.29899978637695
2016-08-05,38.29899978637695,38.29899978637695,38.42350006103516,38.15449905395508,38.240501403808594,54088000,0.0068482730644587875,37.41322498321533,36.54958992004394,0.008461927248618748,38.32799911499024
2016-08-08,38.32799911499024,38.32799911499024,38.34999847412109,38.05099868774414,38.34049987792969,39726000,0.0007571824009775519,37.44517498016358,36.60123992919922,0.008172845270802752,38.41550064086914
2016-08-09,38.41550064086914,38.41550064086914,38.630001068115234,38.345001220703125,38.36949920654297,37522000,0.0022829661839738336,37.49542503356934,36.657309951782224,0.00794111217914873,38.428001403808594
2016-08-10,38.428001403808594,38.428001403808594,38.60499954223633,38.30950164794922,38.4900016784668,32086000,0.0003254093459907903,37.56025009155274,36.70307998657226,0.0076726162340565495,38.5620002746582
2016-08-11,38.5620002746582,38.5620002746582,38.6875,38.45600128173828,38.49700164794922,40394000,0.003487011188573863,37.6353500366211,36.75487998962402,0.007631668642593981,38.62799835205078
2016-08-12,38.62799835205078,38.62799835205078,38.657501220703125,38.42100143432617,38.42300033569336,31266000,0.0017114796152302159,37.7281499862671,36.799199981689455,0.007277985320311443,38.42449951171875
2016-08-15,38.42449951171875,38.42449951171875,38.60200119018555,38.385501861572266,38.595001220703125,42370000,-0.005268169437032899,37.809199905395516,36.84214996337891,0.007476486985757209,38.20199966430664
2016-08-16,38.20199966430664,38.20199966430664,38.436500549316406,38.19100189208984,38.430999755859375,32092000,-0.005790572427475604,37.869424819946296,36.87945999145508,0.0076433687413996546,38.23149871826172
2016-08-17,38.23149871826172,38.23149871826172,38.26100158691406,37.959999084472656,38.22050094604492,37822000,0.0007721861215197467,37.916699790954596,36.92034996032715,0.0075052189305138,38.22299957275391
2016-08-18,38.22299957275391,38.22299957275391,38.25849914550781,38.02999877929688,38.20000076293945,29176000,-0.00022230741123796527,37.966774749755864,36.95816993713379,0.007480935799471261,37.865501403808594
2016-08-19,37.865501403808594,37.865501403808594,38.1245002746582,37.84450149536133,38.095001220703125,46864000,-0.00935295955161386,37.997899818420414,36.987829971313474,0.007855424274192972,37.9739990234375
2016-08-22,37.9739990234375,37.9739990234375,37.99250030517578,37.60499954223633,37.875,33586000,0.002865342214060762,38.04757480621338,37.029399948120115,0.007640077575804325,38.122501373291016
2016-08-23,38.122501373291016,38.122501373291016,38.23500061035156,38.04999923706055,38.16550064086914,30482000,0.003910632371425082,38.11472492218018,37.076609954833984,0.007487248883921741,37.86249923706055
2016-08-24,37.86249923706055,37.86249923706055,38.170501708984375,37.76800155639648,38.150001525878906,34882000,-0.006820175142353779,38.16617488861085,37.114559936523435,0.007733164377043738,37.96099853515625
2016-08-25,37.96099853515625,37.96099853515625,38.02799987792969,37.73699951171875,37.79999923706055,32460000,0.0026015001671968463,38.18269977569581,37.15951988220215,0.006114036996235425,38.45000076293945
2016-08-26,38.45000076293945,38.45000076293945,38.5,37.9900016784668,38.00249862670898,55536000,0.012881700868071944,38.20817489624024,37.2110099029541,0.006501082788707998,38.56449890136719
2016-08-29,38.56449890136719,38.56449890136719,38.749000549316406,38.43000030517578,38.43600082397461,43972000,0.002977844893519377,38.217049789428714,37.275909881591794,0.005989493544237536,38.37900161743164
2016-08-30,38.37900161743164,38.37900161743164,38.59199905395508,38.27799987792969,38.5525016784668,34184000,-0.004810053007818782,38.234549903869635,37.3294799041748,0.005687055986113898,38.45800018310547
2016-08-31,38.45800018310547,38.45800018310547,38.48199844360352,38.20000076293945,38.33000183105469,32676000,0.0020583799042324102,38.270849990844724,37.38281990051269,0.005348574447324766,38.53099822998047
2016-09-01,38.53099822998047,38.53099822998047,38.60200119018555,38.337501525878906,38.54499816894531,35846000,0.0018981238371065245,38.29547481536865,37.44283988952637,0.005084836688702313,38.62200164794922
2016-09-02,38.62200164794922,38.62200164794922,38.79999923706055,38.584999084472656,38.70550155639648,43636000,0.00236182352259795,38.311624908447264,37.4931999206543,0.004892594359807507,39.44350051879883
2016-09-06,39.44350051879883,39.44350051879883,39.4739990234375,38.51100158691406,38.70199966430664,74396000,0.021270230329795137,38.36739997863769,37.58310989379883,0.0067587172274600335,39.2239990234375
2016-09-07,39.2239990234375,39.2239990234375,39.53950119018555,39.21649932861328,39.47650146484375,48492000,-0.005564959815286041,38.40782489776611,37.676229858398436,0.006933789971177606,39.20299911499024
2016-09-08,39.20299911499024,39.20299911499024,39.32500076293945,39.071998596191406,39.19449996948242,40610000,-0.00053538417729182,38.4465747833252,37.75233985900879,0.006941287467577142,38.00699996948242
2016-09-09,38.00699996948242,38.00699996948242,39.04999923706055,38.00550079345703,38.96799850463867,85146000,-0.030507848187831588,38.41882476806641,37.7968798828125,0.009856048588837948,38.574501037597656
2016-09-12,38.574501037597656,38.574501037597656,38.632999420166016,37.79999923706055,37.86750030517578,62494000,0.014931488109319435,38.41614990234375,37.85274993896484,0.010450143458814051,38.05049896240234
2016-09-13,38.05049896240234,38.05049896240234,38.49449920654297,37.95249938964844,38.4384994506836,62344000,-0.01358415691973791,38.39744987487793,37.88807991027832,0.01082865839502082,38.054500579833984
2016-09-14,38.054500579833984,38.054500579833984,38.375,37.942501068115234,38.11000061035156,50460000,0.00010516596472487372,38.3900749206543,37.921069946289066,0.01075513236383773,38.484500885009766
2016-09-15,38.484500885009766,38.484500885009766,38.54349899291992,37.87900161743164,38.09999847412109,60680000,0.011299591339365866,38.402725028991696,37.953149948120114,0.011055450957364356,38.92599868774414
2016-09-16,38.92599868774414,38.92599868774414,39.02299880981445,38.58300018310547,38.66400146484375,109984000,0.011472093767138869,38.437874984741214,37.99509994506836,0.011327374798148467,38.755001068115234
2016-09-19,38.755001068115234,38.755001068115234,39.09700012207031,38.54999923706055,38.99850082397461,45944000,-0.004392889723924931,38.482349967956544,38.02438995361328,0.01114218394225953,39.01100158691406
2016-09-20,39.01100158691406,39.01100158691406,39.06850051879883,38.79999923706055,38.79999923706055,38744000,0.006605612482086798,38.53420009613037,38.05083000183105,0.011202462806913947,39.48699951171875
2016-09-21,39.48699951171875,39.48699951171875,39.53450012207031,38.95050048828125,39.16249847412109,54372000,0.012201633012272062,38.602425003051756,38.09236000061035,0.011450607101502388,40.23500061035156
2016-09-22,40.23500061035156,40.23500061035156,40.29449844360352,39.7135009765625,39.7135009765625,81578000,0.018942971304031886,38.721050071716306,38.15443000793457,0.011868667493598386,40.28749847412109
2016-09-23,40.28749847412109,40.28749847412109,40.38750076293945,40.10599899291992,40.15650177001953,47070000,0.001304780986035814,38.83737506866455,38.21897994995117,0.011875135304604129,39.95800018310547
2016-09-26,39.95800018310547,39.95800018310547,40.29650115966797,39.85749816894531,40.09000015258789,53028000,-0.008178673372517098,38.91277503967285,38.28269996643066,0.011890786200200558,40.80550003051758
2016-09-27,40.80550003051758,40.80550003051758,40.83200073242188,40.05550003051758,40.09249877929688,76392000,0.021209766342872083,39.02482509613037,38.362739944458006,0.012645213111984074,41.43600082397461
2016-09-28,41.43600082397461,41.43600082397461,41.50699996948242,40.85150146484375,40.900001525878906,88442000,0.015451367903480895,39.17767505645752,38.45150993347168,0.012805251501582932,41.45249938964844
2016-09-29,41.45249938964844,41.45249938964844,41.875,41.23149871826172,41.41299819946289,98444000,0.00039816983651275173,39.327400016784665,38.534839935302735,0.012823305777272535,41.865501403808594
2016-09-30,41.865501403808594,41.865501403808594,41.997501373291016,41.619998931884766,41.63050079345703,88612000,0.009963259640341393,39.49412517547607,38.627719955444334,0.012885869358351522,41.83700180053711
2016-10-03,41.83700180053711,41.83700180053711,41.99300003051758,41.5625,41.79999923706055,55388000,-0.0006807419549713645,39.65487518310547,38.71959999084473,0.012927075349303173,41.70149993896485
2016-10-04,41.70149993896485,41.70149993896485,42.118499755859375,41.51300048828125,42.045501708984375,59006000,-0.0032388043057740568,39.76777515411377,38.814020004272464,0.012361603801625999,42.21799850463867
2016-10-05,42.21799850463867,42.21799850463867,42.28350067138672,41.805999755859375,41.900001525878906,69382000,0.012385611223332038,39.91747512817383,38.92278999328613,0.012369354128850995,42.08300018310547
2016-10-06,42.08300018310547,42.08300018310547,42.36050033569336,42.02999877929688,42.185001373291016,53680000,-0.0031976485459955795,40.06147518157959,39.027779998779295,0.01243215094677445,41.97150039672852
2016-10-07,41.97150039672852,41.97150039672852,42.29750061035156,41.872501373291016,42.28950119018555,48524000,-0.002649520849079323,40.25970020294189,39.114599990844724,0.009657690975224474,42.08549880981445
2016-10-10,42.08549880981445,42.08549880981445,42.2599983215332,42.01350021362305,42.16249847412109,36542000,0.002716090966688789,40.43525009155273,39.1975,0.009379979528130682,41.54999923706055
2016-10-11,41.54999923706055,41.54999923706055,42.06449890136719,41.41749954223633,42.05099868774414,71764000,-0.012724087581184262,40.61022510528564,39.26075996398926,0.009294741849977035,41.704498291015625
2016-10-12,41.704498291015625,41.704498291015625,41.88349914550781,41.505001068115234,41.70000076293945,47608000,0.0037183888517926533,40.792724990844725,39.3342699432373,0.009240811815051483,41.4640007019043
2016-10-13,41.4640007019043,41.4640007019043,41.59000015258789,41.06050109863281,41.45000076293945,61828000,-0.005766706205961869,40.94169998168945,39.40890998840332,0.009379475016710355,41.14799880981445
2016-10-14,41.14799880981445,41.14799880981445,41.7869987487793,41.14799880981445,41.75400161743164,59996000,-0.007621114382127869,41.052799987792966,39.47109992980957,0.009525568860374582,40.647499084472656
2016-10-17,40.647499084472656,40.647499084472656,41.09999847412109,40.58399963378906,41.07500076293945,67230000,-0.012163403806223938,41.14742488861084,39.518069915771484,0.009982846420339806,40.88249969482422
2016-10-18,40.88249969482422,40.88249969482422,41.16299819946289,40.7509994506836,41.105499267578125,50250000,0.0057814285169965896,41.24099979400635,39.56915992736816,0.00996640657978036,40.884498596191406
2016-10-19,40.884498596191406,40.884498596191406,41.03350067138672,40.75849914550781,41.02000045776367,41814000,4.889381476447241e-05,41.31087474822998,39.61853988647461,0.009703901145859414,40.51599884033203
2016-10-20,40.51599884033203,40.51599884033203,40.78549957275391,40.15499877929688,40.699501037597656,63040000,-0.009013190047870712,41.32492465972901,39.66029983520508,0.009096777659771113,40.949501037597656
2016-10-21,40.949501037597656,40.949501037597656,40.97100067138672,40.45000076293945,40.46799850463867,55860000,0.010699531288220099,41.358024787902835,39.708049850463865,0.009384660473980384,41.90449905395508
2016-10-24,41.90449905395508,41.90449905395508,41.915000915527344,41.11050033569336,41.247501373291016,81218000,0.023321359043681378,41.45534973144531,39.773579864501954,0.010379029919348873,41.75899887084961
2016-10-25,41.75899887084961,41.75899887084961,42.15449905395508,41.6609992980957,41.96500015258789,64968000,-0.003472185240017467,41.503024673461915,39.84026985168457,0.009455025409552032,41.12950134277344
2016-10-26,41.12950134277344,41.12950134277344,41.672000885009766,41.0,41.63800048828125,79962000,-0.015074535910763909,41.48769969940186,39.89881988525391,0.00949678037812552,40.917999267578125
2016-10-27,40.917999267578125,40.917999267578125,41.58599853515625,40.77149963378906,41.5620002746582,148128000,-0.005142344747451566,41.46097469329834,39.952549896240235,0.00955509932933924,38.81600189208984
2016-10-28,38.81600189208984,38.81600189208984,39.4744987487793,38.730499267578125,39.09999847412109,216822000,-0.05137097153119685,41.3084997177124,39.96440994262695,0.014531345937579314,39.49100112915039
2016-10-31,39.49100112915039,39.49100112915039,39.685001373291016,39.00550079345703,39.05149841308594,108266000,0.017389715688315377,41.191199684143065,39.99691993713379,0.015270143886256152,39.27050018310547
2016-11-01,39.27050018310547,39.27050018310547,40.04199981689453,38.83549880981445,39.95000076293945,106108000,-0.005583574478747688,41.0696496963501,40.02284996032715,0.01528293911773006,38.27799987792969
2016-11-02,38.27799987792969,38.27799987792969,39.23749923706055,38.1775016784668,39.19649887084961,100530000,-0.02527343172478269,40.87264976501465,40.02595993041992,0.015618591629677906,38.35150146484375
2016-11-03,38.35150146484375,38.35150146484375,38.84999847412109,38.20000076293945,38.25249862670898,77450000,0.0019202044816464259,40.686074829101564,40.035739974975584,0.015687462304126064,37.75249862670898
2016-11-04,37.75249862670898,37.75249862670898,38.29999923706055,37.6614990234375,38.13949966430664,102442000,-0.015618758464616245,40.475124740600585,40.031569976806644,0.01587332911380272,39.24649810791016
2016-11-07,39.24649810791016,39.24649810791016,39.38650131225586,38.547000885009766,38.58200073242188,119688000,0.03957352587370777,40.33317470550537,40.047499923706056,0.018720277098324814,39.38750076293945
2016-11-08,39.38750076293945,39.38750076293945,39.58700180053711,38.95500183105469,39.24850082397461,68252000,0.003592744877303433,40.225049781799314,40.0639599609375,0.018644199105417977,38.59400177001953
2016-11-09,38.59400177001953,38.59400177001953,38.875,38.00450134277344,38.20000076293945,171258000,-0.020145959442710915,40.069524955749515,40.068259963989256,0.01898562244735512,37.11899948120117
2016-11-10,37.11899948120117,37.11899948120117,38.94150161743164,35.8849983215332,38.94049835205078,254940000,-0.038218433465590174,39.852274894714355,40.041479949951174,0.020498372434012088,36.95050048828125
2016-11-11,36.95050048828125,36.95050048828125,37.16299819946289,36.44499969482422,36.7864990234375,132456000,-0.004539427120207162,39.6423999786377,40.009869995117185,0.02049173442114097,35.95349884033203
2016-11-14,35.95349884033203,35.95349884033203,37.29999923706055,35.505001068115234,37.2755012512207,146426000,-0.02698208778702238,39.40769996643066,39.956499938964846,0.021019235531979708,37.1619987487793
2016-11-15,37.1619987487793,37.1619987487793,37.3390007019043,36.29949951171875,36.5,135116000,0.03361285959439342,39.22167491912842,39.91086990356445,0.022688667511806305,37.324501037597656
2016-11-16,37.324501037597656,37.324501037597656,37.493499755859375,36.78049850463867,36.99399948120117,72976000,0.0043728080913219,39.04367504119873,39.87287994384766,0.022754936862588292,37.81999969482422
2016-11-17,37.81999969482422,37.81999969482422,37.875,37.400001525878906,37.46599960327149,73802000,0.013275426153116943,38.90887508392334,39.845219955444335,0.02305564385233213,38.007999420166016
2016-11-18,38.007999420166016,38.007999420166016,38.387001037597656,37.88199996948242,38.04999923706055,87468000,0.0049709076377260075,38.76180000305176,39.84523994445801,0.022909214658194663,39.0
2016-11-21,39.0,39.0,39.01750183105469,38.25550079345703,38.29999923706055,92292000,0.026099784123540415,38.616575050354,39.853749923706054,0.023087952271293337,39.26649856567383
2016-11-22,39.26649856567383,39.26649856567383,39.619998931884766,39.04999923706055,39.40850067138672,106226000,0.006833296555739166,38.491950035095215,39.87806991577148,0.023199357576128465,39.00600051879883
2016-11-23,39.00600051879883,39.00600051879883,39.087501525878906,38.65599822998047,39.08649826049805,70806000,-0.006634104297313703,38.38577499389648,39.89709991455078,0.023040842346004335,39.01850128173828
2016-11-25,39.01850128173828,39.01850128173828,39.337501525878906,38.89500045776367,39.32500076293945,36742000,0.00032048307371135287,38.29080009460449,39.90777992248535,0.023038919183391297,38.3385009765625
2016-11-28,38.3385009765625,38.3385009765625,38.84999847412109,38.21200180053711,38.8494987487793,88776000,-0.017427637731796786,38.26692504882813,39.89602996826172,0.020308306793279322,38.1259994506836
2016-11-29,38.1259994506836,38.1259994506836,38.49449920654297,38.06600189208984,38.400001525878906,65446000,-0.005542770856085566,38.19867496490478,39.883449935913085,0.01989279112329087,37.52849960327149
2016-11-30,37.52849960327149,37.52849960327149,38.40449905395508,37.51250076293945,38.09999847412109,92518000,-0.01567171630962705,38.11157493591308,39.85379989624023,0.02012645108730596,37.182498931884766
2016-12-01,37.182498931884766,37.182498931884766,37.66849899291992,36.9015007019043,37.62049865722656,93320000,-0.009219677712789864,38.05679988861084,39.80770988464356,0.019461664384691744,37.016998291015625
2016-12-02,37.016998291015625,37.016998291015625,37.42449951171875,36.834999084472656,37.16999816894531,71226000,-0.004451035987987906,37.990074729919435,39.74334983825683,0.01945881616321979,37.96799850463867
2016-12-05,37.96799850463867,37.96799850463867,38.074501037597656,37.09999847412109,37.25,86294000,0.0256909057332686,38.00084972381592,39.69695983886719,0.02007404897379551,38.23600006103516
2016-12-06,38.23600006103516,38.23600006103516,38.4119987487793,37.86249923706055,38.199501037597656,75894000,0.007058616912970717,37.950324821472165,39.66251983642578,0.01794465450866724,38.52099990844727
2016-12-07,38.52099990844727,38.52099990844727,38.52099990844727,37.79100036621094,38.227500915527344,73698000,0.007453704544334361,37.90699977874756,39.616829833984376,0.018018979136227225,38.36650085449219
2016-12-08,38.36650085449219,38.36650085449219,38.68949890136719,38.259498596191406,38.59349822998047,63792000,-0.004010774754608759,37.89562473297119,39.55543983459473,0.017467394117346435,38.43299865722656
2016-12-09,38.43299865722656,38.43299865722656,38.51250076293945,38.266998291015625,38.5,49418000,0.0017332256331263896,37.96132469177246,39.49504981994629,0.014994133762212848,38.00600051879883
2016-12-12,38.00600051879883,38.00600051879883,38.34450149536133,37.86000061035156,38.31999969482422,59278000,-0.011110195752249585,38.01409969329834,39.41785980224609,0.015211841732448108,38.71699905395508
2016-12-13,38.71699905395508,38.71699905395508,39.12300109863281,38.09999847412109,38.24800109863281,105706000,0.018707533690754286,38.152274703979494,39.355459747314455,0.014096277099908568,38.44100189208984
2016-12-14,38.44100189208984,38.44100189208984,39.042999267578125,38.14049911499024,38.91249847412109,109096000,-0.007128578366329963,38.21622486114502,39.290249786376954,0.012403905680525655,38.04999923706055
2016-12-15,38.04999923706055,38.04999923706055,38.45500183105469,38.01549911499024,38.31399917602539,76038000,-0.010171500111440857,38.25249977111817,39.20688980102539,0.01266660041079236,37.88850021362305
2016-12-16,37.88850021362305,37.88850021362305,38.25650024414063,37.70000076293945,38.25,96964000,-0.004244389662962256,38.25592479705811,39.12299980163574,0.012378338976567049,38.29999923706055
2016-12-19,38.29999923706055,38.29999923706055,38.525001525878906,37.80799865722656,37.94449996948242,62264000,0.010860789451083708,38.27052478790283,39.04956977844238,0.012567369484484833,38.56100082397461
2016-12-20,38.56100082397461,38.56100082397461,38.71950149536133,38.385501861572266,38.432498931884766,54072000,0.006814662979457875,38.248574829101564,38.97907981872559,0.011157060393645817,38.52999877929688
2016-12-21,38.52999877929688,38.52999877929688,38.56100082397461,38.28499984741211,38.5,40892000,-0.0008039740674586904,38.21174983978271,38.918679809570314,0.011022494750872231,38.31700134277344
2016-12-22,38.31700134277344,38.31700134277344,38.56050109863281,38.1510009765625,38.40599822998047,50872000,-0.00552809351859862,38.177299880981444,38.85092987060547,0.010994893139840438,38.02949905395508
2016-12-23,38.02949905395508,38.02949905395508,38.32500076293945,37.89950180053711,38.227500915527344,39632000,-0.007503256485194232,38.12784976959229,38.782239837646486,0.011090439046832748,38.56999969482422
2016-12-27,38.56999969482422,38.56999969482422,38.73249816894531,38.060001373291016,38.16999816894531,52774000,0.014212667910831422,38.13942470550537,38.73067985534668,0.010912766860172417,38.60649871826172
2016-12-28,38.60649871826172,38.60649871826172,39.0,38.525001525878906,38.8125,66020000,0.0009463060338679163,38.163449668884276,38.68985984802246,0.010824221677215801,38.25749969482422
2016-12-29,38.25749969482422,38.25749969482422,38.66999816894531,38.04249954223633,38.619998931884766,63166000,-0.009039903514286185,38.199899673461914,38.63735984802246,0.010389739921496636,37.493499755859375
2016-12-30,37.493499755859375,37.493499755859375,38.369998931884766,37.41400146484375,38.32350158691406,82788000,-0.019969939098456124,38.21544971466064,38.569539871215824,0.011193965507183974,37.68349838256836
2017-01-03,37.68349838256836,37.68349838256836,37.9379997253418,37.3849983215332,37.89599990844727,70422000,0.005067508446695346,38.248774719238284,38.51288986206055,0.011175800022042897,37.85900115966797
2017-01-04,37.85900115966797,37.85900115966797,37.98400115966797,37.709999084472656,37.91949844360352,50210000,0.004657284610836365,38.24332485198975,38.451079864501956,0.009604430942004152,39.022499084472656
2017-01-05,39.022499084472656,39.022499084472656,39.119998931884766,38.01300048828125,38.07749938964844,116602000,0.03073239887913859,38.28264980316162,38.393439865112306,0.01175186747792113,39.79949951171875
2017-01-06,39.79949951171875,39.79949951171875,39.97200012207031,38.92399978637695,39.11800003051758,119724000,0.01991160088348276,38.346574783325195,38.35424987792969,0.012418518620941501,39.84600067138672
2017-01-09,39.84600067138672,39.84600067138672,40.0885009765625,39.5885009765625,39.900001525878906,68922000,0.0011683855384734265,38.42054977416992,38.328579864501954,0.012346812702909278,39.79499816894531
2017-01-10,39.79499816894531,39.79499816894531,39.900001525878906,39.47700119018555,39.83000183105469,51168000,-0.001279990502987438,38.48864974975586,38.3061198425293,0.01236816359073305,39.95100021362305
2017-01-11,39.95100021362305,39.95100021362305,39.97499847412109,39.47549819946289,39.68299865722656,59856000,0.003920142024267603,38.58589973449707,38.32881980895996,0.011992397487825697,40.68199920654297
2017-01-12,40.68199920654297,40.68199920654297,40.70650100708008,39.97499847412109,40.01549911499024,97478000,0.01829738902683742,38.684149742126465,38.352639770507814,0.011963659509895341,40.85699844360352
2017-01-13,40.85699844360352,40.85699844360352,41.08250045776367,40.56999969482422,40.71599960327149,75838000,0.004301638082535808,38.804949569702146,38.384369735717776,0.011748251144589496,40.48600006103516
2017-01-17,40.48600006103516,40.48600006103516,40.79999923706055,40.172000885009766,40.78499984741211,73410000,-0.009080412088530276,38.92674961090088,38.42852973937988,0.011685660884113524,40.374000549316406
2017-01-18,40.374000549316406,40.374000549316406,40.58649826049805,40.2135009765625,40.47499847412109,47084000,-0.002766376316502228,39.05102462768555,38.46897972106934,0.011640878214959384,40.45199966430664
2017-01-19,40.45199966430664,40.45199966430664,40.67549896240234,40.36600112915039,40.5,50816000,0.001931914448134897,39.15862464904785,38.52296974182129,0.011503878939614944,40.416500091552734
2017-01-20,40.416500091552734,40.416500091552734,40.80099868774414,40.3129997253418,40.76399993896485,67524000,-0.0008775727540912825,39.25139961242676,38.54636978149414,0.011491154841656064,40.89400100708008
2017-01-23,40.89400100708008,40.89400100708008,40.92499923706055,40.25400161743164,40.34000015258789,55950000,0.011814504334756615,39.36959972381592,38.57649978637696,0.011650427189490255,41.12200164794922
2017-01-24,41.12200164794922,41.12200164794922,41.199501037597656,40.72499847412109,41.09999847412109,59434000,0.005575405566935476,39.50984973907471,38.62705978393555,0.011483716784052463,41.82600021362305
2017-01-25,41.82600021362305,41.82600021362305,41.87099838256836,41.26449966430664,41.28950119018555,78452000,0.017119754327643122,39.69967479705811,38.72119979858398,0.011550296411539327,41.95750045776367
2017-01-26,41.95750045776367,41.95750045776367,42.19200134277344,41.650001525878906,41.7765007019043,71726000,0.0031439832513029398,39.869049835205075,38.821339797973636,0.011340442933864318,41.78850173950195
2017-01-27,41.78850173950195,41.78850173950195,41.98500061035156,41.47200012207031,41.95000076293945,59974000,-0.004027854767751027,40.02814998626709,38.93803985595703,0.011471163323981817,41.51900100708008
2017-01-30,41.51900100708008,41.51900100708008,41.67499923706055,40.81900024414063,41.650001525878906,74946000,-0.0064491599651470555,40.19122505187988,39.025179901123046,0.011329558514118192,41.17399978637695
2017-01-31,41.17399978637695,41.17399978637695,41.3494987487793,40.97800064086914,41.1875,62744000,-0.008309477885662386,40.375250053405765,39.102169876098635,0.010273280577576517,41.61750030517578
2017-02-01,41.61750030517578,41.61750030517578,41.68899917602539,41.24700164794922,41.46049880981445,77004000,0.010771373223389613,40.571950149536136,39.178119888305666,0.010361568549537896,41.997501373291016
2017-02-02,41.997501373291016,41.997501373291016,42.1245002746582,41.41299819946289,41.829498291015625,147010000,0.009130799911785559,40.77887516021728,39.25790992736816,0.01040135907541094,40.5099983215332
2017-02-03,40.5099983215332,40.5099983215332,40.915000915527344,40.20000076293945,40.33599853515625,217376000,-0.03541884643413129,40.853250122070314,39.288109893798826,0.012229318449785717,40.38199996948242
2017-02-06,40.38199996948242,40.38199996948242,40.5359992980957,40.150001525878906,40.4900016784668,77946000,-0.003159673101806648,40.882375144958495,39.310419921875,0.01151237439147292,40.625
2017-02-07,40.625,40.625,40.80799865722656,40.375,40.46549987792969,69322000,0.006017533324283564,40.92132511138916,39.34279991149902,0.011571666536533392,40.98550033569336
2017-02-08,40.98550033569336,40.98550033569336,41.07400131225586,40.625,40.634498596191406,57160000,0.008873854417067228,40.98085021972656,39.382139892578124,0.011687025889949828,41.06800079345703
2017-02-09,41.06800079345703,41.06800079345703,41.25,40.98550033569336,41.08000183105469,49698000,0.0020129181561270304,41.03670024871826,39.43672988891601,0.011674360819331374,41.37300109863281
2017-02-10,41.37300109863281,41.37300109863281,41.400001525878906,41.14250183105469,41.19100189208984,48592000,0.007426714212598773,41.07125034332275,39.501669921875,0.011086726209960214,41.82649993896485
2017-02-13,41.82649993896485,41.82649993896485,42.150001525878906,41.4275016784668,41.58100128173828,83452000,0.010961226604057517,41.11972541809082,39.587629928588875,0.011292320255265246,41.81949996948242
2017-02-14,41.81949996948242,41.81949996948242,41.91550064086914,41.5724983215332,41.84999847412109,55848000,-0.00016735728527716986,41.186400413513184,39.68036994934082,0.011036801026403916,42.1349983215332
2017-02-15,42.1349983215332,42.1349983215332,42.14049911499024,41.64099884033203,41.70000076293945,59378000,0.007544288006336997,41.27445030212402,39.782729949951175,0.0110589542322148,42.20700073242188
2017-02-16,42.20700073242188,42.20700073242188,42.25,41.96900177001953,42.09199905395508,54294000,0.0017088504510960334,41.36220035552979,39.86750999450684,0.011059346760451168,42.25350189208984
2017-02-17,42.25350189208984,42.25350189208984,42.36349868774414,42.0364990234375,42.09999847412109,62246000,0.0011017404426045818,41.45405044555664,39.94786003112793,0.011039340677195914,42.821998596191406
2017-02-21,42.821998596191406,42.821998596191406,42.89899826049805,42.36249923706055,42.44200134277344,70154000,0.01345442812180253,41.55045032501221,40.03388000488282,0.01111965741269752,42.78049850463867
2017-02-22,42.78049850463867,42.78049850463867,42.92150115966797,42.60900115966797,42.84749984741211,52340000,-0.0009691301880624392,41.63337516784668,40.12215995788575,0.011116521330822653,42.609500885009766
2017-02-23,42.609500885009766,42.609500885009766,43.042999267578125,42.400001525878906,42.87850189208984,69240000,-0.003997092731641838,41.672550201416016,40.20569000244141,0.010599512025738863,42.262001037597656
2017-02-24,42.262001037597656,42.262001037597656,42.29050064086914,41.88750076293945,42.234500885009766,73760000,-0.008155454539350404,41.687775230407716,40.29081001281739,0.010777873997495642,42.43199920654297
2017-02-27,42.43199920654297,42.43199920654297,42.625,41.98350143432617,42.11899948120117,54272000,0.004022482721395049,41.719950103759764,40.36511001586914,0.010753416525803316,42.25199890136719
2017-02-28,42.25199890136719,42.25199890136719,42.704498291015625,42.102500915527344,42.5724983215332,55874000,-0.004242088719402681,41.75659999847412,40.441329956054695,0.010686006260395748,42.65399932861328
2017-03-01,42.65399932861328,42.65399932861328,42.74150085449219,42.45050048828125,42.65250015258789,55202000,0.009514352875576781,41.83059997558594,40.533409957885745,0.010617884482765952,42.445499420166016
2017-03-02,42.445499420166016,42.445499420166016,42.74100112915039,42.36399841308594,42.65399932861328,42642000,-0.00488816785598345,41.87199993133545,40.62454994201661,0.010499899090806626,42.49399948120117
2017-03-03,42.49399948120117,42.49399948120117,42.5994987487793,42.3134994506836,42.36000061035156,38822000,0.001142643194159465,41.89682483673096,40.70842994689942,0.010326373577703196,42.33050155639648
2017-03-06,42.33050155639648,42.33050155639648,42.42449951171875,42.055999755859375,42.26150131225586,52208000,-0.003847553226356659,41.98784999847412,40.78381996154785,0.006053094925960235,42.30099868774414
2017-03-07,42.30099868774414,42.30099868774414,42.42300033569336,42.1875,42.27399826049805,44952000,-0.0006969647787666844,42.08379993438721,40.859239959716795,0.005962315698811649,42.525001525878906
2017-03-08,42.525001525878906,42.525001525878906,42.65349960327149,42.339500427246094,42.400001525878906,45730000,0.005295450345943475,42.17880001068115,40.94339996337891,0.005941028487145802,42.650001525878906
2017-03-09,42.650001525878906,42.650001525878906,42.81999969482422,42.51549911499024,42.54999923706055,40964000,0.002939447278418772,42.26202507019043,41.035810012817386,0.005740481832975,42.62300109863281
2017-03-10,42.62300109863281,42.62300109863281,42.86750030517578,42.58599853515625,42.84999847412109,48728000,-0.0006330697838242694,42.33977508544922,41.11687004089355,0.005770774182300142,42.72949981689453
2017-03-13,42.72949981689453,42.72949981689453,42.78450012207031,42.58549880981445,42.5885009765625,38194000,0.002498620827174447,42.407600021362306,41.19933006286621,0.0056246412384360405,42.62649917602539
2017-03-14,42.62649917602539,42.62649917602539,42.6875,42.37749862670898,42.6775016784668,42612000,-0.002410527652102701,42.44759998321533,41.286710052490236,0.005238477211432892,42.64849853515625
2017-03-15,42.64849853515625,42.64849853515625,42.72249984741211,42.355499267578125,42.71649932861328,51244000,0.0005160958454508702,42.48904991149902,41.38981002807617,0.005232957145596999,42.67100143432617
2017-03-16,42.67100143432617,42.67100143432617,42.775001525878906,42.5255012512207,42.76499938964844,36846000,0.0005276363750852386,42.51585006713867,41.48956008911133,0.005000817813777696,42.615501403808594
2017-03-17,42.615501403808594,42.615501403808594,42.69150161743164,42.53200149536133,42.67449951171875,67688000,-0.001300649824284017,42.53627510070801,41.58469009399414,0.005012357416273188,42.8484992980957
2017-03-20,42.8484992980957,42.8484992980957,42.88999938964844,42.55049896240234,42.57550048828125,45654000,0.005467444629579932,42.566024971008304,41.6612100982666,0.005133825139473307,42.15999984741211
2017-03-21,42.15999984741211,42.15999984741211,43.13999938964844,42.06549835205078,42.94200134277344,87658000,-0.01606822787173301,42.532925033569335,41.70842010498047,0.005507832087037332,42.40299987792969
2017-03-22,42.40299987792969,42.40299987792969,42.46849822998047,41.95249938964844,42.02149963378906,53174000,0.00576375786046146,42.51405010223389,41.759560089111325,0.005697156387147612,42.36899948120117
2017-03-23,42.36899948120117,42.36899948120117,42.54449844360352,42.2400016784668,42.40999984741211,39060000,-0.0008018394176448895,42.502025032043456,41.81104011535645,0.00563626639465998,42.28049850463867
2017-03-24,42.28049850463867,42.28049850463867,42.59000015258789,42.17649841308594,42.58399963378906,42766000,-0.002088814407849471,42.50294990539551,41.85763008117676,0.005345158374313126,42.34099960327149
2017-03-27,42.34099960327149,42.34099960327149,42.51499938964844,41.67499923706055,41.90349960327149,55116000,0.0014309457261054703,42.498399925231936,41.890810089111326,0.005274362443891554,42.79999923706055
2017-03-28,42.79999923706055,42.79999923706055,42.92300033569336,42.505001068115234,42.587501525878906,60832000,0.010840547887149832,42.525799942016604,41.92967010498047,0.005710308135568206,43.71599960327149
2017-03-29,43.71599960327149,43.71599960327149,43.821998596191406,42.95100021362305,42.95249938964844,89716000,0.021401878096712235,42.57889995574951,41.99427009582519,0.007124101788091394,43.81700134277344
2017-03-30,43.81700134277344,43.81700134277344,43.85300064086914,43.58300018310547,43.747501373291016,55254000,0.0023104067256507488,42.64747505187988,42.063130111694335,0.006977770212943983,44.32699966430664
2017-03-31,44.32699966430664,44.32699966430664,44.51750183105469,43.83250045776367,43.84999847412109,79152000,0.011639279409916048,42.73912506103515,42.140630111694335,0.0073264616302643705,44.57550048828125
2017-04-03,44.57550048828125,44.57550048828125,44.67449951171875,44.27099990844727,44.400001525878906,68446000,0.005606082655188249,42.85137500762939,42.22381011962891,0.007224131302663469,45.34149932861328
2017-04-04,45.34149932861328,45.34149932861328,45.42699813842773,44.51399993896485,44.57500076293945,99694000,0.017184301509601818,43.003400039672854,42.31276008605957,0.007870643650894437,45.4640007019043
2017-04-05,45.4640007019043,45.4640007019043,46.18600082397461,45.28099822998047,45.54100036621094,150168000,0.0027017495033232475,43.15034999847412,42.39960006713867,0.007860968201446043,44.91400146484375
2017-04-06,44.91400146484375,44.91400146484375,45.859500885009766,44.7244987487793,45.68999862670898,126882000,-0.012097466755439101,43.263549995422366,42.46136009216308,0.0085902067034304,44.74399948120117
2017-04-07,44.74399948120117,44.74399948120117,45.00450134277344,44.46549987792969,44.98249816894531,74218000,-0.003785055396937742,43.36959991455078,42.51709007263184,0.008681543274989455,45.35200119018555
2017-04-10,45.35200119018555,45.35200119018555,45.42549896240234,44.95000076293945,44.98149871826172,63686000,0.013588452441311683,43.500724983215335,42.58836006164551,0.00903081105376386,45.11800003051758
2017-04-11,45.11800003051758,45.11800003051758,45.5620002746582,44.875,45.35200119018555,60254000,-0.005159665583149842,43.62530002593994,42.66034004211426,0.009138124231735012,44.811500549316406
2017-04-12,44.811500549316406,44.811500549316406,45.204498291015625,44.76250076293945,45.15449905395508,49122000,-0.006793286071941518,43.73345012664795,42.73309005737305,0.009380747983508575,44.23350143432617
2017-04-13,44.23350143432617,44.23350143432617,44.74850082397461,44.2244987487793,44.5724983215332,63492000,-0.012898454814163851,43.81157512664795,42.78541007995605,0.009991240365193376,45.0994987487793
2017-04-17,45.0994987487793,45.0994987487793,45.11899948120117,44.375,44.375,57094000,0.01957786036312048,43.93577499389649,42.84745002746582,0.010709931452659057,45.18899917602539
2017-04-18,45.18899917602539,45.18899917602539,45.480499267578125,45.03900146484375,45.04949951171875,59984000,0.0019845104652858048,44.052799987792966,42.94103004455567,0.010694137797651387,44.959999084472656
2017-04-19,44.959999084472656,44.959999084472656,45.525001525878906,44.868499755859375,45.391998291015625,57404000,-0.005067607066505442,44.192799949645995,43.032590026855466,0.00993291991092727,45.10300064086914
2017-04-20,45.10300064086914,45.10300064086914,45.26599884033203,44.81449890136719,44.98500061035156,56288000,0.0031806396643336843,44.32779998779297,43.12215003967285,0.009915523369651558,44.92649841308594
2017-04-21,44.92649841308594,44.92649841308594,45.182498931884766,44.8385009765625,45.13349914550781,48410000,-0.003913314530636147,44.455674934387204,43.2009700012207,0.010004597327624256,45.37049865722656
2017-04-24,45.37049865722656,45.37049865722656,45.4995002746582,45.19100189208984,45.43399810791016,62458000,0.009882814370667736,44.6101749420166,43.287019958496096,0.010043290224681424,45.38100051879883
2017-04-25,45.38100051879883,45.38100051879883,45.4739990234375,45.150001525878906,45.35200119018555,67612000,0.00023146894751158165,44.76217498779297,43.36717994689941,0.010060370230667033,45.464500427246094
2017-04-26,45.464500427246094,45.464500427246094,45.78749847412109,45.37799835205078,45.51499938964844,52178000,0.0018399750444610952,44.895400047302246,43.439939956665036,0.009915976236671325,45.91899871826172
2017-04-27,45.91899871826172,45.91899871826172,46.09299850463867,45.605499267578125,45.71950149536133,106110000,0.00999677301508961,45.00555000305176,43.52192993164063,0.009100723900139824,46.2495002746582
2017-04-28,46.2495002746582,46.2495002746582,47.47949981689453,46.21649932861328,47.44150161743164,147294000,0.007197490485894464,45.127174949646,43.60421997070313,0.00916076301525259,47.4114990234375
2017-05-01,47.4114990234375,47.4114990234375,47.720001220703125,46.38999938964844,46.38999938964844,109330000,0.025124568738659425,45.28139991760254,43.708309936523435,0.01027803200568551,47.34700012207031
2017-05-02,47.34700012207031,47.34700012207031,47.505001068115234,47.070499420166016,47.33250045776367,76976000,-0.0013604062874136291,45.419974899291994,43.81017990112305,0.010317983716568883,47.05149841308594
2017-05-03,47.05149841308594,47.05149841308594,47.29999923706055,46.79499816894531,47.29999923706055,71654000,-0.006241191801434343,45.50547485351562,43.89476989746094,0.009954734456518526,46.87649917602539
2017-05-04,46.87649917602539,46.87649917602539,47.25,46.71099853515625,47.23749923706055,48368000,-0.0037193127310027885,45.57609977722168,43.97668991088867,0.0100307524009348,46.70750045776367
2017-05-05,46.70750045776367,46.70750045776367,47.03950119018555,46.51499938964844,47.0260009765625,57328000,-0.003605190686853832,45.665774726867674,44.05864990234375,0.009591491709603474,47.45199966430664
2017-05-08,47.45199966430664,47.45199966430664,47.45249938964844,46.96049880981445,47.04750061035156,68314000,0.015939607113341525,45.80117473602295,44.16244987487793,0.00997156420284542,47.64099884033203
2017-05-09,47.64099884033203,47.64099884033203,47.89450073242188,47.5099983215332,47.63999938964844,65242000,0.003982954930507487,45.91562461853027,44.26662986755371,0.009660667789353582,47.4474983215332
2017-05-10,47.4474983215332,47.4474983215332,47.6875,47.25,47.67499923706055,41930000,-0.004061638578303994,46.03209953308105,44.370539855957034,0.009617818144295381,47.38100051879883
2017-05-11,47.38100051879883,47.38100051879883,47.51449966430664,47.03900146484375,47.25550079345703,43882000,-0.00140150282073348,46.16057453155518,44.465079879760744,0.009415160989758477,48.067501068115234
2017-05-12,48.067501068115234,48.067501068115234,48.13949966430664,47.57649993896485,47.72499847412109,72518000,0.014488941596833227,46.35227451324463,44.57751991271973,0.008988622033658349,47.89849853515625
2017-05-15,47.89849853515625,47.89849853515625,48.157501220703125,47.803001403808594,47.936500549316406,85412000,-0.0035159417320134168,46.492224502563474,44.685609893798826,0.008371740777464078,48.30350112915039
2017-05-16,48.30350112915039,48.30350112915039,48.50299835205078,48.045501708984375,48.04999923706055,62522000,0.008455434019437602,46.647949600219725,44.80506988525391,0.00845311579162848,47.23799896240234
2017-05-17,47.23799896240234,47.23799896240234,48.02000045776367,47.20600128173828,47.73500061035156,102912000,-0.022058487311286012,46.761849594116214,44.90380989074707,0.010049056362770103,47.92449951171875
2017-05-18,47.92449951171875,47.92449951171875,48.13750076293945,47.23799896240234,47.2400016784668,78786000,0.014532803344672107,46.90292453765869,45.011799850463866,0.01040259323030158,47.992000579833984
2017-05-19,47.992000579833984,47.992000579833984,48.44599914550781,47.98600006103516,48.141998291015625,79442000,0.0014084877005076102,47.056199645996095,45.11863983154297,0.0102813888417173,48.53350067138672
2017-05-22,48.53350067138672,48.53350067138672,48.56900024414063,48.14500045776367,48.20000076293945,52844000,0.01128313229309863,47.2143497467041,45.236849822998046,0.010332815836910677,48.57699966430664
2017-05-23,48.57699966430664,48.57699966430664,48.7599983215332,48.34249877929688,48.7509994506836,48312000,0.0008962673682750832,47.37414970397949,45.35379981994629,0.010323063435654058,49.01750183105469
2017-05-24,49.01750183105469,49.01750183105469,49.04999923706055,48.51150131225586,48.79999923706055,48920000,0.009068122152297464,47.55179977416992,45.481619873046874,0.010389706043083567,49.66899871826172
2017-05-25,49.66899871826172,49.66899871826172,49.95000076293945,49.105499267578125,49.24250030517578,96440000,0.013291107520177148,47.73929977416992,45.622029876708986,0.010518097106200136,49.78900146484375
2017-05-26,49.78900146484375,49.78900146484375,49.932498931884766,49.462501525878906,49.75,69384000,0.002416049239541307,47.916274833679196,45.76438987731934,0.010495557652588092,49.834999084472656
2017-05-30,49.834999084472656,49.834999084472656,50.060001373291016,49.7760009765625,49.82550048828125,65262000,0.0009238510168030345,48.03744983673096,45.908779830932616,0.009218473075734122,49.73099899291992
2017-05-31,49.73099899291992,49.73099899291992,50.00600051879883,49.108001708984375,50.0,78262000,-0.0020868886016521815,48.15664978027344,46.046429824829104,0.00923604957580925,49.79750061035156
2017-06-01,49.79750061035156,49.79750061035156,49.949501037597656,49.56850051879883,49.929500579833984,49096000,0.0013372266549704914,48.293949890136716,46.19917984008789,0.009011285858368015,50.33649826049805
2017-06-02,50.33649826049805,50.33649826049805,50.42399978637695,49.78350067138672,49.949501037597656,75046000,0.010823789217132784,48.46694984436035,46.35784980773926,0.009037571508179373,50.56700134277344
2017-06-05,50.56700134277344,50.56700134277344,50.66049957275391,50.17549896240234,50.36149978637695,54398000,0.004579243496091179,48.65992488861084,46.521809844970704,0.008877750115707126,50.150001525878906
2017-06-06,50.150001525878906,50.150001525878906,50.82500076293945,50.0625,50.59999847412109,66928000,-0.00824648102164205,48.79482498168945,46.67919990539551,0.008814999186777417,50.50350189208984
2017-06-07,50.50350189208984,50.50350189208984,50.51250076293945,50.09999847412109,50.29750061035156,56460000,0.00704886052752185,48.937950134277344,46.84244995117187,0.008863074607315507,50.51350021362305
2017-06-08,50.51350021362305,50.51350021362305,50.68050003051758,50.30550003051758,50.60300064086914,55358000,0.0001979728367069722,49.09125022888183,46.996719970703126,0.008735750553005612,48.91550064086914
2017-06-09,48.91550064086914,48.91550064086914,50.64950180053711,46.34999847412109,50.625,152954000,-0.031635098854680854,49.16797523498535,47.100709991455076,0.011686413865886374,48.24549865722656
2017-06-12,48.24549865722656,48.24549865722656,48.79750061035156,47.25,48.34999847412109,188944000,-0.013697130252466216,49.17687511444092,47.18927993774414,0.011757268163878625,49.03950119018555
2017-06-13,49.03950119018555,49.03950119018555,49.22499847412109,48.30500030517578,48.89950180053711,91600000,0.016457546404488266,49.23392524719238,47.28352996826172,0.01225806799992295,48.82350158691406
2017-06-14,48.82350158691406,48.82350158691406,49.516998291015625,48.33549880981445,49.429500579833984,79498000,-0.004404604411325286,49.259925270080565,47.36848999023437,0.0121973384536231,48.20849990844727
2017-06-15,48.20849990844727,48.20849990844727,48.2864990234375,47.542999267578125,47.935001373291016,107478000,-0.012596427099190843,49.308450317382814,47.42583000183105,0.011431396948572344,49.385501861572266
2017-06-16,49.385501861572266,49.385501861572266,49.98749923706055,49.09999847412109,49.79999923706055,229454000,0.024414822186134,49.38150043487549,47.504260025024415,0.012229204317170447,49.75849914550781
2017-06-19,49.75849914550781,49.75849914550781,50.84999847412109,49.494998931884766,50.84999847412109,100868000,0.007552768927631126,49.46982536315918,47.60114997863769,0.01230178868794409,49.62950134277344
2017-06-20,49.62950134277344,49.62950134277344,50.24399948120117,49.60100173950195,49.900001525878906,81536000,-0.0025924777666052057,49.52462539672852,47.698860015869144,0.01213376564873606,50.11149978637695
2017-06-21,50.11149978637695,50.11149978637695,50.13600158691406,49.63249969482422,49.935001373291016,58450000,0.009711934042506698,49.60135040283203,47.79404998779297,0.012281851765550602,50.06499862670898
2017-06-22,50.06499862670898,50.06499862670898,50.34799957275391,49.86000061035156,50.11149978637695,45068000,-0.0009279538602159354,49.65372524261475,47.8929899597168,0.012165999565899852,50.1870002746582
2017-06-23,50.1870002746582,50.1870002746582,50.23099899291992,49.9010009765625,50.12699890136719,57582000,0.002436865101283381,49.67962532043457,48.000499954223635,0.011832402836242723,49.69900131225586
2017-06-26,49.69900131225586,49.69900131225586,50.4900016784668,49.59999847412109,50.42499923706055,67724000,-0.009723612882453048,49.67512531280518,48.109809951782225,0.012043063966109407,48.8390007019043
2017-06-27,48.8390007019043,48.8390007019043,49.93999862670898,48.79999923706055,49.53450012207031,75648000,-0.017304182934144485,49.62532539367676,48.184599990844724,0.012642585615810404,49.51649856567383
2017-06-28,49.51649856567383,49.51649856567383,49.53400039672852,48.46049880981445,48.9275016784668,74752000,0.013872066463946231,49.614600372314456,48.271149978637695,0.013062559438015318,48.79650115966797
2017-06-29,48.79650115966797,48.79650115966797,49.37799835205078,48.26250076293945,48.95000076293945,86060000,-0.014540555710960135,49.56455039978027,48.3478800201416,0.013445277488122812,48.400001525878906
2017-06-30,48.400001525878906,48.400001525878906,49.17350006103516,48.38050079345703,49.00600051879883,67806000,-0.008125575079485081,49.467725563049314,48.413820037841795,0.01323960741038129,47.68299865722656
2017-07-03,47.68299865722656,47.68299865722656,48.7244987487793,47.54999923706055,48.63949966430664,58182000,-0.014814108389417546,49.32352542877197,48.46895004272461,0.013450439909136426,48.56999969482422
2017-07-05,48.56999969482422,48.56999969482422,48.75,47.76250076293945,48.07649993896485,73060000,0.018602039774678225,49.24452533721924,48.53294006347656,0.014201873443119854,48.25699996948242
2017-07-06,48.25699996948242,48.25699996948242,48.720001220703125,47.95100021362305,48.233001708984375,65192000,-0.006444301571102318,49.13220024108887,48.590460052490236,0.014094307555709814,48.9379997253418
2017-07-07,48.9379997253418,48.9379997253418,49.00550079345703,48.45700073242188,48.477500915527344,52868000,0.014111937258636909,49.0534252166748,48.659930038452146,0.014553671106574902,49.82350158691406
2017-07-10,49.82350158691406,49.82350158691406,49.97200012207031,49.17499923706055,49.25,70926000,0.01809436157060018,49.09882526397705,48.73802009582519,0.013327417704246234,49.70650100708008
2017-07-11,49.70650100708008,49.70650100708008,49.79949951171875,49.18600082397461,49.650001525878906,59654000,-0.0023483010247660197,49.171875381469725,48.80716011047363,0.012903390443604484,50.32550048828125
2017-07-12,50.32550048828125,50.32550048828125,50.4275016784668,49.90499877929688,50.032501220703125,72172000,0.012453089005661555,49.23617534637451,48.865440139770506,0.012689543828720956,50.03150177001953
2017-07-13,50.03150177001953,50.03150177001953,50.34400177001953,49.79499816894531,50.23099899291992,57616000,-0.0058419432575773644,49.29657535552978,48.919130172729496,0.012727989659717841,50.09049987792969
2017-07-14,50.09049987792969,50.09049987792969,50.22249984741211,49.84450149536133,50.119998931884766,42050000,0.001179219208357063,49.3906753540039,48.97991020202637,0.012302035214728758,50.50199890136719
2017-07-17,50.50199890136719,50.50199890136719,50.73749923706055,50.19049835205078,50.234500885009766,74252000,0.00821511113764739,49.44650020599365,49.052420196533205,0.011234730533997326,51.22249984741211
2017-07-18,51.22249984741211,51.22249984741211,51.30149841308594,50.20000076293945,50.29999923706055,80152000,0.014266780755591402,49.51970024108887,49.14272018432617,0.01153161456435481,51.34349822998047
2017-07-19,51.34349822998047,51.34349822998047,51.579498291015625,51.125,51.25,59280000,0.0023622115853150216,49.60540008544922,49.22055015563965,0.011491903824060038,51.435001373291016
2017-07-20,51.435001373291016,51.435001373291016,51.74850082397461,51.1259994506836,51.579498291015625,61950000,0.0017821758638392193,49.67157516479492,49.29643020629883,0.011338950611846544,51.28350067138672
2017-07-21,51.28350067138672,51.28350067138672,51.30500030517578,50.54999923706055,51.06399917602539,54692000,-0.002945478717979899,49.73250026702881,49.3731502532959,0.011369359472670154,51.9474983215332
2017-07-24,51.9474983215332,51.9474983215332,52.1505012512207,51.37149810791016,51.41699981689453,65760000,0.012947588238978236,49.82052516937256,49.46448020935058,0.011665475426677214,51.993499755859375
2017-07-25,51.993499755859375,51.993499755859375,52.166500091552734,51.624000549316406,51.90250015258789,48952000,0.0008855370482221403,49.93525009155273,49.54300018310547,0.011351354333686768,52.63999938964844
2017-07-26,52.63999938964844,52.63999938964844,52.65999984741211,52.15999984741211,52.15999984741211,58426000,0.012434239603503539,50.12530002593994,49.63783020019531,0.010565981769030139,52.29999923706055
2017-07-27,52.29999923706055,52.29999923706055,54.16550064086914,52.00899887084961,53.477500915527344,219834000,-0.006458969538946313,50.26447505950928,49.717760162353514,0.01052462988418454,51.00199890136719
2017-07-28,51.00199890136719,51.00199890136719,51.64250183105469,50.04999923706055,50.60699844360352,154188000,-0.02481836242119062,50.374749946594235,49.793040161132815,0.011610331548483026,49.38899993896485
2017-07-31,49.38899993896485,49.38899993896485,50.95249938964844,49.35100173950195,50.95249938964844,147042000,-0.03162619107383846,50.42419986724853,49.822330169677734,0.0137166601803235,49.80950164794922
2017-08-01,49.80950164794922,49.80950164794922,50.31999969482422,49.57899856567383,49.80550003051758,91452000,0.00851407620125988,50.530525016784665,49.85868019104004,0.013276815112075943,49.79449844360352
2017-08-02,49.79449844360352,49.79449844360352,50.16049957275391,49.08649826049805,50.0885009765625,81400000,-0.00030121169353869437,50.59174995422363,49.88390014648437,0.01271374107256923,49.34600067138672
2017-08-03,49.34600067138672,49.34600067138672,49.97499847412109,49.22949981689453,49.9734992980957,65116000,-0.0090069743894452,50.646199989318845,49.89928016662598,0.012808702764363973,49.37900161743164
2017-08-04,49.37900161743164,49.37900161743164,49.58349990844727,49.09999847412109,49.48400115966797,54606000,0.0006687663761180129,50.66825008392334,49.90651016235351,0.012442682673466756,49.61349868774414
2017-08-07,49.61349868774414,49.61349868774414,49.75,49.35699844360352,49.532501220703125,53532000,0.0047489228747330525,50.65774993896484,49.90540016174317,0.011791570638353776,49.492000579833984
2017-08-08,49.492000579833984,49.492000579833984,49.81399917602539,49.28950119018555,49.71749877929688,58056000,-0.00244889215886257,50.647024917602536,49.89946014404297,0.01179258153398371,49.10049819946289
2017-08-09,49.10049819946289,49.10049819946289,49.400001525878906,48.76350021362305,49.130001068115234,71394000,-0.00791041735602449,50.58577480316162,49.88477012634277,0.011523219014502543,47.84600067138672
2017-08-10,47.84600067138672,47.84600067138672,48.99300003051758,47.73400115966797,48.81499862670898,113682000,-0.02554958858013978,50.47649974822998,49.84707015991211,0.012724025555142984,48.39950180053711
2017-08-11,48.39950180053711,48.39950180053711,48.51950073242188,47.56900024414063,48.0,69360000,0.011568388608943936,50.391949844360354,49.81911018371582,0.013074469481908766,49.165000915527344
2017-08-14,49.165000915527344,49.165000915527344,49.275001525878906,48.80950164794922,48.920501708984375,63458000,0.015816260219888134,50.32509994506836,49.79568023681641,0.013480014735901817,49.137001037597656
2017-08-15,49.137001037597656,49.137001037597656,49.58700180053711,49.09999847412109,49.44499969482422,50986000,-0.0005695083374003262,50.220825004577634,49.76708023071289,0.012979916501416333,48.90900039672852
2017-08-16,48.90900039672852,48.90900039672852,49.323001861572266,48.6609992980957,49.08250045776367,62642000,-0.0046401008619690876,50.09910011291504,49.742260208129885,0.012950596127330197,48.02849960327149
2017-08-17,48.02849960327149,48.02849960327149,48.891998291015625,48.01599884033203,48.891998291015625,70248000,-0.018002837643680936,49.928775024414065,49.692760162353515,0.013367642691279245,47.92350006103516
2017-08-18,47.92350006103516,47.92350006103516,48.27149963378906,47.73249816894531,48.06999969482422,65696000,-0.0021861924295710766,49.76077499389648,49.640960159301756,0.013369884381624253,47.66450119018555
2017-08-21,47.66450119018555,47.66450119018555,48.060001373291016,47.27299880981445,47.87850189208984,63290000,-0.005404423101813438,49.5466251373291,49.615940170288084,0.012814558839230432,48.345001220703125
2017-08-22,48.345001220703125,48.345001220703125,48.39649963378906,47.775001525878906,47.7760009765625,55000000,0.014276873008747692,49.36420021057129,49.617930221557614,0.013430123591807829,47.900001525878906
2017-08-23,47.900001525878906,47.900001525878906,48.09999847412109,47.709999084472656,47.96900177001953,53366000,-0.009204668188810716,49.127200317382815,49.59514022827148,0.012937680891393489,47.622501373291016
2017-08-24,47.622501373291016,47.622501373291016,47.95000076293945,47.05699920654297,47.87099838256836,103914000,-0.005793322416450586,48.89332542419434,49.571120223999024,0.012933574956439485,47.26300048828125
2017-08-25,47.26300048828125,47.26300048828125,47.88100051879883,47.20500183105469,47.79999923706055,66496000,-0.0075489710670970656,48.70637550354004,49.5522102355957,0.01205916770051239,47.30099868774414
2017-08-28,47.30099868774414,47.30099868774414,47.650001525878906,47.11249923706055,47.32699966430664,51934000,0.0008039734902636209,48.601975440979004,49.51052017211914,0.01013804893094209,47.70299911499024
2017-08-29,47.70299911499024,47.70299911499024,47.79999923706055,46.81650161743164,47.0,57486000,0.008498772507952612,48.496650314331056,49.46941017150879,0.010137205521265277,48.37950134277344
2017-08-30,48.37950134277344,48.37950134277344,48.47050094604492,47.84550094604492,47.922000885009766,58092000,0.01418154498320856,48.42590045928955,49.44441017150879,0.010770645988876133,49.02999877929688
2017-08-31,49.02999877929688,49.02999877929688,49.04999923706055,48.63800048828125,48.73500061035156,66630000,0.013445724293737804,48.41010036468506,49.422780151367185,0.011099512950727176,48.91249847412109
2017-09-01,48.91249847412109,48.91249847412109,49.22499847412109,48.84400177001953,49.209999084472656,50718000,-0.002396498227640431,48.386775207519534,49.39973014831543,0.011107137485688158,48.26350021362305
2017-09-05,48.26350021362305,48.26350021362305,48.8385009765625,48.01850128173828,48.77000045776367,57664000,-0.013268556723623814,48.319275283813475,49.361260147094725,0.01139319036459301,48.38999938964844
2017-09-06,48.38999938964844,48.38999938964844,48.59199905395508,48.02999877929688,48.41600036621094,42598000,0.0026210112293032495,48.264175224304196,49.33508010864258,0.011423034601653463,48.9734992980957
2017-09-07,48.9734992980957,48.9734992980957,49.02949905395508,48.62749862670898,48.70000076293945,51336000,0.0120582747635265,48.25782527923584,49.33777008056641,0.011663205819264081,48.29499816894531
2017-09-08,48.29499816894531,48.29499816894531,48.99399948120117,48.17350006103516,48.95500183105469,52106000,-0.013854454733169819,48.28027515411377,49.31334007263184,0.010559146271436814,48.89799880981445
2017-09-11,48.89799880981445,48.89799880981445,49.09700012207031,48.71099853515625,48.72299957275391,43734000,0.012485778315173057,48.305200004577635,49.31537002563476,0.010611529457212429,49.12900161743164
2017-09-12,49.12900161743164,49.12900161743164,49.23350143432617,48.7760009765625,49.16350173950195,49622000,0.004724177128713647,48.30340003967285,49.32995002746582,0.010047396653451635,49.97999954223633
2017-09-13,49.97999954223633,49.97999954223633,50.0,48.97100067138672,49.19850158691406,67494000,0.017321701984327253,48.345549964904784,49.37589004516602,0.010763877829457516,49.61050033569336
2017-09-14,49.61050033569336,49.61050033569336,49.928001403808594,49.387001037597656,49.84000015258789,78266000,-0.007392941375093831,48.38062496185303,49.396700057983395,0.01085573807853725,49.339500427246094
2017-09-15,49.339500427246094,49.339500427246094,49.8125,49.20149993896485,49.6505012512207,75204000,-0.005462551407736771,48.446175003051756,49.418350067138675,0.010046471478422782,48.70949935913086
2017-09-18,48.70949935913086,48.70949935913086,49.63949966430664,48.40850067138672,49.52000045776367,68226000,-0.012768695723707313,48.48547496795654,49.41378005981446,0.010512878369616771,48.49300003051758
2017-09-19,48.49300003051758,48.49300003051758,48.9119987487793,48.37300109863281,48.86249923706055,53422000,-0.004444704451118442,48.526899909973146,49.387170028686526,0.01048490313126457,48.66049957275391
2017-09-20,48.66049957275391,48.66049957275391,48.740501403808594,48.108001708984375,48.589500427246094,57776000,0.0034540973363357264,48.54267482757568,49.36625,0.010028282231917358,48.23249816894531
2017-09-21,48.23249816894531,48.23249816894531,48.584999084472656,48.10100173950195,48.56549835205078,46752000,-0.008795663989611957,48.55929965972901,49.324389953613284,0.010008119771211459,47.755001068115234
2017-09-22,47.755001068115234,47.755001068115234,48.28049850463867,47.72100067138672,48.05049896240234,52836000,-0.009899903985017278,48.565924644470215,49.2788599395752,0.010182338743830878,46.98949813842773
2017-09-25,46.98949813842773,46.98949813842773,47.47100067138672,46.64450073242188,47.46549987792969,102480000,-0.016029796096028393,48.55224952697754,49.216839904785154,0.01068565734744011,46.93000030517578
2017-09-26,46.93000030517578,46.93000030517578,47.43149948120117,46.587501525878906,47.27450180053711,71296000,-0.0012661942691252204,48.53369960784912,49.14539993286133,0.010685080421208153,47.54349899291992
2017-09-27,47.54349899291992,47.54349899291992,47.76499938964844,47.165000915527344,47.400001525878906,62978000,0.013072633363619968,48.52572460174561,49.071819915771485,0.010930333615176892,47.81999969482422
2017-09-28,47.81999969482422,47.81999969482422,47.98500061035156,47.505001068115234,47.59299850463867,50452000,0.005815741536933761,48.49774951934815,49.00134994506836,0.010506453965907908,48.067501068115234
2017-09-29,48.067501068115234,48.067501068115234,48.24150085449219,47.91899871826172,48.00550079345703,50876000,0.005175687471152379,48.449624633789064,48.933999938964845,0.010081656373484231,47.95949935913086
2017-10-02,47.95949935913086,47.95949935913086,48.365501403808594,47.60599899291992,48.20000076293945,48858000,-0.0022468758846300174,48.40197467803955,48.86751991271973,0.010080576133605267,47.85499954223633
2017-10-03,47.85499954223633,47.85499954223633,48.18450164794922,47.51850128173828,47.900001525878906,53332000,-0.002178918009798525,48.38154964447021,48.78566993713379,0.00966280270140314,48.272499084472656
2017-10-04,48.272499084472656,48.272499084472656,48.38949966430664,47.70249938964844,47.71049880981445,50548000,0.008724261753839224,48.375674629211424,48.711249923706056,0.009857007854499103,49.04249954223633
2017-10-05,49.04249954223633,49.04249954223633,49.07550048828125,48.48199844360352,48.5,64584000,0.015951120666370278,48.37912464141846,48.639299926757815,0.010143489477360133,49.479000091552734
2017-10-06,49.479000091552734,49.479000091552734,49.78749847412109,48.78200149536133,48.78200149536133,75642000,0.00890045477678969,48.438324737548825,48.58287994384766,0.009762641395633332,49.54949951171875
2017-10-09,49.54949951171875,49.54949951171875,49.92499923706055,49.375,49.6619987487793,58772000,0.0014248351833214823,48.470899772644046,48.553829956054685,0.009399605262928927,49.36000061035156
2017-10-10,49.36000061035156,49.36000061035156,49.897499084472656,49.005001068115234,49.83349990844727,61698000,-0.003824436235170703,48.48244972229004,48.55324996948242,0.009401535884034893,49.75
2017-10-11,49.75,49.75,49.775001525878906,49.334999084472656,49.5634994506836,46742000,0.007901122058873167,48.470949745178224,48.552059936523435,0.008713411043746318,50.04650115966797
2017-10-12,50.04650115966797,50.04650115966797,50.422000885009766,49.619998931884766,49.84049987792969,81346000,0.005959822304883788,48.492749786376955,48.557099990844726,0.008644107787373585,50.14699935913086
2017-10-13,50.14699935913086,50.14699935913086,50.38850021362305,50.05149841308594,50.34999847412109,48630000,0.0020080964130191337,48.53312473297119,48.57311996459961,0.008534836012892467,50.31700134277344
2017-10-16,50.31700134277344,50.31700134277344,50.47850036621094,50.05199813842773,50.422000885009766,40178000,0.0033900729019715747,48.61349983215332,48.59187995910644,0.007920864089425094,50.45650100708008
2017-10-17,50.45650100708008,50.45650100708008,50.57350158691406,50.21900177001953,50.27949905395508,46394000,0.0027724160936446474,48.71167488098145,48.60874000549316,0.007791715310138981,49.84999847412109
2017-10-18,49.84999847412109,49.84999847412109,51.115501403808594,49.82749938964844,50.4635009765625,49994000,-0.012020305032128253,48.77114982604981,48.61589996337891,0.00838690997168547,49.33050155639648
2017-10-19,49.33050155639648,49.33050155639648,49.5525016784668,49.012001037597656,49.5,62164000,-0.010421202279360164,48.826049995422366,48.620500030517576,0.008496461930436534,49.14550018310547
2017-10-20,49.14550018310547,49.14550018310547,49.73099899291992,49.09999847412109,49.67649841308594,47302000,-0.0037502431042487627,48.895574951171874,48.646490020751955,0.008180529603468437,48.31499862670898
2017-10-23,48.31499862670898,48.31499862670898,49.3390007019043,48.125,49.33649826049805,69882000,-0.016898832106748807,48.961849975585935,48.64479995727539,0.008280064744280521,48.79499816894531
2017-10-24,48.79499816894531,48.79499816894531,48.99250030517578,48.25,48.45000076293945,54478000,0.009934793664073238,49.05509986877441,48.63739990234375,0.008465232172159425,48.64550018310547
2017-10-25,48.64550018310547,48.64550018310547,49.22200012207031,48.3120002746582,48.900001525878906,60662000,-0.0030637973450112765,49.11019992828369,48.627569885253905,0.008114518307344401,48.62149810791016
2017-10-26,48.62149810791016,48.62149810791016,49.14500045776367,48.4275016784668,49.01649856567383,112374000,-0.0004934079227257859,49.15027484893799,48.62181983947754,0.008047077034100661,55.04750061035156
2017-10-27,55.04750061035156,55.04750061035156,55.27899932861328,52.52750015258789,52.90700149536133,331300000,0.13216381132847,49.499274826049806,48.76219985961914,0.03047479792336277,55.54249954223633
2017-10-30,55.54249954223633,55.54249954223633,56.13949966430664,54.678001403808594,54.7504997253418,132262000,0.008992214476522209,49.87842483520508,48.91457984924316,0.030394722480057975,55.26399993896485
2017-10-31,55.26399993896485,55.26399993896485,55.527000427246094,55.055999755859375,55.45000076293945,69540000,-0.005014171230441233,50.24887485504151,49.06656982421875,0.030450146010608636,55.18399810791016
2017-11-01,55.18399810791016,55.18399810791016,55.44850158691406,54.83700180053711,55.27000045776367,75110000,-0.0014476301234627176,50.594449806213376,49.20334976196289,0.03051581668912218,54.71099853515625
2017-11-02,54.71099853515625,54.71099853515625,55.09700012207031,54.34349822998047,54.89049911499024,73698000,-0.008571317573420112,50.877874755859374,49.33956970214844,0.030634866871737686,55.58000183105469
2017-11-03,55.58000183105469,55.58000183105469,55.63399887084961,54.42599868774414,54.557498931884766,75030000,0.015883521031699654,51.182924842834474,49.498719711303714,0.03071059854277234,56.03300094604492
2017-11-06,56.03300094604492,56.03300094604492,56.27050018310547,55.4384994506836,55.45750045776367,67622000,0.008150397626239814,51.50709991455078,49.67411972045898,0.030691842074235517,56.15850067138672
2017-11-07,56.15850067138672,56.15850067138672,56.52999877929688,55.875,56.23699951171875,53780000,0.0022397466354273643,51.84702491760254,49.851269760131835,0.030613473243578014,56.64400100708008
2017-11-08,56.64400100708008,56.64400100708008,56.777000427246094,55.95550155639648,56.14099884033203,51630000,0.008645179801616942,52.191724967956546,50.03008979797363,0.03061522416291099,56.45650100708008
2017-11-09,56.45650100708008,56.45650100708008,56.48099899291992,55.78850173950195,56.29800033569336,74654000,-0.003310147529595686,52.512224960327146,50.191629791259764,0.030700625115263183,56.26750183105469
2017-11-10,56.26750183105469,56.26750183105469,56.587501525878906,56.20299911499024,56.30500030517578,43598000,-0.0033476955293720856,52.81825008392334,50.336379852294925,0.030764787373869514,56.45849990844727
2017-11-13,56.45849990844727,56.45849990844727,56.994998931884766,56.117000579833984,56.150001525878906,58368000,0.0033944652095283523,53.12532501220703,50.487299880981446,0.030764766337657394,56.84199905395508
2017-11-14,56.84199905395508,56.84199905395508,56.900001525878906,56.19449996948242,56.50550079345703,62768000,0.0067925847503862435,53.44459991455078,50.65886985778808,0.03075438013695607,56.33449935913086
2017-11-15,56.33449935913086,56.33449935913086,56.587501525878906,56.08150100708008,56.35049819946289,78574000,-0.00892825205430392,53.76882495880127,50.817759857177734,0.030664585785556104,56.86449813842773
2017-11-16,56.86449813842773,56.86449813842773,56.90800094604492,56.50249862670898,56.507999420166016,44266000,0.009408067619774974,54.14552478790283,50.975579833984376,0.030406548432751545,56.49399948120117
2017-11-17,56.49399948120117,56.49399948120117,56.93999862670898,56.29050064086914,56.91400146484375,48268000,-0.006515465173448587,54.512949752807614,51.13955986022949,0.030466810264419514,56.31549835205078
2017-11-20,56.31549835205078,56.31549835205078,56.67100143432617,56.12749862670898,56.48849868774414,43278000,-0.0031596475871705776,54.912974739074706,51.28790985107422,0.03004200511651969,56.9744987487793
2017-11-21,56.9744987487793,56.9744987487793,57.0,56.40999984741211,56.64300155639648,49588000,0.01170193669616193,55.3219497680664,51.44481979370117,0.03005032121878291,57.80799865722656
2017-11-22,57.80799865722656,57.80799865722656,58.01350021362305,57.04999923706055,57.04999923706055,71106000,0.014629350441896172,55.78007469177246,51.601379776000975,0.02996232188300691,59.29999923706055
2017-11-24,59.29999923706055,59.29999923706055,59.34199905395508,58.03499984741211,58.03499984741211,70560000,0.025809587159050906,56.31399974822998,51.79516975402832,0.030097846568132594,59.791500091552734
2017-11-27,59.791500091552734,59.791500091552734,60.670501708984375,59.557498931884766,60.132999420166016,134880000,0.008288378765863635,56.551199722290036,52.004209747314455,0.009223868113686983,59.68000030517578
2017-11-28,59.68000030517578,59.68000030517578,60.266998291015625,59.42599868774414,60.24399948120117,91188000,-0.0018648099848008748,56.75807476043701,52.22361976623535,0.009245335419174295,58.0634994506836
2017-11-29,58.0634994506836,58.0634994506836,59.7400016784668,57.259498596191406,59.7400016784668,185150000,-0.027086140184754415,56.89804973602295,52.415029754638674,0.011399112598542085,58.837501525878906
2017-11-30,58.837501525878906,58.837501525878906,58.92850112915039,58.0,58.35499954223633,90184000,0.013330269145295004,57.08072490692139,52.61856979370117,0.011604433985828765,58.11750030517578
2017-12-01,58.11750030517578,58.11750030517578,58.98249816894531,57.59999847412109,58.602500915527344,82142000,-0.012237114119919568,57.25104999542236,52.81626983642578,0.011828177225994075,56.6974983215332
2017-12-04,56.6974983215332,56.6974983215332,58.7599983215332,56.400001525878906,58.692501068115234,118638000,-0.02443329420890661,57.30692481994629,52.99511978149414,0.012918555881976745,57.07849884033203
2017-12-05,57.07849884033203,57.07849884033203,57.9635009765625,56.23699951171875,56.41299819946289,81596000,0.00671988235950316,57.35919971466065,53.196899795532225,0.012881228325392189,57.61750030517578
2017-12-06,57.61750030517578,57.61750030517578,57.79449844360352,56.80400085449219,56.89950180053711,57066000,0.009443161186693416,57.432149696350095,53.41064979553223,0.013017589272427488,57.98949813842773
2017-12-07,57.98949813842773,57.98949813842773,58.15950012207031,57.54999923706055,57.829498291015625,50232000,0.00645633412212665,57.49942455291748,53.61956977844238,0.0129622362005156,58.09999847412109
2017-12-08,58.09999847412109,58.09999847412109,58.63949966430664,57.85499954223633,58.52000045776367,61002000,0.0019055232281814938,57.581599426269534,53.82516975402832,0.012917957075948791,58.44599914550781
2017-12-11,58.44599914550781,58.44599914550781,58.494998931884766,57.84999847412109,58.22999954223633,47270000,0.00595526128181989,57.69052429199219,54.03273971557617,0.012901111584205505,58.25400161743164
2017-12-12,58.25400161743164,58.25400161743164,58.68000030517578,58.08050155639648,58.32550048828125,44718000,-0.0032850414208537293,57.78029937744141,54.238629760742185,0.012948949993990206,58.20650100708008
2017-12-13,58.20650100708008,58.20650100708008,58.54349899291992,58.01350021362305,58.5,52336000,-0.0008154051057901457,57.848524475097655,54.44565979003906,0.012901480863989186,58.7130012512207
2017-12-14,58.7130012512207,58.7130012512207,58.89649963378906,58.122501373291016,58.18550109863281,64286000,0.008701781336744707,57.96744956970215,54.65446983337402,0.012769904121344744,58.95700073242188
2017-12-15,58.95700073242188,58.95700073242188,59.13750076293945,58.46649932861328,58.95149993896485,95572000,0.004155799839922203,58.07207469940185,54.85275985717774,0.012666320983955788,59.52899932861328
2017-12-18,59.52899932861328,59.52899932861328,59.73899841308594,59.045501708984375,59.368499755859375,58952000,0.009701962262080421,58.223824691772464,55.05375984191895,0.012619250812574723,59.36899948120117
2017-12-19,59.36899948120117,59.36899948120117,59.64849853515625,58.95700073242188,59.45750045776367,51756000,-0.0026877630938977326,58.37649974822998,55.25014984130859,0.012608162765205261,58.88100051879883
2017-12-20,58.88100051879883,58.88100051879883,59.54999923706055,58.79999923706055,59.525001525878906,47424000,-0.008219760593352499,58.47182483673096,55.44056983947754,0.012648046390077815,58.73799896240234
2017-12-21,58.73799896240234,58.73799896240234,58.95849990844727,58.38199996948242,58.79499816894531,42462000,-0.00242865364271172,58.518324851989746,55.62032981872559,0.01230236525309823,58.417999267578125
2017-12-22,58.417999267578125,58.417999267578125,58.73099899291992,58.39149856567383,58.604000091552734,31702000,-0.005447916178231371,58.47422485351562,55.78775978088379,0.010869387806030672,58.8380012512207
2017-12-26,58.8380012512207,58.8380012512207,58.91600036621094,58.02750015258789,58.417999267578125,40104000,0.007189598906302885,58.42654991149902,55.96157981872559,0.010824289056348657,59.11299896240234
2017-12-27,59.11299896240234,59.11299896240234,59.36449813842773,58.78049850463867,58.99549865722656,37344000,0.004673811233108838,58.39819984436035,56.137499771118165,0.010887321429831906,59.30500030517578
2017-12-28,59.30500030517578,59.30500030517578,59.505001068115234,59.21900177001953,59.45000076293945,36834000,0.0032480392831288896,58.460274887084964,56.314469757080076,0.008910456059044666,58.4734992980957
2017-12-29,58.4734992980957,58.4734992980957,59.20000076293945,58.375,59.11750030517578,53768000,-0.01402075715034623,58.4420747756958,56.48693977355957,0.009032051412697615,59.45050048828125
2018-01-02,59.45050048828125,59.45050048828125,59.5,58.5255012512207,58.59999847412109,53890000,0.016708444028718628,58.508724784851076,56.68933975219726,0.009327987425736914,60.209999084472656
2018-01-03,60.209999084472656,60.209999084472656,60.27450180053711,59.415000915527344,59.415000915527344,62176000,0.012775310383486449,58.684349822998044,56.910629730224606,0.0074787274746888135,60.47949981689453
2018-01-04,60.47949981689453,60.47949981689453,60.79349899291992,60.233001708984375,60.25,60442000,0.004476012896857506,58.854399871826175,57.15391975402832,0.007437278030074632,61.45700073242188
2018-01-05,61.45700073242188,61.45700073242188,61.45700073242188,60.5,60.8754997253418,70894000,0.016162516530176196,59.04637489318848,57.40715980529785,0.007885518029146775,62.34349822998047
2018-01-08,62.34349822998047,62.34349822998047,62.65399932861328,61.60150146484375,61.79999923706055,85590000,0.014424678832250848,59.264074897766115,57.681119766235355,0.008248448691559189,62.6349983215332
2018-01-09,62.6349983215332,62.6349983215332,62.96649932861328,62.0880012512207,62.845001220703125,73226000,0.0046757095740346255,59.49082489013672,57.961389770507814,0.00824071518334783,62.71649932861328
2018-01-10,62.71649932861328,62.71649932861328,62.71649932861328,61.86149978637695,62.25749969482422,53720000,0.0013012055442500614,59.70434989929199,58.114769744873044,0.008242278438967724,63.83399963378906
2018-01-11,63.83399963378906,63.83399963378906,63.8385009765625,62.823001861572266,62.98699951171875,62500000,0.01781828254348916,59.98334980010986,58.2805997467041,0.008659510769506043,65.26000213623047
2018-01-12,65.26000213623047,65.26000213623047,65.28800201416016,63.66949844360352,63.66949844360352,108874000,0.022339231610462695,60.336024856567384,58.48051979064942,0.009409940249396457,65.24299621582031
2018-01-16,65.24299621582031,65.24299621582031,66.99700164794922,64.61499786376953,66.1500015258789,144414000,-0.0002605871874575838,60.66252460479736,58.68169975280762,0.009476511676458247,64.75
2018-01-17,64.75,64.75,65.69999694824219,64.04399871826172,65.61199951171875,105076000,-0.00755630863716783,60.95217456817627,58.88247978210449,0.009905031558626338,64.66600036621094
2018-01-18,64.66600036621094,64.66600036621094,65.2300033569336,64.20099639892578,64.69750213623047,80538000,-0.0012972916415299185,61.209024620056155,59.06419975280762,0.009920585594801813,64.72899627685547
2018-01-19,64.72899627685547,64.72899627685547,65.6500015258789,64.64949798583984,65.5999984741211,91570000,0.0009741736041779525,61.477024459838866,59.23811965942383,0.00982017995136162,66.3655014038086
2018-01-22,66.3655014038086,66.3655014038086,66.37249755859375,64.83300018310547,64.8584976196289,82802000,0.025282411609683475,61.85124950408935,59.44225967407227,0.010398722349153433,68.12699890136719
2018-01-23,68.12699890136719,68.12699890136719,68.24500274658203,66.86699676513672,66.90450286865234,103386000,0.02654236704761037,62.320699501037595,59.671919631958005,0.011146178966904058,67.87550354003906
2018-01-24,67.87550354003906,67.87550354003906,69.40799713134766,66.9000015258789,68.74099731445312,136150000,-0.0036915667119321594,62.79357471466064,59.90029968261719,0.011045255305957633,68.89749908447266
2018-01-25,68.89749908447266,68.89749908447266,68.91699981689453,67.88099670410156,68.4000015258789,95060000,0.015056912893923968,63.29654960632324,60.15289962768555,0.011169702158465558,70.10250091552734
2018-01-26,70.10250091552734,70.10250091552734,70.12650299072266,69.04550170898438,69.60050201416016,97146000,0.017489776074125496,63.846024703979495,60.42577964782715,0.011336325900810698,70.88400268554688
2018-01-29,70.88400268554688,70.88400268554688,71.56950378417969,70.02200317382812,70.45899963378906,114038000,0.011147987016343786,64.42497482299805,60.70661972045898,0.01127668145548941,71.89099884033203
2018-01-30,71.89099884033203,71.89099884033203,71.9625015258789,69.5999984741211,70.15850067138672,117438000,0.014206254114237371,65.09584980010986,61.01774971008301,0.009927196100262511,72.54450225830078
2018-01-31,72.54450225830078,72.54450225830078,73.62899780273438,72.50199890136719,72.56500244140625,128494000,0.009090198056924459,65.75054988861083,61.33134979248047,0.00981912983259694,69.5
2018-02-01,69.5,69.5,72.99400329589844,69.25700378417969,72.25,182276000,-0.04196737400527717,66.21504993438721,61.591469802856444,0.015183437681933653,71.49749755859375
2018-02-02,71.49749755859375,71.49749755859375,74.9000015258789,70.69999694824219,73.86949920654297,222514000,0.02874097206609716,66.76594982147216,61.895109786987305,0.01589766464742751,69.5
2018-02-05,69.5,69.5,72.9489974975586,66.03600311279297,70.13099670410156,229900000,-0.027938006598856924,67.16809978485108,62.14561981201172,0.017734689880209743,72.14199829101562
2018-02-06,72.14199829101562,72.14199829101562,72.19950103759766,67.5895004272461,68.072998046875,221336000,0.03801436389950541,67.65802478790283,62.4322998046875,0.01903865593608978,70.83899688720703
2018-02-07,70.83899688720703,70.83899688720703,73.04949951171875,70.75749969482422,72.44999694824219,143254000,-0.018061620618718965,68.06822471618652,62.66307975769043,0.019876510014947314,67.5250015258789
2018-02-08,67.5250015258789,67.5250015258789,71.6875,67.49700164794922,71.48400115966797,171572000,-0.046782076355553315,68.3086498260498,62.81774978637695,0.02315789853187596,66.9800033569336
2018-02-09,66.9800033569336,66.9800033569336,69.17500305175781,63.29650115966797,68.67449951171875,282830000,-0.008071057484337008,68.46595001220703,62.96374984741211,0.02306572315407705,69.3115005493164
2018-02-12,69.3115005493164,69.3115005493164,69.69049835205078,67.20050048828125,68.2334976196289,134778000,0.0348088545167482,68.66852493286133,63.188709869384766,0.02378295824305963,70.72550201416016
2018-02-13,70.72550201416016,70.72550201416016,70.98600006103516,69.17649841308594,69.29650115966797,118358000,0.020400675986486094,68.94265022277833,63.42646987915039,0.024067804547627254,72.55249786376953
2018-02-14,72.55249786376953,72.55249786376953,72.60299682617188,70.16799926757812,70.3125,119184000,0.025832207585371192,69.3327751159668,63.71516983032227,0.02435693826478293,73.08799743652344
2018-02-15,73.08799743652344,73.08799743652344,73.4469985961914,71.84200286865234,73.34449768066406,113054000,0.007380856462852581,69.75387496948242,64.04297981262206,0.024297532572064146,72.43450164794922
2018-02-16,72.43450164794922,72.43450164794922,73.29000091552734,72.3280029296875,72.86849975585938,89452000,-0.008941218962002284,70.1391502380371,64.35009986877441,0.024514745077240847,73.4175033569336
2018-02-20,73.4175033569336,73.4175033569336,74.4384994506836,72.32450103759766,72.32450103759766,129984000,0.013570904563712238,70.49175033569335,64.66609992980958,0.024165462762340533,74.14600372314453
2018-02-21,74.14600372314453,74.14600372314453,75.17449951171875,73.94599914550781,74.25,126088000,0.009922706887337096,70.79270057678222,64.9892300415039,0.02367890608727842,74.26699829101562
2018-02-22,74.26699829101562,74.26699829101562,75.12699890136719,73.78800201416016,74.76799774169922,97162000,0.001631842065593636,71.11227531433106,65.3125700378418,0.023611680036561437,75.0
2018-02-23,75.0,75.0,75.0,74.32499694824219,74.76699829101562,88362000,0.009869817359685173,71.41740036010742,65.64365005493164,0.023521131128203886,76.09750366210938
2018-02-26,76.09750366210938,76.09750366210938,76.14199829101562,75.3499984741211,75.45999908447266,99100000,0.014633382161458375,71.71715049743652,66.0005200958252,0.023446771332931902,75.5989990234375
2018-02-27,75.5989990234375,75.5989990234375,76.33899688720703,75.3604965209961,76.2249984741211,96176000,-0.006550867172796515,71.95290031433106,66.34837005615235,0.023511577322923825,75.62249755859375
2018-02-28,75.62249755859375,75.62249755859375,76.43499755859375,75.5999984741211,75.97550201416016,90300000,0.0003108313001467522,72.13947525024415,66.6865599822998,0.02338318469715692,74.67250061035156
2018-03-01,74.67250061035156,74.67250061035156,75.92449951171875,73.25,75.68000030517578,136704000,-0.012562358807392093,72.24587516784668,67.0008699798584,0.023576817915010925,75.01249694824219
2018-03-02,75.01249694824219,75.01249694824219,75.05249786376953,72.75050354003906,73.45500183105469,131752000,0.004553166629101657,72.5215000152588,67.31053993225098,0.02121745037556782,76.18049621582031
2018-03-05,76.18049621582031,76.18049621582031,76.26899719238281,74.05000305175781,74.71199798583984,104678000,0.01557072907976953,72.75564994812012,67.64676986694336,0.020605980864100756,76.88200378417969
2018-03-06,76.88200378417969,76.88200378417969,77.10649871826172,76.4000015258789,76.66000366210938,91234000,0.00920849302913429,73.1247501373291,68.00678993225098,0.01926506065989833,77.25
2018-03-07,77.25,77.25,77.29499816894531,76.12550354003906,76.32599639892578,83482000,0.004786506564700588,73.38015022277833,68.37702995300293,0.017655102579822553,77.59300231933594
2018-03-08,77.59300231933594,77.59300231933594,77.74400329589844,77.26249694824219,77.5,77252000,0.0044401594736043215,73.71785049438476,68.76053001403808,0.016904705734375722,78.94450378417969
2018-03-09,78.94450378417969,78.94450378417969,78.9469985961914,77.9540023803711,78.17500305175781,90686000,0.01741782666536884,74.2888256072998,69.16266006469726,0.011997330784158966,79.91950225830078
2018-03-12,79.91950225830078,79.91950225830078,80.2665023803711,79.33499908447266,79.62999725341797,103484000,0.012350428812454961,74.93580055236816,69.57879013061523,0.011420726413658292,79.40899658203125
2018-03-13,79.40899658203125,79.40899658203125,80.87699890136719,78.90049743652344,80.7979965209961,130638000,-0.006387748444923624,75.4406753540039,69.98087005615234,0.010152601699952505,79.55000305175781
2018-03-14,79.55000305175781,79.55000305175781,80.3219985961914,79.54450225830078,79.8499984741211,85188000,0.001775698923243585,75.88190040588378,70.40240013122559,0.009690013136240282,79.11599731445312
2018-03-15,79.11599731445312,79.11599731445312,79.84549713134766,78.90550231933594,79.75,81394000,-0.005455760159082668,76.21007537841797,70.79571006774903,0.008793805030955448,78.58399963378906
2018-03-16,78.58399963378906,78.58399963378906,79.47200012207031,78.375,79.17250061035156,108500000,-0.006724274466889391,76.48487548828125,71.16319007873535,0.00910042202091201,77.24649810791016
2018-03-19,77.24649810791016,77.24649810791016,78.08300018310547,76.26750183105469,77.72650146484375,131616000,-0.01702002356856136,76.7254753112793,71.49853004455566,0.009839028588350226,79.32550048828125
2018-03-20,79.32550048828125,79.32550048828125,79.3499984741211,77.27050018310547,77.51699829101562,91632000,0.02691387223103381,77.02087516784668,71.85590003967285,0.010962672590397772,79.09300231933594
2018-03-21,79.09300231933594,79.09300231933594,79.5,78.15850067138672,79.32250213623047,95016000,-0.0029309385697435797,77.26822509765626,72.19089012145996,0.010969890057948005,77.24600219726562
2018-03-22,77.24600219726562,77.24600219726562,78.69249725341797,77.12000274658203,78.27349853515625,126412000,-0.023352257063312565,77.41717529296875,72.48311019897461,0.012486536521665523,74.77799987792969
2018-03-23,74.77799987792969,74.77799987792969,77.45099639892578,74.76799774169922,76.95050048828125,160120000,-0.03194990354365934,77.40607528686523,72.72434020996094,0.01445340348393541,77.79299926757812
2018-03-26,77.79299926757812,77.79299926757812,77.84950256347656,74.9625015258789,76.5,112494000,0.0403193371656132,77.49085006713867,73.00352020263672,0.016780534733900798,74.85250091552734
2018-03-27,74.85250091552734,74.85250091552734,78.79850006103516,74.11599731445312,78.62000274658203,139992000,-0.037799009933227934,77.45352516174316,73.19537017822266,0.01886851013877971,71.57099914550781
2018-03-28,71.57099914550781,71.57099914550781,72.79499816894531,69.30850219726562,72.3499984741211,274106000,-0.043839574227757305,77.25095024108887,73.3219302368164,0.021225466676726888,72.36699676513672
2018-03-29,72.36699676513672,72.36699676513672,72.77349853515625,68.26000213623047,70.30000305175781,251622000,0.011121789958675743,77.13567504882812,73.47427017211913,0.021297105419594866,68.59950256347656
2018-04-02,68.59950256347656,68.59950256347656,71.06800079345703,67.75,70.88099670410156,209272000,-0.05206094449224363,76.81502532958984,73.55294021606446,0.024055039448915527,69.60250091552734
2018-04-03,69.60250091552734,69.60250091552734,70.69999694824219,67.7665023803711,69.56900024414062,204624000,0.014621073252283123,76.48612556457519,73.65041030883789,0.024014903287309115,70.52850341796875
2018-04-04,70.52850341796875,70.52850341796875,70.76950073242188,67.64399719238281,67.91200256347656,139646000,0.013304155601610468,76.16845054626465,73.7336703491211,0.024152581403023565,72.5875015258789
2018-04-05,72.5875015258789,72.5875015258789,72.97799682617188,71.35350036621094,72.09950256347656,128270000,0.02919384373872269,75.9353256225586,73.82288040161133,0.02521443339089411,70.2614974975586
2018-04-06,70.2614974975586,70.2614974975586,72.625,70.01300048828125,71.49849700927734,117646000,-0.032044139547784845,75.56875038146973,73.87060028076172,0.02597124203944933,70.30400085449219
2018-04-09,70.30400085449219,70.30400085449219,71.92400360107422,70.12850189208984,71.25150299072266,84164000,0.0006049309856379637,75.13672523498535,73.89873031616212,0.025487723449278153,71.81099700927734
2018-04-10,71.81099700927734,71.81099700927734,71.91899871826172,70.78500366210938,71.59950256347656,85082000,0.02143542524562969,74.73129997253417,73.9329002380371,0.025899631583221696,71.35250091552734
2018-04-11,71.35250091552734,71.35250091552734,72.43900299072266,71.24449920654297,71.97200012207031,71650000,-0.006384761566404218,74.32847518920899,73.94227020263672,0.02589962325184528,72.42500305175781
2018-04-12,72.42500305175781,72.42500305175781,72.60600280761719,71.75299835205078,71.9749984741211,62700000,0.015031037769792865,73.97222518920898,73.95295028686523,0.026249738058321034,71.53949737548828
2018-04-13,71.53949737548828,71.53949737548828,72.98899841308594,71.22599792480469,72.45700073242188,73706000,-0.012226519005276604,73.59340019226075,73.93285018920898,0.026308333667203688,72.07499694824219
2018-04-16,72.07499694824219,72.07499694824219,72.3499984741211,71.3740005493164,72.25,56172000,0.007485369514734552,73.2679500579834,73.98435012817383,0.026442018987589726,75.19149780273438
2018-04-17,75.19149780273438,75.19149780273438,75.3594970703125,72.85099792480469,73.11499786376953,102288000,0.04323969457439136,73.1652000427246,74.05823013305664,0.028249252881841404,76.39199829101562
2018-04-18,76.39199829101562,76.39199829101562,76.69000244140625,75.20549774169922,75.73249816894531,104550000,0.015965907361371823,73.01852493286133,74.19607009887696,0.027782801866186948,77.84549713134766
2018-04-19,77.84549713134766,77.84549713134766,78.4260025024414,76.9530029296875,77.16100311279297,130474000,0.019026846696625466,72.95614967346191,74.31014007568359,0.028155187505564117,76.37449645996094
2018-04-20,76.37449645996094,76.37449645996094,78.05999755859375,75.80449676513672,78.05999755859375,110832000,-0.018896413095091713,72.91257438659667,74.42085006713867,0.027981227407164744,75.89299774169922
2018-04-23,75.89299774169922,75.89299774169922,77.4000015258789,75.17050170898438,77.33450317382812,89308000,-0.006304443768269441,72.96832427978515,74.58820999145507,0.02702043681418687,73.00450134277344
2018-04-24,73.00450134277344,73.00450134277344,76.9749984741211,72.42250061035156,76.79000091552734,149894000,-0.03806011733462866,72.72889938354493,74.70869995117188,0.026713440182608093,73.00849914550781
2018-04-25,73.00849914550781,73.00849914550781,73.49949645996094,70.7509994506836,72.9000015258789,131746000,5.476104433066453e-05,72.63669929504394,74.7826399230957,0.025414812365074983,75.89800262451172
2018-04-26,75.89800262451172,75.89800262451172,76.47100067138672,73.92500305175781,74.25050354003906,176022000,0.03957763154732241,72.85304946899414,74.88608993530273,0.02484177080471495,78.63099670410156
2018-04-27,78.63099670410156,78.63099670410156,81.90499877929688,78.36949920654297,81.70050048828125,261064000,0.03600877473825914,73.16624946594239,75.00765991210938,0.025860094967121515,78.30650329589844
2018-04-30,78.30650329589844,78.30650329589844,79.80000305175781,78.0469970703125,79.125,109282000,-0.004126787422321976,73.65159950256347,75.11203002929688,0.02232368769073132,79.11299896240234
2018-05-01,79.11299896240234,79.11299896240234,79.25,77.60900115966797,78.16100311279297,91442000,0.010299216955919732,74.12712440490722,75.24559997558593,0.022265604828192023,78.48400115966797
2018-05-02,78.48400115966797,78.48400115966797,79.42500305175781,78.31800079345703,79.04900360107422,87206000,-0.007950625194139027,74.52489929199218,75.34692993164063,0.02243832501592158,78.60399627685547
2018-05-03,78.60399627685547,78.60399627685547,78.73999786376953,77.3010025024414,78.00050354003906,85038000,0.001528911821702117,74.82572402954102,75.43608978271484,0.021749207324220168,79.04750061035156
2018-05-04,79.04750061035156,79.04750061035156,79.24500274658203,78.1094970703125,78.12249755859375,68872000,0.005642261901468659,75.26502418518066,75.53169982910157,0.020005215144401445,80.00700378417969
2018-05-07,80.00700378417969,80.00700378417969,80.34750366210938,79.3915023803711,79.46700286865234,76038000,0.012138311349751518,75.75017433166504,75.63183990478515,0.02000478218996224,79.61949920654297
2018-05-08,79.61949920654297,79.61949920654297,79.84400177001953,79.12550354003906,79.75,61358000,-0.004843383195326512,76.14059944152832,75.70227981567383,0.01984660693758595,80.4000015258789
2018-05-09,80.4000015258789,80.4000015258789,80.4000015258789,79.5999984741211,80.0,72746000,0.009802904151798408,76.5929744720459,75.79829986572265,0.01967172308394989,80.4540023803711
2018-05-10,80.4540023803711,80.4540023803711,80.77999877929688,80.1719970703125,80.42400360107422,56350000,0.0006716524063099527,76.99442443847656,75.8949299621582,0.019593167134011116,80.14550018310547
2018-05-11,80.14550018310547,80.14550018310547,80.55500030517578,79.89450073242188,80.54949951171875,45278000,-0.003834516470754168,77.42472457885742,76.00438995361328,0.019282040880766873,80.0770034790039
2018-05-14,80.0770034790039,80.0770034790039,80.55899810791016,80.00250244140625,80.19999694824219,50190000,-0.0008546543966294617,77.8248249053955,76.10568008422851,0.019335405643878537,78.80599975585938
2018-05-15,78.80599975585938,78.80599975585938,79.38999938964844,78.26100158691406,79.38999938964844,101550000,-0.015872268790349864,78.00555000305175,76.1581901550293,0.0177047053028601,79.36399841308594
2018-05-16,79.36399841308594,79.36399841308594,79.72149658203125,78.83350372314453,78.875,51412000,0.007080662119067549,78.15415000915527,76.20783004760742,0.0174587581769969,79.08799743652344
2018-05-17,79.08799743652344,79.08799743652344,79.7020034790039,78.6500015258789,79.02799987792969,42952000,-0.003477659670395261,78.21627502441406,76.2445899963379,0.01702718450825221,78.71849822998047
2018-05-18,78.71849822998047,78.71849822998047,79.17949676513672,78.6050033569336,79.06649780273438,52852000,-0.004672001043388829,78.33347511291504,76.26709991455078,0.016442526291072332,79.27300262451172
2018-05-21,79.27300262451172,79.27300262451172,79.60250091552734,78.75,79.25,58504000,0.007044143460552821,78.50247535705566,76.27366989135743,0.016373834334875003,79.06999969482422
2018-05-22,79.06999969482422,79.06999969482422,79.49449920654297,78.76249694824219,79.49449920654297,42312000,-0.0025608078786804045,78.80575027465821,76.25667984008788,0.013426342500945931,80.09300231933594
2018-05-23,80.09300231933594,80.09300231933594,80.09300231933594,78.31700134277344,78.55249786376953,67238000,0.012937936366005598,79.15997543334962,76.27035995483398,0.013531553064698037,80.15350341796875
2018-05-24,80.15350341796875,80.15350341796875,80.41200256347656,79.41899871826172,79.90149688720703,68600000,0.0007553855752788774,79.37275047302246,76.2824299621582,0.010772292301916049,80.50749969482422
2018-05-25,80.50749969482422,80.50749969482422,80.70600128173828,80.02249908447266,80.1500015258789,53968000,0.004416479152626884,79.4665756225586,76.31026000976563,0.007447349781730071,80.64350128173828
2018-05-29,80.64350128173828,80.64350128173828,81.0895004272461,80.00749969482422,80.0354995727539,76930000,0.0016893033249025802,79.58342552185059,76.35145004272461,0.007340937734773365,81.24449920654297
2018-05-30,81.24449920654297,81.24449920654297,81.30000305175781,80.64649963378906,80.90499877929688,58148000,0.00745252767120097,79.69000053405762,76.43141006469726,0.007187278346567747,81.48100280761719
2018-05-31,81.48100280761719,81.48100280761719,81.75,81.06749725341797,81.1500015258789,63326000,0.0029110106331380337,79.83985061645508,76.47452011108399,0.006849571975193706,82.0770034790039
2018-06-01,82.0770034790039,82.0770034790039,82.33650207519531,81.75450134277344,81.85150146484375,66268000,0.007314596664868223,80.0135009765625,76.53420013427734,0.006954543664131709,83.26349639892578
2018-06-04,83.26349639892578,83.26349639892578,83.28399658203125,82.27449798583984,82.44499969482422,63754000,0.014455850842866047,80.22430076599122,76.65455001831054,0.0074468223981225485,84.81749725341797
2018-06-05,84.81749725341797,84.81749725341797,84.94999694824219,83.50299835205078,83.64949798583984,95644000,0.018663651200122366,80.46482543945312,76.8553399658203,0.008007293227147393,84.7874984741211
2018-06-06,84.7874984741211,84.7874984741211,85.7249984741211,84.32350158691406,85.22550201416016,109464000,-0.0003536862117876627,80.72322540283203,76.99522994995117,0.007838338711933348,84.46499633789062
2018-06-07,84.46499633789062,84.46499633789062,84.99500274658203,83.80549621582031,84.9280014038086,75314000,-0.003803651977406841,80.92647514343261,77.18747985839843,0.007823591218737446,84.19950103759766
2018-06-08,84.19950103759766,84.19950103759766,84.47200012207031,83.65049743652344,84.05599975585938,59102000,-0.003143258294014406,81.11375007629394,77.44004989624024,0.007916422278204103,84.45600128173828
2018-06-11,84.45600128173828,84.45600128173828,84.71199798583984,84.02950286865234,84.07550048828125,46710000,0.0030463392416790747,81.32927513122559,77.68182998657227,0.007783856300996061,84.9375
2018-06-12,84.9375,84.9375,84.97550201416016,84.57599639892578,84.6500015258789,45184000,0.005701178257960349,81.57229995727539,78.00858993530274,0.007766454511779161,85.24299621582031
2018-06-13,85.24299621582031,85.24299621582031,85.6875,85.00599670410156,85.1405029296875,66550000,0.0035967177727189714,81.89414978027344,78.32139984130859,0.0063746476036952195,86.19300079345703
2018-06-14,86.19300079345703,86.19300079345703,86.23999786376953,85.44349670410156,85.67400360107422,63488000,0.011144664310384744,82.235599899292,78.63468978881836,0.006542173370622703,85.79850006103516
2018-06-15,85.79850006103516,85.79850006103516,86.04350280761719,85.4260025024414,85.69999694824219,95552000,-0.004576946257703773,82.57112503051758,78.89890975952149,0.006613907372332511,86.18949890136719
2018-06-18,86.18949890136719,86.18949890136719,86.33699798583984,85.12799835205078,85.31300354003906,62154000,0.004557175708828076,82.94467506408691,79.21746978759765,0.006283293768852814,86.73899841308594
2018-06-19,86.73899841308594,86.73899841308594,86.80549621582031,85.01950073242188,85.4520034790039,85802000,0.006375480989251114,83.31797485351562,79.54616973876954,0.006271160928711578,87.50399780273438
2018-06-20,87.50399780273438,87.50399780273438,88.14649963378906,87.06800079345703,87.125,86652000,0.008819555259391043,83.73967475891114,79.86002975463867,0.0061081896883683475,86.51100158691406
2018-06-21,86.51100158691406,86.51100158691406,88.15499877929688,85.87799835205078,88.0,98822000,-0.011348009699612582,84.06057472229004,80.1631997680664,0.006838000136766617,85.78350067138672
2018-06-22,85.78350067138672,85.78350067138672,87.1500015258789,85.59500122070312,87.13099670410156,81502000,-0.008409345657574563,84.34207458496094,80.43036972045898,0.007346821764530888,83.15750122070312
2018-06-25,83.15750122070312,83.15750122070312,85.25,82.31549835205078,85.12550354003906,150224000,-0.030611940875939325,84.47457466125488,80.66272979736328,0.010567463859939391,84.55449676513672
2018-06-26,84.55449676513672,84.55449676513672,85.07849884033203,83.16699981689453,83.61849975585938,87732000,0.016799393006361685,84.67012443542481,80.91231979370117,0.011095552125394805,83.02549743652344
2018-06-27,83.02549743652344,83.02549743652344,85.59750366210938,83.0,85.40550231933594,97444000,-0.018083004300295413,84.75917434692383,81.06899978637695,0.011925307994764168,85.07250213623047
2018-06-28,85.07250213623047,85.07250213623047,85.2750015258789,83.05850219726562,83.62699890136719,90594000,0.024655133217022396,84.93874931335449,81.24260986328125,0.013033711274346384,84.98999786376953
2018-06-29,84.98999786376953,84.98999786376953,86.17050170898438,84.71600341796875,85.8499984741211,90870000,-0.0009698112831901806,85.08439903259277,81.38549987792969,0.012995534982219458,85.68900299072266
2018-07-02,85.68900299072266,85.68900299072266,85.69450378417969,83.90299987792969,84.13500213623047,63714000,0.008224557530564391,85.20567436218262,81.57179000854492,0.01274915642632602,84.697998046875
2018-07-03,84.697998046875,84.697998046875,86.25,84.6240005493164,86.197998046875,43546000,-0.011565135656379955,85.19969940185547,81.74789001464843,0.012396000520718242,84.98650360107422
2018-07-05,84.98650360107422,84.98650360107422,85.53450012207031,84.10749816894531,85.26899719238281,59662000,0.0034062854005068033,85.20964965820312,81.98753005981445,0.012418800972077593,85.53150177001953
2018-07-06,85.53150177001953,85.53150177001953,85.76349639892578,84.58350372314453,84.80000305175781,53006000,0.006412761389779309,85.26297492980957,82.23799011230469,0.012455911242470424,86.95099639892578
2018-07-09,86.95099639892578,86.95099639892578,86.97799682617188,85.8115005493164,86.20249938964844,60240000,0.01659616164256117,85.40054969787597,82.45904998779297,0.012909028066214832,87.15350341796875
2018-07-10,87.15350341796875,87.15350341796875,87.5,86.55000305175781,86.92649841308594,60058000,0.0023289787055904565,85.5354248046875,82.62950012207031,0.012906053146798204,87.75
2018-07-11,87.75,87.75,87.8479995727539,86.69999694824219,86.89949798583984,64196000,0.006844206585369106,85.6760498046875,82.81837005615235,0.012927437578698202,89.83100128173828
2018-07-12,89.83100128173828,89.83100128173828,89.9000015258789,88.10900115966797,88.22550201416016,90654000,0.023715114321803732,85.9054500579834,83.03273010253906,0.013833004667401585,90.65149688720705
2018-07-13,90.65149688720705,90.65149688720705,90.76499938964844,89.7614974975586,90.19650268554688,87664000,0.00913376889672457,86.1283748626709,83.27608001708984,0.013775704365779256,91.12449645996094
2018-07-16,91.12449645996094,91.12449645996094,92.09750366210938,90.72250366210938,91.09750366210938,109324000,0.0052177800587498435,86.3946746826172,83.52649002075195,0.013680335167366421,92.19650268554688
2018-07-17,92.19650268554688,92.19650268554688,92.58450317382812,89.86900329589844,90.5780029296875,113658000,0.011764193682617163,86.69502487182618,83.78947006225586,0.013814858983476907,92.14600372314452
2018-07-18,92.14600372314452,92.14600372314452,92.94400024414062,91.5634994506836,92.4000015258789,97238000,-0.0005477318654329988,86.9653751373291,84.03225006103516,0.013824834744968562,90.64849853515624
2018-07-19,90.64849853515624,90.64849853515624,92.0500030517578,90.5634994506836,91.4729995727539,93538000,-0.016251439318926697,87.12260017395019,84.25283004760742,0.014405211421806906,90.68499755859376
2018-07-20,90.68499755859376,90.68499755859376,91.74199676513672,90.50299835205078,91.25050354003906,77688000,0.000402643441726358,87.33129997253418,84.45852996826171,0.014073732855237268,90.0999984741211
2018-07-23,90.0999984741211,90.0999984741211,90.9499969482422,88.49949645996094,90.6104965209961,77770000,-0.006450891550112137,87.5471248626709,84.65144989013672,0.014000800023093752,91.46199798583984
2018-07-24,91.46199798583984,91.46199798583984,92.0,90.46900177001952,91.45050048828124,85574000,0.01511653201758878,87.96234970092773,84.8777798461914,0.011872077439756712,93.18049621582033
2018-07-25,93.18049621582033,93.18049621582033,93.19200134277344,91.13200378417967,91.46499633789062,74764000,0.018789205001256803,88.39364967346191,85.13984970092774,0.011985393638740455,90.4000015258789
2018-07-26,90.4000015258789,90.4000015258789,92.23400115966795,90.2249984741211,91.9499969482422,198488000,-0.029839878546057186,88.76237487792969,85.37172973632812,0.013380941312933107,90.8635025024414
2018-07-27,90.8635025024414,90.8635025024414,94.00250244140624,90.32649993896484,93.80249786376952,193620000,0.005127223105519718,89.05192489624024,85.60171981811523,0.012505044438448236,88.96099853515625
2018-07-30,88.96099853515625,88.96099853515625,91.4749984741211,88.3010025024414,91.3665008544922,131246000,-0.020938043492589764,89.25047492980957,85.79917984008789,0.013617647155998983,88.87200164794922
2018-07-31,88.87200164794922,88.87200164794922,90.09149932861328,86.96600341796875,89.32450103759766,114774000,-0.0010004034202905077,89.4096248626709,86.00224990844727,0.013565192203391741,89.8584976196289
2018-08-01,89.8584976196289,89.8584976196289,89.9219970703125,88.8010025024414,89.19999694824219,83062000,0.011100188511422582,89.66764984130859,86.21395980834961,0.013324551501053985,91.71649932861328
2018-08-02,91.71649932861328,91.71649932861328,91.8280029296875,89.30000305175781,89.4384994506836,87094000,0.020676972776122904,90.00414962768555,86.46688980102539,0.013896470305016296,91.16449737548828
2018-08-03,91.16449737548828,91.16449737548828,92.0500030517578,91.0749969482422,91.88700103759766,69210000,-0.006018567620502124,90.28579940795899,86.68831970214843,0.014055731722570897,92.3874969482422
2018-08-06,92.3874969482422,92.3874969482422,92.38849639892578,90.9459991455078,91.29049682617188,67836000,0.013415305387102894,90.5576244354248,86.9329995727539,0.01391451241516085,93.1240005493164
2018-08-07,93.1240005493164,93.1240005493164,93.48600006103516,92.3134994506836,92.72650146484376,67550000,0.00797189690599387,90.85614929199218,87.18532958984375,0.013954584305204928,94.32599639892578
2018-08-08,94.32599639892578,94.32599639892578,94.57550048828124,92.7249984741211,93.0500030517578,79260000,0.012907476510019888,91.18494911193848,87.4589794921875,0.014098210300774457,94.9260025024414
2018-08-09,94.9260025024414,94.9260025024414,95.72850036621094,93.8740005493164,94.0999984741211,97208000,0.006360983466085601,91.43969917297363,87.73260955810547,0.01331472173434851,94.31500244140624
2018-08-10,94.31500244140624,94.31500244140624,94.9749984741211,93.9104995727539,94.42549896240234,72798000,-0.006436593187619577,91.6228744506836,87.98928955078125,0.013382805100801361,94.80999755859376
2018-08-13,94.80999755859376,94.80999755859376,96.25,94.68350219726562,94.9250030517578,110630000,0.005248317917343481,91.80714950561523,88.24394943237304,0.013383185080421233,95.98249816894533
2018-08-14,95.98249816894533,95.98249816894533,96.05049896240234,95.0,95.96949768066406,79722000,0.012366845697121098,91.99644927978515,88.49832946777343,0.013406818479356828,94.13099670410156
2018-08-15,94.13099670410156,94.13099670410156,95.8105010986328,93.489501953125,95.47750091552734,154014000,-0.019289990364543486,92.095698928833,88.68459945678711,0.014231304490146425,94.32599639892578
2018-08-16,94.32599639892578,94.32599639892578,95.25,94.17749786376952,95.1969985961914,79142000,0.002071577924933621,92.27957382202149,88.8753694152832,0.013628242256664567,94.11100006103516
2018-08-17,94.11100006103516,94.11100006103516,94.4000015258789,92.77749633789062,94.29000091552734,82086000,-0.002279290398177758,92.45087394714355,89.06828948974609,0.013658765940311965,93.83550262451172
2018-08-20,93.83550262451172,93.83550262451172,94.5875015258789,93.3030014038086,94.52850341796876,57240000,-0.002927367006458015,92.63764915466308,89.26100952148437,0.013567190409680777,94.1709976196289
2018-08-21,94.1709976196289,94.1709976196289,94.8874969482422,93.72049713134766,94.0,62112000,0.0035753524597155195,92.77309913635254,89.45530944824219,0.013226525508920568,95.24500274658205
2018-08-22,95.24500274658205,95.24500274658205,95.29000091552734,93.83200073242188,93.83200073242188,61610000,0.011404839643848863,92.87632446289062,89.66145950317383,0.012816502681664902,95.1449966430664
2018-08-23,95.1449966430664,95.1449966430664,95.9749984741211,95.03800201416016,95.3584976196289,71260000,-0.0010499879325084338,93.11357421875,89.85949951171875,0.01056953454222522,95.26950073242188
2018-08-24,95.26950073242188,95.26950073242188,95.80049896240234,95.1269989013672,95.52549743652344,56018000,0.0013085721135976947,93.33387413024903,90.04102951049805,0.010556234046749822,96.38400268554688
2018-08-27,96.38400268554688,96.38400268554688,96.38500213623048,95.46399688720705,95.75,71380000,0.0116984128662041,93.70502433776855,90.25273956298828,0.009188835029696911,96.64099884033205
2018-08-28,96.64099884033205,96.64099884033205,97.08899688720705,96.44100189208984,96.8864974975586,62014000,0.0026663776936470818,94.09347419738769,90.46176956176758,0.009118969047494865,99.90499877929688
2018-08-29,99.90499877929688,99.90499877929688,99.93450164794922,97.4469985961914,97.67250061035156,130636000,0.03377448472317157,94.59579925537109,90.7250895690918,0.011191017948068158,100.11900329589844
2018-08-30,100.11900329589844,100.11900329589844,101.27850341796876,99.34500122070312,99.87100219726562,145546000,0.0021420801683240676,95.01592445373535,90.97738967895508,0.010609236952644624,100.635498046875
2018-08-31,100.635498046875,100.635498046875,101.11900329589844,100.23699951171876,100.3499984741211,84088000,0.005158808357790701,95.48947448730469,91.2598796081543,0.010319442212664728,101.97550201416016
2018-09-04,101.97550201416016,101.97550201416016,102.5250015258789,100.6500015258789,101.3249969482422,114422000,0.013315420436047276,95.96887474060058,91.58371963500977,0.010315180681800732,99.74099731445312
2018-09-05,99.74099731445312,99.74099731445312,102.0189971923828,99.49449920654295,101.90550231933594,164412000,-0.021912171605654396,96.29972457885742,91.91538955688476,0.01190400379308918,97.91549682617188
2018-09-06,97.91549682617188,97.91549682617188,100.375,96.760498046875,100.32550048828124,149774000,-0.018302408612638987,96.47919960021973,92.18260955810547,0.012630096531924354,97.60350036621094
2018-09-07,97.60350036621094,97.60350036621094,98.76000213623048,96.86750030517578,96.9355010986328,97852000,-0.0031863848938521455,96.6130744934082,92.47416961669921,0.012634819354942064,96.95050048828124
2018-09-10,96.95050048828124,96.95050048828124,98.6520004272461,96.57599639892578,98.5500030517578,90896000,-0.006690332574955105,96.74484939575196,92.71172958374024,0.012643298178473936,99.35749816894533
2018-09-11,99.35749816894533,99.35749816894533,99.44400024414062,95.8499984741211,96.41349792480467,100672000,0.024827078442519523,96.97222442626953,92.99907958984375,0.013668863162573453,99.5
2018-09-12,99.5,99.5,100.0,98.12200164794922,99.6999969482422,88280000,0.0014342332856687179,97.14809951782226,93.2752995300293,0.013467840360299462,99.49349975585938
2018-09-13,99.49349975585938,99.49349975585938,100.43800354003906,99.10150146484376,100.0,72430000,-6.53290868404266e-05,97.41622467041016,93.57120956420898,0.012530258912728761,98.5094985961914
2018-09-14,98.5094985961914,98.5094985961914,99.68250274658205,97.96099853515624,99.64649963378906,72840000,-0.009890105002663963,97.62539978027344,93.84166946411133,0.012850655356800963,95.40149688720705
2018-09-17,95.40149688720705,95.40149688720705,97.84100341796876,94.37049865722656,97.73650360107422,141004000,-0.03155027437226776,97.68992462158204,94.03906936645508,0.014897471973221802,97.05249786376952
2018-09-18,97.05249786376952,97.05249786376952,97.91000366210938,95.77200317382812,95.93250274658205,85374000,0.01730581836168099,97.85077438354492,94.24109939575196,0.015313190230463559,96.3209991455078
2018-09-19,96.3209991455078,96.3209991455078,97.04149627685548,95.24500274658205,97.0250015258789,81136000,-0.007537144683164243,97.95827445983886,94.42444931030273,0.015446339463942988,97.21499633789062
2018-09-20,97.21499633789062,97.21499633789062,97.75,96.6125030517578,96.9290008544922,63098000,0.009281436034859869,98.0567741394043,94.61374923706055,0.015379968139131183,95.75050354003906
2018-09-21,95.75050354003906,95.75050354003906,97.8655014038086,95.5250015258789,97.71099853515624,137118000,-0.015064474134848682,98.08704948425293,94.73213928222657,0.01579839021891199,96.71800231933594
2018-09-24,96.71800231933594,96.71800231933594,96.84400177001952,93.25,95.1894989013672,84274000,0.010104372755515678,98.15947456359864,94.85346939086914,0.01594570800622756,98.72750091552734
2018-09-25,98.72750091552734,98.72750091552734,98.79550170898438,96.94249725341795,97.1449966430664,90768000,0.020776882772626015,98.27664947509766,95.00552947998047,0.016392962590849807,98.74250030517578
2018-09-26,98.74250030517578,98.74250030517578,99.7624969482422,98.07599639892578,98.4250030517578,86270000,0.00015192716831013975,98.38172454833985,95.13644943237304,0.016391811386348685,100.64900207519533
2018-09-27,100.64900207519533,100.64900207519533,100.80799865722656,99.4290008544922,99.66200256347656,86588000,0.019307813394711104,98.41892471313477,95.30650939941407,0.01515112760447283,100.1500015258789
2018-09-28,100.1500015258789,100.1500015258789,101.32599639892578,99.822998046875,100.22049713134766,81702000,-0.004957829079553222,98.42047462463378,95.49653945922852,0.015193261785277704,100.21800231933594
2018-10-01,100.21800231933594,100.21800231933594,101.65950012207033,100.18000030517578,101.09950256347656,69210000,0.0006789894400496266,98.39959983825683,95.68719955444335,0.01514810461569063,98.56549835205078
2018-10-02,98.56549835205078,98.56549835205078,100.66950225830078,98.28849792480467,99.99949645996094,108014000,-0.016489093067526883,98.22909965515137,95.85650955200195,0.015224861638896275,97.63800048828124
2018-10-03,97.63800048828124,97.63800048828124,99.48500061035156,97.4905014038086,99.08499908447266,105062000,-0.00940996473691802,98.12394981384277,95.98002960205078,0.014589919008253328,95.47100067138672
2018-10-04,95.47100067138672,95.47100067138672,97.8000030517578,94.82849884033205,97.4499969482422,145140000,-0.022194225670922108,98.00172500610351,96.0258396911621,0.01485685342772441,94.48249816894533
2018-10-05,94.48249816894533,94.48249816894533,96.4540023803711,93.1415023803711,95.89949798583984,136446000,-0.010353955604213705,97.84567489624024,96.10748962402344,0.014994163070908447,93.22100067138672
2018-10-08,93.22100067138672,93.22100067138672,95.0999984741211,91.53299713134766,93.6999969482422,147864000,-0.013351652655319346,97.65919990539551,96.15463958740234,0.015187866437143335,93.51599884033205
2018-10-09,93.51599884033205,93.51599884033205,94.83399963378906,92.61599731445312,92.99949645996094,95458000,0.003164503350325809,97.36712493896485,96.24573959350586,0.013903387657713978,87.76249694824219
2018-10-10,87.76249694824219,87.76249694824219,92.9280014038086,87.72049713134766,92.89450073242188,219778000,-0.061524252143350444,96.78024978637696,96.22354949951172,0.019040766897678918,85.96800231933594
2018-10-11,85.96800231933594,85.96800231933594,87.7699966430664,84.25499725341797,86.19999694824219,278718000,-0.020447169250033426,96.10397491455078,96.14573959350587,0.019246188749842245,89.43049621582031
2018-10-12,89.43049621582031,89.43049621582031,90.44750213623048,87.12650299072266,90.4000015258789,188892000,0.04027654247009993,95.65002479553223,96.10001953125,0.021943479153643034,88.04750061035156
2018-10-15,88.04750061035156,88.04750061035156,89.75250244140625,86.71150207519531,89.75,128744000,-0.015464474245241777,95.28232498168946,96.03767959594727,0.021185049953867545,90.9980010986328
2018-10-16,90.9980010986328,90.9980010986328,91.19400024414062,88.07749938964844,89.17500305175781,117198000,0.033510326446840155,94.97960014343262,96.00988967895508,0.022314008344827756,91.58650207519533
2018-10-17,91.58650207519533,91.58650207519533,92.25,90.3499984741211,92.1395034790039,105904000,0.006467185756362515,94.742875289917,95.97913970947266,0.022383003514181293,88.53600311279297
2018-10-18,88.53600311279297,88.53600311279297,91.50749969482422,88.39350128173828,91.07450103759766,117480000,-0.03330729849140657,94.30892562866211,95.86333984375,0.023235162044399488,88.20149993896484
2018-10-19,88.20149993896484,88.20149993896484,90.45500183105467,87.6500015258789,89.25800323486328,118144000,-0.0037781598679350603,93.9314754486084,95.72884979248047,0.023099340403734948,89.46499633789062
2018-10-22,89.46499633789062,89.46499633789062,90.4749984741211,87.80000305175781,89.19999694824219,90000000,0.014325112382443717,93.56882514953614,95.63184967041016,0.02325223559591577,88.43499755859375
2018-10-23,88.43499755859375,88.43499755859375,88.81700134277344,85.69999694824219,87.11199951171875,134478000,-0.011512868959461908,93.05419998168945,95.50434967041015,0.022579583651063356,83.20999908447266
2018-10-24,83.20999908447266,83.20999908447266,88.885498046875,82.8280029296875,88.68499755859375,138568000,-0.059082926650834144,92.2775749206543,95.2488996887207,0.025526890754879468,89.1084976196289
2018-10-25,89.1084976196289,89.1084976196289,89.7405014038086,84.60050201416016,85.16699981689453,205714000,0.07088689580645524,91.70054969787597,95.14844970703125,0.03056192825408303,82.1405029296875
2018-10-26,82.1405029296875,82.1405029296875,84.9229965209961,80.1500015258789,82.47949981689453,299276000,-0.07819674751655215,90.80007476806641,94.90473983764649,0.03459855727217556,76.94400024414062
2018-10-29,76.94400024414062,76.94400024414062,83.28700256347656,74.75,83.0,277322000,-0.06326358495753426,89.63637466430664,94.5613998413086,0.036529337127652585,76.52100372314453
2018-10-30,76.52100372314453,76.52100372314453,77.04949951171875,73.81800079345703,74.30799865722656,249202000,-0.005497459446531794,88.53414993286133,94.21510986328126,0.03654864059677986,79.90049743652344
2018-10-31,79.90049743652344,79.90049743652344,81.19550323486328,78.25450134277344,78.49949645996094,187804000,0.04416426273766638,87.64727478027343,93.92969985961913,0.03864670700009105,83.27649688720703
2018-11-01,83.27649688720703,83.27649688720703,83.52249908447266,79.9219970703125,81.17649841308594,162710000,0.04225254609166407,87.03754959106445,93.69032974243164,0.04016822581043284,83.27649688720703
2018-11-02,83.27649688720703,83.27649688720703,84.87200164794922,82.59149932861328,83.92949676513672,139110000,0.0,86.47724952697754,93.45295974731445,0.04017637621331456,81.38999938964844
2018-11-05,81.38999938964844,81.38999938964844,82.90450286865234,79.81800079345703,82.87850189208984,112494000,-0.022653420449634698,85.88569946289063,93.17536972045899,0.04032538406884587,82.1405029296875
2018-11-06,82.1405029296875,82.1405029296875,83.25,80.72750091552734,80.9175033569336,85148000,0.00922107808904249,85.31692466735839,92.8904997253418,0.04042033176815643,87.77449798583984
2018-11-07,87.77449798583984,87.77449798583984,87.96150207519531,83.2040023803711,83.6500015258789,163844000,0.06858973168176319,85.31752471923828,92.71316970825195,0.04141796516440064,87.74549865722656
2018-11-08,87.74549865722656,87.74549865722656,89.19999694824219,86.25550079345703,87.75,130698000,-0.0003303844428476088,85.40639953613281,92.46997970581054,0.04111737075893298,85.62149810791016
2018-11-09,85.62149810791016,85.62149810791016,87.19599914550781,85.09349822998047,86.625,118044000,-0.024206376188181555,85.2159496307373,92.18002960205078,0.04046702380024371,81.84249877929688
2018-11-12,81.84249877929688,81.84249877929688,85.42749786376953,81.50050354003906,84.91200256347656,136124000,-0.04413610380713673,84.90569953918457,91.80416961669921,0.041486736131273176,81.55850219726562
2018-11-13,81.55850219726562,81.55850219726562,83.85299682617188,80.6875,82.4645004272461,118666000,-0.003470038015299326,84.43372459411621,91.39582962036133,0.04059650021535211,79.95050048828125
2018-11-14,79.95050048828125,79.95050048828125,83.6500015258789,79.85350036621094,82.81600189208984,129738000,-0.019715929862163195,83.8519245147705,91.00001968383789,0.040640380156691046,80.97200012207031
2018-11-15,80.97200012207031,80.97200012207031,81.24099731445312,77.32550048828125,79.05049896240234,168546000,0.012776650897123432,83.47372436523438,90.66114974975586,0.04031489753694114,79.67050170898438
2018-11-16,79.67050170898438,79.67050170898438,80.7239990234375,78.65599822998047,79.375,121322000,-0.016073437868940443,83.04717445373535,90.30248977661132,0.04041008419813404,75.614501953125
2018-11-19,75.614501953125,75.614501953125,79.05950164794922,75.16799926757812,78.85050201416016,155800000,-0.05090968010562913,82.35464973449707,89.8757698059082,0.041447375676319564,74.77300262451172
2018-11-20,74.77300262451172,74.77300262451172,76.73750305175781,71.0,71.875,217576000,-0.011128808718927297,81.67154998779297,89.38407989501952,0.04144553577964145,75.83650207519531
2018-11-21,75.83650207519531,75.83650207519531,77.5,75.75,77.14949798583984,114336000,0.014223040580892299,81.3028751373291,88.91080993652344,0.03985829645947961,75.10299682617188
2018-11-23,75.10299682617188,75.10299682617188,76.80999755859375,75.09049987792969,75.8499984741211,54152000,-0.009672192531983259,80.60260009765625,88.42299987792968,0.03576607467507704,79.06649780273438
2018-11-26,79.06649780273438,79.06649780273438,79.2405014038086,76.21099853515625,76.94999694824219,125154000,0.052774205345442304,80.44889984130859,88.03413986206054,0.03417250242752819,79.07099914550781
2018-11-27,79.07099914550781,79.07099914550781,79.88249969482422,77.90049743652344,78.79949951171875,115664000,5.693110101656629e-05,80.55524978637695,87.70752990722656,0.030912444738066824,83.88749694824219
2018-11-28,83.88749694824219,83.88749694824219,84.07250213623047,80.06099700927734,80.69599914550781,169174000,0.06091358215761211,80.92357444763184,87.44422988891601,0.033540933025674506,83.67849731445312
2018-11-29,83.67849731445312,83.67849731445312,84.49949645996094,82.61650085449219,83.74949645996094,132264000,-0.0024914277024860043,81.11247444152832,87.19137985229492,0.032282321525279774,84.50849914550781
2018-11-30,84.50849914550781,84.50849914550781,84.80000305175781,83.32499694824219,83.9749984741211,115236000,0.009918938050902604,81.17407455444337,86.93724990844727,0.03098623184209975,88.61799621582031
2018-12-03,88.61799621582031,88.61799621582031,88.91699981689453,86.5,88.4729995727539,137246000,0.04862821032044029,81.44114952087402,86.79459976196289,0.03274628937421479,83.41999816894531
2018-12-04,83.41999816894531,83.41999816894531,88.51699829101562,83.25,87.80000305175781,173890000,-0.05865623540184539,81.54264945983887,86.52863967895507,0.035166512966291134,84.95950317382812
2018-12-06,84.95950317382812,84.95950317382812,85.05249786376953,80.49250030517578,80.74349975585938,175788000,0.0184548674019982,81.6835994720459,86.2532797241211,0.03532909211832173,81.45649719238281
2018-12-07,81.45649719238281,81.45649719238281,85.94650268554688,81.27300262451172,85.25350189208984,151522000,-0.041231479123390424,81.36769943237304,85.90755966186524,0.032933254331417056,82.05149841308594
2018-12-10,82.05149841308594,82.05149841308594,82.89949798583984,79.54350280761719,81.19200134277344,149896000,0.007304527462037358,81.08299942016602,85.53560958862305,0.03301259078473471,82.16200256347656
2018-12-11,82.16200256347656,82.16200256347656,83.97350311279297,80.9800033569336,83.9000015258789,124894000,0.0013467657815862122,80.91002464294434,85.175849609375,0.03263413111639816,83.177001953125
2018-12-12,83.177001953125,83.177001953125,85.24949645996094,83.01349639892578,83.44999694824219,131960000,0.01235363498916997,80.97674980163575,84.83502960205078,0.03116629335568151,82.91899871826172
2018-12-13,82.91899871826172,82.91899871826172,84.60600280761719,82.07499694824219,84.0,105426000,-0.0031018578309504052,81.04477462768554,84.522099609375,0.03116345473852459,79.59549713134766
2018-12-14,79.59549713134766,79.59549713134766,82.12850189208984,79.25,81.9000015258789,127344000,-0.04008130390245668,81.02702445983887,84.16124954223633,0.032201336285356784,76.04550170898438
2018-12-17,76.04550170898438,76.04550170898438,78.80650329589844,75.25050354003906,78.30000305175781,176596000,-0.04460045543160707,80.78069953918457,83.77273956298828,0.03355589072312285,77.5739974975586
2018-12-18,77.5739974975586,77.5739974975586,78.37750244140625,76.15049743652344,77.0,130460000,0.020099752835132323,80.67587432861328,83.43456954956055,0.03376558342481541,74.75399780273438
2018-12-19,74.75399780273438,74.75399780273438,79.22650146484375,74.15899658203125,77.15249633789062,175844000,-0.03635238334743507,80.63284912109376,83.0652294921875,0.03277055916310636,73.04149627685547
2018-12-20,73.04149627685547,73.04149627685547,75.4749984741211,71.6344985961914,74.19999694824219,199836000,-0.022908494210543306,80.54627380371093,82.65573944091797,0.03308428583418093,68.87249755859375
2018-12-21,68.87249755859375,68.87249755859375,74.0,68.197998046875,73.24949645996094,272806000,-0.0570771264386426,80.19807357788086,82.277939453125,0.035172735098628324,67.197998046875
2018-12-24,67.197998046875,67.197998046875,69.80149841308594,65.3499984741211,67.30000305175781,144400000,-0.024313035987901577,79.80282363891601,81.90253936767579,0.035443584112723525,73.54499816894531
2018-12-26,73.54499816894531,73.54499816894531,73.65799713134766,68.15049743652344,68.44450378417969,208236000,0.09445222040160872,79.52674865722656,81.58482940673828,0.03995419308415271,73.08200073242188
2018-12-27,73.08200073242188,73.08200073242188,73.44999694824219,69.5155029296875,72.70999908447266,194440000,-0.006295430662189294,79.22729873657227,81.28551940917968,0.03995499825971018,73.9010009765625
2018-12-28,73.9010009765625,73.9010009765625,75.67350006103516,72.44999694824219,73.6675033569336,176580000,0.011206593086295902,78.72797393798828,80.94357940673828,0.03720986060915191,75.09850311279297
2018-12-31,75.09850311279297,75.09850311279297,76.03800201416016,74.3499984741211,75.54000091552734,139090000,0.016204139597652434,78.29897422790528,80.61381942749023,0.03752731919601809,76.95649719238281
2019-01-02,76.95649719238281,76.95649719238281,77.66799926757812,73.04650115966797,73.26000213623047,159662000,0.024740760502233394,77.92137413024902,80.38222930908204,0.03797555683589253,75.01399993896484
2019-01-03,75.01399993896484,75.01399993896484,76.9000015258789,74.85549926757812,76.00050354003906,139512000,-0.025241497784936007,77.24117431640624,80.11847930908203,0.03613617107282659,78.76950073242188
2019-01-04,78.76950073242188,78.76950073242188,79.69999694824219,75.91549682617188,76.5,183652000,0.05006399867375011,77.00864944458007,79.90456939697266,0.03624221644682091,81.47550201416016
2019-01-07,81.47550201416016,81.47550201416016,81.72799682617188,79.45950317382812,80.1155014038086,159864000,0.03435341415874271,76.83444938659667,79.76537948608399,0.036888814838031955,82.8290023803711
2019-01-08,82.8290023803711,82.8290023803711,83.83049774169922,80.83049774169922,83.2344970703125,177628000,0.01661235994563981,76.9030746459961,79.75775955200196,0.035859185645547534,82.97100067138672
2019-01-09,82.97100067138672,82.97100067138672,83.38999938964844,82.06999969482422,82.64900207519531,126976000,0.0017143547179709895,76.94904975891113,79.63500961303711,0.035832831250667586,82.81099700927734
2019-01-10,82.81099700927734,82.81099700927734,83.1624984741211,81.08100128173828,82.05049896240234,130154000,-0.0019284287379283116,76.98149948120117,79.64841949462891,0.035839410498347185,82.02799987792969
2019-01-11,82.02799987792969,82.02799987792969,83.0145034790039,81.81099700927734,82.02749633789062,93724000,-0.009455231305329326,76.9240493774414,79.75009948730468,0.035807389427341296,80.8604965209961
2019-01-14,80.8604965209961,80.8604965209961,82.41000366210938,79.75749969482422,80.75,120118000,-0.014232985793521946,76.82112426757813,79.83688934326172,0.0359428284662946,83.72799682617188
2019-01-15,83.72799682617188,83.72799682617188,83.75800323486328,81.30049896240234,81.5999984741211,119970000,0.035462313843586335,77.02774925231934,79.91343933105469,0.035548391017947004,84.18900299072266
2019-01-16,84.18900299072266,84.18900299072266,85.25,83.79399871826172,84.21099853515625,127338000,0.005505997778829874,77.43492431640625,79.931689453125,0.03372681812439052,84.66100311279297
2019-01-17,84.66100311279297,84.66100311279297,85.00849914550781,83.875,84.0,84178000,0.005606434395265758,77.78927459716797,79.95937957763672,0.03355483125790108,84.80999755859375
2019-01-18,84.80999755859375,84.80999755859375,85.80999755859375,84.5770034790039,85.5999984741211,120410000,0.0017598946424279838,78.29207458496094,80.02777954101562,0.032140834443668595,81.6084976196289
2019-01-22,81.6084976196289,81.6084976196289,84.09349822998047,80.51000213623047,84.05000305175781,128336000,-0.03774908655967102,78.72042465209961,80.01713943481445,0.03302231109242318,82.0009994506836
2019-01-23,82.0009994506836,82.0009994506836,82.87149810791016,80.5999984741211,82.80000305175781,104504000,0.004809570602366753,79.3768497467041,79.90166946411132,0.02950609438330746,82.74649810791016
2019-01-24,82.74649810791016,82.74649810791016,82.86299896240234,81.58899688720703,82.05349731445312,81798000,0.009091336230296898,80.15427474975586,79.801689453125,0.02843746178331599,83.52850341796875
2019-01-25,83.52850341796875,83.52850341796875,84.17400360107422,83.08049774169922,83.5250015258789,98918000,0.009450615167288179,80.65345001220703,79.75982955932618,0.020537186980751316,81.89450073242188
2019-01-28,81.89450073242188,81.89450073242188,82.25,80.70449829101562,82.17949676513672,96754000,-0.019562216712664893,81.09407501220703,79.76086959838867,0.021179295130163055,79.69400024414062
2019-01-29,79.69400024414062,79.69400024414062,81.61900329589844,79.53600311279297,81.5634994506836,92656000,-0.02686994204251958,81.38372497558593,79.72357955932617,0.02235770958663045,83.52149963378906
2019-01-30,83.52149963378906,83.52149963378906,83.84750366210938,80.98400115966797,81.1500015258789,115676000,0.04802744720961405,81.80487480163575,79.79499954223633,0.02431725258187291,85.9365005493164
2019-01-31,85.9365005493164,85.9365005493164,86.82050323486328,83.9540023803711,84.64250183105469,218206000,0.02891472167185971,82.25387496948242,79.89428955078125,0.024507267143990576,81.3115005493164
2019-02-01,81.3115005493164,81.3115005493164,83.65299987792969,81.10050201416016,81.94400024414062,230124000,-0.05381880772938674,82.56875,79.92710952758789,0.027108420771123153,81.66549682617188
2019-02-04,81.66549682617188,81.66549682617188,82.48149871826172,80.67500305175781,81.1500015258789,98582000,0.004353581897566405,82.7135498046875,80.04812942504883,0.024891000166567163,82.94049835205078
2019-02-05,82.94049835205078,82.94049835205078,83.26300048828125,82.125,82.16699981689453,89062000,0.015612487224473615,82.78679962158203,80.2114793395996,0.023947864802332644,82.01300048828125
2019-02-06,82.01300048828125,82.01300048828125,83.61299896240234,81.66699981689453,83.5374984741211,78798000,-0.011182689786027766,82.74599952697754,80.33500930786133,0.023810361403391118,80.71849822998047
2019-02-07,80.71849822998047,80.71849822998047,81.2770004272461,79.64550018310547,81.25,92532000,-0.015784110453143985,82.63337440490723,80.4473193359375,0.02405559820013275,79.41100311279297
2019-02-08,79.41100311279297,79.41100311279297,79.42949676513672,78.33799743652344,79.30000305175781,113150000,-0.016198209157239574,82.463374710083,80.45420944213868,0.02429193946964665,79.55000305175781
2019-02-11,79.55000305175781,79.55000305175781,80.4645004272461,79.30000305175781,80.04900360107422,66346000,0.0017503863887402549,82.33947486877442,80.46378952026367,0.02423555740760584,81.90049743652344
2019-02-12,81.90049743652344,81.90049743652344,81.97000122070312,79.94400024414062,80.19999694824219,97172000,0.029547382710171766,82.39147491455078,80.4240495300293,0.024967558553232443,82.0
2019-02-13,82.0,82.0,82.81900024414062,81.85549926757812,82.3499984741211,71206000,0.001214920135908626,82.3050750732422,80.39047958374023,0.023612655184996813,81.13249969482422
2019-02-14,81.13249969482422,81.13249969482422,81.8949966430664,80.3030014038086,81.2249984741211,82410000,-0.010579272014338836,82.15224990844726,80.32295959472657,0.02366131152996626,80.39749908447266
2019-02-15,80.39749908447266,80.39749908447266,81.44550323486328,80.2249984741211,81.39299774169922,86878000,-0.009059262479477748,81.93907470703125,80.15854965209961,0.023654117088172846,81.37899780273438
2019-02-19,81.37899780273438,81.37899780273438,81.69999694824219,80.02799987792969,80.05000305175781,73634000,0.012208075244112715,81.76752471923828,80.1177296447754,0.023863266792482997,81.1050033569336
2019-02-20,81.1050033569336,81.1050033569336,81.74649810791016,80.50599670410156,81.5,66752000,-0.0033668938325457365,81.74235000610352,80.0406396484375,0.02232541364671489,80.97200012207031
2019-02-21,80.97200012207031,80.97200012207031,81.1780014038086,80.04550170898438,80.99250030517578,69668000,-0.0016398893947140447,81.69090003967285,80.03094970703125,0.022297753010422052,81.5780029296875
2019-02-22,81.5780029296875,81.5780029296875,81.74700164794922,81.05850219726562,81.17500305175781,61924000,0.0074841032295558385,81.63247528076172,80.02147979736328,0.0222646380971279,81.6500015258789
2019-02-25,81.6500015258789,81.6500015258789,82.7300033569336,81.51950073242188,82.07250213623047,63690000,0.0008825736547322105,81.53855018615722,80.01123977661133,0.02214571927868678,81.81999969482422
2019-02-26,81.81999969482422,81.81999969482422,81.99949645996094,80.80650329589844,81.29900360107422,53316000,0.00208203509820426,81.53482513427734,79.98409973144531,0.021710484128780533,82.05449676513672
2019-02-27,82.05449676513672,82.05449676513672,82.09049987792969,80.75499725341797,81.40899658203125,62976000,0.0028660116253622636,81.65284996032715,79.96680969238281,0.020757908792277822,81.99150085449219
2019-02-28,81.99150085449219,81.99150085449219,82.5885009765625,81.69149780273438,81.76249694824219,60518000,-0.0007677325817357916,81.5763500213623,80.0147297668457,0.017658141356837576,83.58650207519531
2019-03-01,83.58650207519531,83.58650207519531,83.71299743652344,82.55000305175781,82.75650024414062,99498000,0.019453250691601864,81.45885009765625,80.16554977416992,0.016932737079251987,84.80850219726562
2019-03-04,84.80850219726562,84.80850219726562,85.47149658203125,83.71800231933594,84.25,123348000,0.014619586796095208,81.63370018005371,80.31023986816406,0.011923905944180909,84.62149810791016
2019-03-05,84.62149810791016,84.62149810791016,85.38999938964844,84.45050048828125,85.14749908447266,73630000,-0.0022050158240090045,81.78150024414063,80.50758987426758,0.011950988247950661,83.44750213623047
2019-03-06,83.44750213623047,83.44750213623047,84.88749694824219,83.41400146484375,84.79850006103516,79920000,-0.013873495481994347,81.80685043334961,80.71570999145507,0.011982144151654448,81.29750061035156
2019-03-07,81.29750061035156,81.29750061035156,83.48750305175781,81.02549743652344,83.36849975585938,99140000,-0.02576471998369667,81.77107543945313,80.96421005249023,0.01311260226836532,81.04000091552734
2019-03-08,81.04000091552734,81.04000091552734,81.13600158691406,79.32849884033203,80.20050048828125,93340000,-0.0031673752931026256,81.78715057373047,81.24105010986328,0.012625782997680829,83.53099822998047
2019-03-11,83.53099822998047,83.53099822998047,83.614501953125,81.30049896240234,81.30599975585938,77528000,0.030737873720530162,81.99315032958984,81.44077011108398,0.013717701481969088,83.65499877929688
2019-03-12,83.65499877929688,83.65499877929688,84.2135009765625,83.04900360107422,83.44999694824219,72290000,0.0014844854239022265,82.19840011596679,81.65223007202148,0.013718718627401125,84.54049682617188
2019-03-13,84.54049682617188,84.54049682617188,85.0,83.96749877929688,84.1500015258789,71040000,0.010585118161452245,82.33040008544921,81.86501998901367,0.012345425118370276,84.31099700927734
2019-03-14,84.31099700927734,84.31099700927734,85.0999984741211,84.21700286865234,84.55999755859375,58932000,-0.002714673150861824,82.44594993591309,82.04926986694336,0.012384086307972043,85.61799621582031
2019-03-15,85.61799621582031,85.61799621582031,85.94000244140625,84.65650177001953,85.1500015258789,151018000,0.015502120161135613,82.67022476196288,82.22249984741211,0.012422395803346939,87.10749816894531
2019-03-18,87.10749816894531,87.10749816894531,87.5,85.63150024414062,85.63500213623047,108582000,0.017397066258948213,83.00572471618652,82.46436981201173,0.012505088609586375,88.09249877929688
2019-03-19,88.09249877929688,88.09249877929688,89.20800018310547,87.67549896240234,87.67549896240234,127284000,0.011307873960989534,83.34139976501464,82.65082977294922,0.012475917533447262,89.8635025024414
2019-03-20,89.8635025024414,89.8635025024414,89.9749984741211,88.35150146484375,88.49700164794922,125312000,0.02010391063581385,83.77932472229004,82.81858978271484,0.012840570878728735,90.96299743652344
2019-03-21,90.96299743652344,90.96299743652344,91.1875,89.36399841308594,89.81300354003906,115356000,0.012235166707998735,84.2788745880127,82.9812696838379,0.012825326270370868,88.2385025024414
2019-03-22,88.2385025024414,88.2385025024414,90.9489974975586,88.15550231933594,90.5084991455078,127260000,-0.029951683771010984,84.6118995666504,83.08661972045898,0.015111831970175627,88.71299743652344
2019-03-25,88.71299743652344,88.71299743652344,89.13400268554688,87.375,87.8895034790039,102076000,0.005377413721055602,84.96504936218261,83.20465972900391,0.015095808822663502,89.18800354003906
2019-03-26,89.18800354003906,89.18800354003906,90.28849792480467,88.66799926757812,89.6500015258789,97318000,0.0053544138654035844,85.33344955444336,83.34785980224609,0.015088631374281625,88.28500366210938
2019-03-27,88.28500366210938,88.28500366210938,89.375,87.28399658203125,89.20649719238281,86496000,-0.01012467867973188,85.644974899292,83.49634994506836,0.015435088770425053,88.6709976196289
2019-03-28,88.6709976196289,88.6709976196289,88.89649963378906,87.67350006103516,88.5,60860000,0.00437213503435796,85.97894973754883,83.5952099609375,0.01539813878787834,89.0374984741211
2019-03-29,89.0374984741211,89.0374984741211,89.64299774169922,88.83149719238281,89.3290023803711,66416000,0.004133266392968293,86.25149955749512,83.69217987060547,0.014965833141131459,90.70950317382812
2019-04-01,90.70950317382812,90.70950317382812,90.78350067138672,89.9365005493164,90.00550079345703,84776000,0.018778657625842854,86.54654960632324,83.81314987182617,0.015159474825468717,90.6989974975586
2019-04-02,90.6989974975586,90.6989974975586,91.0,90.25599670410156,90.5510025024414,68962000,-0.00011581671050930886,86.85042457580566,83.93092987060547,0.015125410534209722,91.03500366210938
2019-04-03,91.03500366210938,91.03500366210938,91.5,90.4810028076172,91.33599853515624,78522000,0.003704629310371743,87.22979965209962,84.11945999145507,0.014557732687087535,90.94300079345705
2019-04-04,90.94300079345705,90.94300079345705,91.4375,90.20999908447266,91.03250122070312,72478000,-0.001010631789435723,87.71207466125489,84.29830001831054,0.01279862824778086,91.86399841308594
2019-04-05,91.86399841308594,91.86399841308594,91.9290008544922,91.2594985961914,91.4499969482422,72810000,0.0101271962833136,88.2532745361328,84.48065002441406,0.0126583434500974,92.49299621582033
2019-04-08,92.49299621582033,92.49299621582033,92.51000213623048,91.25550079345705,91.6614990234375,75056000,0.00684705448924583,88.70137443542481,84.6599398803711,0.011290559074452013,91.79199981689452
2019-04-09,91.79199981689452,91.79199981689452,92.65450286865234,91.58899688720705,92.27449798583984,74288000,-0.007578913297284995,89.10822448730468,84.85788986206055,0.011623243387651187,92.3665008544922
2019-04-10,92.3665008544922,92.3665008544922,92.4000015258789,91.44049835205078,92.0500030517578,59280000,0.006258726672734971,89.4995246887207,85.11133987426757,0.011548291486289103,92.20349884033205
2019-04-11,92.20349884033205,92.20349884033205,92.49749755859376,92.0155029296875,92.43499755859376,53096000,-0.001764730856449126,89.89414978027344,85.28497985839844,0.011518972007588694,92.15299987792967
2019-04-12,92.15299987792967,92.15299987792967,92.5749969482422,92.06500244140624,92.41999816894533,62288000,-0.0005476903050047888,90.22089996337891,85.4093098449707,0.011272066415270763,92.24349975585938
2019-04-15,92.24349975585938,92.24349975585938,92.34249877929688,90.94499969482422,92.0999984741211,74488000,0.0009820611162911774,90.4777000427246,85.62794982910157,0.010814021032976196,93.1520004272461
2019-04-16,93.1520004272461,93.1520004272461,93.4885025024414,92.4000015258789,92.56749725341795,60892000,0.009848939749589336,90.73067512512208,85.85767990112305,0.01075927558300469,93.24099731445312
2019-04-17,93.24099731445312,93.24099731445312,93.82350158691406,93.02200317382812,93.64949798583984,57870000,0.0009553942674214166,90.89954986572266,86.0636898803711,0.009965977311903821,93.08450317382812
2019-04-18,93.08450317382812,93.08450317382812,93.54100036621094,92.9739990234375,93.4394989013672,54998000,-0.001678383384266291,91.0056251525879,86.28511993408203,0.00968785861975782,94.3655014038086
2019-04-22,94.3655014038086,94.3655014038086,94.4209976196289,92.28199768066406,92.7699966430664,67476000,0.01376167016316665,91.31197509765624,86.55805999755859,0.006787005616572548,96.1884994506836
2019-04-23,96.1884994506836,96.1884994506836,96.46299743652344,94.47899627685548,94.55999755859376,92808000,0.019318479950358514,91.68575019836426,86.89360992431641,0.007662007265044026,95.0875015258789
2019-04-24,95.0875015258789,95.0875015258789,96.4844970703125,94.90799713134766,96.25,73516000,-0.01144625325368731,91.98072509765625,87.20435989379882,0.008400453094169204,95.1125030517578
2019-04-25,95.1125030517578,95.1125030517578,96.12249755859376,95.0155029296875,95.8499984741211,121982000,0.00026293177839042947,92.32210006713868,87.46860000610351,0.007832509434734375,97.53150177001952
2019-04-26,97.53150177001952,97.53150177001952,97.5500030517578,94.9000015258789,96.4499969482422,168652000,0.02543302552920257,92.7651252746582,87.77923004150391,0.009213162140202196,96.92150115966795
2019-04-29,96.92150115966795,96.92150115966795,97.81700134277344,96.70449829101562,97.4499969482422,80426000,-0.006254395751948416,93.15932540893553,88.09501007080078,0.009540508639600612,96.32599639892578
2019-04-30,96.32599639892578,96.32599639892578,96.7854995727539,95.34750366210938,96.50499725341795,70120000,-0.006144196629405685,93.44015007019043,88.41358001708984,0.009169465547132953,95.57599639892578
2019-05-01,95.57599639892578,95.57599639892578,97.18199920654295,95.52749633789062,96.65450286865234,62340000,-0.007786060129541195,93.68400001525879,88.69751998901367,0.009464414427406502,95.04100036621094
2019-05-02,95.04100036621094,95.04100036621094,96.07749938964844,94.09349822998048,95.66649627685548,79258000,-0.005597598276473326,93.88429985046386,88.97623992919922,0.009637592048978367,98.1230010986328
2019-05-03,98.1230010986328,98.1230010986328,98.22000122070312,96.8000030517578,97.4499969482422,127632000,0.03242811755501651,94.24329986572265,89.31925994873046,0.011725699588571609,97.52749633789062
2019-05-06,97.52749633789062,97.52749633789062,97.9499969482422,95.5250015258789,95.89900207519533,108356000,-0.006068961956672836,94.52647476196287,89.63824981689453,0.011829722529082242,96.0500030517578
2019-05-07,96.0500030517578,96.0500030517578,97.45500183105467,95.16899871826172,96.99949645996094,118042000,-0.015149504925400237,94.70432510375976,89.92624984741211,0.012464730225089628,95.88849639892578
2019-05-08,95.88849639892578,95.88849639892578,96.76850128173828,95.5,95.94349670410156,81572000,-0.0016814851400367425,94.90914993286131,90.20761978149415,0.012295766914843742,94.99349975585938
2019-05-09,94.99349975585938,94.99349975585938,95.47000122070312,93.8000030517578,95.0,106166000,-0.009333722778829934,95.04049987792968,90.4663998413086,0.012520911250998825,94.4990005493164
2019-05-10,94.4990005493164,94.4990005493164,95.1894989013672,92.8000030517578,94.9000015258789,114360000,-0.005205610992477072,95.1552749633789,90.71654983520507,0.012591239283728937,91.13400268554688
2019-05-13,91.13400268554688,91.13400268554688,92.3270034790039,90.9000015258789,91.8280029296875,115668000,-0.035608819608768605,95.10432510375975,90.8674998474121,0.015061224058847108,92.00599670410156
2019-05-14,92.00599670410156,92.00599670410156,92.62200164794922,90.7874984741211,91.9749984741211,92582000,0.009568262041155462,95.09244995117186,91.01144973754883,0.01522561376436942,93.55750274658205
2019-05-15,93.55750274658205,93.55750274658205,93.72149658203124,91.1500015258789,91.39749908447266,93852000,0.01686309695084609,95.11272506713865,91.19016983032226,0.015542361020423499,95.37850189208984
2019-05-16,95.37850189208984,95.37850189208984,95.87550354003906,94.114501953125,94.2969970703125,94156000,0.019463956305463936,95.2196002960205,91.42878982543945,0.01612167053240444,93.4499969482422
2019-05-17,93.4499969482422,93.4499969482422,95.52649688720705,93.3665008544922,94.65249633789062,94732000,-0.020219492921261573,95.2378749847412,91.67183975219727,0.01681744085491606,92.94850158691406
2019-05-20,92.94850158691406,92.94850158691406,93.38899993896484,91.7770004272461,92.6344985961914,75964000,-0.005366456690265031,95.16702499389648,91.910009765625,0.01655525388214846,92.8759994506836
2019-05-21,92.8759994506836,92.8759994506836,93.9499969482422,92.3000030517578,93.739501953125,80102000,-0.0007800247985996211,95.00139999389647,92.09690979003906,0.015876972261008083,92.98400115966795
2019-05-22,92.98400115966795,92.98400115966795,93.57450103759766,92.5500030517578,92.58899688720705,58732000,0.0011628591845378455,94.89622497558592,92.28348983764648,0.015716246554053848,90.77400207519533
2019-05-23,90.77400207519533,90.77400207519533,92.1999969482422,90.20999908447266,91.82949829101562,88486000,-0.023767519755121258,94.6792999267578,92.40815994262695,0.01651293862781607,91.16400146484376
2019-05-24,91.16400146484376,91.16400146484376,92.08799743652344,90.89250183105467,91.79450225830078,67394000,0.004296377605180091,94.36092491149903,92.54522003173828,0.015281658253959524,91.82150268554688
2019-05-28,91.82150268554688,91.82150268554688,92.4635009765625,91.36750030517578,91.6374969482422,64000000,0.007212290050219838,94.10592498779297,92.6692901611328,0.015438608522542753,90.95950317382812
2019-05-29,90.95950317382812,90.95950317382812,91.5,90.37650299072266,91.15599822998048,85580000,-0.009387773958249856,93.83760032653808,92.74633026123047,0.015494890738195707,90.81600189208984
2019-05-30,90.81600189208984,90.81600189208984,91.47350311279295,90.3915023803711,91.27449798583984,62938000,-0.001577639243082074,93.59960060119629,92.80080032348633,0.015450771423231738,88.75350189208984
2019-05-31,88.75350189208984,88.75350189208984,89.77950286865234,88.63500213623047,89.50050354003906,92376000,-0.022710755340790256,93.28522567749023,92.77860031127929,0.016095400886575684,84.6344985961914
2019-06-03,84.6344985961914,84.6344985961914,88.31449890136719,83.5999984741211,88.00050354003906,181974000,-0.04640947352034053,92.61080055236816,92.65203033447266,0.01653452255216106,86.47799682617188
2019-06-04,86.47799682617188,86.47799682617188,86.54100036621094,84.04450225830078,84.96199798583984,113582000,0.02178187690076805,92.05832557678222,92.61682022094726,0.01776492024698545,86.92500305175781
2019-06-05,86.92500305175781,86.92500305175781,87.5999984741211,85.76249694824219,87.4800033569336,84796000,0.005169016882808464,91.60207557678223,92.58106033325195,0.017785632271264274,87.71800231933594
2019-06-06,87.71800231933594,87.71800231933594,88.0,86.30650329589844,86.885498046875,73786000,0.009122798271355315,91.19355087280273,92.5516603088379,0.018048329693316326,90.20149993896484
2019-06-07,90.20149993896484,90.20149993896484,90.3125,87.97450256347656,88.18499755859375,96164000,0.02831229113708922,90.95395088195801,92.589990234375,0.019406232426342443,93.03150177001952
2019-06-10,93.03150177001952,93.03150177001952,94.24349975585938,90.9000015258789,91.0999984741211,107420000,0.03137422141504964,90.88057594299316,92.67720031738281,0.020801888838801137,93.18499755859376
2019-06-11,93.18499755859376,93.18499755859376,94.68499755859376,92.9000015258789,94.1624984741211,80854000,0.001649933470424969,90.98312568664551,92.76015029907227,0.019097847042692732,92.76599884033205
2019-06-12,92.76599884033205,92.76599884033205,93.25,92.21900177001952,92.6989974975586,53566000,-0.004496418192190821,91.02112579345705,92.80128021240235,0.01903574260249611,93.51499938964844
2019-06-13,93.51499938964844,93.51499938964844,94.15450286865234,93.11100006103516,93.33599853515624,55916000,0.008074084887562893,91.01900062561036,92.85760025024415,0.018739308585818064,93.4834976196289
2019-06-14,93.4834976196289,93.4834976196289,93.8000030517578,92.9499969482422,93.1999969482422,57024000,-0.00033686328637261287,90.92425041198732,92.90657012939454,0.018179639792292018,94.30149841308594
2019-06-17,94.30149841308594,94.30149841308594,94.78450012207033,93.77249908447266,93.8249969482422,52686000,0.008750215966301989,90.9668254852295,92.97374008178711,0.017702530439715043,95.06849670410156
2019-06-18,95.06849670410156,95.06849670410156,96.08350372314452,94.989501953125,95.06749725341795,77914000,0.008133468756305495,91.07282524108888,93.03783004760743,0.01772027627997916,95.4394989013672
2019-06-19,95.4394989013672,95.4394989013672,95.97899627685548,94.62349700927734,95.39199829101562,57906000,0.0039024725343073108,91.20100021362306,93.09676010131835,0.017722578027322827,95.90950012207033
2019-06-20,95.90950012207033,95.90950012207033,96.76000213623048,95.29000091552734,96.66649627685548,64344000,0.004924598579345574,91.34727516174317,93.17911010742188,0.017738623107548906,95.56500244140624
2019-06-21,95.56500244140624,95.56500244140624,96.29750061035156,95.37899780273438,95.80500030517578,78672000,-0.0035919036198251986,91.58682518005372,93.24308013916016,0.016760760006583327,95.69499969482422
2019-06-24,95.69499969482422,95.69499969482422,95.84300231933594,95.06500244140624,95.63300323486328,45660000,0.0013603018897812014,91.81337509155273,93.31291015625,0.01675898878953975,93.91349792480467
2019-06-25,93.91349792480467,93.91349792480467,95.81950378417967,93.62100219726562,95.59200286865234,60246000,-0.01861645619625729,91.91797485351563,93.3481201171875,0.017366027405240847,94.8915023803711
2019-06-26,94.8915023803711,94.8915023803711,95.19000244140624,94.36599731445312,94.6240005493164,48838000,0.010413885939479117,92.11457481384278,93.40108016967774,0.017290643997590997,95.21399688720705
2019-06-27,95.21399688720705,95.21399688720705,95.56199645996094,94.9020004272461,95.0999984741211,42834000,0.0033985604479445097,92.33447456359863,93.44232009887695,0.01726828090964191,94.68150329589844
2019-06-28,94.68150329589844,94.68150329589844,95.64700317382812,94.1999969482422,95.45500183105467,60748000,-0.005592597818778855,92.63087463378906,93.47113021850586,0.016352339258931415,96.1094970703125
2019-07-01,96.1094970703125,96.1094970703125,96.49099731445312,95.73300170898438,96.14900207519533,63842000,0.015082077541072714,93.20462455749512,93.53163009643555,0.0115875715322348,96.71549987792967
2019-07-02,96.71549987792967,96.71549987792967,96.739501953125,95.3314971923828,95.96900177001952,52918000,0.006305337412949141,93.71649971008301,93.57863006591796,0.011011614298557515,96.9499969482422
2019-07-03,96.9499969482422,96.9499969482422,97.07949829101562,96.5250015258789,96.79450225830078,33806000,0.0024246069203850418,94.21774940490722,93.59386001586914,0.011035220191538095,97.14550018310548
2019-07-05,97.14550018310548,97.14550018310548,97.29499816894533,96.26499938964844,96.43000030517578,52568000,0.002016536782024403,94.6891242980957,93.63501998901367,0.011027842895467403,97.61599731445312
2019-07-08,97.61599731445312,97.61599731445312,97.8000030517578,96.4124984741211,96.70600128173828,57668000,0.004843221049465107,95.05984916687012,93.68508987426758,0.009591283604443689,99.41500091552734
2019-07-09,99.41500091552734,99.41500091552734,99.50050354003906,97.17400360107422,97.38999938964844,86914000,0.018429393240526393,95.37902412414552,93.72275985717773,0.007941786979904398,100.87049865722656
2019-07-10,100.87049865722656,100.87049865722656,101.24700164794922,99.7699966430664,99.82550048828124,98638000,0.014640624938845548,95.76329917907715,93.80173980712891,0.008317454653744472,100.05349731445312
2019-07-11,100.05349731445312,100.05349731445312,101.79000091552734,99.76499938964844,101.28099822998048,86356000,-0.008099507325226352,96.1276741027832,93.87628982543946,0.00854709646789835,100.5500030517578
2019-07-12,100.5500030517578,100.5500030517578,100.8499984741211,100.19349670410156,100.41349792480467,50186000,0.0049624026209122984,96.47942428588867,93.97576995849609,0.00849379752174554,101.04949951171876
2019-07-15,101.04949951171876,101.04949951171876,101.1449966430664,100.07749938964844,101.06999969482422,59626000,0.004967642414728246,96.85772438049317,94.09593994140624,0.008444854200084801,100.49500274658205
2019-07-16,100.49500274658205,100.49500274658205,101.31600189208984,100.06099700927734,100.52899932861328,52364000,-0.0054873776497271765,97.16739959716797,94.14337997436523,0.008615747185905052,99.60150146484376
2019-07-17,99.60150146484376,99.60150146484376,100.5999984741211,99.60150146484376,100.35250091552734,51176000,-0.008891002112726198,97.39404983520508,94.1848600769043,0.008939748292345305,98.8949966430664
2019-07-18,98.8949966430664,98.8949966430664,99.375,97.57749938964844,99.00050354003906,69738000,-0.007093314974039089,97.56682472229004,94.24175994873048,0.009175526614848552,98.22599792480467
2019-07-19,98.22599792480467,98.22599792480467,99.8000030517578,98.11150360107422,99.5605010986328,63712000,-0.006764737761974948,97.68264961242676,94.28850997924805,0.009338204419411788,99.28150177001952
2019-07-22,99.28150177001952,99.28150177001952,99.4499969482422,97.91300201416016,98.55699920654295,58000000,0.010745666804249376,97.86847457885742,94.37427001953125,0.009497101028778107,99.72450256347656
2019-07-23,99.72450256347656,99.72450256347656,99.8895034790039,98.65650177001952,99.79949951171876,54070000,0.004462067812826209,98.06994972229003,94.47878005981445,0.009512239440859147,100.04049682617188
2019-07-24,100.04049682617188,100.04049682617188,100.06500244140624,98.2935028076172,98.46499633789062,52626000,0.003168672237739978,98.3762996673584,94.65690994262695,0.008166336192817428,98.69100189208984
2019-07-25,98.69100189208984,98.69100189208984,100.05999755859376,98.63600158691406,100.0500030517578,82730000,-0.013489486526910066,98.56627464294434,94.79061004638672,0.008780540610601831,97.15249633789062
2019-07-26,97.15249633789062,97.15249633789062,97.54499816894533,96.22550201416016,97.0999984741211,98542000,-0.015589116785757695,98.66319961547852,94.8625099182129,0.009608957160529136,95.62249755859376
2019-07-29,95.62249755859376,95.62249755859376,96.61150360107422,94.5270004272461,96.5,89864000,-0.015748424764872926,98.71024932861329,94.86738983154297,0.01022704560339032,94.92649841308594
2019-07-30,94.92649841308594,94.92649841308594,95.49449920654295,94.17400360107422,94.55599975585938,58218000,-0.007278612913047433,98.65109939575196,94.89691986083984,0.00976596165706123,93.33899688720705
2019-07-31,93.33899688720705,93.33899688720705,94.97750091552734,92.47200012207033,94.90550231933594,89414000,-0.016723481350493508,98.48227424621582,94.9047297668457,0.010257425675095681,92.76599884033205
2019-08-01,92.76599884033205,92.76599884033205,94.89600372314452,92.20050048828124,93.58599853515624,94266000,-0.006138892274227259,98.27307434082032,94.90252975463868,0.010253815103938012,91.16200256347656
2019-08-02,91.16200256347656,91.16200256347656,92.31800079345705,90.4010009765625,92.25350189208984,99124000,-0.01729077783786137,97.97389945983886,94.86608978271484,0.010737998202791772,88.25650024414062
2019-08-05,88.25650024414062,88.25650024414062,89.43350219726562,87.43900299072266,88.51100158691406,121164000,-0.03187185710749196,97.50592460632325,94.81573974609375,0.012326129047652973,89.3915023803711
2019-08-06,89.3915023803711,89.3915023803711,89.6884994506836,87.66999816894531,89.61150360107422,101406000,0.01286026675758456,97.00474967956544,94.7802897644043,0.011822690751027912,89.66999816894531
2019-08-07,89.66999816894531,89.66999816894531,89.94650268554688,87.8499984741211,88.69950103759766,90538000,0.0031154615501278737,96.44472465515136,94.73725967407226,0.011059265125039406,91.64450073242188
2019-08-08,91.64450073242188,91.64450073242188,91.71299743652344,89.90550231933594,90.3000030517578,74024000,0.022019656560675394,96.0242748260498,94.75095962524414,0.012665083243266026,90.37899780273438
2019-08-09,90.37899780273438,90.37899780273438,91.55449676513672,90.11100006103516,91.44750213623048,57596000,-0.013808825620453047,95.51572456359864,94.74221954345703,0.012637803723373597,89.24600219726562
2019-08-12,89.24600219726562,89.24600219726562,90.04900360107422,88.8499984741211,89.79949951171875,58110000,-0.0125360496687702,94.92554969787598,94.75206954956055,0.012498886580243595,91.21700286865234
2019-08-13,91.21700286865234,91.21700286865234,91.58699798583984,89.0,89.1500015258789,79880000,0.022085030397553274,94.46164970397949,94.88371963500977,0.014002194970418718,88.14800262451172
2019-08-14,88.14800262451172,88.14800262451172,89.78250122070312,87.86100006103516,89.65049743652344,97872000,-0.033645045853565536,93.88897476196288,94.91711975097657,0.015411684480522252,88.80599975585938
2019-08-15,88.80599975585938,88.80599975585938,89.4000015258789,88.0979995727539,89.09950256347656,75182000,0.007464685662255555,93.38452491760253,94.9547396850586,0.015697284115698356,89.62850189208984
2019-08-16,89.62850189208984,89.62850189208984,90.14550018310548,89.22750091552734,89.64450073242188,60360000,0.009261785673171152,92.9546501159668,94.99294967651367,0.016021509963852442,90.80599975585938
2019-08-19,90.80599975585938,90.80599975585938,91.3000030517578,90.63050079345705,90.90399932861328,56326000,0.013137538159314621,92.53087501525879,95.00503967285157,0.01614930176572692,90.06900024414062
2019-08-20,90.06900024414062,90.06900024414062,90.84100341796876,89.99400329589844,90.7249984741211,38590000,-0.008116198419710674,92.048099899292,94.94578964233398,0.016033504190303666,91.177001953125
2019-08-21,91.177001953125,91.177001953125,91.47899627685548,90.75,90.96949768066406,40636000,0.012301698764070057,91.60492515563965,94.9056297302246,0.01640289205651285,90.23300170898438
2019-08-22,90.23300170898438,90.23300170898438,91.47049713134766,90.00499725341797,91.4000015258789,53070000,-0.010353490725939274,91.18202514648438,94.85496978759765,0.0163272460648422,87.48100280761719
2019-08-23,87.48100280761719,87.48100280761719,90.24500274658205,87.2614974975586,89.65149688720703,105416000,-0.030498806969126657,90.69845046997071,94.73428985595703,0.017185588280731603,88.44349670410156
2019-08-26,88.44349670410156,88.44349670410156,88.5,87.17549896240234,88.34549713134766,61600000,0.011002318967479496,90.3395004272461,94.63348983764648,0.01735242990736308,88.09149932861328
2019-08-27,88.09149932861328,88.09149932861328,88.97000122070312,87.33399963378906,88.7864990234375,60394000,-0.003979912470737479,89.99775047302246,94.50928985595704,0.017332797955758497,88.2125015258789
2019-08-28,88.2125015258789,88.2125015258789,88.39299774169922,87.20249938964844,87.75,48394000,0.0013735967509673763,89.74142570495606,94.37216995239258,0.01708140193515406,89.31999969482422
2019-08-29,89.31999969482422,89.31999969482422,89.92749786376953,88.86250305175781,89.1500015258789,60302000,0.012554889043934425,89.56912574768066,94.24977996826172,0.017390877664333754,88.81449890136719
2019-08-30,88.81449890136719,88.81449890136719,89.98699951171875,88.22850036621094,89.87449645996094,61174000,-0.005659435682760394,89.45175056457519,94.10787994384765,0.01703452383348544,89.49199676513672
2019-09-03,89.49199676513672,89.49199676513672,90.04000091552734,88.4000015258789,88.5,70860000,0.007628234940805445,89.513525390625,93.98641983032226,0.015508390306876547,90.03099822998047
2019-09-04,90.03099822998047,90.03099822998047,90.38150024414062,89.8115005493164,90.25,46482000,0.006022901313268436,89.54550018310547,93.87313980102539,0.015302779622494019,92.03600311279295
2019-09-05,92.03600311279295,92.03600311279295,92.0999984741211,90.77899932861328,91.09750366210938,66216000,0.022270161635782104,89.66380043029785,93.83558990478515,0.016057933070069478,91.67549896240234
2019-09-06,91.67549896240234,91.67549896240234,92.03250122070312,91.31999969482422,91.91100311279295,49938000,-0.00391699050586547,89.66535034179688,93.77126983642579,0.015338483976994182,91.56749725341795
2019-09-09,91.56749725341795,91.56749725341795,92.5,91.23049926757812,92.0500030517578,59990000,-0.0011780869502404645,89.72477531433105,93.69833984375,0.01499047281019775,91.02749633789062
2019-09-10,91.02749633789062,91.02749633789062,91.29049682617188,90.26699829101562,91.1374969482422,52278000,-0.005897299060526384,89.8138500213623,93.62525970458984,0.014752144845076118,91.14949798583984
2019-09-11,91.14949798583984,91.14949798583984,91.6709976196289,90.4540023803711,90.60700225830078,48656000,0.0013402724765312346,89.81047477722169,93.52605972290038,0.013903356838490605,92.17749786376952
2019-09-12,92.17749786376952,92.17749786376952,92.68299865722656,91.71399688720705,91.88150024414062,56470000,0.011278173776550826,90.01194953918457,93.43529968261718,0.011612306256308234,91.96700286865234
2019-09-13,91.96700286865234,91.96700286865234,92.30599975585938,91.7584991455078,92.10050201416016,39426000,-0.0022835833039021036,90.16999969482421,93.3356398010254,0.01158875685846872,90.39199829101562
2019-09-16,90.39199829101562,90.39199829101562,91.28450012207033,90.01000213623047,91.20099639892578,73510000,-0.01712575737502442,90.2081745147705,93.2005697631836,0.012183113200460269,91.12750244140624
2019-09-17,91.12750244140624,91.12750244140624,91.19950103759766,90.20500183105467,90.35399627685548,39648000,0.008136828085409276,90.22424964904785,93.07079986572266,0.011959251473590123,90.8730010986328
2019-09-18,90.8730010986328,90.8730010986328,91.10299682617188,89.7750015258789,90.85199737548828,50112000,-0.0027928049815375555,90.26444969177246,92.89995986938476,0.011821817860771834,91.0749969482422
2019-09-19,91.0749969482422,91.0749969482422,91.62850189208984,90.8949966430664,91.0510025024414,40630000,0.002222836785044313,90.25934944152831,92.70404983520508,0.011503284974041237,89.70800018310547
2019-09-20,89.70800018310547,89.70800018310547,91.53150177001952,89.0459976196289,91.08550262451172,106838000,-0.01500957245064305,90.23309936523438,92.49713989257812,0.011768068632962392,89.26499938964844
2019-09-23,89.26499938964844,89.26499938964844,89.63500213623047,88.36599731445312,88.8499984741211,58446000,-0.004938252915601793,90.32229919433594,92.27143981933594,0.009471109479654417,87.08049774169922
2019-09-24,87.08049774169922,87.08049774169922,89.7854995727539,86.77749633789062,89.53050231933594,92320000,-0.024472096150627953,90.25414924621582,91.99205978393555,0.010745661372892323,88.41649627685547
2019-09-25,88.41649627685547,88.41649627685547,88.6500015258789,86.1500015258789,87.36799621582031,69864000,0.015342109540061655,90.27039909362793,91.75048965454101,0.011291969371901816,86.99199676513672
2019-09-26,86.99199676513672,86.99199676513672,88.16850280761719,86.57499694824219,88.1395034790039,70736000,-0.01611124135996367,90.20937385559083,91.49829956054687,0.011862419698158336,86.27249908447266
2019-09-27,86.27249908447266,86.27249908447266,87.45600128173828,85.69100189208984,87.4000015258789,78144000,-0.008270849128875435,90.05699882507324,91.245849609375,0.01155422509715239,86.79550170898438
2019-09-30,86.79550170898438,86.79550170898438,86.87300109863281,85.46099853515625,86.34950256347656,52894000,0.006062217161457495,89.9560489654541,91.0172396850586,0.011638233048966513,86.78250122070312
2019-10-01,86.78250122070312,86.78250122070312,87.77999877929688,86.42050170898438,87.30000305175781,61690000,-0.00014978297291068365,89.82057418823243,90.76725967407226,0.01146035682489498,85.6614990234375
2019-10-02,85.6614990234375,85.6614990234375,86.44450378417969,85.25,86.38700103759766,66022000,-0.01291737598591125,89.60209922790527,90.48599960327148,0.011590113314004582,86.22100067138672
2019-10-03,86.22100067138672,86.22100067138672,86.25,84.25299835205078,85.6500015258789,69364000,0.0065315416415505645,89.31134910583496,90.20960968017579,0.010286442672578031,86.98249816894531
2019-10-04,86.98249816894531,86.98249816894531,87.02899932861328,85.96150207519531,86.3010025024414,49438000,0.008831925999802426,89.0766990661621,89.9754396057129,0.010629463637650407,86.63300323486328
2019-10-07,86.63300323486328,86.63300323486328,87.3915023803711,86.18499755859375,86.58149719238281,43094000,-0.00401799145160453,88.82997436523438,89.76504974365234,0.010628858990347219,85.27549743652344
2019-10-08,85.27549743652344,85.27549743652344,86.3499984741211,85.25,86.12449645996094,50840000,-0.01566961490022023,88.54237442016601,89.55810974121094,0.011001096322295636,86.09950256347656
2019-10-09,86.09950256347656,86.09950256347656,86.49749755859375,85.71800231933594,85.98049926757812,40870000,0.009662859223618092,88.28987464904785,89.38156982421874,0.011334263192521028,86.01300048828125
2019-10-10,86.01300048828125,86.01300048828125,86.91449737548828,85.6875,86.26200103759766,51504000,-0.0010046756673366408,87.98164978027344,89.23504989624024,0.010854807211834233,86.59600067138672
2019-10-11,86.59600067138672,86.59600067138672,87.27249908447266,86.49299621582031,87.14600372314453,65100000,0.006778047269550891,87.71309967041016,89.11164993286133,0.011090361729604294,86.82150268554688
2019-10-14,86.82150268554688,86.82150268554688,87.09449768066406,86.0999984741211,86.44550323486328,38204000,0.002604069615361304,87.53457489013672,89.02483993530274,0.010630602095428167,88.36900329589844
2019-10-15,88.36900329589844,88.36900329589844,88.82250213623047,87.03099822998047,87.10700225830078,62234000,0.017823932579885904,87.39664993286132,89.02708999633789,0.011313552097012783,88.87149810791016
2019-10-16,88.87149810791016,88.87149810791016,89.31199645996094,88.5260009765625,88.66649627685547,55268000,0.005686324313618707,87.2965747833252,89.01668991088867,0.011419930536497301,89.3740005493164
2019-10-17,89.3740005493164,89.3740005493164,89.94249725341797,89.10099792480469,89.82450103759766,52948000,0.005654258700535264,87.2115249633789,89.0107699584961,0.011497216359183238,87.87550354003906
2019-10-18,87.87550354003906,87.87550354003906,89.6989974975586,87.45999908447266,89.38999938964844,67250000,-0.016766587598934568,87.11990013122559,88.93539001464843,0.011616958952708933,89.28299713134766
2019-10-21,89.28299713134766,89.28299713134766,89.29399871826172,88.25,88.48300170898438,42608000,0.01601690499181374,87.12080001831055,88.9134700012207,0.012171687801606223,88.2864990234375
2019-10-22,88.2864990234375,88.2864990234375,89.48899841308594,88.0999984741211,89.40750122070312,42234000,-0.011161118465189634,87.18110008239746,88.89427993774414,0.011072795739495694,88.1084976196289
2019-10-23,88.1084976196289,88.1084976196289,88.50250244140625,87.0999984741211,88.06500244140625,42764000,-0.0020161792094772757,87.16570014953614,88.83210983276368,0.010535792662675224,89.03900146484375
2019-10-24,89.03900146484375,89.03900146484375,89.41699981689453,88.01349639892578,88.55449676513672,88922000,0.010560886524610735,87.26805038452149,88.84992980957031,0.010083691737804408,88.06649780273438
2019-10-25,88.06649780273438,88.06649780273438,88.21050262451172,84.75,84.87750244140625,192528000,-0.010922221117825037,87.35775032043458,88.83513977050781,0.01023127050799246,88.85399627685547
2019-10-28,88.85399627685547,88.85399627685547,88.93499755859375,87.125,87.40299987792969,74178000,0.008942089145920873,87.46067504882812,88.81964965820312,0.010324926214595088,88.135498046875
2019-10-29,88.135498046875,88.135498046875,88.8499984741211,87.79049682617188,88.7405014038086,45538000,-0.008086279290598686,87.52832489013672,88.76623962402344,0.01053093803571174,88.99949645996094
2019-10-30,88.99949645996094,88.99949645996094,89.11900329589844,87.95600128173828,88.01200103759766,48988000,0.009803069503577566,87.69522476196289,88.74484954833984,0.010190254358247297,88.83300018310547
2019-10-31,88.83300018310547,88.83300018310547,89.5999984741211,88.5739974975586,88.79949951171875,55624000,-0.0018707552680410355,87.82582473754883,88.69796951293945,0.010165144812166987,89.5719985961914
2019-11-01,89.5719985961914,89.5719985961914,89.87249755859375,89.260498046875,89.40049743652344,55808000,0.008318962677863917,87.95529975891114,88.6847494506836,0.010146414239110287,90.23300170898438
2019-11-04,90.23300170898438,90.23300170898438,90.75299835205078,90.05049896240234,90.05049896240234,55438000,0.007379573116068405,88.13529968261719,88.73978942871094,0.010139261121248567,90.08550262451172
2019-11-05,90.08550262451172,90.08550262451172,90.5124969482422,89.69999694824219,90.45800018310548,37710000,-0.0016346467664720699,88.3757999420166,88.77262954711914,0.009296295326043933,89.78849792480469
2019-11-06,89.78849792480469,89.78849792480469,90.125,89.42900085449219,90.05000305175781,40596000,-0.003296920048778351,88.56024971008301,88.80656951904297,0.009243423927097016,89.41000366210938
2019-11-07,89.41000366210938,89.41000366210938,90.29499816894533,89.17400360107422,90.18800354003906,53022000,-0.004215398090435696,88.73009986877442,88.83051956176757,0.009328412454499143,89.29399871826172
2019-11-08,89.29399871826172,89.29399871826172,89.49400329589844,88.7020034790039,89.39450073242188,42466000,-0.0012974492684962868,88.86499977111816,88.82999954223632,0.009284464750765388,88.5824966430664
2019-11-11,88.5824966430664,88.5824966430664,89.0,88.35649871826172,88.9000015258789,38920000,-0.007968083918385438,88.95304946899414,88.82535949707031,0.009520811491418504,88.9000015258789
2019-11-12,88.9000015258789,88.9000015258789,89.31099700927734,88.59549713134766,88.73300170898438,40752000,0.003584284648149527,88.97959938049317,88.81351959228516,0.0086970046308555,87.65550231933594
2019-11-13,87.65550231933594,87.65550231933594,88.75,87.36599731445312,88.66950225830078,59790000,-0.013998865975055064,88.91879959106446,88.76600967407227,0.009161098242980443,87.7300033569336
2019-11-14,87.7300033569336,87.7300033569336,88.32949829101562,87.47799682617188,87.57150268554688,45296000,0.0008499299602007238,88.83659973144532,88.67988967895508,0.009049434397654602,86.97450256347656
2019-11-15,86.97450256347656,86.97450256347656,88.08399963378906,86.64299774169922,88.00250244140625,78552000,-0.00861165809356279,88.79154968261719,88.58586975097656,0.008460958440094014,87.62650299072266
2019-11-18,87.62650299072266,87.62650299072266,87.68499755859375,86.135498046875,86.91500091552734,56790000,0.007496454800304697,88.70872497558594,88.50704986572265,0.007773078532401795,87.6395034790039
2019-11-19,87.6395034790039,87.6395034790039,88.03399658203125,87.15149688720703,87.84950256347656,45416000,0.00014836251405148104,88.67637519836425,88.43929000854492,0.007389789419361592,87.27649688720703
2019-11-20,87.27649688720703,87.27649688720703,88.1259994506836,86.70600128173828,87.45700073242188,55800000,-0.004142042998724227,88.63477516174316,88.36182998657226,0.007430319634599469,86.7354965209961
2019-11-21,86.7354965209961,86.7354965209961,87.34349822998047,86.51799774169922,87.1500015258789,53258000,-0.006198694786181735,88.51959991455078,88.2529899597168,0.007059196654805597,87.28600311279297
2019-11-22,87.28600311279297,87.28600311279297,87.32150268554688,86.55000305175781,86.95099639892578,49582000,0.0063469584412145785,88.4805751800537,88.1593699645996,0.006872169117982254,88.69200134277344
2019-11-25,88.69200134277344,88.69200134277344,88.87100219726562,87.66200256347656,87.6624984741211,69724000,0.016107946060534006,88.47247543334962,88.12537002563477,0.007540420539551055,89.84700012207031
2019-11-26,89.84700012207031,89.84700012207031,89.85150146484375,88.9175033569336,88.99600219726562,63624000,0.013022581087476892,88.55805053710938,88.09975997924805,0.007830219545883123,90.92549896240234
2019-11-27,90.92549896240234,90.92549896240234,91.2249984741211,89.8655014038086,90.05000305175781,60512000,0.01200372676735717,88.65435066223145,88.10080993652343,0.0079746937508819,90.04000091552734
2019-11-29,90.04000091552734,90.04000091552734,91.2344970703125,90.03949737548828,90.88899993896484,38468000,-0.009738720787676458,88.71470069885254,88.08011001586914,0.008315791562392203,89.08000183105469
2019-12-02,89.08000183105469,89.08000183105469,90.27749633789062,88.13400268554688,90.22000122070312,78512000,-0.01066191775556835,88.6901008605957,88.06755004882812,0.008482871157677922,88.49800109863281
2019-12-03,88.49800109863281,88.49800109863281,88.64350128173828,87.36150360107422,88.0,67618000,-0.006533461163659049,88.60335083007813,88.05221008300781,0.008395048325998416,88.03450012207031
2019-12-04,88.03450012207031,88.03450012207031,89.45449829101562,88.01100158691406,88.70050048828125,53402000,-0.005237417464897476,88.50080070495605,88.07129013061524,0.008449287208098044,87.02400207519531
2019-12-05,87.02400207519531,87.02400207519531,88.17500305175781,87.0,88.17500305175781,56476000,-0.011478432267733929,88.36257591247559,88.04344024658204,0.008752980504162103,87.58000183105469
2019-12-06,87.58000183105469,87.58000183105469,87.72000122070312,87.00650024414062,87.55999755859375,62348000,0.006389039145533015,88.27107582092285,88.0552003479004,0.008901427968180357,87.47550201416016
2019-12-09,87.47550201416016,87.47550201416016,88.34449768066406,87.28050231933594,87.53299713134766,48856000,-0.0011931926776630464,88.18015098571777,88.07926040649414,0.008901272590655677,86.96050262451172
2019-12-10,86.96050262451172,86.96050262451172,87.53350067138672,86.75,87.37000274658203,50286000,-0.005887355634324631,88.09905128479004,88.08256042480468,0.008827281675958828,87.43599700927734
2019-12-11,87.43599700927734,87.43599700927734,87.5,86.7854995727539,87.08350372314453,41952000,0.005467935101741261,88.02585105895996,88.09563034057618,0.008887339082898824,88.0165023803711
2019-12-12,88.0165023803711,88.0165023803711,88.19999694824219,87.27200317382812,87.5,61918000,0.00663920342821922,88.04390106201171,88.14273040771485,0.008461163034973596,88.0469970703125
2019-12-13,88.0469970703125,88.0469970703125,88.44950103759766,87.75,88.25,54914000,0.00034646559584494696,88.05975074768067,88.17925033569335,0.008460000072133747,88.46050262451172
2019-12-16,88.46050262451172,88.46050262451172,88.4749984741211,87.85250091552734,88.3499984741211,62904000,0.0046964185941400505,88.13405075073243,88.20881042480468,0.008250031331515565,89.53299713134766
2019-12-17,89.53299713134766,89.53299713134766,89.5999984741211,88.86949920654297,88.90049743652344,72888000,0.012123992912275838,88.22937545776367,88.26681030273437,0.00850628053618758,89.20149993896484
2019-12-18,89.20149993896484,89.20149993896484,89.91000366210938,89.11799621582031,89.7509994506836,67028000,-0.00370251419034362,88.30747528076172,88.34533035278321,0.008572543947372852,89.61399841308594
2019-12-19,89.61399841308594,89.61399841308594,89.64949798583984,88.7030029296875,89.0250015258789,53056000,0.004624344595139496,88.42435035705566,88.41562026977539,0.008524154356677173,89.32499694824219
2019-12-20,89.32499694824219,89.32499694824219,90.14849853515624,89.12249755859375,89.98100280761719,103016000,-0.0032249589345579865,88.55382537841797,88.48186019897462,0.008410605871954678,89.6500015258789
2019-12-23,89.6500015258789,89.6500015258789,89.6500015258789,89.22550201416016,89.41300201416016,42728000,0.0036384504756830083,88.67202529907226,88.54294021606445,0.008350136028621306,89.46050262451172
2019-12-24,89.46050262451172,89.46050262451172,89.77850341796875,89.37899780273438,89.69049835205078,17626000,-0.00211376350409187,88.71045036315918,88.59572021484375,0.007619582001987271,93.4384994506836
2019-12-26,93.4384994506836,93.4384994506836,93.52300262451172,89.9749984741211,90.05049896240234,120108000,0.04446651549531899,88.89002532958985,88.69711013793945,0.012209752436169357,93.48999786376952
2019-12-27,93.48999786376952,93.48999786376952,95.06999969482422,93.30049896240234,94.14600372314452,123732000,0.0005511476895356804,89.0182502746582,88.78948013305664,0.011983902871267839,92.34449768066406
2019-12-30,92.34449768066406,92.34449768066406,94.1999969482422,92.03099822998048,93.6999969482422,73494000,-0.012252649580489217,89.13347511291504,88.8488900756836,0.012119942151208426,92.39199829101562
2019-12-31,92.39199829101562,92.39199829101562,92.66300201416016,91.61150360107422,92.0999984741211,50130000,0.0005143848474418178,89.29907493591308,88.93921997070312,0.011790977710670397,94.90049743652344
2020-01-02,94.90049743652344,94.90049743652344,94.90049743652344,93.2074966430664,93.75,80580000,0.02715061035487687,89.61919975280762,89.05156997680665,0.012879632669896713,93.74849700927734
2020-01-03,93.74849700927734,93.74849700927734,94.30999755859376,93.2249984741211,93.2249984741211,75288000,-0.012139034655920922,89.90489959716797,89.16080993652344,0.01321625188050827,95.1439971923828
2020-01-06,95.1439971923828,95.1439971923828,95.18450164794922,93.0,93.0,81236000,0.01488557393050649,90.31089935302734,89.30151992797852,0.012984676317212037,95.34300231933594
2020-01-07,95.34300231933594,95.34300231933594,95.69450378417967,94.60199737548828,95.2249984741211,80898000,0.0020916204156395946,90.69904937744141,89.42759994506837,0.012988181683841608,94.59850311279295
2020-01-08,94.59850311279295,94.59850311279295,95.5500030517578,94.3219985961914,94.9020004272461,70160000,-0.007808640261289468,91.05519943237303,89.55824005126954,0.013218551885462986,95.05249786376952
2020-01-09,95.05249786376952,95.05249786376952,95.89099884033205,94.79000091552734,95.49449920654295,63346000,0.0047991747864684076,91.45979919433593,89.68221008300782,0.013012076474956386,94.15799713134766
2020-01-10,94.15799713134766,94.15799713134766,95.34700012207033,94.0,95.26850128173828,57074000,-0.009410596802031157,91.79589920043944,89.80266006469726,0.013376314638083222,94.56500244140624
2020-01-13,94.56500244140624,94.56500244140624,94.9000015258789,94.04000091552734,94.56549835205078,55616000,0.00432257824569926,92.1233242034912,89.91397018432617,0.013360398989010692,93.47200012207033
2020-01-14,93.47200012207033,93.47200012207033,94.35549926757812,92.92749786376952,94.29399871826172,68818000,-0.01155821171805238,92.39457435607909,90.00675018310547,0.01377538016114937,93.10099792480467
2020-01-15,93.10099792480467,93.10099792480467,93.94300079345705,92.75450134277344,93.6125030517578,57932000,-0.003969126548925228,92.62659912109373,90.07733016967774,0.013857984290014464,93.89700317382812
2020-01-16,93.89700317382812,93.89700317382812,94.27950286865234,93.3010025024414,94.14949798583984,53190000,0.00854991102959346,92.84479942321776,90.1506101989746,0.013752015317089876,93.23600006103516
2020-01-17,93.23600006103516,93.23600006103516,94.33200073242188,92.8625030517578,94.29450225830078,79946000,-0.00703966144232826,93.04652442932128,90.21362014770507,0.013850750362124537,94.5999984741211
2020-01-21,94.5999984741211,94.5999984741211,94.7135009765625,93.0,93.25,74156000,0.014629525206926841,93.29582443237304,90.3098501586914,0.01411709331515358,94.3730010986328
2020-01-22,94.3730010986328,94.3730010986328,95.125,94.16699981689452,94.80449676513672,64326000,-0.0023995494624705627,93.54822463989257,90.40911010742188,0.01409973577706642,94.22899627685548
2020-01-23,94.22899627685548,94.22899627685548,94.4990005493164,93.63800048828124,94.25550079345705,49692000,-0.0015259112256779117,93.7771743774414,90.50781005859375,0.014131700954282504,93.08200073242188
2020-01-24,93.08200073242188,93.08200073242188,94.74949645996094,92.37200164794922,94.56849670410156,75324000,-0.012172426638861866,93.9582492828369,90.59780014038085,0.014482444993868849,91.41699981689452
2020-01-27,91.41699981689452,91.41699981689452,92.0500030517578,90.76699829101562,91.0,70570000,-0.01788746376771222,93.85717430114745,90.64814010620117,0.011223322732069418,92.6624984741211
2020-01-28,92.6624984741211,92.6624984741211,92.90550231933594,91.5009994506836,92.0250015258789,56160000,0.01362436592451366,93.81579933166503,90.74828002929688,0.011691407828687725,92.9000015258789
2020-01-29,92.9000015258789,92.9000015258789,93.7375030517578,92.7509994506836,93.1999969482422,41760000,0.0025630978623367717,93.84357452392577,90.85167999267578,0.011364328759953154,93.53399658203124
2020-01-30,93.53399658203124,93.53399658203124,93.64350128173828,92.53050231933594,92.9000015258789,126548000,0.006824489189870775,93.90067443847656,90.98286987304688,0.011456033921507696,100.43599700927734
2020-01-31,100.43599700927734,100.43599700927734,102.78600311279295,100.1135025024414,102.57350158691406,311346000,0.07379135586484753,94.17744941711425,91.23905975341796,0.019234984177464783,100.20999908447266
2020-02-03,100.20999908447266,100.20999908447266,102.4250030517578,100.0124969482422,100.52999877929688,117834000,-0.0022501685803328897,94.50052452087401,91.49046966552734,0.01895010478691894,102.4834976196289
2020-02-04,102.4834976196289,102.4834976196289,102.98999786376952,100.76850128173828,101.49400329589844,105786000,0.022687342140775613,94.86749954223633,91.79460968017578,0.019274274676671768,101.99349975585938
2020-02-05,101.99349975585938,101.99349975585938,103.5510025024414,101.5999984741211,103.5510025024414,87524000,-0.004781236737139594,95.2000244140625,92.09976974487304,0.0193691186652501,102.5114974975586
2020-02-06,102.5114974975586,102.5114974975586,102.81500244140624,101.23999786376952,102.0510025024414,63660000,0.0050787328892443195,95.59567413330078,92.40427963256836,0.019184863645770628,103.96399688720705
2020-02-07,103.96399688720705,103.96399688720705,104.92649841308594,101.90499877929688,102.09950256347656,101906000,0.014169136390608683,96.04124908447265,92.70971954345703,0.019314395655405964,106.69550323486328
2020-02-10,106.69550323486328,106.69550323486328,106.77999877929688,104.2480010986328,104.25050354003906,101124000,0.026273579599096264,96.66812438964844,93.04668960571288,0.019592162801492088,107.54000091552734
2020-02-11,107.54000091552734,107.54000091552734,109.29750061035156,106.8000030517578,107.54499816894533,114920000,0.007915025985726132,97.31687431335449,93.37897964477538,0.0195881329995968,108.0
2020-02-12,108.0,108.0,109.0124969482422,107.7645034790039,108.16000366210938,66686000,0.004277469597884664,98.04327430725098,93.73817962646484,0.019129078566772872,107.49349975585938
2020-02-13,107.49349975585938,107.49349975585938,108.51399993896484,107.0999984741211,107.24949645996094,60636000,-0.00468981707537619,98.76289939880371,94.10644958496094,0.019152322648742223,106.74349975585938
2020-02-14,106.74349975585938,106.74349975585938,107.9520034790039,106.29450225830078,107.78399658203124,52124000,-0.006977166077050345,99.40522422790528,94.47135955810546,0.019415378469371223,107.78350067138672
2020-02-18,107.78350067138672,107.78350067138672,108.30349731445312,106.20549774169922,106.2509994506836,58912000,0.009742990607446878,100.13259925842286,94.86633956909179,0.019155528045515395,108.51100158691406
2020-02-19,108.51100158691406,108.51100158691406,109.25499725341795,108.05599975585938,108.38999938964844,51224000,0.006749650094826309,100.8281494140625,95.29607955932617,0.01908086269673129,107.65499877929688
2020-02-20,107.65499877929688,107.65499877929688,108.8395004272461,106.37249755859376,108.65350341796876,62626000,-0.007888626914309249,101.4922492980957,95.69757949829102,0.019262557903372862,104.79850006103516
2020-02-21,104.79850006103516,104.79850006103516,107.22750091552734,104.4000015258789,107.10749816894533,92926000,-0.026533823330561868,102.02072448730469,96.04403945922851,0.020595401212381365,100.4645004272461
2020-02-24,100.4645004272461,100.4645004272461,101.96499633789062,99.39849853515624,100.15899658203124,130940000,-0.04135555023463999,102.3898494720459,96.3141194152832,0.022828067890972484,98.63700103759766
2020-02-25,98.63700103759766,98.63700103759766,101.7300033569336,97.9209976196289,101.3209991455078,124382000,-0.018190498951138112,102.75084953308105,96.5381394958496,0.022843501871455684,98.97949981689452
2020-02-26,98.97949981689452,98.97949981689452,100.7334976196289,98.02249908447266,98.51399993896484,104492000,0.003472315416060745,103.06669960021972,96.75739944458007,0.022732111321017805,94.21499633789062
2020-02-27,94.21499633789062,94.21499633789062,98.75,94.13800048828124,96.71900177001952,162880000,-0.048136265467272565,103.13244934082032,96.88075942993164,0.025504990826787123,94.1875
2020-02-28,94.1875,94.1875,94.48799896240234,90.55650329589844,90.73149871826172,189620000,-0.0002918467224900523,103.16512451171874,96.99529937744141,0.025469203283410197,97.69750213623048
2020-03-02,97.69750213623048,97.69750213623048,97.72550201416016,93.5,95.32450103759766,135234000,0.03726611425327664,103.0281997680664,97.15858947753907,0.0208371276255468,95.44950103759766
2020-03-03,95.44950103759766,95.44950103759766,99.81649780273438,94.40450286865234,98.76850128173828,150690000,-0.023009811402324165,102.79017486572266,97.28354949951172,0.021402980953885695,98.79149627685548
2020-03-04,98.79149627685548,98.79149627685548,98.9000015258789,96.0999984741211,97.32849884033205,95458000,0.035013229015638414,102.60557479858399,97.46709945678711,0.022315661845254246,96.20149993896484
2020-03-05,96.20149993896484,96.20149993896484,98.03600311279295,95.5,96.6500015258789,94964000,-0.026216794314283698,102.31597480773925,97.60462951660156,0.022981572390585774,95.05449676513672
2020-03-06,95.05449676513672,95.05449676513672,95.5435028076172,93.4749984741211,93.75,105472000,-0.011922924014239333,101.94312477111816,97.71271942138672,0.022994435632250985,90.03050231933594
2020-03-09,90.03050231933594,90.03050231933594,93.13849639892578,88.06449890136719,88.69300079345703,156264000,-0.05285383245165354,101.2464500427246,97.7241194152832,0.025071371630347377,94.59100341796876
2020-03-10,94.59100341796876,94.59100341796876,94.7135009765625,90.90850067138672,93.54399871826172,142666000,0.05065506668458708,100.64122505187989,97.7471694946289,0.02726450126688868,91.04299926757812
2020-03-11,91.04299926757812,91.04299926757812,93.56600189208984,90.0749969482422,92.89250183105467,112496000,-0.037508896429749194,99.81637496948242,97.69822952270508,0.027958270972417716,83.83049774169922
2020-03-12,83.83049774169922,83.83049774169922,88.25,83.75,86.0989990234375,226924000,-0.07922082514747941,98.60789985656739,97.52794952392578,0.03198525379175426,89.25
2020-03-13,89.25,89.25,89.31549835205078,84.03099822998047,87.75,176194000,0.06464833687376514,97.69572486877442,97.46510955810547,0.03629728723236971,84.4574966430664
2020-03-16,84.4574966430664,84.4574966430664,87.97250366210938,81.30149841308594,82.07550048828125,178346000,-0.053697516604298,96.58142471313477,97.25624954223633,0.03766316684301553,90.39199829101562
2020-03-17,90.39199829101562,90.39199829101562,92.88899993896484,84.46199798583984,88.77349853515625,218342000,0.07026613247879654,95.71184959411622,97.18911956787109,0.041636375829572914,91.5
2020-03-18,91.5,91.5,92.08300018310548,87.25,87.5,192904000,0.012257741060410998,94.86129951477051,97.11623962402344,0.041756682408534515,94.04650115966795
2020-03-19,94.04650115966795,94.04650115966795,97.25,91.63249969482422,93.0,207998000,0.02783061376686291,94.18087463378906,97.09030960083008,0.042503684432272155,92.30449676513672
2020-03-20,92.30449676513672,92.30449676513672,97.8499984741211,91.0364990234375,96.31549835205078,196358000,-0.018522798541688812,93.55617446899414,97.04442947387696,0.042336182656839534,95.1415023803711
2020-03-23,95.1415023803711,95.1415023803711,95.97000122070312,90.5999984741211,91.3874969482422,156170000,0.030735291504301987,93.29002456665039,97.04620956420898,0.04218926127429815,97.00499725341795
2020-03-24,97.00499725341795,97.00499725341795,97.75,95.01699829101562,97.5749969482422,142942000,0.019586561347294085,93.2084243774414,97.10314956665039,0.042265772036890664,94.29199981689452
2020-03-25,94.29199981689452,94.29199981689452,97.51300048828124,94.28900146484376,96.03450012207033,129582000,-0.027967604900147047,92.9740493774414,97.09768951416015,0.04271282366734589,97.77449798583984
2020-03-26,97.77449798583984,97.77449798583984,97.82450103759766,94.4645004272461,95.0999984741211,124426000,0.03693312450375408,93.15202445983887,97.18373947143554,0.04206068132960553,95.00499725341795
2020-03-27,95.00499725341795,95.00499725341795,96.989501953125,94.99600219726562,96.54299926757812,107758000,-0.028325389436650306,93.19289932250976,97.22181945800781,0.04262886912385199,98.19750213623048
2020-03-30,98.19750213623048,98.19750213623048,98.68150329589844,95.61699676513672,96.1415023803711,122522000,0.03360354691971401,93.21789932250977,97.30782943725586,0.042473803925106926,97.48600006103516
2020-03-31,97.48600006103516,97.48600006103516,99.6510009765625,97.20050048828124,98.21749877929688,102472000,-0.007245622950859287,93.31972427368164,97.39282943725586,0.04214757955847973,95.38500213623048
2020-04-01,95.38500213623048,95.38500213623048,97.2480010986328,94.6500015258789,96.64849853515624,82438000,-0.021551791267353848,93.14939956665039,97.40852951049804,0.04170430978158705,95.94149780273438
2020-04-02,95.94149780273438,95.94149780273438,96.37650299072266,94.5,95.08200073242188,86720000,0.005834205106051149,93.13639945983887,97.43989944458008,0.0412951154542728,95.32949829101562
2020-04-03,95.32949829101562,95.32949829101562,96.31649780273438,94.4574966430664,95.55750274658205,72198000,-0.0063788821910731874,93.15014953613282,97.46190948486328,0.041224634219695355,99.87950134277344
2020-04-06,99.87950134277344,99.87950134277344,99.9260025024414,96.5009994506836,96.8000030517578,115464000,0.04772922477644714,93.6425994873047,97.59785949707032,0.04044278327328752,100.58000183105467
2020-04-07,100.58000183105467,100.58000183105467,101.78600311279295,99.88099670410156,100.85549926757812,102280000,0.007013456003121199,93.94204940795899,97.78111953735352,0.03905933186303938,102.1500015258789
2020-04-08,102.1500015258789,102.1500015258789,102.1999969482422,100.55750274658205,101.0500030517578,79546000,0.015609461784076961,94.49739952087403,97.97086959838867,0.037891018752800994,102.13800048828124
2020-04-09,102.13800048828124,102.13800048828124,102.6500015258789,100.88300323486328,102.21499633789062,92930000,-0.0001174844583299306,95.41277465820312,98.15562957763672,0.03217431598499986,108.44349670410156
2020-04-13,108.44349670410156,108.44349670410156,109.0,101.9000015258789,102.0,134334000,0.06173506614263302,96.3724494934082,98.45381958007812,0.03192144822010419,114.16600036621094
2020-04-14,114.16600036621094,114.16600036621094,114.5999984741211,109.3105010986328,110.02349853515624,161744000,0.052769449861283624,97.85787467956543,98.7284196472168,0.029476994799005958,115.38400268554688
2020-04-15,115.38400268554688,115.38400268554688,116.6685028076172,112.25,112.88400268554688,137332000,0.010668695718768717,99.10747489929199,99.03189971923828,0.02652316198627683,120.40950012207033
2020-04-16,120.40950012207033,120.40950012207033,123.0500030517578,116.75,117.3000030517578,240764000,0.043554542393708706,100.55294990539551,99.3904197692871,0.027409718075414143,118.75
2020-04-17,118.75,118.75,120.0,115.8010025024414,118.6165008544922,158600000,-0.013782136130354616,101.7881248474121,99.72554977416992,0.027893668893898264,119.68049621582033
2020-04-20,119.68049621582033,119.68049621582033,122.2490005493164,119.30249786376952,119.49749755859376,115414000,0.007835757606907912,103.15692481994628,100.06892974853515,0.02697862868542976,116.40599822998048
2020-04-21,116.40599822998048,116.40599822998048,121.41549682617188,113.98300170898438,120.83049774169922,149534000,-0.02736033095931456,104.22014961242675,100.31776977539063,0.028118742690604548,118.17449951171876
2020-04-22,118.17449951171876,118.17449951171876,119.6999969482422,117.5500030517578,118.4499969482422,84244000,0.015192527091639096,105.2786247253418,100.54734970092774,0.028061175805512054,119.97250366210938
2020-04-23,119.97250366210938,119.97250366210938,121.21099853515624,119.10399627685548,119.9990005493164,101332000,0.01521482348408254,106.56264991760254,100.79599975585937,0.02658526730919951,120.51100158691406
2020-04-24,120.51100158691406,120.51100158691406,121.02149963378906,119.0999984741211,120.8499984741211,76498000,0.004488511186874211,107.69947509765625,101.04621978759765,0.025995811160943946,118.8000030517578
2020-04-27,118.8000030517578,118.8000030517578,122.24400329589844,118.1500015258789,122.16000366210938,112912000,-0.01419786171076065,108.88922538757325,101.27234985351562,0.025050780530286528,115.7040023803711
2020-04-28,115.7040023803711,115.7040023803711,118.6750030517578,115.3000030517578,118.6050033569336,105388000,-0.02606061104255919,109.76455039978028,101.45155990600585,0.0258245119354547,118.635498046875
2020-04-29,118.635498046875,118.635498046875,119.59449768066406,115.5,116.50050354003906,91832000,0.02533616474965794,110.82202529907227,101.66859985351563,0.025803465235265093,123.6999969482422
2020-04-30,123.6999969482422,123.6999969482422,123.75,119.80049896240234,120.99199676513672,190692000,0.04268957423996422,112.23777503967285,101.97237976074219,0.025643925628387215,114.302001953125
2020-05-01,114.302001953125,114.302001953125,118.12200164794922,112.90950012207033,116.83999633789062,195452000,-0.07597409237648933,113.15580024719239,102.10531982421875,0.03251608278944411,115.79949951171876
2020-05-04,115.79949951171876,115.79949951171876,116.3489990234375,112.81900024414062,112.81900024414062,97318000,0.013101236487597978,114.17930030822754,102.32533981323242,0.0323128880698688,115.88999938964844
2020-05-05,115.88999938964844,115.88999938964844,117.5500030517578,115.35649871826172,117.0,64850000,0.0007815221854263754,114.97982521057129,102.63384979248048,0.031132299326475082,117.56300354003906
2020-05-06,117.56300354003906,117.56300354003906,117.87249755859376,116.0,116.47200012207033,62356000,0.014436139090531874,115.8289752960205,103.0123698425293,0.031165088140035088,118.38050079345705
2020-05-07,118.38050079345705,118.38050079345705,118.8000030517578,117.15550231933594,118.73899841308594,67928000,0.0069536948597912485,116.64050025939942,103.40038986206055,0.031118247674620552,118.98049926757812
2020-05-08,118.98049926757812,118.98049926757812,119.36199951171876,117.8499984741211,118.60700225830078,64132000,0.005068389389295769,117.48262519836426,103.8956999206543,0.031069815941122576,120.4499969482422
2020-05-11,120.4499969482422,120.4499969482422,120.9834976196289,118.60549926757812,118.73500061035156,65184000,0.012350743942999287,118.08295021057128,104.42094985961914,0.02843549604401883,117.84750366210938
2020-05-12,117.84750366210938,117.84750366210938,120.9499969482422,117.75,120.59249877929688,61498000,-0.021606420523622938,118.26702537536622,104.82394989013672,0.026763633077807037,118.39600372314452
2020-05-13,118.39600372314452,118.39600372314452,120.38500213623048,116.88999938964844,118.33999633789062,95658000,0.004654320575239179,118.4176254272461,105.28287994384766,0.02669402869527221,119.44249725341795
2020-05-14,119.44249725341795,119.44249725341795,119.56849670410156,117.6604995727539,118.05049896240234,72962000,0.008838926123896362,118.36927528381348,105.6958999633789,0.024892569603140246,120.48899841308594
2020-05-15,120.48899841308594,120.48899841308594,120.5500030517578,117.81849670410156,118.4260025024414,84700000,0.008761547889003518,118.45622520446777,106.18164993286133,0.024750506533602286,121.31300354003906
2020-05-18,121.31300354003906,121.31300354003906,121.6500015258789,119.20050048828124,120.21749877929688,87144000,0.006838841203809398,118.53785057067871,106.70682006835938,0.024737068916269863,122.46649932861328
2020-05-19,122.46649932861328,122.46649932861328,124.25,121.44850158691406,121.4915008544922,86410000,0.009508426590011165,118.84087562561035,107.35554000854492,0.0238729795816299,124.89700317382812
2020-05-20,124.89700317382812,124.89700317382812,125.00050354003906,123.3635025024414,123.89350128173828,79962000,0.019846275173532213,119.17700080871582,107.9616600036621,0.024022146207998543,122.33699798583984
2020-05-21,122.33699798583984,122.33699798583984,126.27249908447266,122.1269989013672,125.0,102288000,-0.02049693045417056,119.29522552490235,108.58753997802734,0.02439480409694507,121.84400177001952
2020-05-22,121.84400177001952,121.84400177001952,123.49250030517578,121.50650024414062,122.75050354003906,57342000,-0.004029821100215214,119.36187553405762,109.34781005859375,0.02440993601640199,121.09300231933594
2020-05-26,121.09300231933594,121.09300231933594,123.0999984741211,120.7030029296875,122.9000015258789,71364000,-0.0061636144559753525,119.47652549743653,109.98467010498047,0.02421476319138521,120.51950073242188
2020-05-27,120.51950073242188,120.51950073242188,120.6790008544922,116.5,120.24949645996094,101138000,-0.004736042347035618,119.71730041503906,110.70591018676758,0.023405262632678264,120.05500030517578
2020-05-28,120.05500030517578,120.05500030517578,121.84850311279295,118.9114990234375,119.21649932861328,63804000,-0.003854151605534595,119.7882755279541,111.29917022705078,0.022795877750302854,122.11849975585938
2020-05-29,122.11849975585938,122.11849975585938,122.11849975585938,119.91000366210938,120.7969970703125,70198000,0.017187950901155657,119.70920066833496,111.91154022216797,0.020972627108123115,123.552001953125
2020-06-01,123.552001953125,123.552001953125,123.84649658203124,122.20850372314452,122.4000015258789,58578000,0.011738616181262485,120.17170066833496,112.50165023803712,0.01126959783222977,123.62049865722656
2020-06-02,123.62049865722656,123.62049865722656,123.67649841308594,122.2655029296875,123.3499984741211,50598000,0.0005543957444538172,120.56275062561035,113.12797027587891,0.011081544907516061,123.91999816894533
2020-06-03,123.91999816894533,123.91999816894533,124.4000015258789,123.05850219726562,123.40049743652344,53420000,0.002422733405640143,120.9642505645752,113.70354019165039,0.011067735096803727,123.02999877929688
2020-06-04,123.02999877929688,123.02999877929688,125.3769989013672,122.50050354003906,123.87149810791016,58974000,-0.0071820481181340545,121.23760032653809,114.22404022216797,0.01098996887490308,124.1500015258789
2020-06-05,124.1500015258789,124.1500015258789,124.43250274658205,121.85649871826172,122.22550201416016,66128000,0.009103493113018724,121.52607536315918,114.82120025634765,0.011047903996675266,126.2030029296875
2020-06-08,126.2030029296875,126.2030029296875,126.5,124.36699676513672,125.01000213623048,79414000,0.016536458949464095,121.88720054626465,115.38977035522461,0.011480617318916602,130.04299926757812
2020-06-09,130.04299926757812,130.04299926757812,131.32150268554688,126.25,126.47200012207033,103520000,0.030427139202305886,122.36685066223144,116.09053039550781,0.012880556343440121,132.37249755859375
2020-06-10,132.37249755859375,132.37249755859375,136.11749267578125,131.31300354003906,132.25,98920000,0.017913292558120908,123.09310035705566,116.77403030395507,0.011739691616555397,127.89800262451172
2020-06-11,127.89800262451172,127.89800262451172,133.56900024414062,126.8115005493164,130.1750030517578,116002000,-0.03380230045218746,123.56820030212403,117.3822703552246,0.014723524885726485,127.2509994506836
2020-06-12,127.2509994506836,127.2509994506836,131.07400512695312,125.1675033569336,130.0605010986328,108722000,-0.005058743377937103,123.9586254119873,118.01959030151367,0.014809375319285693,128.63400268554688
2020-06-15,128.63400268554688,128.63400268554688,129.1999969482422,125.4000015258789,126.33000183105467,77302000,0.01086830941079775,124.36587562561036,118.67344039916992,0.014857862171755647,130.7635040283203
2020-06-16,130.7635040283203,130.7635040283203,131.0,128.8000030517578,131.0,71712000,0.0165547312399128,124.83840065002441,119.38212051391602,0.015133152322812397,132.0489959716797
2020-06-17,132.0489959716797,132.0489959716797,132.75,131.59100341796875,132.375,59186000,0.009830663019560593,125.31752548217773,120.02551040649413,0.015139644950052296,132.69900512695312
2020-06-18,132.69900512695312,132.69900512695312,132.98199462890625,131.8054962158203,132.35049438476562,49756000,0.004922484646629588,125.70762557983399,120.66789047241211,0.01467200546030967,133.75050354003906
2020-06-19,133.75050354003906,133.75050354003906,134.8715057373047,132.9499969482422,133.9040069580078,115540000,0.007923935918584757,126.27830085754394,121.29990051269532,0.01359965471918032,135.6909942626953
2020-06-22,135.6909942626953,135.6909942626953,135.75,133.4499969482422,134.22500610351562,64176000,0.014508287231048467,126.97065048217773,121.9709603881836,0.013615279147829965,138.2205047607422
2020-06-23,138.2205047607422,138.2205047607422,139.15550231933594,135.90199279785156,136.30099487304688,84634000,0.018641697717608263,127.82702560424805,122.5665005493164,0.01362813447466775,136.72000122070312
2020-06-24,136.72000122070312,136.72000122070312,139.8000030517578,136.0500030517578,139.0,90532000,-0.010855867894827953,128.6370506286621,123.01758056640625,0.01396358855207008,137.72900390625
2020-06-25,137.72900390625,137.72900390625,137.81149291992188,135.60699462890625,136.9774932861328,59374000,0.007380066387785211,129.52075080871583,123.46448059082032,0.013752949369728644,134.64349365234375
2020-06-26,134.64349365234375,134.64349365234375,139.1284942626953,134.39999389648438,138.7530059814453,130016000,-0.02240276315369638,130.14700050354003,123.74916046142579,0.014999232515522301,134.0189971923828
2020-06-29,134.0189971923828,134.0189971923828,134.83999633789062,131.50399780273438,134.50050354003906,84468000,-0.004638148068063508,130.67035026550292,124.05454040527344,0.015058968007797862,137.9409942626953
2020-06-30,137.9409942626953,137.9409942626953,138.48150634765625,133.75149536132812,134.2534942626953,75394000,0.029264486024190406,131.38637504577636,124.41975036621093,0.016031898328032628,143.93499755859375
2020-07-01,143.93499755859375,143.93499755859375,144.75,137.6999969482422,137.89950561523438,127268000,0.043453386195574595,132.3871250152588,124.97033035278321,0.018094129750522322,144.51499938964844
2020-07-02,144.51499938964844,144.51499938964844,147.7779998779297,143.55499267578125,145.60049438476562,131868000,0.004029609482701257,133.46137504577638,125.4971403503418,0.017780755370214882,152.8520050048828
2020-07-06,152.8520050048828,152.8520050048828,152.99400329589844,146.5,146.74850463867188,137612000,0.05768955229869066,134.89647521972657,126.15473037719727,0.020944039442579353,150.00599670410156
2020-07-07,150.00599670410156,150.00599670410156,153.4774932861328,149.5,152.92750549316406,105150000,-0.018619371729473477,136.08662490844728,126.74463027954101,0.02187922223872811,154.0554962158203
2020-07-08,154.0554962158203,154.0554962158203,154.19850158691406,150.6215057373047,151.1304931640625,100752000,0.026995584181255694,137.28724975585936,127.44974014282226,0.021714367137828542,159.13150024414062
2020-07-09,159.13150024414062,159.13150024414062,159.69400024414062,153.6999969482422,155.79949951171875,127774000,0.032949191382365184,138.6251998901367,128.31829010009767,0.02230139857142689,160.0
2020-07-10,160.0,160.0,160.75,156.78500366210938,159.58799743652344,109720000,0.005457748808544549,140.23029975891114,129.14558013916016,0.019888256251640972,155.1999969482422
2020-07-13,155.1999969482422,155.1999969482422,167.21449279785156,153.41949462890625,162.55299377441406,154408000,-0.030000019073486373,141.62774963378905,129.77558013916016,0.02167889080764375,154.1999969482422
2020-07-14,154.1999969482422,154.1999969482422,156.36900329589844,147.5,154.4499969482422,144638000,-0.006443299095769239,142.90604934692382,130.5735400390625,0.02199401786619638,150.44349670410156
2020-07-15,150.44349670410156,150.44349670410156,154.91749572753906,148.65899658203125,154.01150512695312,115778000,-0.02436122126125273,143.8900489807129,131.26641998291015,0.023158910040718086,149.9949951171875
2020-07-16,149.9949951171875,149.9949951171875,151.60000610351562,145.9114990234375,148.55299377441406,127884000,-0.002981196241378159,144.78734893798827,131.94851989746093,0.023261791219530238,148.09849548339844
2020-07-17,148.09849548339844,148.09849548339844,151.1999969482422,147.42250061035156,150.4499969482422,95226000,-0.01264375276193297,145.55732345581055,132.55922973632812,0.0236585278031904,159.8419952392578
2020-07-20,159.8419952392578,159.8419952392578,160.0679931640625,149.7010040283203,150.00999450683594,151964000,0.07929519957328535,146.86189804077148,133.38845962524414,0.02882048548297473,156.9145050048828
2020-07-21,156.9145050048828,156.9145050048828,162.0290069580078,155.28599548339844,161.62449645996094,122426000,-0.018314900474015072,147.92307357788087,134.14713973999022,0.029438371147879637,154.99549865722656
2020-07-22,154.99549865722656,154.99549865722656,157.5,153.26300048828125,156.25,82084000,-0.012229630062539742,148.76182327270507,134.83804977416992,0.029642814489260583,149.32749938964844
2020-07-23,149.32749938964844,149.32749938964844,154.9134979248047,148.5,154.9134979248047,113138000,-0.036568799201794455,149.39219818115234,135.4676496887207,0.030948118283592438,150.44549560546875
2020-07-24,150.44549560546875,150.44549560546875,151.57899475097656,144.39999389648438,146.5,112648000,0.007486874288995304,150.02802276611328,136.1086395263672,0.03094858422988558,152.760498046875
2020-07-27,152.760498046875,152.760498046875,154.89999389648438,150.7884979248047,153.10000610351562,83410000,0.015387648743417026,150.93387298583986,136.77499954223632,0.030343493176158903,150.01649475097656
2020-07-28,150.01649475097656,150.01649475097656,153.85450744628906,149.78799438476562,152.7135009765625,62534000,-0.017962780502695397,151.73374786376954,137.36554946899415,0.03075048712122399,151.67649841308594
2020-07-29,151.67649841308594,151.67649841308594,151.95799255371094,149.8385009765625,151.54949951171875,59482000,0.011065474265779418,152.42052307128907,137.97281936645507,0.03029464820098513,152.593994140625
2020-07-30,152.593994140625,152.593994140625,154.60000610351562,150.25,150.6999969482422,122566000,0.006049030252796905,152.8534729003906,138.57536926269532,0.028931694847352453,158.23399353027344
2020-07-31,158.23399353027344,158.23399353027344,162.34100341796875,157.5500030517578,162.1999969482422,161710000,0.036960821567137314,153.53942260742187,139.2421090698242,0.02989559598902481,155.59449768066406
2020-08-03,155.59449768066406,155.59449768066406,159.1999969482422,155.1999969482422,159.02549743652344,101494000,-0.01668096589563972,153.67654724121093,139.90725906372072,0.02752286508642371,156.94149780273438
2020-08-04,156.94149780273438,156.94149780273438,158.36199951171875,155.0605010986328,155.0605010986328,93886000,0.008657119256458845,154.02332229614257,140.609208984375,0.027160302923290632,160.25149536132812
2020-08-05,160.25149536132812,160.25149536132812,160.67950439453125,156.36500549316406,157.18850708007812,78330000,0.021090645909052075,154.33312225341797,141.39237884521484,0.026912181589589235,161.25
2020-08-06,161.25,161.25,162.37350463867188,158.27149963378906,159.71800231933594,78812000,0.0062308600392182445,154.43904724121094,142.20698883056642,0.02595745477931742,158.3730010986328
2020-08-07,158.3730010986328,158.3730010986328,162.04049682617188,157.0334930419922,161.20050048828125,78722000,-0.017841853651889505,154.3576972961426,142.97334884643556,0.02626667200302788,157.4080047607422
2020-08-10,157.4080047607422,157.4080047607422,158.62550354003906,155.0760040283203,158.5155029296875,63346000,-0.006093187166982039,154.46809768676758,143.67913894653321,0.025367268588660775,154.0334930419922
2020-08-11,154.0334930419922,154.0334930419922,157.96099853515625,153.64999389648438,155.66000366210938,74362000,-0.021437993092404684,154.45977249145508,144.28876876831055,0.0258165999888705,158.11199951171875
2020-08-12,158.11199951171875,158.11199951171875,158.71949768066406,155.0709991455078,155.39999389648438,70442000,0.026478049605839216,154.84319763183595,144.97859878540038,0.02576805517712323,158.05099487304688
2020-08-13,158.05099487304688,158.05099487304688,160.87600708007812,157.75,159.14950561523438,62980000,-0.0003858318082136103,155.2459976196289,145.66121871948243,0.025743946683111328,157.4010009765625
2020-08-14,157.4010009765625,157.4010009765625,158.91200256347656,156.0,158.90899658203125,55034000,-0.004112558082955964,155.71112289428712,146.34863876342774,0.02554225731591093,159.12049865722656
2020-08-17,159.12049865722656,159.12049865722656,159.74850463867188,157.70899963378906,158.656005859375,53824000,0.010924312234330102,155.67504806518554,147.0480487060547,0.018427953393046655,165.62449645996094
2020-08-18,165.62449645996094,165.62449645996094,166.0,160.29100036621094,160.60000610351562,106920000,0.04087466955935781,156.11054763793945,147.83647857666017,0.02002631616956219,163.0240020751953
2020-08-19,163.0240020751953,163.0240020751953,165.7949981689453,162.8000030517578,165.15049743652344,83702000,-0.015701145907449088,156.5119728088379,148.4960986328125,0.02017876720760536,164.86849975585938
2020-08-20,164.86849975585938,164.86849975585938,165.63099670410156,161.89999389648438,162.60000610351562,66650000,0.011314270642265756,157.28902282714844,149.14601867675782,0.017994129108466376,164.23599243164062
2020-08-21,164.23599243164062,164.23599243164062,165.72000122070312,163.76950073242188,164.75,71518000,-0.0038364352508537536,157.97854766845703,149.8727784729004,0.018093442286447464,165.3730010986328
2020-08-24,165.3730010986328,165.3730010986328,169.01600646972656,162.8780059814453,165.50750732421875,93326000,0.006923017605080961,158.60917282104492,150.63521850585937,0.017924780998814508,167.32449340820312
2020-08-25,167.32449340820312,167.32449340820312,167.8699951171875,163.35000610351562,164.74949645996094,79856000,0.011800549645987202,159.47457275390624,151.4090283203125,0.017215908700930153,172.09249877929688
2020-08-26,172.09249877929688,172.09249877929688,172.58700561523438,167.22850036621094,167.5554962158203,130174000,0.0284955613728457,160.4953727722168,152.23560821533204,0.017932654165359538,170.0
2020-08-27,170.0,170.0,172.64999389648438,168.89999389648438,172.50250244140625,85296000,-0.01215915158498826,161.36567306518555,152.99462829589845,0.018411774435820052,170.08999633789062
2020-08-28,170.08999633789062,170.08999633789062,171.6685028076172,169.3249969482422,171.14999389648438,57940000,0.0005293902228860059,161.9584732055664,153.7424481201172,0.016881793358968288,172.54800415039062
2020-08-31,172.54800415039062,172.54800415039062,174.75,170.25,170.44949340820312,83718000,0.014451219151166761,162.80614852905273,154.51839813232422,0.016324536344201952,174.95599365234375
2020-09-01,174.95599365234375,174.95599365234375,175.69349670410156,173.35000610351562,174.47900390625,68644000,0.01395547583299983,163.7068733215332,155.3036981201172,0.016424397556506345,176.57249450683594
2020-09-02,176.57249450683594,176.57249450683594,177.6125030517578,174.33450317382812,177.35000610351562,78630000,0.009239471142122424,164.5229232788086,156.07073791503908,0.016044553545039586,168.39999389648438
2020-09-03,168.39999389648438,168.39999389648438,174.42050170898438,165.14999389648438,174.25,163222000,-0.04628410915968095,164.88042297363282,156.7043377685547,0.019708313910081335,164.7310028076172
2020-09-04,164.7310028076172,164.7310028076172,169.0749969482422,155.55650329589844,165.89999389648438,175636000,-0.021787358799564616,165.19832305908204,157.24437774658202,0.019939527856384805,157.49200439453125
2020-09-08,157.49200439453125,157.49200439453125,162.54249572753906,156.5,157.1999969482422,121884000,-0.04394435952982134,165.2025230407715,157.70134796142577,0.022407620126745378,163.4304962158203
2020-09-09,163.4304962158203,163.4304962158203,165.15899658203125,159.25,160.14950561523438,103774000,0.03770662418145765,165.6723731994629,158.28957794189452,0.02327824745343964,158.7554931640625
2020-09-10,158.7554931640625,158.7554931640625,167.4945068359375,158.52749633789062,165.36099243164062,106614000,-0.02860545100214451,165.70454788208008,158.70586791992187,0.023637973420797143,155.81100463867188
2020-09-11,155.81100463867188,155.81100463867188,160.86700439453125,154.19900512695312,160.4344940185547,101880000,-0.018547317429499666,165.59254837036133,158.94338806152345,0.02401836200719705,155.14849853515625
2020-09-14,155.14849853515625,155.14849853515625,159.3695068359375,154.8000030517578,158.64700317382812,90592000,-0.004251985314208007,165.47992324829102,159.1560580444336,0.024019504843026358,157.80650329589844
2020-09-15,157.80650329589844,157.80650329589844,158.75100708007812,155.4459991455078,156.80799865722656,80430000,0.017132004407634627,165.41422348022462,159.25514801025392,0.024213480809072502,153.90499877929688
2020-09-16,153.90499877929688,153.90499877929688,159.36199951171875,153.70750427246094,158.99949645996094,90244000,-0.024723344317983953,164.8282485961914,159.33312805175783,0.022765661487894835,150.43649291992188
2020-09-17,150.43649291992188,150.43649291992188,151.47149658203125,148.62750244140625,150.46249389648438,128982000,-0.02253666798925036,164.19887313842773,159.26074798583986,0.023009824947517157,147.74549865722656
2020-09-18,147.74549865722656,147.74549865722656,151.88999938964844,145.27699279785156,151.58700561523438,177852000,-0.01788790878106783,163.34272308349608,159.03302795410156,0.022929552477905818,148.02349853515625
2020-09-21,148.02349853515625,148.02349853515625,148.10000610351562,143.5500030517578,145.3249969482422,122358000,0.001881613182508124,162.53209838867187,158.79349792480468,0.022983251832973024,156.44949340820312
2020-09-22,156.44949340820312,156.44949340820312,156.69949340820312,150.00999450683594,151.69200134277344,138976000,0.05692335984779917,162.0859230041504,158.8184878540039,0.026751068305955465,149.9929962158203
2020-09-23,149.9929962158203,149.9929962158203,156.35000610351562,149.61900329589844,156.02149963378906,113054000,-0.04126889165142078,161.21934814453124,158.73434783935548,0.027873624969728342,150.989501953125
2020-09-24,150.989501953125,150.989501953125,153.46499633789062,148.25,148.88949584960938,110588000,0.006643681788120581,160.16419830322266,158.74526794433595,0.02689933746546616,154.75650024414062
2020-09-25,154.75650024414062,154.75650024414062,155.07699584960938,149.9499969482422,152.7429962158203,92304000,0.02494874307344297,159.4020233154297,158.840498046875,0.02773186022675437,158.70249938964844
2020-09-28,158.70249938964844,158.70249938964844,158.7519989013672,155.85850524902344,157.4425048828125,84484000,0.025498115680328004,158.83264846801757,159.052578125,0.02851275004077798,157.24400329589844
2020-09-29,157.24400329589844,157.24400329589844,159.41299438476562,156.6269989013672,158.76950073242188,69916000,-0.009190126805558863,158.06744842529298,159.0006182861328,0.028236728223196655,157.43649291992188
2020-09-30,157.43649291992188,157.43649291992188,160.6439971923828,156.69949340820312,157.0570068359375,97922000,0.0012241460404771587,157.19147338867188,159.01105804443358,0.027946604034670964,161.06300354003906
2020-10-01,161.06300354003906,161.06300354003906,161.1999969482422,158.60000610351562,160.39999389648438,99438000,0.023034752317315554,156.41599884033204,159.13240814208984,0.028478908418219637,156.25
2020-10-02,156.25,156.25,159.7899932861328,156.14999389648438,157.68150329589844,112262000,-0.02988273802333874,155.80849914550782,159.2708581542969,0.02741979054910919,159.9600067138672
2020-10-05,159.9600067138672,159.9600067138672,160.12649536132812,157.04249572753906,157.29200744628906,75506000,0.0237440429687501,155.5699493408203,159.46114837646485,0.027699925454502467,154.9980010986328
2020-10-06,154.9980010986328,154.9980010986328,159.10000610351562,154.5,158.25,101738000,-0.03102028886576813,155.44524917602538,159.5058984375,0.026783533770018804,159.7845001220703
2020-10-07,159.7845001220703,159.7845001220703,160.0,156.6195068359375,156.75,86188000,0.030881037106998743,155.2629493713379,159.70125854492187,0.026310945471862822,159.52749633789062
2020-10-08,159.52749633789062,159.52749633789062,161.6645050048828,158.74949645996094,161.24949645996094,63482000,-0.0016084400175445657,155.3015495300293,159.85827850341798,0.02548903626409491,164.33250427246094
2020-10-09,164.33250427246094,164.33250427246094,164.44949340820312,159.89149475097656,160.5,98158000,0.030120249141207367,155.72762451171874,160.09304870605467,0.02588987219108977,172.14649963378906
2020-10-12,172.14649963378906,172.14649963378906,174.81199645996094,166.9774932861328,167.4969940185547,167284000,0.04754990740220588,156.5775245666504,160.371298828125,0.027658737617154924,172.18150329589844
2020-10-13,172.18150329589844,172.18150329589844,174.61900329589844,171.21099853515625,173.39950561523438,114894000,0.00020333647320058823,157.2962745666504,160.70303894042968,0.02754518658343783,168.1855010986328
2020-10-14,168.1855010986328,168.1855010986328,173.24400329589844,167.0,172.35000610351562,116254000,-0.023208080547411636,158.0102996826172,160.92791900634765,0.027461878591229442,166.9324951171875
2020-10-15,166.9324951171875,166.9324951171875,167.79400634765625,164.0,164.60049438476562,104468000,-0.007450142689235051,158.83509979248046,161.06153900146484,0.02687226897901095,163.635498046875
2020-10-16,163.635498046875,163.635498046875,169.98300170898438,158.0,168.1614990234375,129488000,-0.019750480983333984,159.62959976196288,161.10924896240235,0.02696087679366614,160.36050415039062
2020-10-19,160.36050415039062,160.36050415039062,166.4499969482422,159.63699340820312,164.98049926757812,104472000,-0.020013957457728493,160.2464500427246,161.1489990234375,0.027552053230553042,160.85049438476562
2020-10-20,160.85049438476562,160.85049438476562,163.3000030517578,159.60049438476562,161.11399841308594,90194000,0.003055554339711275,160.46650009155275,161.21784881591796,0.024621198527330447,159.2469940185547
2020-10-21,159.2469940185547,159.2469940185547,161.69400024414062,158.0,160.625,91854000,-0.009968886774915697,160.92919998168946,161.32211883544923,0.022664892934521,158.82000732421875
2020-10-22,158.82000732421875,158.82000732421875,159.9375,156.0970001220703,159.49349975585938,84240000,-0.0026812857408547996,161.32072525024415,161.33627899169923,0.02268710346334484,160.22000122070312
2020-10-23,160.22000122070312,160.22000122070312,160.26649475097656,157.0,159.5500030517578,69334000,0.008814971867029398,161.59390029907226,161.37965911865234,0.02213731856681758,160.3520050048828
2020-10-26,160.3520050048828,160.3520050048828,164.1490020751953,157.6649932861328,159.93699645996094,118024000,0.0008238907949942309,161.67637557983397,161.43867919921874,0.021433296589225135,164.31649780273438
2020-10-27,164.31649780273438,164.31649780273438,164.58299255371094,160.56500244140625,161.2469940185547,85820000,0.024723687101579017,162.03000030517578,161.5425991821289,0.021942335814465724,158.13900756835938
2020-10-28,158.13900756835938,158.13900756835938,163.2010040283203,158.12350463867188,162.46499633789062,111766000,-0.037595069983728635,162.06512603759765,161.39288940429688,0.023701018869734625,160.55050659179688
2020-10-29,160.55050659179688,160.55050659179688,162.8625030517578,158.1999969482422,160.06350708007812,131930000,0.015249235849637444,162.03950119018555,161.3434194946289,0.02337288614965899,151.8074951171875
2020-10-30,151.8074951171875,151.8074951171875,158.35000610351562,150.9499969482422,157.8874969482422,167728000,-0.0544564552314909,161.81737594604493,161.08219940185546,0.025574205868319287,150.2239990234375
2020-11-02,150.2239990234375,150.2239990234375,153.98550415039062,147.50599670410156,153.08700561523438,145148000,-0.010430948040659138,161.33057556152343,160.80195953369142,0.02495912137772312,152.42050170898438
2020-11-03,152.42050170898438,152.42050170898438,153.7449951171875,149.0489959716797,150.92649841308594,97958000,0.014621516534147005,161.20170059204102,160.54290954589842,0.02432525386688398,162.05799865722656
2020-11-04,162.05799865722656,162.05799865722656,162.24249267578125,156.9864959716797,157.99949645996094,136780000,0.06322966294024535,161.31537551879882,160.43757965087892,0.027405958361366105,166.10000610351562
2020-11-05,166.10000610351562,166.10000610351562,168.33999633789062,164.44400024414062,165.99850463867188,115786000,0.024941733698923496,161.64400100708008,160.31772979736328,0.027908252432143822,165.56849670410156
2020-11-06,165.56849670410156,165.56849670410156,166.10000610351562,161.60000610351562,165.23199462890625,92946000,-0.003199936061909714,161.7058006286621,160.2290997314453,0.027149912872285097,157.18699645996094
2020-11-09,157.18699645996094,157.18699645996094,164.4499969482422,155.60549926757812,161.55149841308594,143808000,-0.05062255447737596,160.95782546997071,159.97103973388673,0.027112762152017546,151.75100708007812
2020-11-10,151.75100708007812,151.75100708007812,155.6999969482422,150.9739990234375,154.75100708007812,131820000,-0.03458294580536425,159.9363006591797,159.55509979248046,0.027920148802072563,156.8695068359375
2020-11-11,156.8695068359375,156.8695068359375,156.95750427246094,152.5,153.08900451660156,87338000,0.03372959332756431,159.37050094604493,159.19337005615233,0.02894900164687724,155.51400756835938
2020-11-12,155.51400756835938,155.51400756835938,158.79400634765625,154.30250549316406,157.99749755859375,87240000,-0.008640935353967705,158.79957656860353,158.7722003173828,0.02895968941926399,156.4405059814453
2020-11-13,156.4405059814453,156.4405059814453,157.08599853515625,154.26950073242188,156.10000610351562,75124000,0.005957652481424658,158.43982696533203,158.53301055908204,0.028753309327505926,156.55299377441406
2020-11-16,156.55299377441406,156.55299377441406,157.13499450683594,153.63450622558594,154.66000366210938,76174000,0.0007190451875813686,158.24945144653321,158.36945037841798,0.028436054954826612,156.7830047607422
2020-11-17,156.7830047607422,156.7830047607422,159.46249389648438,156.76300048828125,159.177001953125,68894000,0.001469221257177411,158.04607696533202,158.3552703857422,0.02842689967824096,155.2729949951172
2020-11-18,155.2729949951172,155.2729949951172,157.0,155.2550048828125,156.6999969482422,58336000,-0.00963120822903818,157.84737701416014,158.19212036132814,0.028421326362981978,155.8509979248047
2020-11-19,155.8509979248047,155.8509979248047,156.25,154.04600524902344,155.2655029296875,60206000,0.003722494885254779,157.69892654418945,158.13403045654297,0.028436010405705554,154.97000122070312
2020-11-20,154.97000122070312,154.97000122070312,156.64450073242188,154.90249633789062,155.8509979248047,67488000,-0.005652814007175211,157.43642654418946,158.1172103881836,0.028368968955855296,154.91949462890625
2020-11-23,154.91949462890625,154.91949462890625,156.9875030517578,153.2729949951172,155.8350067138672,94178000,-0.00032591205652088284,157.16480102539063,158.1126303100586,0.028365643162041727,155.9029998779297
2020-11-24,155.9029998779297,155.9029998779297,156.71249389648438,154.31300354003906,155.02499389648438,72042000,0.006348492495275249,156.7441261291504,158.07456024169923,0.027768351282698035,159.2534942626953
2020-11-25,159.2534942626953,159.2534942626953,159.89999389648438,157.01300048828125,157.093505859375,75808000,0.02149089105013391,156.7998504638672,158.18153015136718,0.026941682422538034,159.76699829101562
2020-11-27,159.76699829101562,159.76699829101562,160.8094940185547,159.50250244140625,160.56300354003906,47858000,0.003224444340751864,156.76067504882812,158.36814025878905,0.026733200721699872,158.40199279785156
2020-11-30,158.40199279785156,158.40199279785156,161.41949462890625,156.27749633789062,160.4239959716797,81278000,-0.008543726224847115,157.09039993286132,158.58127014160155,0.023588504226933146,161.00399780273438
2020-12-01,161.00399780273438,161.00399780273438,162.44749450683594,157.85899353027344,159.4250030517578,90740000,0.01642659261366375,157.62939987182617,158.84088012695312,0.02358462045242254,160.17649841308594
2020-12-02,160.17649841308594,160.17649841308594,161.60000610351562,158.66299438476562,161.08250427246094,62586000,-0.005139620139509304,158.01719970703124,158.9154202270508,0.023518338526297762,159.3365020751953
2020-12-03,159.3365020751953,159.3365020751953,161.4320068359375,159.0655059814453,160.2729949951172,57840000,-0.005244192164348127,157.8811248779297,159.10229034423827,0.018750817690859622,158.12899780273438
2020-12-04,158.12899780273438,158.12899780273438,159.91050720214844,157.93800354003906,159.91050720214844,58272000,-0.007578327983446487,157.48257446289062,159.24508026123047,0.017798073093005642,157.89999389648438
2020-12-07,157.89999389648438,157.89999389648438,159.03799438476562,157.08450317382812,157.82400512695312,55026000,-0.00144820943300783,157.09914932250976,159.30795013427735,0.017797740636746634,158.864501953125
2020-12-08,158.864501953125,158.864501953125,159.2064971923828,156.00100708007812,157.94500732421875,65726000,0.006108347649924184,157.18302459716796,159.31119018554688,0.01373360035965486,155.2100067138672
2020-12-09,155.2100067138672,155.2100067138672,158.72149658203125,154.39999389648438,158.39450073242188,82016000,-0.02300385041546993,157.35597457885743,159.27051025390625,0.012345356369198014,155.07449340820312
2020-12-10,155.07449340820312,155.07449340820312,157.10499572753906,153.8000030517578,154.44949340820312,60604000,-0.0008730964486967085,157.2662239074707,159.22327026367188,0.009684396127382457,155.8209991455078
2020-12-11,155.8209991455078,155.8209991455078,155.93350219726562,153.64100646972656,154.83299255371094,61294000,0.004813852496939441,157.2815734863281,159.11843017578124,0.009557859132493032,157.84849548339844
2020-12-14,157.84849548339844,157.84849548339844,159.52349853515625,156.3000030517578,157.14999389648438,83116000,0.013011701561464806,157.3519729614258,159.1504000854492,0.009907520063177338,158.25599670410156
2020-12-15,158.25599670410156,158.25599670410156,159.4250030517578,156.52450561523438,159.05050659179688,66390000,0.0025815971159888207,157.43712310791017,159.11631988525392,0.009918487396666514,162.04800415039062
2020-12-16,162.04800415039062,162.04800415039062,162.35000610351562,158.1840057373047,158.80050659179688,88552000,0.023961224378619583,157.70037307739258,159.25731994628907,0.011214172143157059,161.8040008544922
2020-12-17,161.8040008544922,161.8040008544922,163.17550659179688,161.0500030517578,162.5,69486000,-0.0015057469987226346,158.02692337036132,159.2977099609375,0.010925038342636029,160.08250427246094
2020-12-18,160.08250427246094,160.08250427246094,162.4709930419922,158.5800018310547,162.19949340820312,119914000,-0.01063939440891426,158.23849868774414,159.3088101196289,0.01128029632787495,160.3090057373047
2020-12-21,160.3090057373047,160.3090057373047,161.34849548339844,158.3000030517578,160.00050354003906,76736000,0.0014149045573290664,158.5054489135742,159.22834014892578,0.011157740678007249,160.3260040283203
2020-12-22,160.3260040283203,160.3260040283203,161.10000610351562,159.00399780273438,160.14199829101562,47388000,0.00010603453584812073,158.77577438354493,158.99193023681642,0.011153920226682558,159.2635040283203
2020-12-23,159.2635040283203,159.2635040283203,160.50650024414062,159.20849609375,160.25,41876000,-0.006627122071927394,158.94379959106445,158.73357025146484,0.011250882421923195,158.63450622558594
2020-12-24,158.63450622558594,158.63450622558594,160.10000610351562,158.4499969482422,159.69500732421875,29038000,-0.003949415822362745,158.912850189209,158.5425503540039,0.010218087228745714,164.197998046875
2020-12-28,164.197998046875,164.197998046875,165.1999969482422,158.63450622558594,159.6999969482422,113736000,0.03507113271672124,159.13440017700196,158.48786041259766,0.012900228157482882,166.10000610351562
2020-12-29,166.10000610351562,166.10000610351562,167.53250122070312,164.06100463867188,165.4969940185547,97458000,0.011583625131030173,159.51930084228516,158.53715057373046,0.012864838828276973,164.29249572753906
2020-12-30,164.29249572753906,164.29249572753906,167.10499572753906,164.12350463867188,167.0500030517578,64186000,-0.010882060864285004,159.6837257385254,158.61579040527343,0.012752459665325826,162.84649658203125
2020-12-31,162.84649658203125,162.84649658203125,164.14599609375,162.05999755859375,163.75,59144000,-0.008801370623195415,159.81722564697264,158.65571044921876,0.012872299527226759,159.3314971923828
2021-01-04,159.3314971923828,159.3314971923828,163.60000610351562,157.2010040283203,163.5,88228000,-0.021584740620304466,159.81697540283204,158.65740051269532,0.013770392342594258,160.92550659179688
2021-01-05,160.92550659179688,160.92550659179688,161.16900634765625,158.2530059814453,158.30050659179688,53110000,0.010004358381754175,159.95680084228516,158.69951049804686,0.013816382430216661,156.91900634765625
2021-01-06,156.91900634765625,156.91900634765625,159.87550354003906,156.55799865722656,157.32400512695312,87896000,-0.024896614147709384,159.90775146484376,158.63349060058593,0.014978163252553096,158.10800170898438
2021-01-07,158.10800170898438,158.10800170898438,160.427001953125,157.75,157.85000610351562,70290000,0.0075771277744003385,159.86992645263672,158.58861053466796,0.015014306119500878,159.13499450683594
2021-01-08,159.13499450683594,159.13499450683594,159.53199768066406,157.11000061035156,159.0,70754000,0.006495514374673217,160.06617584228516,158.48498046875,0.014068336647876198,155.7104949951172
2021-01-11,155.7104949951172,155.7104949951172,157.81900024414062,155.5,157.40049743652344,73668000,-0.021519462280005563,160.09797592163085,158.43641021728516,0.01496823728566361,156.04150390625
2021-01-12,156.04150390625,156.04150390625,157.10699462890625,154.3000030517578,156.0,70292000,0.002125797051401035,160.10900115966797,158.3462301635742,0.01493771215129289,158.29449462890625
2021-01-13,158.29449462890625,158.29449462890625,159.49749755859375,156.10400390625,156.4219970703125,66424000,0.014438406874172749,160.13130111694335,158.4759701538086,0.01500548649021513,156.37350463867188
2021-01-14,156.37350463867188,156.37350463867188,158.89999389648438,156.0294952392578,158.37600708007812,61418000,-0.012135545173177387,160.03717651367188,158.5989602661133,0.015243972995640254,155.21249389648438
2021-01-15,155.21249389648438,155.21249389648438,157.12750244140625,154.7584991455078,156.1510009765625,84880000,-0.007424600125642833,159.69540100097657,158.6548001098633,0.01417240347548862,156.03799438476562
2021-01-19,156.03799438476562,156.03799438476562,157.25,154.8000030517578,155.35000610351562,66102000,0.005318518294228358,159.40710067749023,158.53440002441405,0.01426821182431035,163.16900634765625
2021-01-20,163.16900634765625,163.16900634765625,163.99000549316406,158.75,159.09950256347656,106196000,0.04570048462239673,159.56142578125,158.47578002929689,0.017588976953534563,165.34950256347656
2021-01-21,165.34950256347656,165.34950256347656,167.42750549316406,164.47850036621094,164.64999389648438,98722000,0.013363421550624865,159.8134506225586,158.47140014648437,0.01780184229892415,164.6114959716797
2021-01-22,164.6114959716797,164.6114959716797,166.0955047607422,164.1580047607422,165.2154998779297,56438000,-0.00446331304512726,160.02772521972656,158.61989013671874,0.01785260008709409,164.6999969482422
2021-01-25,164.6999969482422,164.6999969482422,168.1945037841797,162.15750122070312,166.4250030517578,74996000,0.0005376354551673845,160.29954986572267,158.87886993408202,0.017753183102158895,166.30650329589844
2021-01-26,166.30650329589844,166.30650329589844,166.89999389648438,164.14349365234375,164.8179931640625,59104000,0.009754137082109926,160.6831497192383,159.06760986328126,0.01778288939625379,161.62899780273438
2021-01-27,161.62899780273438,161.62899780273438,167.3260040283203,160.35400390625,167.07449340820312,93204000,-0.02812581228312927,160.55469970703126,159.18990966796875,0.017301383528747577,161.88099670410156
2021-01-28,161.88099670410156,161.88099670410156,165.08399963378906,161.4344940185547,161.7519989013672,62984000,0.0015591193708615059,160.34374923706054,159.2987194824219,0.017072106096586815,160.30999755859375
2021-01-29,160.30999755859375,160.30999755859375,161.84950256347656,159.2274932861328,161.5,85872000,-0.009704654514695155,160.14462432861328,159.37385955810547,0.01703877047738742,167.1439971923828
2021-02-01,167.1439971923828,167.1439971923828,167.51300048828125,161.75149536132812,162.1179962158203,83204000,0.042629902924745666,160.35949935913087,159.58107940673827,0.019514752170680334,169.0
2021-02-02,169.0,169.0,171.38699340820312,168.05650329589844,169.0,141972000,0.011104214562255077,160.84292449951172,159.85561950683595,0.018838284012308474,165.62649536132812
2021-02-03,165.62649536132812,165.62649536132812,171.6999969482422,165.43099975585938,171.25050354003906,141776000,-0.019961565909300982,161.07797393798828,160.0511294555664,0.01944360337103615,166.5500030517578
2021-02-04,166.5500030517578,166.5500030517578,167.35000610351562,163.8874969482422,166.5,73414000,0.005575845147329783,161.55952377319335,160.2827294921875,0.018423659027114944,167.6074981689453
2021-02-05,167.6074981689453,167.6074981689453,168.85000610351562,165.135498046875,165.9499969482422,72416000,0.006349415177487883,162.0344985961914,160.5364895629883,0.018410145160492414,166.14700317382812
2021-02-08,166.14700317382812,166.14700317382812,168.25,165.1999969482422,167.9250030517578,65148000,-0.008713780773966562,162.385099029541,160.74136962890626,0.018575058828948054,165.25
2021-02-09,165.25,165.25,166.89999389648438,164.89199829101562,165.62449645996094,44070000,-0.00539885256244832,162.86207427978516,160.86129974365235,0.017820563607954972,164.32899475097656
2021-02-10,164.32899475097656,164.32899475097656,165.8975067138672,162.6999969482422,165.6999969482422,63032000,-0.005573405440383872,163.27644882202148,160.95253967285157,0.017926163438708204,163.10650634765625
2021-02-11,163.10650634765625,163.10650634765625,164.60000610351562,162.4029998779297,164.60000610351562,46028000,-0.007439273910078148,163.51704940795898,161.04662994384765,0.017842140124336676,163.885498046875
2021-02-12,163.885498046875,163.885498046875,164.0124969482422,161.66549682617188,162.5,46706000,0.004775969497859078,163.89264907836915,161.10425994873046,0.01755294118975139,163.44749450683594
2021-02-16,163.44749450683594,163.44749450683594,165.4149932861328,162.67950439453125,162.70249938964844,51494000,-0.0026726192693009576,164.3043991088867,161.16967987060548,0.017443447404594404,165.4320068359375
2021-02-17,165.4320068359375,165.4320068359375,166.04550170898438,162.97500610351562,163.17999267578125,65950000,0.012141589169594624,164.77409973144532,161.29158996582032,0.01756303333821897,166.4114990234375
2021-02-18,166.4114990234375,166.4114990234375,166.89999389648438,163.69700622558594,164.12100219726562,60548000,0.005920814274298136,164.93622436523438,161.45723999023437,0.01445964157500368,162.4949951171875
2021-02-19,162.4949951171875,162.4949951171875,166.6750030517578,162.28750610351562,166.4114990234375,86104000,-0.023535055745747435,164.79349899291992,161.54914001464843,0.015147874631807588,159.03700256347656
2021-02-22,159.03700256347656,159.03700256347656,161.61599731445312,158.61300659179688,160.406494140625,70314000,-0.021280609604111933,164.51477432250977,161.55259002685546,0.015816176063252117,159.72500610351562
2021-02-23,159.72500610351562,159.72500610351562,160.2364959716797,154.67999267578125,156.35150146484375,93544000,0.004326059526709614,164.26602478027343,161.64289001464843,0.015865768774919534,157.97650146484375
2021-02-24,157.97650146484375,157.97650146484375,158.56149291992188,156.2689971923828,158.33749389648438,60226000,-0.010946968676518232,163.8495246887207,161.70093017578125,0.01577385720234827,152.85800170898438
2021-02-25,152.85800170898438,152.85800170898438,158.91299438476562,152.38800048828125,156.83700561523438,90676000,-0.03240038681954516,163.4109748840332,161.64167022705078,0.01616421412911459,154.64649963378906
2021-02-26,154.64649963378906,154.64649963378906,156.1219940185547,151.8350067138672,154.75999450683594,85518000,0.011700387973209825,163.04925003051758,161.5776303100586,0.016459962471108213,157.3070068359375
2021-03-01,157.3070068359375,157.3070068359375,157.47799682617188,154.89950561523438,156.39450073242188,54582000,0.017203798394717307,162.89910049438475,161.55865051269532,0.01690413758404122,154.72650146484375
2021-03-02,154.72650146484375,154.72650146484375,158.17599487304688,154.3560028076172,157.17349243164062,51916000,-0.016404262105025436,162.27822570800782,161.41222045898436,0.01378630906053087,150.25
2021-03-03,150.25,150.25,155.38900756835938,149.75,154.0590057373047,79774000,-0.02893170479822993,161.34072570800782,161.18114044189454,0.014406861098042437,148.8784942626953
2021-03-04,148.8784942626953,148.8784942626953,152.906494140625,147.27149963378906,150.60000610351562,109632000,-0.009128157985388907,160.50332565307616,160.95706024169922,0.014044023182103935,150.0229949951172
2021-03-05,150.0229949951172,150.0229949951172,150.4499969482422,144.0500030517578,150.25,107772000,0.007687481916645478,159.67697525024414,160.75134002685547,0.01413709865666503,147.59750366210938
2021-03-08,147.59750366210938,147.59750366210938,153.22950744628906,147.5655059814453,150.75,83700000,-0.016167463748385735,158.67647552490234,160.49677001953125,0.014072412748797999,153.1425018310547
2021-03-09,153.1425018310547,153.1425018310547,154.54800415039062,150.25750732421875,150.89950561523438,80600000,0.03756837366056898,158.02625045776367,160.37434997558594,0.017119923737433984,152.8820037841797
2021-03-10,152.8820037841797,152.8820037841797,155.822998046875,151.50250244140625,154.92250061035156,60250000,-0.0017010173123747085,157.40785064697266,160.25929992675782,0.017123167161602105,155.67950439453125
2021-03-11,155.67950439453125,155.67950439453125,156.58900451660156,154.14649963378906,155.20050048828125,55528000,0.018298429776605563,156.9753761291504,160.08893005371092,0.0178071936436964,154.47450256347656
2021-03-12,154.47450256347656,154.47450256347656,154.94900512695312,152.27499389648438,153.75,48438000,-0.0077402727850476305,156.5437759399414,159.85641998291015,0.017811670670009095,154.08399963378906
2021-03-15,154.08399963378906,154.08399963378906,154.11199951171875,151.60450744628906,153.72850036621094,58272000,-0.0025279442445658162,156.0537010192871,159.65225006103515,0.017727931155712116,154.59300231933594
2021-03-16,154.59300231933594,154.59300231933594,156.44549560546875,153.79299926757812,155.24850463867188,50776000,0.0033034103914528767,155.6109764099121,159.48718017578125,0.017782766012507188,156.7864990234375
2021-03-17,156.7864990234375,156.7864990234375,158.65249633789062,153.51100158691406,153.66099548339844,62372000,0.014188848597238346,155.1787010192871,159.43628021240235,0.017877912858846805,151.39950561523438
2021-03-18,151.39950561523438,151.39950561523438,155.8314971923828,151.25,155.0500030517578,72992000,-0.03435878370750434,154.42810134887696,159.2457601928711,0.01910283044884836,153.7480010986328
2021-03-19,153.7480010986328,153.7480010986328,153.864501953125,150.8314971923828,151.4615020751953,92508000,0.015511909856343209,153.99075164794922,159.18234008789062,0.01905484762563489,155.5435028076172
2021-03-22,155.5435028076172,155.5435028076172,156.32899475097656,153.00250244140625,153.3925018310547,58044000,0.01167821172408301,153.81607666015626,159.13105010986328,0.018776500160381963,156.875
2021-03-23,156.875,156.875,159.10000610351562,156.04249572753906,156.35000610351562,76346000,0.008560288075996736,153.67357635498047,159.08585021972655,0.018862698949376314,154.35350036621094
2021-03-24,154.35350036621094,154.35350036621094,158.0155029296875,154.25750732421875,157.552001953125,59180000,-0.016073304438495972,153.49242630004883,159.05871032714845,0.01904280553912991,152.31300354003906
2021-03-25,152.31300354003906,152.31300354003906,155.48899841308594,151.85699462890625,153.64950561523438,71270000,-0.013219634289670767,153.46517639160157,158.9841403198242,0.01782128647030217,152.60150146484375
2021-03-26,152.60150146484375,152.60150146484375,152.83299255371094,149.8000030517578,152.2030029296875,66258000,0.0018941122432061253,153.3629264831543,158.87028045654296,0.017615343916989743,153.7864990234375
2021-03-29,153.7864990234375,153.7864990234375,154.5625,151.42250061035156,152.77200317382812,54920000,0.007765307334585803,153.1869010925293,158.81854034423827,0.01723797133677199,152.76449584960938
2021-03-30,152.76449584960938,152.76449584960938,153.64999389648438,151.6999969482422,153.50050354003906,46752000,-0.006645597502498379,153.08880081176758,158.7695803833008,0.016913754064746364,154.70399475097656
2021-03-31,154.70399475097656,154.70399475097656,155.9665069580078,153.125,153.2030029296875,61878000,0.01269600564306872,153.3115005493164,158.742900390625,0.015752546998893058,158.0500030517578
2021-04-01,158.0500030517578,158.0500030517578,158.1219940185547,155.77749633789062,155.89700317382812,58806000,0.02162845443110406,153.77007598876952,158.64052032470704,0.016148520465035062,161.3365020751953
2021-04-05,161.3365020751953,161.3365020751953,161.79800415039062,158.06199645996094,158.64999389648438,66698000,0.02079404593469847,154.33575134277345,158.56026031494142,0.016603281484557402,161.1909942626953
2021-04-06,161.1909942626953,161.1909942626953,162.36549377441406,160.8520050048828,161.1875,50756000,-0.0009018902147276409,155.01542587280272,158.49185028076172,0.015977452679957923,163.96949768066406
2021-04-07,163.96949768066406,163.96949768066406,165.1804962158203,161.1824951171875,161.69000244140625,66924000,0.01723733655641202,155.5567756652832,158.47724029541016,0.01432667267269648,164.96499633789062
2021-04-08,164.96499633789062,164.96499633789062,166.22500610351562,164.60000610351562,165.5449981689453,56242000,0.006071242952548017,156.16092529296876,158.45041015625,0.014282960508447724,168.61000061035156
2021-04-09,168.61000061035156,168.61000061035156,168.61000061035156,164.44500732421875,165.23500061035156,86830000,0.02209562242522667,156.80745010375978,158.59003021240235,0.014507784474115938,168.96949768066406
2021-04-12,168.96949768066406,168.96949768066406,169.7519989013672,167.5574951171875,167.760498046875,65636000,0.0021321218730274705,157.53219985961914,158.7318002319336,0.014249450145451837,170.0
2021-04-13,170.0,170.0,171.60000610351562,169.781494140625,170.04249572753906,66316000,0.006098747605224553,158.3279998779297,158.92560028076173,0.014152839182864021,166.64999389648438
2021-04-14,166.64999389648438,166.64999389648438,170.2064971923828,166.3000030517578,170.20199584960938,62904000,-0.01970591825597423,158.93084945678712,158.91572021484376,0.015196670472518962,168.95449829101562
2021-04-15,168.95449829101562,168.95449829101562,169.85000610351562,167.60000610351562,168.5500030517578,64672000,0.013828409714570444,159.53924942016602,158.91481018066406,0.015184000523494383,169.9720001220703
2021-04-16,169.9720001220703,169.9720001220703,170.33999633789062,167.7794952392578,169.0,63720000,0.006022342354579324,160.4678741455078,159.0017202758789,0.012233366068816202,168.60049438476562
2021-04-19,168.60049438476562,168.60049438476562,171.79649353027344,168.00799560546875,169.51649475097656,54508000,-0.00806900981526193,161.21049880981445,159.04273010253905,0.01239086283501596,166.7344970703125
2021-04-20,166.7344970703125,166.7344970703125,169.14950561523438,165.8000030517578,168.67999267578125,52460000,-0.011067567276491497,161.77004852294922,159.0252700805664,0.012754629917581493,168.1009979248047
2021-04-21,168.1009979248047,168.1009979248047,168.14300537109375,165.1905059814453,165.8000030517578,44224000,0.008195669633476843,162.33134841918945,159.06434997558594,0.012747360635150879,165.45199584960938
2021-04-22,165.45199584960938,165.45199584960938,168.64349365234375,165.07249450683594,168.58399963378906,51612000,-0.015758395892332966,162.8862731933594,159.06838989257812,0.012722030239483232,167.04400634765625
2021-04-23,167.04400634765625,167.04400634765625,168.75,165.4250030517578,165.9550018310547,63856000,0.00962218974677076,163.62282333374023,159.1226901245117,0.01214930285196537,170.4499969482422
2021-04-26,170.4499969482422,170.4499969482422,171.42250061035156,166.5469970703125,167.39999389648438,97614000,0.020389780364207244,164.51524810791017,159.26955993652345,0.012619577203934099,170.8715057373047
2021-04-27,170.8715057373047,170.8715057373047,173.0,169.90049743652344,172.17349243164062,76542000,0.0024729175512423485,165.3694984436035,159.40928009033203,0.012627741924151059,172.9250030517578
2021-04-28,172.9250030517578,172.9250030517578,174.49400329589844,171.25,171.74000549316406,92638000,0.012017786731569835,166.37752380371094,159.59883026123046,0.012381292363146524,173.5655059814453
2021-04-29,173.5655059814453,173.5655059814453,175.72250366210938,171.75,175.2550048828125,153648000,0.0037039347600635875,167.3205993652344,159.76150024414062,0.012299421193447438,173.37100219726562
2021-04-30,173.37100219726562,173.37100219726562,177.6999969482422,173.125,176.25599670410156,140186000,-0.001120636171800582,168.08664932250977,159.9006903076172,0.011804451370665933,169.32449340820312
2021-05-03,169.32449340820312,169.32449340820312,174.33250427246094,168.63499450683594,174.2364959716797,117510000,-0.023340170719312603,168.48604888916014,160.0372802734375,0.012727212824503358,165.593505859375
2021-05-04,165.593505859375,165.593505859375,168.3990020751953,163.60650634765625,167.8094940185547,108788000,-0.022034541333801894,168.70617446899413,160.16841033935546,0.01385173154954373,163.52699279785156
2021-05-05,163.52699279785156,163.52699279785156,167.73500061035156,163.21800231933594,166.9429931640625,74226000,-0.012479432999494278,168.6840492248535,160.24445007324218,0.013660459928072065,165.31849670410156
2021-05-06,165.31849670410156,165.31849670410156,165.72000122070312,162.36000061035156,163.5,88954000,0.010955401769447537,168.70172424316405,160.39128997802734,0.013818323017309198,164.58050537109375
2021-05-07,164.58050537109375,164.58050537109375,166.54449462890625,164.45350646972656,165.95449829101562,94206000,-0.0044640578502762596,168.50024948120117,160.62574005126953,0.012845091356984577,159.52450561523438
2021-05-10,159.52450561523438,159.52450561523438,164.14999389648438,159.5,164.11599731445312,116772000,-0.03072052637375966,168.0279998779297,160.72330017089843,0.01441111166271859,161.19549560546875
2021-05-11,161.19549560546875,161.19549560546875,161.89999389648438,156.36849975585938,156.81399536132812,92396000,0.010474816917876772,167.58777465820313,160.80106994628906,0.014585066021806434,157.5970001220703
2021-05-12,157.5970001220703,157.5970001220703,160.39700317382812,156.65499877929688,159.25,98728000,-0.022323796765424953,167.13512496948243,160.8584799194336,0.014757823170198003,158.07350158691406
2021-05-13,158.07350158691406,158.07350158691406,160.19200134277344,156.64999389648438,159.27349853515625,67018000,0.0030235440044839024,166.59107513427733,161.01494995117187,0.01431255722822858,161.14500427246094
2021-05-14,161.14500427246094,161.14500427246094,161.4429931640625,159.14999389648438,159.2779998779297,66500000,0.019430851184491837,166.14972534179688,161.2602801513672,0.015062887657820876,163.51950073242188
2021-05-17,163.51950073242188,163.51950073242188,164.6374969482422,161.72950744628906,162.29649353027344,74478000,0.0147351540352203,165.8956756591797,161.53021026611327,0.015480794152849626,161.61399841308594
2021-05-18,161.61399841308594,161.61399841308594,165.60000610351562,161.51849365234375,164.62899780273438,56568000,-0.011653058569779051,165.63965072631837,161.81054016113282,0.01550055036244516,161.58999633789062
2021-05-19,161.58999633789062,161.58999633789062,161.7375030517578,159.1999969482422,159.75,53594000,-0.000148514828115065,165.31410064697266,161.97949005126952,0.015338898178804588,162.38400268554688
2021-05-20,162.38400268554688,162.38400268554688,162.98399353027344,161.8090057373047,162.22000122070312,52664000,0.004913709794237331,165.16070098876952,162.16953002929688,0.015046838665574018,160.1540069580078
2021-05-21,160.1540069580078,160.1540069580078,162.83450317382812,159.85049438476562,162.5,82098000,-0.013732853548741542,164.81620101928712,162.25902008056642,0.01509937512237624,162.24949645996094
2021-05-24,162.24949645996094,162.24949645996094,162.8975067138672,160.52499389648438,160.77499389648438,48456000,0.013084215261017773,164.40617599487305,162.4145199584961,0.014609779447298674,162.95249938964844
2021-05-25,162.95249938964844,162.95249938964844,163.99099731445312,160.68800354003906,163.33349609375,65222000,0.004332851226203749,164.01022567749024,162.59188995361328,0.01464803315355615,163.25799560546875
2021-05-26,163.25799560546875,163.25799560546875,164.7864990234375,162.92550659179688,163.72950744628906,47680000,0.0018747562447005706,163.5268753051758,162.76518981933594,0.014298844616407777,161.5054931640625
2021-05-27,161.5054931640625,161.5054931640625,163.01800537109375,161.5019989013672,162.8000030517578,51224000,-0.010734558114025683,162.92387466430665,162.85956970214843,0.014319022075847404,161.15350341796875
2021-05-28,161.15350341796875,161.15350341796875,162.39950561523438,160.98500061035156,162.10000610351562,46596000,-0.0021794289420000723,162.3129997253418,163.05464965820312,0.014311731845538285,160.9324951171875
2021-06-01,160.9324951171875,160.9324951171875,162.5489959716797,160.4530029296875,162.1750030517578,48600000,-0.0013714148069622345,161.893399810791,163.19833953857423,0.013534789902678895,161.69949340820312
2021-06-02,161.69949340820312,161.69949340820312,161.75,160.39999389648438,161.15499877929688,40290000,0.004765962837133042,161.6986991882324,163.32145935058594,0.012800633156332982,159.35049438476562
2021-06-03,159.35049438476562,159.35049438476562,160.7220001220703,159.20150756835938,160.2115020751953,47966000,-0.014526941142032901,161.48987426757813,163.37096923828125,0.012904110543657017,160.31100463867188
2021-06-04,160.31100463867188,160.31100463867188,161.0500030517578,159.9405059814453,160.60000610351562,44994000,0.006027657821926935,161.23949966430663,163.49011932373048,0.012705047452932354,159.90049743652344
2021-06-07,159.90049743652344,159.90049743652344,160.39999389648438,158.61000061035156,159.8665008544922,44316000,-0.0025606925929613222,161.00549926757813,163.64186920166014,0.012688475526791396,163.20550537109375
2021-06-08,163.20550537109375,163.20550537109375,163.97650146484375,160.90049743652344,161.1304931640625,68334000,0.020669153552085318,161.1895492553711,163.85394927978516,0.011586295324989745,164.0574951171875
2021-06-09,164.0574951171875,164.0574951171875,164.87899780273438,163.53500366210938,163.64349365234375,49110000,0.005220349302289318,161.33264923095703,164.05936920166016,0.011423466943988159,167.4824981689453
2021-06-10,167.4824981689453,167.4824981689453,167.5500030517578,164.0574951171875,164.10049438476562,69530000,0.02087684594544914,161.8269241333008,164.35372924804688,0.0108631979967806,167.3415069580078
2021-06-11,167.3415069580078,167.3415069580078,168.32899475097656,166.67250061035156,167.4824981689453,56348000,-0.0008418265339896758,162.29032440185546,164.6064794921875,0.01089900003825786,169.19349670410156
2021-06-14,169.19349670410156,169.19349670410156,169.25,166.77499389648438,167.3415069580078,51394000,0.011067127216432215,162.6927490234375,164.82934936523438,0.010379797100772092,169.156494140625
2021-06-15,169.156494140625,169.156494140625,169.84950256347656,168.15550231933594,169.1999969482422,48524000,-0.0002186996793457352,162.97459869384767,164.98574920654298,0.009982362326320684,170.7624969482422
2021-06-16,170.7624969482422,170.7624969482422,171.3175048828125,168.02650451660156,169.60000610351562,84056000,0.0094941835711142,163.43202362060546,165.1771792602539,0.00960142519696832,174.46200561523438
2021-06-17,174.46200561523438,174.46200561523438,174.86000061035156,170.0500030517578,170.15899658203125,102730000,0.02166464377780497,164.07562408447265,165.3870294189453,0.010450193605686388,174.34500122070312
2021-06-18,174.34500122070312,174.34500122070312,175.35000610351562,173.6855010986328,173.99949645996094,104954000,-0.0006706583139327593,164.67367401123047,165.57462951660156,0.010495940893627613,172.697998046875
2021-06-21,172.697998046875,172.697998046875,174.10000610351562,171.6999969482422,173.8209991455078,65542000,-0.009446804682075038,165.30087356567384,165.65638946533204,0.010161590130109867,175.27200317382812
2021-06-22,175.27200317382812,175.27200317382812,176.18899536132812,172.80450439453125,172.9029998779297,66902000,0.01490466106187549,165.95199890136718,165.78243957519533,0.010256591261333284,175.1909942626953
2021-06-23,175.1909942626953,175.1909942626953,176.0500030517578,174.16000366210938,175.25,56266000,-0.0004621896804161141,166.56392364501954,165.88625946044922,0.01030230890793118,172.45399475097656
2021-06-24,172.45399475097656,172.45399475097656,176.2429962158203,171.54249572753906,175.3820037841797,76640000,-0.015622946391951387,167.02372360229492,166.00233947753907,0.011169899390171139,170.072998046875
2021-06-25,170.072998046875,170.072998046875,173.24099731445312,169.70899963378906,173.1999969482422,78820000,-0.013806561613952328,167.45209884643555,166.02470947265624,0.011384904316220676,172.1945037841797
2021-06-28,172.1945037841797,172.1945037841797,172.39999389648438,170.67550659179688,170.8000030517578,44856000,0.012474089136242261,168.0041488647461,166.06915954589843,0.01152841729950173,172.40699768066406
2021-06-29,172.40699768066406,172.40699768066406,172.80149841308594,171.15150451660156,171.9409942626953,41968000,0.0012340341405479016,168.57787399291993,166.1452896118164,0.011486523334856577,172.00799560546875
2021-06-30,172.00799560546875,172.00799560546875,173.5800018310547,171.75,172.05299377441406,48080000,-0.0023143032508132766,169.0932991027832,166.25075958251952,0.01155474841797897,171.64849853515625
2021-07-01,171.64849853515625,171.64849853515625,172.85000610351562,170.4709930419922,171.73049926757812,40742000,-0.0020900020900020966,169.70819931030275,166.32170959472657,0.010867094523233862,175.5489959716797
2021-07-02,175.5489959716797,175.5489959716797,175.58599853515625,171.8459930419922,172.58200073242188,63388000,0.022723749230608936,170.47009887695313,166.52364959716797,0.01166113666449283,183.78700256347656
2021-07-06,183.78700256347656,183.78700256347656,184.2740020751953,176.4499969482422,176.5054931640625,134896000,0.04692710742205475,171.66442413330077,166.85850952148436,0.014867946360486705,184.82899475097656
2021-07-07,184.82899475097656,184.82899475097656,186.7100067138672,183.94549560546875,185.86900329589844,106562000,0.005669564076709488,172.74559860229493,167.14608947753905,0.014521143427336729,186.57049560546875
2021-07-08,186.57049560546875,186.57049560546875,187.9994964599609,181.0559997558593,182.1779937744141,103612000,0.009422227593882448,173.871248626709,167.46006927490234,0.01453449554373682,185.9669952392578
2021-07-09,185.9669952392578,185.9669952392578,187.3999938964844,184.6699981689453,186.12600708007807,74964000,-0.003234704202571881,174.79547348022462,167.72090911865234,0.014281300314934776,185.9275054931641
2021-07-12,185.9275054931641,185.9275054931641,187.864501953125,184.8394927978516,187.1999969482422,51432000,-0.00021234814297510507,175.72477340698242,167.9681491088867,0.014267638091971319,183.8679962158203
2021-07-13,183.8679962158203,183.8679962158203,188.6540069580078,183.5659942626953,185.10499572753903,76918000,-0.011076947823728478,176.45849838256837,168.17808898925782,0.014656590960653254,184.08399963378903
2021-07-14,184.08399963378903,184.08399963378903,185.88299560546875,183.04150390625,185.4425048828125,65932000,0.0011747744165069296,177.20487365722656,168.47327911376954,0.01463743984794486,181.5599975585937
2021-07-15,181.5599975585937,181.5599975585937,184.7700042724609,181.04600524902344,184.7100067138672,63706000,-0.013711143174944707,177.74474868774413,168.7926089477539,0.01511896626133543,178.68150329589844
2021-07-16,178.68150329589844,178.68150329589844,182.3029937744141,178.5229949951172,181.66549682617188,80874000,-0.015854231666676988,177.95572357177736,169.09569915771485,0.01503174640262843,177.47950744628906
2021-07-19,177.47950744628906,177.47950744628906,177.510498046875,174.95799255371094,176.62899780273438,75692000,-0.006727030092302577,178.11244888305663,169.3389193725586,0.015134218648995012,178.6595001220703
2021-07-20,178.6595001220703,178.6595001220703,179.60000610351562,175.89999389648438,178.36599731445312,65114000,0.0066486136498793424,178.4105239868164,169.6204992675781,0.014976668833598925,179.25999450683594
2021-07-21,179.25999450683594,179.25999450683594,179.32249450683594,177.1820068359375,178.81900024414062,46380000,0.003361110852517335,178.60992355346679,170.01520904541016,0.014664368720358433,181.9015045166016
2021-07-22,181.9015045166016,181.9015045166016,182.00100708007807,179.11349487304688,179.3614959716797,65308000,0.01473563589596627,178.9454490661621,170.4293292236328,0.014963003008630868,182.83200073242188
2021-07-23,182.83200073242188,182.83200073242188,183.3054962158203,181.1020050048828,182.0,48726000,0.005115384934792244,179.46434936523437,170.93402923583983,0.014385940564698328,184.99099731445312
2021-07-26,184.99099731445312,184.99099731445312,185.60400390625,182.3625030517578,183.6584930419922,58002000,0.01180863619816197,180.2102493286133,171.47237915039062,0.013942172461794845,181.3195037841797
2021-07-27,181.3195037841797,181.3195037841797,184.9250030517578,179.3074951171875,184.9250030517578,82638000,-0.019846876786293155,180.66649932861327,171.875869140625,0.014792535184305736,181.51600646972656
2021-07-28,181.51600646972656,181.51600646972656,182.92100524902344,180.0500030517578,181.68899536132807,59988000,0.0010837371680696428,181.1219497680664,172.2357992553711,0.014793350672054806,179.99600219726562
2021-07-29,179.99600219726562,179.99600219726562,181.8975067138672,179.00050354003906,181.3874969482422,110400000,-0.008373940689987869,181.52135009765624,172.6034393310547,0.014962116420245685,166.37950134277344
2021-07-30,166.37950134277344,166.37950134277344,168.40699768066406,165.3489990234375,167.3975067138672,199312000,-0.07564890713277761,181.2579002380371,172.69922943115233,0.023000000544791035,166.57400512695312
2021-08-02,166.57400512695312,166.57400512695312,167.9459991455078,165.85000610351562,167.65499877929688,67078000,0.0011690369463182027,180.80915069580078,172.78302947998046,0.022309653576466984,168.31199645996094
2021-08-03,168.31199645996094,168.31199645996094,169.5500030517578,164.98849487304688,167.03599548339844,83146000,0.01043374884144277,180.035400390625,172.94618927001954,0.019362489034477643,167.73599243164062
2021-08-04,167.73599243164062,167.73599243164062,169.44400024414062,167.2779998779297,168.96749877929688,43678000,-0.0034222398904129037,179.1807502746582,173.05591918945314,0.019224736455259767,168.79949951171875
2021-08-05,168.79949951171875,168.79949951171875,169.4499969482422,167.04600524902344,167.81100463867188,48670000,0.006340362999381677,178.2922004699707,173.17285919189453,0.0191179951423851,167.2469940185547
2021-08-06,167.2469940185547,167.2469940185547,168.75,166.45199584960938,168.75,52752000,-0.009197334693852421,177.35620040893554,173.25263916015626,0.019138586361809887,167.093505859375
2021-08-09,167.093505859375,167.093505859375,167.74400329589844,166.42599487304688,167.1804962158203,42964000,-0.0009177334401756498,176.41450042724608,173.3643994140625,0.019129733676805923,166.03399658203125
2021-08-10,166.03399658203125,166.03399658203125,167.89999389648438,165.75,167.25050354003906,48252000,-0.006340816609805455,175.52280044555664,173.46200927734375,0.01908169480576675,164.60549926757812
2021-08-11,164.60549926757812,164.60549926757812,166.88499450683594,163.88949584960938,166.57249450683594,58944000,-0.008603643493863333,174.5488754272461,173.53546936035156,0.019042857773967487,165.1750030517578
2021-08-12,165.1750030517578,165.1750030517578,165.72549438476562,163.48350524902344,164.5,46282000,0.003459810192938395,173.7296257019043,173.60497955322265,0.019035378891930917,164.69850158691406
2021-08-13,164.69850158691406,164.69850158691406,165.30349731445312,164.14999389648438,165.2834930419922,41134000,-0.0028848279463596915,173.03047561645508,173.71193969726562,0.01884961897915467,164.94949340820312
2021-08-16,164.94949340820312,164.94949340820312,165.0,160.55650329589844,164.14999389648438,66394000,0.0015239472057770875,172.4039749145508,173.80470947265624,0.018874542492643906,162.09800720214844
2021-08-17,162.09800720214844,162.09800720214844,164.02450561523438,161.28399658203125,163.875,67758000,-0.01728702615047184,171.57590026855468,173.84865966796875,0.018957324309655257,160.06100463867188
2021-08-18,160.06100463867188,160.06100463867188,162.7050018310547,160.0,162.09950256347656,56086000,-0.012566487390164305,170.61595077514647,173.7857696533203,0.01893652510168495,159.3874969482422
2021-08-19,159.3874969482422,159.3874969482422,161.64999389648438,159.1230010986328,159.7010040283203,75658000,-0.0042078187123096855,169.49025039672853,173.69236968994142,0.01833689597761323,159.99749755859375
2021-08-20,159.99749755859375,159.99749755859375,160.3905029296875,158.78799438476562,160.19349670410156,67168000,0.003827154714335368,168.3485252380371,173.54266967773438,0.018296468156468685,163.2935028076172
2021-08-23,163.2935028076172,163.2935028076172,164.0449981689453,160.50050354003906,160.59500122070312,65362000,0.02060035500127988,167.2636505126953,173.46170959472656,0.01885611155994146,165.28900146484375
2021-08-24,165.28900146484375,165.28900146484375,165.77450561523438,163.72900390625,164.0,51036000,0.012220318769066596,166.4621253967285,173.3836196899414,0.018983498184173428,164.95899963378906
2021-08-25,164.95899963378906,164.95899963378906,166.0500030517578,164.3074951171875,165.49349975585938,33606000,-0.0019965141547840792,165.63427505493163,173.2996697998047,0.018948792194102764,165.8000030517578
2021-08-26,165.8000030517578,165.8000030517578,166.60000610351562,164.8000030517578,164.9499969482422,41976000,0.005098257262930783,164.92447509765626,173.200419921875,0.019046542234665058,167.48150634765625
2021-08-27,167.48150634765625,167.48150634765625,167.61599731445312,165.6875,166.6614990234375,48048000,0.01014175672465778,164.97957534790038,173.06080993652344,0.009111423434002059,171.07850646972656
2021-08-30,171.07850646972656,171.07850646972656,172.25,167.76100158691406,167.8715057373047,63844000,0.021476998866989616,165.20480041503907,172.9954800415039,0.010263908828414027,173.5395050048828
2021-08-31,173.5395050048828,173.5395050048828,173.62899780273438,169.7794952392578,171.24000549316406,87128000,0.01438520002272603,165.46617584228517,173.01231018066406,0.010482953569808757,173.9499969482422
2021-09-01,173.9499969482422,173.9499969482422,176.35000610351562,173.76199340820312,174.82000732421875,72598000,0.0023654092095504176,165.77687606811523,172.98587005615235,0.010417204492203121,173.156005859375
2021-09-02,173.156005859375,173.156005859375,175.59800720214844,172.75,174.73800659179688,58474000,-0.004564478889317991,165.99470138549805,172.94517028808593,0.010456320635059692,173.90249633789062
2021-09-03,173.90249633789062,173.90249633789062,174.1334991455078,171.82200622558594,172.60000610351562,51514000,0.004311086264728647,166.32747650146484,172.97414031982422,0.010173204114164964,175.46449279785156
2021-09-07,175.46449279785156,175.46449279785156,176.4044952392578,173.8470001220703,173.89999389648438,54758000,0.008982024369138308,166.74602584838868,173.08197021484375,0.010264097508634603,176.27499389648438
2021-09-08,176.27499389648438,176.27499389648438,177.281494140625,174.7834930419922,175.58250427246094,61068000,0.004619174430729789,167.25807571411133,173.16358001708986,0.010057916584548018,174.20799255371094
2021-09-09,174.20799255371094,174.20799255371094,177.49949645996094,174.01849365234375,176.30099487304688,54384000,-0.011726004336084506,167.73820037841796,173.1995999145508,0.010270234120249683,173.45750427246094
2021-09-10,173.45750427246094,173.45750427246094,175.42250061035156,173.14549255371094,175.0915069580078,47946000,-0.004308001431212238,168.15232543945314,173.22859008789064,0.010393644911235666,172.85850524902344
2021-09-13,172.85850524902344,172.85850524902344,174.8979949951172,171.89999389648438,174.13999938964844,51380000,-0.0034532897607970625,168.5603256225586,173.25279022216796,0.010409911683831489,172.5
2021-09-14,172.5,172.5,174.3404998779297,171.885498046875,173.77749633789062,38738000,-0.002073980962099431,168.93785095214844,173.19181030273438,0.010458136068175904,173.7895050048828
2021-09-15,173.7895050048828,173.7895050048828,174.27099609375,170.10049438476562,172.12600708007812,59150000,0.007475391332653958,169.52242584228514,172.9918603515625,0.009433813117287162,174.41200256347656
2021-09-16,174.41200256347656,174.41200256347656,174.62750244140625,172.3070068359375,172.9980010986328,51672000,0.0035819053548502566,170.2399757385254,172.7835205078125,0.008641382832228777,173.12600708007812
2021-09-17,173.12600708007812,173.12600708007812,174.87049865722656,172.60650634765625,174.42050170898438,92332000,-0.007373319866162298,170.9269012451172,172.51463073730469,0.008833005755993228,167.7864990234375
2021-09-20,167.7864990234375,167.7864990234375,170.9499969482422,165.25050354003906,169.8000030517578,93382000,-0.03084174438431353,171.31635131835938,172.1510208129883,0.011806961983883738,167.18150329589844
2021-09-21,167.18150329589844,167.18150329589844,168.98500061035156,166.6195068359375,168.75,55618000,-0.0036057473697842513,171.51075134277343,171.77610076904296,0.011065428053154278,169.00250244140625
2021-09-22,169.00250244140625,169.00250244140625,169.4499969482422,167.05250549316406,167.5500030517578,48228000,0.01089234819407503,171.69642639160156,171.47879089355467,0.010999835286242536,170.8000030517578
2021-09-23,170.8000030517578,170.8000030517578,171.447998046875,169.00250244140625,169.00250244140625,47588000,0.01063594079605279,171.9884765625,171.21311096191405,0.011169852560220826,171.2760009765625
2021-09-24,171.2760009765625,171.2760009765625,171.46299743652344,169.6699981689453,170.10049438476562,42324000,0.0027868730462519142,172.26227645874025,171.00743103027344,0.01114587293268057,170.2899932861328
2021-09-27,170.2899932861328,170.2899932861328,170.77850341796875,166.98049926757812,168.5749969482422,72690000,-0.005756835077931344,172.40270080566407,170.83960083007813,0.011077756492562403,165.79800415039062
2021-09-28,165.79800415039062,165.79800415039062,168.45950317382812,164.5050048828125,167.885498046875,88616000,-0.0263784679831095,172.13867568969727,170.60597076416016,0.011555125218342309,165.05599975585938
2021-09-29,165.05599975585938,165.05599975585938,167.56500244140625,164.89349365234375,166.10549926757812,51246000,-0.004475351789266391,171.7145004272461,170.33390075683593,0.010943724088287364,164.2519989013672
2021-09-30,164.2519989013672,164.2519989013672,166.3925018310547,163.69949340820312,165.8000030517578,56848000,-0.0048710792439015105,171.22960052490234,170.03374084472657,0.010895820569088221,164.16299438476562
2021-10-01,164.16299438476562,164.16299438476562,165.45849609375,162.7969970703125,164.45050048828125,56712000,-0.0005418778291703674,170.7799499511719,169.67897064208984,0.01089880153479361,159.48899841308594
2021-10-04,159.48899841308594,159.48899841308594,163.99949645996094,158.8125,163.96949768066406,90462000,-0.028471678341373097,170.05927505493165,169.21211059570314,0.012192193876820636,161.0500030517578
2021-10-05,161.0500030517578,161.0500030517578,163.0364990234375,160.1230010986328,160.22500610351562,65384000,0.00978753803838428,169.33855056762695,168.7332907104492,0.012239427330756891,163.10049438476562
2021-10-06,163.10049438476562,163.10049438476562,163.2169952392578,159.93099975585938,160.67649841308594,50660000,0.012732016728672857,168.67982559204103,168.36891052246094,0.012673993601909735,165.1215057373047
2021-10-07,165.1215057373047,165.1215057373047,166.28750610351562,164.1529998779297,164.57699584960938,48182000,0.012391203105561077,168.2255012512207,168.0410205078125,0.013022628878674893,164.43099975585938
2021-10-08,164.43099975585938,164.43099975585938,166.07150268554688,164.41000366210938,165.85000610351562,39964000,-0.004181805261295635,167.77417602539063,167.7297204589844,0.01302178493351904,162.31500244140625
2021-10-11,162.31500244140625,162.31500244140625,164.62950134277344,161.90499877929688,163.75,40684000,-0.01286860335091844,167.24700088500975,167.64843048095702,0.013223379277185804,162.3665008544922
2021-10-12,162.3665008544922,162.3665008544922,163.37649536132812,161.81399536132812,162.85000610351562,36392000,0.0003172745113595443,166.74032592773438,167.5642803955078,0.013243538759138019,164.21400451660156
2021-10-13,164.21400451660156,164.21400451660156,164.41900634765625,163.05450439453125,163.48550415039062,48402000,0.011378601203982708,166.2615509033203,167.48232055664062,0.01343248616433688,164.9929962158203
2021-10-14,164.9929962158203,164.9929962158203,165.6300048828125,164.53900146484375,165.12249755859375,42190000,0.004743759227551214,165.7906005859375,167.42746063232423,0.013463756365134524,170.4510040283203
2021-10-15,170.4510040283203,170.4510040283203,170.52099609375,165.1999969482422,165.5709991455078,103598000,0.03308023939004423,165.6568504333496,167.46049072265626,0.015592733331663071,172.33700561523438
2021-10-18,172.33700561523438,172.33700561523438,172.45849609375,169.2550048828125,169.41799926757812,63482000,0.011064772529006062,165.88437576293944,167.56229095458986,0.014064619164937123,172.20750427246094
2021-10-19,172.20750427246094,172.20750427246094,172.7344970703125,171.10000610351562,171.71449279785156,47722000,-0.0007514424560826072,166.13567581176758,167.66457092285157,0.01402522622920879,170.7530059814453
2021-10-20,170.7530059814453,170.7530059814453,173.14300537109375,170.01849365234375,172.63299560546875,42796000,-0.008446195751808605,166.22320098876952,167.75895111083983,0.014015725811613776,171.75050354003906
2021-10-21,171.75050354003906,171.75050354003906,172.01400756835938,170.14999389648438,170.71249389648438,37628000,0.005841756945129006,166.2707260131836,167.90185119628907,0.013875501641330962,166.77749633789062
2021-10-22,166.77749633789062,166.77749633789062,171.49200439453125,166.56500244140625,171.0500030517578,62782000,-0.028954833317208384,166.04580078125,167.93390106201173,0.015324091591191432,166.01849365234375
2021-10-25,166.01849365234375,166.01849365234375,167.38999938964844,164.88499450683594,166.75,44520000,-0.004550989805058192,165.83222579956055,167.9603009033203,0.015307657345057946,168.80349731445312
2021-10-26,168.80349731445312,168.80349731445312,170.80599975585938,167.19900512695312,167.47549438476562,53966000,0.01677526160393561,165.98250045776368,168.03738098144532,0.014590118989749155,169.62449645996094
2021-10-27,169.62449645996094,169.62449645996094,171.85000610351562,168.57249450683594,169.39999389648438,54044000,0.004863638245470758,166.21092529296874,168.18791076660156,0.014555065307815394,172.32850646972656
2021-10-28,172.32850646972656,172.32850646972656,173.9499969482422,169.3000030517578,170.10499572753906,114174000,0.01594115275917063,166.61475067138673,168.43326080322265,0.01481966346993066,168.6215057373047
2021-10-29,168.6215057373047,168.6215057373047,168.74099731445312,163.66600036621094,165.00100708007812,129722000,-0.021511245053778105,166.83767623901366,168.61794097900392,0.015758775881558152,165.90550231933594
2021-11-01,165.90550231933594,165.90550231933594,168.79299926757812,164.6009979248047,168.08999633789062,72178000,-0.01610709978002456,167.15850143432618,168.73610107421874,0.014731847033387785,165.6374969482422
2021-11-02,165.6374969482422,165.6374969482422,166.55599975585938,164.17750549316406,165.75050354003906,52552000,-0.0016154097805501921,167.38787612915038,168.78298095703124,0.014638098913817165,169.1999969482422
2021-11-03,169.1999969482422,169.1999969482422,169.74600219726562,164.87600708007812,165.4499969482422,67944000,0.021507811127532195,167.6928512573242,168.86120086669922,0.015116014116637249,173.85000610351562
2021-11-04,173.85000610351562,173.85000610351562,174.93150329589844,168.25,168.5,107060000,0.02748232410840923,168.12927627563477,169.03902099609374,0.016014798267784642,175.94949340820312
2021-11-05,175.94949340820312,175.94949340820312,178.3125,173.8489990234375,173.85000610351562,99940000,0.01207642928374364,168.70520095825196,169.24201080322266,0.01605963983606492,174.44900512695312
2021-11-08,174.44900512695312,174.44900512695312,178.9499969482422,174.39300537109375,176.16200256347656,61480000,-0.008527948857282919,169.3119010925293,169.38136077880858,0.015854620665681603,178.81149291992188
2021-11-09,178.81149291992188,178.81149291992188,179.68850708007812,175.07150268554688,175.7624969482422,85898000,0.025007238016599764,170.13415069580077,169.5360205078125,0.016522052222624005,174.1024932861328
2021-11-10,174.1024932861328,174.1024932861328,180.2725067138672,173.1544952392578,178.19349670410156,80548000,-0.026334994227121156,170.62857513427736,169.5472802734375,0.01785027989544102,173.625
2021-11-11,173.625,173.625,177.16200256347656,173.37350463867188,175.64999389648438,45288000,-0.0027425987825921982,171.06017532348633,169.54078033447266,0.017891982662407897,176.25750732421875
2021-11-12,176.25750732421875,176.25750732421875,177.0364990234375,172.3524932861328,174.25,53788000,0.015162029225161966,171.35050048828126,169.60281036376952,0.01669983186362332,177.28399658203125
2021-11-15,177.28399658203125,177.28399658203125,179.69400024414062,176.29049682617188,176.85000610351562,58594000,0.0058238044631160335,171.59785003662108,169.67044036865235,0.016587692113471657,177.03500366210938
2021-11-16,177.03500366210938,177.03500366210938,178.8249969482422,176.25750732421875,176.9499969482422,44342000,-0.001404486161877938,171.8392250061035,169.7018505859375,0.01659309635650592,177.4499969482422
2021-11-17,177.4499969482422,177.4499969482422,179.3625030517578,177.2675018310547,178.23599243164062,51206000,0.0023441312596286235,172.17407455444337,169.72535064697266,0.01642677861479547,184.8029937744141
2021-11-18,184.8029937744141,184.8029937744141,185.2100067138672,178.0500030517578,178.3175048828125,114070000,0.04143700734081501,172.82669906616212,169.93725067138672,0.018638216920987667,183.82850646972656
2021-11-19,183.82850646972656,183.82850646972656,188.1074981689453,183.78599548339844,185.634506225586,98734000,-0.005273114275827551,173.67924957275392,170.14467071533204,0.017137356867646874,178.6284942626953
2021-11-22,178.6284942626953,178.6284942626953,185.67300415039065,178.375,183.81900024414065,96844000,-0.02828730052206352,174.30974960327148,170.26007049560548,0.018594822576351994,179.0019989013672
2021-11-23,179.0019989013672,179.0019989013672,181.0525054931641,176.385498046875,179.2519989013672,73804000,0.0020909577736383245,174.81967468261718,170.3901104736328,0.01834503884918224,179.02049255371094
2021-11-24,179.02049255371094,179.02049255371094,180.6820068359375,176.84249877929688,178.1334991455078,46560000,0.00010331533981333685,175.2894744873047,170.49473022460938,0.01835178609926949,175.22799682617188
2021-11-26,175.22799682617188,175.22799682617188,181.6750030517578,175.20750427246094,180.10499572753906,59826000,-0.021184701669844985,175.43444900512696,170.51105010986328,0.01883024405865261,178.07850646972656
2021-11-29,178.07850646972656,178.07850646972656,179.8000030517578,176.5749969482422,177.3820037841797,65312000,0.016267432688752415,175.90729904174805,170.61010009765624,0.018341477747282956,175.35350036621094
2021-11-30,175.35350036621094,175.35350036621094,179.2884979248047,174.60049438476562,178.1750030517578,80022000,-0.015302274022490625,176.37969894409179,170.76144012451172,0.018298433872952248,172.18600463867188
2021-12-01,172.18600463867188,172.18600463867188,177.99400329589844,172.0800018310547,177.25,74916000,-0.0180634873037836,176.70712432861328,170.8615301513672,0.018874109990340636,171.8679962158203
2021-12-02,171.8679962158203,171.8679962158203,174.63499450683594,171.1875,173.0,64726000,-0.0018468889124809706,176.84052429199218,170.91884002685546,0.018325241854882178,169.489501953125
2021-12-03,169.489501953125,169.489501953125,173.49349975585938,166.92999267578125,172.75,80712000,-0.013839076006382012,176.62249908447265,170.89263000488282,0.01748554223110857,171.36849975585938
2021-12-06,171.36849975585938,171.36849975585938,173.69549560546875,166.9344940185547,169.64999389648438,68860000,0.011086219388703134,176.39344940185546,170.89447998046876,0.017447556329198446,176.1645050048828
2021-12-07,176.1645050048828,176.1645050048828,177.49949645996094,173.33450317382812,174.60000610351562,66410000,0.027986504263362688,176.47922439575194,171.01197021484376,0.018515333171531704,176.1580047607422
2021-12-08,176.1580047607422,176.1580047607422,177.17999267578125,174.75050354003906,176.15049743652344,45254000,-3.689871657430732e-05,176.34654998779297,171.21917022705077,0.0176059865106797,174.17100524902344
2021-12-09,174.17100524902344,174.17100524902344,176.96949768066406,174.13949584960938,175.75,46062000,-0.011279643604146683,176.3499755859375,171.40147033691406,0.016748759338010715,172.21200561523438
2021-12-10,172.21200561523438,172.21200561523438,175.927001953125,170.5,175.41700744628906,60690000,-0.011247564604614624,176.27932586669922,171.5606704711914,0.01693307770270835,169.5675048828125
2021-12-13,169.5675048828125,169.5675048828125,172.10000610351562,169.1300048828125,172.0,62170000,-0.015356076499860039,175.9448257446289,171.66876068115235,0.016843759282738527,169.0915069580078
2021-12-14,169.0915069580078,169.0915069580078,169.49899291992188,166.44000244140625,167.5500030517578,55976000,-0.0028071293797337082,175.53520126342772,171.86081085205078,0.016748472024421205,173.31500244140625
2021-12-15,173.31500244140625,173.31500244140625,173.60000610351562,165.19500732421875,168.59800720214844,75794000,0.024977573145925636,175.34920120239258,172.10611083984375,0.017821511823084453,168.87100219726562
2021-12-16,168.87100219726562,168.87100219726562,174.16600036621094,168.16050720214844,173.36849975585938,60876000,-0.025641174633125208,174.92025146484374,172.22152099609374,0.01863261904382635,170.0175018310547
2021-12-17,170.0175018310547,170.0175018310547,170.89849853515625,165.61349487304688,167.7104949951172,85542000,0.00678920370502567,174.18097686767578,172.31944091796876,0.015736698898503418,167.07899475097656
2021-12-20,167.07899475097656,167.07899475097656,167.87449645996094,165.60000610351562,166.85000610351562,57372000,-0.017283556389377508,173.34350128173827,172.3724008178711,0.016012843226414,170.41700744628906
2021-12-21,170.41700744628906,170.41700744628906,170.7165069580078,165.6475067138672,167.85049438476562,55956000,0.019978649621920752,172.93292694091798,172.53444091796874,0.015898650564101627,171.03700256347656
2021-12-22,171.03700256347656,171.03700256347656,172.0500030517578,168.50050354003906,169.27000427246094,55036000,0.0036381058820253998,172.53467712402343,172.70785095214845,0.01592452650807392,171.06849670410156
2021-12-23,171.06849670410156,171.06849670410156,171.97500610351562,170.14999389648438,170.42799377441406,36788000,0.0001841364158221559,172.13707733154297,172.84494079589842,0.01592513947488119,169.66949462890625
2021-12-27,169.66949462890625,169.66949462890625,172.9429931640625,169.2154998779297,171.03700256347656,58688000,-0.008178022851368039,171.8591522216797,172.93847076416014,0.015362504958554474,170.66099548339844
2021-12-28,170.66099548339844,170.66099548339844,172.17599487304688,169.135498046875,170.1824951171875,54638000,0.005843719029521299,171.48827667236327,172.9426705932617,0.014897840894696745,169.2010040283203
2021-12-29,169.2010040283203,169.2010040283203,171.21200561523438,168.60049438476562,170.83999633789062,35754000,-0.0085549217086347,171.18065185546874,172.87995056152343,0.014655654736087348,168.64450073242188
2021-12-30,168.64450073242188,168.64450073242188,170.88800048828125,168.5240020751953,169.6999969482422,37584000,-0.0032890070546229833,171.00357666015626,172.80869049072265,0.014150146813402936,166.7169952392578
2021-12-31,166.7169952392578,166.7169952392578,169.35000610351562,166.55850219726562,168.95599365234375,47830000,-0.011429400216389607,170.74602661132812,172.7279702758789,0.01434325002246042,170.4044952392578
2022-01-03,170.4044952392578,170.4044952392578,170.70350646972656,166.16050720214844,167.5500030517578,63520000,0.022118320898886212,170.79177627563476,172.70105010986327,0.014945919762400959,167.52200317382812
2022-01-04,167.52200317382812,167.52200317382812,171.39999389648438,166.34950256347656,170.43800354003906,70726000,-0.016915587005979504,170.5994514465332,172.71594024658202,0.015199127842108247,164.35699462890625
2022-01-05,164.35699462890625,164.35699462890625,167.12649536132812,164.35699462890625,166.88299560546875,64302000,-0.018893091563845,170.0090759277344,172.68271026611328,0.014061817961131921,163.25399780273438
2022-01-06,163.25399780273438,163.25399780273438,164.8000030517578,161.93699645996094,163.45050048828125,51958000,-0.006710981961323137,169.36387557983397,172.5717202758789,0.014057769830245967,162.5540008544922
2022-01-07,162.5540008544922,162.5540008544922,165.24349975585938,162.031005859375,163.83900451660156,46606000,-0.004287778294336242,168.78302536010742,172.43031036376954,0.013945923012531357,161.48599243164062
2022-01-10,161.48599243164062,161.48599243164062,161.6614990234375,156.30450439453125,160.5854949951172,87798000,-0.006570176170610398,168.24672470092773,172.21346008300782,0.01384542661088368,165.36199951171875
2022-01-11,165.36199951171875,165.36199951171875,166.35000610351562,160.70150756835938,161.5,62806000,0.024002125643924677,168.03644943237305,172.1482699584961,0.014780152502926192,165.20700073242188
2022-01-12,165.20700073242188,165.20700073242188,166.8780059814453,164.41700744628906,166.5749969482422,50030000,-0.0009373300985386912,167.84222412109375,172.13429992675782,0.014775041217346303,161.21400451660156
2022-01-13,161.21400451660156,161.21400451660156,166.22149658203125,161.09100341796875,165.25050354003906,52188000,-0.024169655027437842,167.2371742248535,172.045830078125,0.01429623433475991,162.13800048828125
2022-01-14,162.13800048828125,162.13800048828125,162.25,159.80050659179688,160.14999389648438,45974000,0.005731487003565627,166.9005241394043,171.9045901489258,0.013436011855152783,158.91749572753906
2022-01-18,158.91749572753906,158.91749572753906,159.7344970703125,157.6645050048828,159.10499572753906,67292000,-0.019862738846190164,166.34552383422852,171.60593994140626,0.013839597363401141,156.2989959716797
2022-01-19,156.2989959716797,156.2989959716797,159.25,156.25,158.76199340820312,53242000,-0.016477101806013472,165.80652389526367,171.21292999267578,0.013797758936079966,151.66749572753906
2022-01-20,151.66749572753906,151.66749572753906,158.0,151.3509979248047,156.76600646972656,71974000,-0.02963230963415675,164.86904830932616,170.7572998046875,0.013863381882666717,142.64300537109375
2022-01-21,142.64300537109375,142.64300537109375,150.89999389648438,142.07049560546875,149.9499969482422,163972000,-0.05950180896147472,163.44934844970703,170.03393005371095,0.018147512523505653,144.54400634765625
2022-01-24,144.54400634765625,144.54400634765625,144.94500732421875,135.3520050048828,139.0,155624000,0.01332698348311534,162.12312393188478,169.4427603149414,0.01872175063608653,139.98599243164062
2022-01-25,139.98599243164062,139.98599243164062,143.60000610351562,138.14500427246094,142.24249267578125,90824000,-0.031533745543573244,160.6389488220215,168.76998016357422,0.019433908497923667,138.87249755859375
2022-01-26,138.87249755859375,138.87249755859375,145.18499755859375,137.31849670410156,144.75,95602000,-0.007954330670553511,159.04952392578124,168.02227996826173,0.019106920053459195,139.6374969482422
2022-01-27,139.6374969482422,139.6374969482422,144.24349975585938,139.35000610351562,140.8000030517578,77516000,0.005508645722495764,157.57134857177735,167.26934997558592,0.019422072890183908,143.97799682617188
2022-01-28,143.97799682617188,143.97799682617188,143.9980010986328,137.92950439453125,140.86050415039062,74392000,0.031084056738273746,156.33802337646483,166.6082098388672,0.02140814474887813,149.57350158691406
2022-01-31,149.57350158691406,149.57350158691406,150.36050415039062,144.30050659179688,144.75,78308000,0.03886361030218932,155.48084869384766,166.05067993164062,0.023765468583911896,151.19349670410156
2022-02-01,151.19349670410156,151.19349670410156,151.70799255371094,147.62750244140625,150.0,59220000,0.010830762802234384,154.52029876708986,165.37848999023439,0.02321163311649543,150.6125030517578
2022-02-02,150.6125030517578,150.6125030517578,155.0749969482422,148.86349487304688,155.05050659179688,87330000,-0.0038427158906232384,153.67482376098633,164.714169921875,0.02306291488332099,138.8455047607422
2022-02-03,138.8455047607422,138.8455047607422,144.24749755859375,138.33299255371094,141.7375030517578,225532000,-0.0781276325178123,152.3992492675781,163.91851013183594,0.028171636449217354,157.63949584960938
2022-02-04,157.63949584960938,157.63949584960938,161.1999969482422,150.60800170898438,155.60650634765625,253456000,0.13535901735711864,152.11852416992187,163.4912600708008,0.042688489624763695,157.9355010986328
2022-02-07,157.9355010986328,157.9355010986328,162.6909942626953,157.25,158.52000427246094,102624000,0.0018777353189827206,151.8875991821289,163.0695602416992,0.042685071599821926,161.4134979248047
2022-02-08,161.4134979248047,161.4134979248047,161.79249572753906,155.55050659179688,156.75050354003906,76040000,0.022021627828944013,151.88397445678712,162.79327026367187,0.04295259548334847,161.1894989013672
2022-02-09,161.1894989013672,161.1894989013672,163.83450317382812,160.25,162.87350463867188,68786000,-0.0013877341505965646,151.67534942626952,162.4554901123047,0.042605434428742754,159.0034942626953
2022-02-10,159.0034942626953,159.0034942626953,160.7165069580078,157.75,158.35000610351562,68268000,-0.013561706274733853,151.36517410278321,162.12848999023439,0.042706570214366996,153.2935028076172
2022-02-11,153.2935028076172,153.2935028076172,159.0,152.73399353027344,158.13450622558594,77100000,-0.03591110674363196,150.969149017334,161.75063995361327,0.043119498207998395,155.16700744628906
2022-02-14,155.16700744628906,155.16700744628906,158.44850158691406,151.64999389648438,151.75100708007812,83230000,0.012221683270054351,150.62059936523437,161.41662017822264,0.04320239099747935,156.510498046875
2022-02-15,156.510498046875,156.510498046875,158.0070037841797,154.6374969482422,157.60549926757812,56440000,0.008658352201907249,150.50024948120117,161.15704010009765,0.04302899825193442,158.10049438476562
2022-02-16,158.10049438476562,158.10049438476562,158.83399963378906,154.7344970703125,155.79049682617188,52704000,0.010159039538768955,150.59032440185547,160.8916799926758,0.04290122207900093,154.65249633789062
2022-02-17,154.65249633789062,154.65249633789062,160.3489990234375,154.5,158.14599609375,64032000,-0.021808901106176726,150.73957443237305,160.46143981933594,0.04263801872858133,152.60150146484375
2022-02-18,152.60150146484375,152.60150146484375,155.49949645996094,150.89300537109375,155.49949645996094,63604000,-0.013261957754408193,151.23749923706055,159.99030975341796,0.04032940261352231,150.19749450683594
2022-02-22,150.19749450683594,150.19749450683594,152.9824981689453,148.48550415039062,150.47850036621094,66128000,-0.015753494788264932,151.52017364501953,159.51083953857423,0.040504068015421585,144.82699584960938
2022-02-23,144.82699584960938,144.82699584960938,151.76300048828125,144.6510009765625,151.65049743652344,64244000,-0.03575624663287669,151.76222381591796,158.96313934326173,0.04070226757846803,151.35800170898438
2022-02-24,151.35800170898438,151.35800170898438,151.74899291992188,139.5,139.83749389648438,100786000,0.04509522427819257,152.3864990234375,158.59894927978516,0.041704038179878174,153.7884979248047
2022-02-25,153.7884979248047,153.7884979248047,153.99000549316406,149.2135009765625,150.5500030517578,62396000,0.01605793012842116,153.09404907226562,158.29288909912108,0.04177595070346533,153.56300354003906
2022-02-28,153.56300354003906,153.56300354003906,154.4499969482422,150.85000610351562,152.4250030517578,57684000,-0.0014662630028149382,153.57329940795898,157.89784912109374,0.041364586288251654,151.14199829101562
2022-03-01,151.14199829101562,151.14199829101562,154.0989990234375,149.9770050048828,152.7324981689453,44874000,-0.015765550251120253,153.65172424316407,157.54326904296875,0.04074115932169273,152.05250549316406
2022-03-02,152.05250549316406,152.05250549316406,152.99949645996094,148.75,150.8489990234375,47334000,0.0060241839623909055,153.69467468261718,157.18396911621093,0.04069601851828268,147.89849853515625
2022-03-03,147.89849853515625,147.89849853515625,153.9290008544922,146.8560028076172,153.531494140625,65198000,-0.027319556126581324,153.5589744567871,156.80035919189453,0.04118002317534573,145.64100646972656
2022-03-04,145.64100646972656,145.64100646972656,147.85000610351562,143.8070068359375,147.15899658203125,60934000,-0.0152637929917393,153.89874954223632,156.30483917236327,0.037111627404441586,137.4530029296875
2022-03-07,137.4530029296875,137.4530029296875,146.09449768066406,137.41650390625,145.44349670410156,86934000,-0.05622045424233624,152.88942489624023,155.6331591796875,0.023311831892656575,136.01449584960938
2022-03-08,136.01449584960938,136.01449584960938,140.69949340820312,133.57249450683594,136.68350219726562,91662000,-0.010465446730283379,151.79337463378906,154.93207916259766,0.02323974514930072,139.2790069580078
2022-03-09,139.2790069580078,139.2790069580078,140.25,136.8280029296875,139.5,82656000,0.024001199930983708,150.68665008544923,154.3242694091797,0.02337450949059877,146.8175048828125
2022-03-10,146.8175048828125,146.8175048828125,148.67449951171875,143.97799682617188,145.68499755859375,135062000,0.05412515560997311,149.9680503845215,153.84739959716796,0.027087832768220084,145.52450561523438
2022-03-11,145.52450561523438,145.52450561523438,149.6750030517578,145.36900329589844,149.57449340820312,68900000,-0.008806846762653975,149.29410095214843,153.37386962890625,0.027023153514721968,141.85299682617188
2022-03-14,141.85299682617188,141.85299682617188,147.4499969482422,140.88400268554688,145.9810028076172,74086000,-0.025229488143872714,148.72207565307616,152.83803955078125,0.026460486356146253,147.3665008544922
2022-03-15,147.3665008544922,147.3665008544922,147.98500061035156,142.0,142.85000610351562,75584000,0.038867730338306705,148.33205032348633,152.45102966308593,0.027926037430009744,153.10400390625
2022-03-16,153.10400390625,153.10400390625,153.14999389648438,147.35350036621094,148.5,84958000,0.038933563723705156,148.16172561645507,152.10501983642578,0.029331172296655543,157.23899841308594
2022-03-17,157.23899841308594,157.23899841308594,157.49850463867188,152.13999938964844,152.6405029296875,72934000,0.027007748989816838,148.1186508178711,151.89935974121093,0.029895780657683477,161.25050354003906
2022-03-18,161.25050354003906,161.25050354003906,161.593994140625,156.01100158691406,156.81300354003906,102962000,0.025512151358369817,148.44855117797852,151.83722991943358,0.029938975216473644,161.4915008544922
2022-03-21,161.4915008544922,161.4915008544922,163.08399963378906,159.55299377441406,161.12100219726562,66538000,0.0014945523217748669,148.89305114746094,151.80197998046876,0.029710639941902928,164.88900756835938
2022-03-22,164.88900756835938,164.88900756835938,166.16700744628906,161.69900512695312,161.8054962158203,64086000,0.02103830044237709,149.62762680053712,151.8486801147461,0.02961068742851087,163.4080047607422
2022-03-23,163.4080047607422,163.4080047607422,166.3699951171875,162.68699645996094,163.7050018310547,55812000,-0.008981816492546923,150.55667724609376,151.88712036132813,0.02824018080474271,163.64950561523438
2022-03-24,163.64950561523438,163.64950561523438,164.11849975585938,160.0500030517578,163.74949645996094,56798000,0.0014779010051912955,151.17125244140624,151.85287048339845,0.026741665340898082,164.77349853515625
2022-03-25,164.77349853515625,164.77349853515625,165.36849975585938,162.25,164.0,49032000,0.006868294014676479,151.72050247192382,151.84420043945312,0.02660672837615666,168.99049377441406
2022-03-28,168.99049377441406,168.99049377441406,169.03750610351562,164.89999389648438,164.97500610351562,59854000,0.025592678900108856,152.49187698364258,151.99973022460938,0.0270102082802954,169.31500244140625
2022-03-29,169.31500244140625,169.31500244140625,170.8314971923828,167.86849975585938,170.38400268554688,66154000,0.00192027764251268,153.4005271911621,152.14327026367187,0.026575612839882173,166.30099487304688
2022-03-30,166.30099487304688,166.30099487304688,168.95050048828125,165.5,168.50950622558594,56168000,-0.01780118433038691,154.11295166015626,152.29094024658204,0.027104560971769404,162.99749755859375
2022-03-31,162.99749755859375,162.99749755859375,166.4949951171875,162.95350646972656,166.44500732421875,59966000,-0.019864567358571672,154.86790161132814,152.4249102783203,0.026687098787492012,163.55999755859375
2022-04-01,163.55999755859375,163.55999755859375,165.82699584960938,162.3195037841797,164.14950561523438,57090000,0.003450973226124532,155.76385116577148,152.6627603149414,0.026256045214046342,168.34649658203125
2022-04-04,168.34649658203125,168.34649658203125,168.39450073242188,163.20550537109375,164.125,49882000,0.029264484561530857,157.30852584838868,153.17683013916016,0.022216302793638284,164.05499267578125
2022-04-05,164.05499267578125,164.05499267578125,168.11050415039062,163.26600646972656,167.7415008544922,53728000,-0.025492089193307588,158.71055068969727,153.56704986572265,0.02319245891610495,158.75599670410156
2022-04-06,158.75599670410156,158.75599670410156,162.1999969482422,157.25450134277344,161.65049743652344,79056000,-0.032300120131985244,159.68440017700195,153.94244995117188,0.024727366578171237,157.7845001220703
2022-04-07,157.7845001220703,157.7845001220703,160.07899475097656,154.51150512695312,158.39999389648438,68136000,-0.0061194323502751224,160.23274993896484,154.3206900024414,0.02220677222133945,154.4604949951172
2022-04-08,154.4604949951172,154.4604949951172,157.36849975585938,154.2310028076172,156.75,46002000,-0.021066740550443774,160.67954940795897,154.6171499633789,0.022737173659022586,151.1219940185547
2022-04-11,151.1219940185547,151.1219940185547,154.13650512695312,150.5345001220703,152.71299743652344,52112000,-0.021613947156313595,161.14299926757812,154.76002990722657,0.022512262828143583,150.78750610351562
2022-04-12,150.78750610351562,150.78750610351562,155.0989990234375,150.38299560546875,153.6925048828125,55178000,-0.002213363562407644,161.3140495300293,154.78430999755858,0.02092490351988399,155.54100036621094
2022-04-13,155.54100036621094,155.54100036621094,156.02499389648438,149.60000610351562,150.01849365234375,53390000,0.03152445706895657,161.43589935302734,154.8712600708008,0.020280258463220173,151.7064971923828
2022-04-14,151.7064971923828,151.7064971923828,155.89700317382812,151.4720001220703,155.38999938964844,51598000,-0.024652684274885983,161.15927429199218,154.8931399536133,0.020080297633253596,152.78500366210938
2022-04-18,152.78500366210938,152.78500366210938,154.0395050048828,150.25050354003906,151.52349853515625,46514000,0.007109164667870926,160.7359992980957,155.17192993164062,0.019173811870666704,158.11549377441406
2022-04-19,158.11549377441406,158.11549377441406,158.6490020751953,151.55050659179688,152.0294952392578,54926000,0.03488883060861969,160.56719894409179,155.18144989013672,0.020916493007735175,153.9980010986328
2022-04-20,153.9980010986328,153.9980010986328,157.6024932861328,153.60350036621094,157.6024932861328,59630000,-0.026041044919075107,160.02264862060548,155.1026998901367,0.020972789660913316,148.29600524902344
2022-04-21,148.29600524902344,148.29600524902344,156.73800659179688,147.58949279785156,154.71400451660156,63970000,-0.037026427673936824,159.26704864501954,154.8403500366211,0.02227653118440047,144.35000610351562
2022-04-22,144.35000610351562,144.35000610351562,149.61500549316406,143.69749450683594,148.25,73078000,-0.026608937569704394,158.30207366943358,154.50356018066407,0.02275311012334519,146.07400512695312
2022-04-25,146.07400512695312,146.07400512695312,146.22149658203125,142.30650329589844,144.0229949951172,61874000,0.011943186356370372,157.36709899902343,154.24497039794923,0.022931873534391634,139.39100646972656
2022-04-26,139.39100646972656,139.39100646972656,144.8560028076172,138.92950439453125,144.8000030517578,77530000,-0.0457507730510871,155.88712463378906,153.9669204711914,0.02334409635863198,138.16700744628906
2022-04-27,138.16700744628906,138.16700744628906,141.94850158691406,135.7834930419922,140.19149780273438,71336000,-0.008781047317448887,154.3297248840332,153.6269204711914,0.023195005283207917,144.59649658203125
2022-04-28,144.59649658203125,144.59649658203125,145.9375,140.3000030517578,142.17799377441406,117316000,0.04653418536434306,153.24449996948243,153.38864044189452,0.026290015439839495,124.28150177001952
2022-04-29,124.28150177001952,124.28150177001952,130.76100158691406,121.625,129.8489990234375,272662000,-0.14049437774923412,151.3087001800537,152.71226058959962,0.03983285427074953,124.5
2022-05-02,124.5,124.5,124.66799926757812,118.375,122.4010009765625,148788000,0.0017580913238786078,149.35570030212403,152.1092106628418,0.0397985733146098,124.25350189208984
2022-05-03,124.25350189208984,124.25350189208984,126.22049713134766,122.8249969482422,124.05349731445312,79134000,-0.0019799044812061073,147.15105056762695,151.5422506713867,0.038659197019589815,125.92849731445312
2022-05-04,125.92849731445312,125.92849731445312,126.0,119.18299865722656,123.5999984741211,110746000,0.01348046853293483,145.24472579956054,151.05687072753906,0.03904665082904277,116.40699768066406
2022-05-05,116.40699768066406,116.40699768066406,123.4990005493164,115.07250213623048,123.0,144392000,-0.07561036490424522,143.12727584838868,150.48847076416016,0.04134354017018874,114.77249908447266
2022-05-06,114.77249908447266,114.77249908447266,119.05049896240234,113.0814971923828,114.8499984741211,124260000,-0.014041240035030156,140.9766757965088,149.75676071166993,0.04129658190437525,108.78900146484376
2022-05-09,108.78900146484376,108.78900146484376,114.0,107.95700073242188,111.3125,128124000,-0.05213354825727923,138.6931011199951,148.8567707824707,0.042115630937104895,108.85900115966795
2022-05-10,108.85900115966795,108.85900115966795,112.64250183105467,107.1709976196289,111.25,105434000,0.0006434445934941913,136.57995147705077,147.9626907348633,0.04226677779888724,105.37200164794922
2022-05-11,105.37200164794922,105.37200164794922,110.15599822998048,104.42849731445312,108.10350036621094,109704000,-0.03203225709010693,134.30917625427247,147.04729080200195,0.042304068671298864,106.93049621582033
2022-05-12,106.93049621582033,106.93049621582033,110.78050231933594,102.40550231933594,102.75,132026000,0.014790404884573505,131.87865104675294,146.14485061645507,0.04145360302639127,113.05500030517578
2022-05-13,113.05500030517578,113.05500030517578,113.18399810791016,107.8000030517578,109.06900024414062,93684000,0.05727556035084902,129.9460762023926,145.44798065185546,0.044654843210487044,110.8105010986328
2022-05-16,110.8105010986328,110.8105010986328,113.99250030517578,110.35399627685548,113.0999984741211,74566000,-0.01985316173972207,127.84735107421875,144.7513705444336,0.04440289411175144,115.36849975585938
2022-05-17,115.36849975585938,115.36849975585938,115.8000030517578,111.27649688720705,113.2750015258789,76448000,0.04113327357999652,125.71000137329102,144.30968048095704,0.0447920471612169,107.1125030517578
2022-05-18,107.1125030517578,107.1125030517578,112.85299682617188,106.2490005493164,111.4394989013672,108380000,-0.07156196640827228,123.36572647094727,143.731640625,0.04652490345181299,107.31900024414062
2022-05-19,107.31900024414062,107.31900024414062,110.03399658203124,106.19300079345705,106.28050231933594,88142000,0.0019278532990965047,121.31687622070312,143.09244049072265,0.04645401684265603,107.59100341796876
2022-05-20,107.59100341796876,107.59100341796876,109.89800262451172,105.0094985961914,109.56849670410156,99500000,0.0025345295167618076,119.47892608642579,142.3079104614258,0.046526676671437374,107.55699920654295
2022-05-23,107.55699920654295,107.55699920654295,108.81900024414062,103.9499969482422,108.46099853515624,107798000,-0.00031605069518414464,117.55307579040527,141.54856033325194,0.046253637540218974,104.0999984741211
2022-05-24,104.0999984741211,104.0999984741211,105.4000015258789,101.26000213623048,104.0250015258789,102934000,-0.03214110432537587,115.788525390625,140.79350036621094,0.04586231029311129,106.7750015258789
2022-05-25,106.7750015258789,106.7750015258789,108.1750030517578,103.6500015258789,103.65550231933594,93120000,0.025696475417555487,114.21892509460449,139.98167037963867,0.04668733245365465,111.07749938964844
2022-05-26,111.07749938964844,111.07749938964844,112.66549682617188,107.45349884033205,107.97000122070312,93002000,0.04029499229486544,112.54297523498535,139.14114028930663,0.046296812774764357,115.14649963378906
2022-05-27,115.14649963378906,115.14649963378906,115.18699645996094,112.62799835205078,113.5500030517578,93660000,0.036632083603781895,112.08622512817382,138.2992903137207,0.03628920894284233,120.20950317382812
2022-05-31,120.20950317382812,120.20950317382812,121.99449920654295,115.6750030517578,116.27999877929688,144634000,0.04397010379074828,111.87170028686523,137.47847030639647,0.03778782174153768,121.68399810791016
2022-06-01,121.68399810791016,121.68399810791016,125.1790008544922,120.62249755859376,122.25599670410156,127528000,0.012266042992872705,111.74322509765625,136.68232025146483,0.03790374832798975,125.51100158691406
2022-06-02,125.51100158691406,125.51100158691406,125.61000061035156,120.04499816894533,121.68399810791016,100560000,0.03145034300738625,111.7223503112793,135.89476013183594,0.03845783928036384,122.3499984741211
2022-06-03,122.3499984741211,122.3499984741211,124.4000015258789,121.04650115966795,124.1999969482422,97604000,-0.025185068024527135,112.01950035095214,135.0736000061035,0.03466853249252594,124.79000091552734
2022-06-06,124.79000091552734,124.79000091552734,128.99000549316406,123.80999755859376,125.25,135269000,0.01994280728922404,112.52037544250489,134.29640991210937,0.03461864008090656,123.0
2022-06-07,123.0,123.0,124.0999984741211,120.62999725341795,122.01000213623048,85156700,-0.014344105316090427,113.23092536926269,133.46093994140625,0.03230344143588387,121.18000030517578
2022-06-08,121.18000030517578,121.18000030517578,123.75,120.75,122.61000061035156,64926600,-0.014796745486375773,113.84697532653809,132.5047300720215,0.03263747460463,116.1500015258789
2022-06-09,116.1500015258789,116.1500015258789,121.3000030517578,116.0999984741211,119.98999786376952,67029800,-0.04150848957443054,114.38587532043456,131.44143005371095,0.03327936739568765,109.6500015258789
2022-06-10,109.6500015258789,109.6500015258789,114.5,109.0500030517578,113.41999816894533,87266000,-0.05596211721574329,114.5218505859375,130.3084101867676,0.03588806679840066,103.66999816894533
2022-06-13,103.66999816894533,103.66999816894533,106.54000091552734,101.86000061035156,104.19000244140624,99277700,-0.05453719355874531,114.05260047912597,129.12186019897462,0.0355102817127749,102.30999755859376
2022-06-14,102.30999755859376,102.30999755859376,104.87999725341795,101.43000030517578,104.19000244140624,69728800,-0.013118555361940287,113.62757530212403,127.89686019897461,0.03538091933319925,107.66999816894533
2022-06-15,107.66999816894533,107.66999816894533,109.05999755859376,103.52999877929688,103.86000061035156,85011100,0.052389802934770247,113.24265022277832,126.6833302307129,0.036206214422841033,103.66000366210938
2022-06-16,103.66000366210938,103.66000366210938,104.58000183105467,102.01000213623048,104.47000122070312,82186300,-0.037243378610853695,113.0700252532959,125.47543045043945,0.03348795276562911,106.22000122070312
2022-06-17,106.22000122070312,106.22000122070312,106.9800033569336,102.51000213623048,102.8000030517578,99772100,0.02469609751257895,113.01507530212402,124.42471054077149,0.0339797745611748,108.68000030517578
2022-06-21,108.68000030517578,108.68000030517578,111.62999725341795,103.55999755859376,108.1999969482422,70901200,0.023159471438541024,113.06952514648438,123.4426205444336,0.03437031951349062,108.9499969482422
2022-06-22,108.9499969482422,108.9499969482422,112.12999725341795,107.0199966430664,107.43000030517578,60040100,0.0024843268523027096,113.13917503356933,122.53241058349609,0.03437009162705705,112.44000244140624
2022-06-23,112.44000244140624,112.44000244140624,113.0,107.93000030517578,110.38999938964844,64345300,0.032033093996523876,113.5561752319336,121.75877075195312,0.03408731762801055,116.45999908447266
2022-06-24,116.45999908447266,116.45999908447266,116.70999908447266,111.43000030517578,112.37999725341795,69867600,0.03575237064906056,114.04042510986328,121.07222061157226,0.03448951991126564,113.22000122070312
2022-06-27,113.22000122070312,113.22000122070312,117.9800033569336,112.6999969482422,117.08999633789062,62133200,-0.027820692849391482,114.14755020141601,120.22580062866211,0.03417403136701786,107.4000015258789
2022-06-28,107.4000015258789,107.4000015258789,114.8499984741211,107.04000091552734,113.5,74942900,-0.05140434227234392,113.76022529602051,119.33967071533203,0.03507045554255643,108.91999816894533
2022-06-29,108.91999816894533,108.91999816894533,110.98999786376952,106.91000366210938,107.37999725341795,66375300,0.014152668728781848,113.19575004577636,118.46237060546875,0.03357552392372932,106.20999908447266
2022-06-30,106.20999908447266,106.20999908447266,108.18000030517578,102.5199966430664,108.11000061035156,97679400,-0.024880638358708018,112.42205009460449,117.42426071166992,0.03363364191250095,109.55999755859376
2022-07-01,109.55999755859376,109.55999755859376,109.75,105.8499984741211,106.29000091552734,73021200,0.03154127203651269,111.62449989318847,116.53550064086915,0.03363901017263829,113.5
2022-07-05,113.5,113.5,114.08000183105467,106.31999969482422,107.5999984741211,76583700,0.035962053023039564,111.18199996948242,115.83958053588867,0.034591073898845415,114.33000183105467
2022-07-06,114.33000183105467,114.33000183105467,115.4800033569336,112.01000213623048,113.20999908447266,66958900,0.007312791463036872,110.65900001525878,115.23918045043945,0.03426052467525214,116.33000183105467
2022-07-07,116.33000183105467,116.33000183105467,116.98999786376952,113.48999786376952,113.8499984741211,57872300,0.01749322109655349,110.32550010681152,114.64430038452149,0.03448405508661013,115.54000091552734
2022-07-08,115.54000091552734,115.54000091552734,116.58000183105467,113.69000244140624,114.5999984741211,45719700,-0.006791033294013427,110.0435001373291,114.1672802734375,0.03437661553939913,111.75
2022-07-11,111.75,111.75,114.3000030517578,110.87000274658205,114.08000183105467,53487600,-0.03280250030721621,109.82350006103516,113.63894012451172,0.033899336455879246,109.22000122070312
2022-07-12,109.22000122070312,109.22000122070312,113.2300033569336,108.33999633789062,112.16000366210938,54280300,-0.022639810105564928,109.80200004577637,112.93141021728516,0.031831243110582004,110.4000015258789
2022-07-13,110.4000015258789,110.4000015258789,111.77999877929688,106.01000213623048,107.02999877929688,61353800,0.010803884746268588,110.13850021362305,112.65378021240234,0.029148240834976122,110.62999725341795
2022-07-14,110.62999725341795,110.62999725341795,111.18000030517578,107.58000183105467,110.23999786376952,51163100,0.002083294604711794,110.55450019836425,112.3763801574707,0.028887634246272206,113.5500030517578
2022-07-15,113.5500030517578,113.5500030517578,115.58999633789062,111.58999633789062,112.5,84317800,0.02639434033114041,110.84850044250489,112.16231018066406,0.02714278842844237,113.76000213623048
2022-07-18,113.76000213623048,113.76000213623048,117.23999786376952,113.1500015258789,115.0,59115400,0.0018493974357443044,111.35350036621094,111.91894027709961,0.025445659794780404,118.20999908447266
2022-07-19,118.20999908447266,118.20999908447266,118.9499969482422,114.02999877929688,115.6999969482422,60990000,0.03911741266419089,111.95300025939942,111.95500030517579,0.02622645159054784,122.7699966430664
2022-07-20,122.7699966430664,122.7699966430664,123.4800033569336,118.31999969482422,118.62000274658205,71268300,0.03857539627705431,112.65750007629394,112.11495025634765,0.026982540085260052,124.62999725341795
2022-07-21,124.62999725341795,124.62999725341795,124.8499984741211,121.26000213623048,123.1999969482422,60239900,0.01515028639903937,113.44150009155274,112.43177017211914,0.027032889117183507,122.41999816894533
2022-07-22,122.41999816894533,122.41999816894533,125.5,121.3499984741211,125.01000213623048,51463800,-0.01773248120979176,113.94049987792968,112.70299011230469,0.026906604741934837,121.13999938964844
2022-07-25,121.13999938964844,121.13999938964844,123.63999938964844,120.02999877929688,122.6999969482422,50221300,-0.010455798059483934,114.17449989318848,113.01835006713867,0.026062000411559563,114.80999755859376
2022-07-26,114.80999755859376,114.80999755859376,118.1500015258789,114.52999877929688,115.79000091552734,67075100,-0.052253606265046604,114.25399971008301,113.17594009399414,0.028045168344159797,120.97000122070312
2022-07-27,120.97000122070312,120.97000122070312,121.9000015258789,117.16000366210938,117.30999755859376,61582000,0.05365389594199388,114.93249969482422,113.33424011230468,0.027532707144104662,122.27999877929688
2022-07-28,122.27999877929688,122.27999877929688,122.83999633789062,118.08000183105467,121.56999969482422,82245500,0.010829110898360028,115.60049972534179,113.56363006591796,0.027492987548185324,134.9499969482422
2022-07-29,134.9499969482422,134.9499969482422,137.64999389648438,132.41000366210938,134.89999389648438,148892900,0.10361464095050721,117.03749961853028,113.95526000976562,0.03408165281406049,135.38999938964844
2022-08-01,135.38999938964844,135.38999938964844,138.8300018310547,133.50999450683594,134.9600067138672,76846900,0.0032604850044939404,118.32899971008301,114.52080993652343,0.03383960200321035,134.16000366210938
2022-08-02,134.16000366210938,134.16000366210938,137.44000244140625,134.08999633789062,134.72000122070312,61922400,-0.009084834427092181,119.36199989318848,115.05763000488281,0.03360100129022807,139.52000427246094
2022-08-03,139.52000427246094,139.52000427246094,140.49000549316406,136.0500030517578,136.2100067138672,71827800,0.039952299225118226,120.62150001525879,115.69621002197266,0.034304168511938134,142.57000732421875
2022-08-04,142.57000732421875,142.57000732421875,143.55999755859375,139.5500030517578,140.5800018310547,70585000,0.021860686341448332,121.93350028991699,116.39647018432618,0.03436453607222633,140.8000030517578
2022-08-05,140.8000030517578,140.8000030517578,142.86000061035156,139.60000610351562,140.10000610351562,50686900,-0.012414983387324718,123.19650039672851,117.1304702758789,0.034538360957631124,139.41000366210938
2022-08-08,139.41000366210938,139.41000366210938,144.22999572753906,138.2899932861328,142.0500030517578,52229000,-0.009872154542052702,124.57950057983399,117.78317031860351,0.03338707995615933,137.8300018310547
2022-08-09,137.8300018310547,137.8300018310547,138.9499969482422,136.2100067138672,138.0500030517578,40434700,-0.011333489631663474,126.01000061035157,118.31822036743164,0.03286787903140632,142.69000244140625
2022-08-10,142.69000244140625,142.69000244140625,144.60000610351562,141.00999450683594,142.89999389648438,54773800,0.0352608325167747,127.62450065612794,118.86909042358398,0.03326575854006326,140.63999938964844
2022-08-11,140.63999938964844,140.63999938964844,144.49000549316406,139.75999450683594,143.86000061035156,44867300,-0.014366830308238487,129.12500076293946,119.27770034790039,0.033760573303498846,143.5500030517578
2022-08-12,143.5500030517578,143.5500030517578,143.57000732421875,140.1199951171875,142.0500030517578,47643500,0.020691152408548463,130.62500076293946,119.71502044677734,0.03366187060295945,143.17999267578125
2022-08-15,143.17999267578125,143.17999267578125,143.75999450683594,141.49000549316406,142.8000030517578,39014600,-0.0025775713556979163,132.096000289917,120.06840026855468,0.03374875411897846,144.77999877929688
2022-08-16,144.77999877929688,144.77999877929688,146.57000732421875,142.0,143.91000366210938,59102900,0.0111747882760318,133.42450027465821,120.5170002746582,0.0331441149675437,142.10000610351562
2022-08-17,142.10000610351562,142.10000610351562,143.3800048828125,140.77999877929688,142.69000244140625,48149800,-0.01851079360669594,134.39100074768066,120.86320037841797,0.03307488846272655,142.3000030517578
2022-08-18,142.3000030517578,142.3000030517578,142.77000427246094,140.3800048828125,141.32000732421875,37458700,0.0014074379989574837,135.27450103759764,121.24920043945312,0.03305782308708992,138.22999572753906
2022-08-19,138.22999572753906,138.22999572753906,141.11000061035156,137.91000366210938,140.47000122070312,47792800,-0.02860159688639219,136.06500091552735,121.59020034790039,0.033573812886494574,133.22000122070312
2022-08-22,133.22000122070312,133.22000122070312,136.32000732421875,132.85000610351562,135.72000122070312,50461500,-0.036243902638259384,136.66900100708008,121.93160034179688,0.03473877580593801,133.6199951171875
2022-08-23,133.6199951171875,133.6199951171875,134.99000549316406,132.9499969482422,133.41000366210938,36252100,0.003002506326521548,137.60950088500977,122.41100021362304,0.032008720277445384,133.8000030517578
2022-08-24,133.8000030517578,133.8000030517578,135.47000122070312,132.10000610351562,132.75,38627000,0.001347163157822573,138.2510009765625,123.01360031127929,0.030173784838619128,137.27999877929688
2022-08-25,137.27999877929688,137.27999877929688,137.4199981689453,134.27999877929688,135.25999450683594,37496300,0.026008936084948253,139.0010009765625,123.71300033569337,0.030504790547767703,130.75
2022-08-26,130.75,130.75,137.8300018310547,130.5,136.5500030517578,53322700,-0.04756700784791723,138.7910011291504,124.17460037231446,0.02288124546441578,129.7899932861328
2022-08-29,129.7899932861328,129.7899932861328,131.9499969482422,128.77000427246094,129.89999389648438,48101600,-0.007342307563037775,138.5110008239746,124.69720016479492,0.022892107952132923,128.72999572753906
2022-08-30,128.72999572753906,128.72999572753906,132.07000732421875,126.8499984741211,131.25,49203000,-0.008167020675137082,138.2395004272461,125.14740005493164,0.02287777888678107,126.7699966430664
2022-08-31,126.7699966430664,126.7699966430664,130.58999633789062,126.73999786376952,129.4499969482422,53648700,-0.015225659516225343,137.60200004577638,125.50919998168945,0.02080943062140756,127.81999969482422
2022-09-01,127.81999969482422,127.81999969482422,128.02000427246094,123.66000366210938,126.0,56636100,0.008282741023605045,136.86449966430663,125.88660003662109,0.020111419380050496,127.51000213623048
2022-09-02,127.51000213623048,127.51000213623048,131.3800048828125,126.38999938964844,129.5,57429800,-0.002425266463259801,136.19999961853028,126.18800003051757,0.020048119378372774,126.11000061035156
2022-09-06,126.11000061035156,126.11000061035156,128.6199951171875,124.73999786376952,127.91999816894533,43888600,-0.010979542799969266,135.53499946594238,126.38100006103515,0.020064524486930618,129.47999572753906
2022-09-07,129.47999572753906,129.47999572753906,129.82000732421875,125.4000015258789,126.12000274658205,47900300,0.026722663554652915,135.1174991607666,126.70619995117187,0.021186298420565366,129.82000732421875
2022-09-08,129.82000732421875,129.82000732421875,130.27999877929688,127.0999984741211,127.72000122070312,43988500,0.0026259778181887405,134.47399940490723,127.15460006713867,0.019261366503098634,133.27000427246094
2022-09-09,133.27000427246094,133.27000427246094,133.69000244140625,130.75999450683594,130.91000366210938,49387600,0.02657523304266962,134.10549964904786,127.64160018920899,0.020308870665705,136.4499969482422
2022-09-12,136.4499969482422,136.4499969482422,136.49000549316406,134.0,134.10000610351562,53826900,0.023861278411006825,133.75049934387206,128.24640014648438,0.020510685975699414,126.81999969482422
2022-09-13,126.81999969482422,126.81999969482422,131.39999389648438,126.2699966430664,131.00999450683594,72694000,-0.0705752837581286,132.93249969482423,128.59160018920898,0.02556625279148708,128.5500030517578
2022-09-14,128.5500030517578,128.5500030517578,128.83999633789062,126.33000183105467,127.36000061035156,45316800,0.01364140798846103,132.12099990844726,128.89260025024413,0.025657885870313087,126.27999877929688
2022-09-15,126.27999877929688,126.27999877929688,130.3699951171875,125.5,127.37999725341795,52887200,-0.0176585314552421,131.32999954223632,129.131600189209,0.02563602749224608,123.52999877929688
2022-09-16,123.52999877929688,123.52999877929688,123.87000274658205,120.6999969482422,122.77999877929688,115667800,-0.021777003694830932,130.3914993286133,129.27560012817383,0.025827591816776522,124.66000366210938
2022-09-19,124.66000366210938,124.66000366210938,124.70999908447266,121.8000030517578,122.16000366210938,47279700,0.009147615105472573,129.7129997253418,129.45800018310547,0.025522241787205056,122.19000244140624
2022-09-20,122.19000244140624,122.19000244140624,124.4000015258789,121.13999938964844,123.3499984741211,47698400,-0.019813903001303257,129.16149978637696,129.6668002319336,0.02470961713608868,118.54000091552734
2022-09-21,118.54000091552734,118.54000091552734,123.76000213623048,118.4499969482422,122.48999786376952,58498900,-0.02987152347123634,128.40750007629396,129.85320022583008,0.025304425562579783,117.30999755859376
2022-09-22,117.30999755859376,117.30999755859376,118.79000091552734,116.26000213623048,117.08000183105467,55229200,-0.010376272544574183,127.58299980163574,129.99140014648438,0.02526933624964824,113.77999877929688
2022-09-23,113.77999877929688,113.77999877929688,116.0500030517578,112.05999755859376,116.0,65126700,-0.0300912015408894,126.40799980163574,130.05440017700195,0.024605450650728673,115.1500015258789
2022-09-26,115.1500015258789,115.1500015258789,117.33999633789062,113.12999725341795,113.3000030517578,62723300,0.012040804722097675,125.62799987792968,130.08640014648438,0.023268257718396905,114.41000366210938
2022-09-27,114.41000366210938,114.41000366210938,118.31999969482422,113.0500030517578,117.1999969482422,60094700,-0.006426381710496365,124.85900039672852,130.09940017700194,0.023266523674344224,118.01000213623048
2022-09-28,118.01000213623048,118.01000213623048,118.6999969482422,113.8000030517578,114.37999725341795,55763800,0.0314657666190894,124.32300071716308,130.09540023803712,0.024717011656636145,114.8000030517578
2022-09-29,114.8000030517578,114.8000030517578,116.06999969482422,113.05999755859376,115.5999984741211,58969700,-0.027201076403397306,123.72450103759766,129.93600036621095,0.025143546030365307,113.0
2022-09-30,113.0,113.0,116.91999816894533,112.83999633789062,114.08000183105467,59479600,-0.015679468675155572,122.98350105285644,129.7034004211426,0.02506606598707411,115.87999725341795
2022-10-03,115.87999725341795,115.87999725341795,116.91000366210938,112.4499969482422,113.58000183105467,50941900,0.02548670135768094,122.40200080871583,129.57260040283202,0.02602486539977001,121.08999633789062
2022-10-04,121.08999633789062,121.08999633789062,123.0,119.79000091552734,119.88999938964844,62812600,0.04496029692750958,122.15100059509277,129.57160034179688,0.02820059913900282,120.9499969482422
2022-10-05,120.9499969482422,120.9499969482422,121.75,117.69000244140624,118.58000183105467,48217500,-0.001156159830559167,121.72450065612793,129.69440032958985,0.02740220470532921,120.3000030517578
2022-10-06,120.3000030517578,120.3000030517578,121.52999877929688,119.5,120.7699966430664,42253800,-0.005374071210291542,121.24850044250488,129.68100036621092,0.027373501205513507,114.55999755859376
2022-10-07,114.55999755859376,114.55999755859376,118.16999816894533,113.87999725341795,118.0,54678000,-0.04771409266460669,120.31300010681153,129.52660034179686,0.028116334376476638,113.66999816894533
2022-10-10,113.66999816894533,113.66999816894533,116.25,112.43000030517578,115.0999984741211,42339700,-0.007768849586377025,119.17400016784669,129.10100036621094,0.02715292544661249,112.20999908447266
2022-10-11,112.20999908447266,112.20999908447266,115.4800033569336,110.38999938964844,112.70999908447266,56432200,-0.01284419027000161,118.4435001373291,128.63740036010742,0.022981233355751023,112.9000015258789
2022-10-12,112.9000015258789,112.9000015258789,113.83000183105467,111.4000015258789,112.48999786376952,45728700,0.006149206372302096,117.66100006103515,128.2122003173828,0.02270619712106918,112.52999877929688
2022-10-13,112.52999877929688,112.52999877929688,113.44000244140624,105.3499984741211,107.87999725341795,86868100,-0.00327726077574253,116.97350006103515,127.67240020751953,0.02255225767897195,106.9000015258789
2022-10-14,106.9000015258789,106.9000015258789,114.95999908447266,106.5999984741211,114.0999984741211,67737300,-0.05003107895219994,116.14200019836426,126.95900009155274,0.024431754198362368,113.79000091552734
2022-10-17,113.79000091552734,113.79000091552734,114.19000244140624,110.08999633789062,110.11000061035156,62782000,0.06445275295885255,115.59850006103515,126.41880004882813,0.029040926525668486,116.36000061035156
2022-10-18,116.36000061035156,116.36000061035156,119.5199966430664,114.79000091552734,119.05999755859376,65607400,0.022585461588422673,115.30699996948242,125.95779998779297,0.02938310596048764,115.06999969482422
2022-10-19,115.06999969482422,115.06999969482422,116.58999633789062,113.22000122070312,114.70999908447266,47198100,-0.01108629175628062,115.13349990844726,125.50259994506835,0.028739598429487142,115.25
2022-10-20,115.25,115.25,118.23999786376952,113.51000213623048,113.83000183105467,48795100,0.0015642678860967596,115.03050003051757,124.95379989624024,0.028660544374910904,119.31999969482422
2022-10-21,119.31999969482422,119.31999969482422,119.58999633789062,114.5,114.79000091552734,55660500,0.03531453097461368,115.30750007629395,124.52739990234375,0.02883701439633044,119.81999969482422
2022-10-24,119.81999969482422,119.81999969482422,120.38999938964844,116.56999969482422,119.9800033569336,49531500,0.004190412347291339,115.5409999847412,124.05279983520508,0.028757544262369174,120.5999984741211
2022-10-25,120.5999984741211,120.5999984741211,121.31999969482422,118.9499969482422,119.6500015258789,50934600,0.006509754475742646,115.85049972534179,123.60119995117188,0.02869444515233847,115.66000366210938
2022-10-26,115.66000366210938,115.66000366210938,119.3499984741211,114.76000213623048,116.0,68802300,-0.040961814879887926,115.73299980163574,123.01880004882813,0.029476185761329033,110.95999908447266
2022-10-27,110.95999908447266,110.95999908447266,114.12000274658205,109.7699966430664,113.91999816894533,129605400,-0.04063638620803933,115.54099960327149,122.39599990844727,0.030257225767123086,103.41000366210938
2022-10-28,103.41000366210938,103.41000366210938,103.95999908447266,97.66000366210938,97.91000366210938,223133400,-0.06804249715805744,115.06149978637696,121.61819992065429,0.03364581161596882,102.44000244140624
2022-10-31,102.44000244140624,102.44000244140624,104.87000274658205,100.73999786376952,103.55999755859376,99251400,-0.009380148789788323,114.38950004577637,120.90240005493165,0.03293978497464741,96.79000091552734
2022-11-01,96.79000091552734,96.79000091552734,104.58000183105467,96.05999755859376,103.98999786376952,153370000,-0.05515425020719411,113.1745002746582,120.17380004882813,0.032450955195206216,92.12000274658205
2022-11-02,92.12000274658205,92.12000274658205,97.73999786376952,92.01000213623048,97.31999969482422,135761800,-0.04824876665742572,111.73300056457519,119.34380020141602,0.03342113400547598,89.30000305175781
2022-11-03,89.30000305175781,89.30000305175781,93.5,89.0199966430664,92.47000122070312,136683300,-0.030612240672440283,110.1830005645752,118.45380020141602,0.03359455025650277,90.9800033569336
2022-11-04,90.9800033569336,90.9800033569336,92.44000244140624,88.04000091552734,91.48999786376952,129101300,0.01881299269611514,109.00400085449219,117.52780029296875,0.03339969192868162,90.52999877929688
2022-11-07,90.52999877929688,90.52999877929688,92.0999984741211,89.04000091552734,91.9499969482422,77495700,-0.00494619214148917,107.84700088500976,116.72340026855468,0.03341968017445372,89.9800033569336
2022-11-08,89.9800033569336,89.9800033569336,91.72000122070312,88.2300033569336,90.79000091552734,88703400,-0.006075283660437414,106.73550109863281,115.9272004699707,0.03343197040548953,86.13999938964844
2022-11-09,86.13999938964844,86.13999938964844,89.4800033569336,85.87000274658203,89.47000122070312,90796200,-0.042676192754212194,105.39750099182129,115.0754005432129,0.033935430193568636,96.62999725341795
2022-11-10,96.62999725341795,96.62999725341795,98.69000244140624,91.6500015258789,92.94000244140624,173414900,0.12177847617944271,104.60250091552734,114.47260055541992,0.0453875876892329,100.79000091552734
2022-11-11,100.79000091552734,100.79000091552734,101.19000244140624,96.66000366210938,97.87999725341795,111590500,0.04305085149903842,104.29700088500977,113.93200057983398,0.04547546812379907,98.48999786376952
2022-11-14,98.48999786376952,98.48999786376952,100.12000274658205,97.29000091552734,98.7699966430664,99533100,-0.022819754250081536,103.53200073242188,113.35160049438477,0.04287856178343353,98.94000244140624
2022-11-15,98.94000244140624,98.94000244140624,103.79000091552734,97.33999633789062,103.20999908447266,111336300,0.004569038353104293,102.6610008239746,112.80820053100587,0.042425715751231635,97.12000274658205
2022-11-16,97.12000274658205,97.12000274658205,98.48999786376952,95.54000091552734,96.8499984741211,87958800,-0.018394983322362668,101.76350097656248,112.16100067138672,0.042491992095689116,94.8499984741211
2022-11-17,94.8499984741211,94.8499984741211,96.97000122070312,94.02999877929688,95.37000274658205,82617900,-0.023373189953300733,100.74350090026854,111.46160049438477,0.04257447953867279,94.13999938964844
2022-11-18,94.13999938964844,94.13999938964844,95.98999786376952,92.4800033569336,95.9499969482422,72428200,-0.007485493894513584,99.48450088500975,110.67900039672851,0.04129387266190912,92.45999908447266
2022-11-21,92.45999908447266,92.45999908447266,95.0199966430664,90.58999633789062,93.97000122070312,84330300,-0.017845764989037338,98.11650085449217,109.79920043945313,0.04116114710565299,93.1999969482422
2022-11-22,93.1999969482422,93.1999969482422,93.3499984741211,90.87000274658205,92.62000274658205,62192000,0.008003437930963697,96.74650077819824,109.12680038452149,0.0411980225065119,94.12999725341795
2022-11-23,94.12999725341795,94.12999725341795,94.58000183105467,92.83000183105467,93.23999786376952,59414700,0.009978544373689502,95.67000045776366,108.43840026855469,0.04088817858343668,93.41000366210938
2022-11-25,93.41000366210938,93.41000366210938,94.43000030517578,93.06999969482422,93.79000091552734,35088600,-0.007648928209040617,94.7925006866455,107.78100036621093,0.04022496376812155,93.9499969482422
2022-11-28,93.9499969482422,93.9499969482422,96.4000015258789,93.43000030517578,93.93000030517578,74943100,0.00578089353348199,94.31950035095215,107.18940032958984,0.037717412977030663,92.41999816894533
2022-11-29,92.41999816894533,92.41999816894533,94.41000366210938,91.44000244140624,94.04000091552734,65567300,-0.016285245651894598,93.8185001373291,106.54460021972656,0.03779947330815307,96.54000091552734
2022-11-30,96.54000091552734,96.54000091552734,96.54000091552734,91.52999877929688,92.47000122070312,102805800,0.04457912603558567,93.80600013732911,106.03160018920899,0.037338215988920745,95.5
2022-12-01,95.5,95.5,97.2300033569336,94.91999816894533,96.98999786376952,68488000,-0.010772746070691896,93.975,105.57080017089844,0.03566554094795306,94.12999725341795
2022-12-02,94.12999725341795,94.12999725341795,95.36000061035156,93.77999877929688,94.4800033569336,72496400,-0.014345578498241363,94.21649971008301,105.10720016479492,0.03505378124593009,91.01000213623048
2022-12-05,91.01000213623048,91.01000213623048,94.05999755859376,90.81999969482422,93.0500030517578,71535500,-0.03314559872755318,94.21799964904785,104.65180023193359,0.035753714253643876,88.25
2022-12-06,88.25,88.25,91.04000091552734,87.9000015258789,90.5,75503600,-0.03032636052572668,94.103999710083,104.11380020141601,0.03640526000198424,88.45999908447266
2022-12-07,88.45999908447266,88.45999908447266,89.88999938964844,87.4800033569336,88.33999633789062,68086900,0.0023795930251859776,94.02799949645996,103.59480010986329,0.03638830865760396,90.3499984741211
2022-12-08,90.3499984741211,90.3499984741211,90.86000061035156,87.87999725341797,89.23999786376953,73305900,0.021365582288144003,94.23849945068359,103.04160003662109,0.035258634221477035,89.08999633789062
2022-12-09,89.08999633789062,89.08999633789062,90.3000030517578,88.62999725341797,88.9000015258789,67398500,-0.01394579034322141,93.86149940490722,102.52739990234375,0.02160047548571352,90.5500030517578
2022-12-12,90.5500030517578,90.5500030517578,90.58000183105467,87.87000274658203,89.20999908447266,61999800,0.01638799835988114,93.34949951171875,102.0783999633789,0.019249358843073727,92.48999786376952
2022-12-13,92.48999786376952,92.48999786376952,96.25,90.5199966430664,95.2300033569336,100212000,0.02142456926150338,93.04949951171875,101.61059997558594,0.019652046116119138,91.58000183105467
2022-12-14,91.58000183105467,91.58000183105467,93.45999908447266,89.87000274658203,92.5,70298000,-0.009838858835905628,92.68149948120117,101.02040008544923,0.019625776694374496,88.44999694824219
2022-12-15,88.44999694824219,88.44999694824219,89.97000122070312,87.47000122070312,89.88999938964844,84802900,-0.03417782070573294,92.24799919128418,100.37040008544922,0.020544593975481102,87.86000061035156
2022-12-16,87.86000061035156,87.86000061035156,89.3499984741211,86.7300033569336,88.2699966430664,146144100,-0.006670394101153776,91.8984992980957,99.7216000366211,0.020069494341732518,84.91999816894531
2022-12-19,84.91999816894531,84.91999816894531,87.62999725341797,84.51000213623047,87.51000213623047,83531500,-0.033462353983410575,91.43749923706055,99.12880004882813,0.021143993932297583,85.19000244140625
2022-12-20,85.19000244140625,85.19000244140625,86.61000061035156,84.33000183105469,85.33000183105469,74348300,0.0031795134041781026,91.07399940490723,98.55920013427735,0.02099006417724303,86.7699966430664
2022-12-21,86.7699966430664,86.7699966430664,87.2300033569336,85.20999908447266,86.18000030517578,59267200,0.018546709195681466,90.75249938964843,98.05040008544921,0.021431891423103252,83.79000091552734
2022-12-22,83.79000091552734,83.79000091552734,85.68000030517578,82.25,85.5199966430664,81431300,-0.034343619255829294,90.23549957275391,97.46820007324219,0.02225679991686119,85.25
2022-12-23,85.25,85.25,85.77999877929688,82.93000030517578,83.25,57433700,0.01742450254827599,89.82749938964844,96.92260009765624,0.022832025924691104,83.04000091552734
2022-12-27,83.04000091552734,83.04000091552734,85.3499984741211,83.0,84.97000122070312,57284000,-0.025923742926365456,89.2819995880127,96.44540008544922,0.02319216047579772,81.81999969482422
2022-12-28,81.81999969482422,81.81999969482422,83.4800033569336,81.69000244140625,82.80000305175781,58228600,-0.01469172937442731,88.75199966430662,95.80600006103515,0.023157306646374404,84.18000030517578
2022-12-29,84.18000030517578,84.18000030517578,84.55000305175781,82.55000305175781,82.87000274658203,54995900,0.02884381103830358,88.13399963378905,95.16240005493164,0.021567704557706395,84.0
2022-12-30,84.0,84.0,84.05000305175781,82.47000122070312,83.12000274658203,62401200,-0.002138278742257471,87.55899963378906,94.54100006103516,0.021566297869115004,85.81999969482422
2023-01-03,85.81999969482422,85.81999969482422,86.95999908447266,84.20999908447266,85.45999908447266,76706000,0.021666663033621747,87.14349975585938,93.95240005493164,0.02233760440380421,85.13999938964844
2023-01-04,85.13999938964844,85.13999938964844,86.9800033569336,83.36000061035156,86.55000305175781,68885100,-0.007923564525679994,86.84999961853026,93.26880004882813,0.02131629356270054,83.12000274658203
2023-01-05,83.12000274658203,83.12000274658203,85.41999816894531,83.06999969482422,85.33000183105469,67930800,-0.023725589118479662,86.59349975585937,92.53480010986328,0.020920164457738404,86.08000183105469
2023-01-06,86.08000183105469,86.08000183105469,86.4000015258789,81.43000030517578,83.02999877929688,83303400,0.035611152390083056,86.47449989318847,91.84440017700196,0.022603598292667816,87.36000061035156
2023-01-09,87.36000061035156,87.36000061035156,89.4800033569336,87.08000183105469,87.45999908447266,65266100,0.01486987397850048,86.32499999999999,91.2784001159668,0.022308248530442935,89.87000274658203
2023-01-10,89.87000274658203,89.87000274658203,90.19000244140624,87.29000091552734,87.56999969482422,67756600,0.028731709234134817,86.36400032043456,90.85660018920899,0.02307737667550206,95.08999633789062
2023-01-11,95.08999633789062,95.08999633789062,95.26000213623048,90.93000030517578,90.93000030517578,103126200,0.058083825879343465,86.59099998474122,90.69020004272461,0.026237254915062045,95.2699966430664
2023-01-12,95.2699966430664,95.2699966430664,97.19000244140624,93.5,96.93000030517578,85254800,0.0018929468094222024,86.72999992370606,90.54679992675781,0.025867423253039673,98.12000274658205
2023-01-13,98.12000274658205,98.12000274658205,98.37000274658205,94.12000274658205,94.18000030517578,85549400,0.029915043601747238,87.05699996948242,90.5733999633789,0.026447069279328578,96.0500030517578
2023-01-17,96.0500030517578,96.0500030517578,98.88999938964844,95.7300033569336,98.68000030517578,72755000,-0.02109661268732843,87.4370002746582,90.65199996948242,0.025607208754223395,95.45999908447266
2023-01-18,95.45999908447266,95.45999908447266,99.31999969482422,95.37999725341795,97.25,79570400,-0.00614267515397382,87.81700019836425,90.77519989013672,0.025595427665484265,93.68000030517578
2023-01-19,93.68000030517578,93.68000030517578,95.44000244140624,92.86000061035156,94.73999786376952,69002700,-0.01864654092151996,88.25500030517578,90.82919982910157,0.024636355360825264,97.25
2023-01-20,97.25,97.25,97.3499984741211,93.1999969482422,93.86000061035156,67481500,0.03810845093076898,88.85800018310547,90.96359985351563,0.02570016014706461,97.5199966430664
2023-01-23,97.5199966430664,97.5199966430664,97.77999877929688,95.86000061035156,97.55999755859376,76501100,0.002776315095798454,89.39550018310547,91.11439971923828,0.025567316123419302,96.31999969482422
2023-01-24,96.31999969482422,96.31999969482422,98.08999633789062,96.0,96.93000030517578,66929500,-0.012305137300550828,90.02200012207031,91.31799972534179,0.02416608779158292,97.18000030517578
2023-01-25,97.18000030517578,97.18000030517578,97.23999786376952,91.5199966430664,92.55999755859376,94261600,0.008928577793566816,90.61850013732911,91.32899978637695,0.024052535695034065,99.22000122070312
2023-01-26,99.22000122070312,99.22000122070312,99.48999786376952,96.91999816894533,98.23999786376952,68523600,0.02099198301215366,91.4275001525879,91.29759979248047,0.022951395605709142,102.23999786376952
2023-01-27,102.23999786376952,102.23999786376952,103.48999786376952,99.52999877929688,99.52999877929688,87775600,0.03043737760442844,92.44850006103516,91.37259979248047,0.022697172925409244,100.5500030517578
2023-01-30,100.5500030517578,100.5500030517578,101.73999786376952,99.01000213623048,101.08999633789062,70691900,-0.01652968356145279,93.26700019836426,91.4047998046875,0.02312995816930677,103.12999725341795
2023-01-31,103.12999725341795,103.12999725341795,103.3499984741211,101.13999938964844,101.16000366210938,66527300,0.025658817736008643,94.22350006103515,91.52499969482422,0.02324919936351176,105.1500015258789
2023-02-01,105.1500015258789,105.1500015258789,106.23999786376952,101.23999786376952,102.52999877929688,80450100,0.019586971068148662,95.19000015258788,91.73099975585937,0.023201535275763262,112.91000366210938
2023-02-02,112.91000366210938,112.91000366210938,114.0,108.87999725341795,110.25,158154200,0.07379935352944922,96.57850036621093,92.10639984130859,0.026722462558560645,103.38999938964844
2023-02-03,103.38999938964844,103.38999938964844,108.77999877929688,102.5199966430664,105.26000213623048,144374800,-0.08431497620839845,97.59200019836426,92.32499984741212,0.03378966907819175,102.18000030517578
2023-02-06,102.18000030517578,102.18000030517578,103.9499969482422,100.6500015258789,102.93000030517578,81945200,-0.011703250716856073,98.39700012207031,92.50459991455078,0.033670142621112294,102.11000061035156
2023-02-07,102.11000061035156,102.11000061035156,102.41000366210938,98.08000183105467,101.16999816894533,119501300,-0.0006850625818668465,99.1345001220703,92.66419998168945,0.03371074417149227,100.0500030517578
2023-02-08,100.0500030517578,100.0500030517578,102.66999816894533,98.77999877929688,102.04000091552734,75878300,-0.02017429777965285,99.6435001373291,92.79699996948243,0.03392940553305613,98.23999786376952
2023-02-09,98.23999786376952,98.23999786376952,101.77999877929688,97.56999969482422,101.31999969482422,64622500,-0.01809100582487666,99.80100021362304,92.88279998779296,0.031986512016322875,97.61000061035156
2023-02-10,97.61000061035156,97.61000061035156,98.81999969482422,96.2300033569336,97.55999755859376,52740100,-0.006412838631079554,99.91800041198731,92.9866000366211,0.03204348691848317,99.54000091552734
2023-02-13,99.54000091552734,99.54000091552734,99.68000030517578,96.91000366210938,97.8499984741211,52841500,0.019772567289289666,99.98900032043457,93.0466000366211,0.03165139373416615,99.6999969482422
2023-02-14,99.6999969482422,99.6999969482422,100.91999816894533,97.5199966430664,98.41000366210938,56202900,0.0016073541414836079,100.17150001525879,93.13059997558594,0.031213822745098752,101.16000366210938
2023-02-15,101.16000366210938,101.16000366210938,101.16999816894533,98.4499969482422,99.08999633789062,47957600,0.014643999584324163,100.45650024414063,93.27120010375977,0.031262779657254575,98.1500015258789
2023-02-16,98.1500015258789,98.1500015258789,100.62999725341795,98.0999984741211,99.20999908447266,56339200,-0.02975486385196624,100.68000030517578,93.41400009155274,0.031769134008538896,97.1999969482422
2023-02-17,97.1999969482422,97.1999969482422,97.94000244140624,95.6500015258789,97.8000030517578,60029400,-0.009679109147911924,100.6775001525879,93.59300003051757,0.03075605754632356,94.58000183105467
2023-02-21,94.58000183105467,94.58000183105467,95.61000061035156,94.2699966430664,95.33999633789062,56580400,-0.02695468312187954,100.5305004119873,93.71540008544922,0.03134934401905188,95.79000091552734
2023-02-22,95.79000091552734,95.79000091552734,97.01000213623048,94.8000030517578,95.0999984741211,59534100,0.012793392483054333,100.50400047302246,93.82420013427735,0.031377797336673494,95.81999969482422
2023-02-23,95.81999969482422,95.81999969482422,96.43000030517578,93.66999816894533,96.12000274658205,48467000,0.000313172345862478,100.43600044250488,93.95880020141601,0.03131066930884865,93.5
2023-02-24,93.5,93.5,94.13999938964844,92.31999969482422,93.52999877929688,57053800,-0.024212061179431754,100.15000038146972,94.01780014038086,0.03132929535203703,93.76000213623048
2023-02-27,93.76000213623048,93.76000213623048,94.77999877929688,93.13999938964844,94.27999877929688,47470300,0.0027807715104863906,99.72600059509277,94.04320022583008,0.030395655264125087,94.2300033569336
2023-02-28,94.2300033569336,94.2300033569336,94.69000244140624,92.91999816894533,93.13999938964844,43959300,0.005012811540044737,99.41000061035156,94.09620025634766,0.030305279164286127,92.16999816894533
2023-03-01,92.16999816894533,92.16999816894533,94.68000030517578,91.58999633789062,93.87000274658205,52299500,-0.021861457228067538,98.86200065612793,94.17060028076172,0.0298154441580708,92.12999725341795
2023-03-02,92.12999725341795,92.12999725341795,92.2300033569336,90.38999938964844,91.41000366210938,55509400,-0.0004339906295109941,98.21100044250488,94.25600021362305,0.029271386256929346,94.9000015258789
2023-03-03,94.9000015258789,94.9000015258789,94.94000244140624,92.66000366210938,92.73999786376952,55759600,0.030066258059702644,97.31050033569336,94.45560028076171,0.024171680335089565,93.75
2023-03-06,93.75,93.75,96.5500030517578,93.73999786376952,95.19000244140624,52112400,-0.012118034851298809,96.82850036621093,94.6268002319336,0.016361229902616094,93.5500030517578
2023-03-07,93.5500030517578,93.5500030517578,95.08999633789062,92.77999877929688,94.05999755859376,49100700,-0.0021333007812501803,96.39700050354004,94.76240036010742,0.016287085133527886,93.91999816894533
2023-03-08,93.91999816894533,93.91999816894533,94.16999816894533,92.18000030517578,93.5999984741211,44899100,0.003955051898638873,95.98750038146973,94.96500030517578,0.01637374780617869,92.25
2023-03-09,92.25,92.25,96.20999908447266,92.18000030517578,93.68000030517578,56218700,-0.017781071140368865,95.59750022888184,95.10500030517578,0.01625799727223701,90.7300033569336
2023-03-10,90.7300033569336,90.7300033569336,93.56999969482422,90.25,92.66999816894533,69827500,-0.0164769283801236,95.22200050354004,95.25880035400391,0.016187828210473786,92.43000030517578
2023-03-13,92.43000030517578,92.43000030517578,94.0199966430664,88.12000274658203,89.97000122070312,72397100,0.01873687738723384,94.96300048828125,95.47100036621094,0.016937227507173525,94.87999725341795
2023-03-14,94.87999725341795,94.87999725341795,95.06999969482422,92.70999908447266,93.83000183105467,60912700,0.0265065123894086,94.73000030517578,95.68500030517578,0.01746383852809638,96.1999969482422
2023-03-15,96.1999969482422,96.1999969482422,96.66999816894533,93.06999969482422,93.22000122070312,70731800,0.013912307472971452,94.55500030517578,95.92900024414062,0.01781998391378128,100.04000091552734
2023-03-16,100.04000091552734,100.04000091552734,100.98999786376952,95.61000061035156,95.75,84446900,0.039916882423095545,94.49900016784667,96.2134002685547,0.019818999814197238,98.9499969482422
2023-03-17,98.9499969482422,98.9499969482422,100.66000366210938,97.45999908447266,99.79000091552734,87300200,-0.010895681300578275,94.53899993896485,96.48960021972657,0.018768142439406988,97.70999908447266
2023-03-20,97.70999908447266,97.70999908447266,98.4800033569336,95.6999969482422,98.41000366210938,62388900,-0.012531560404374309,94.56450004577637,96.78140014648437,0.018860755240379792,100.61000061035156
2023-03-21,100.61000061035156,100.61000061035156,100.8499984741211,98.0,98.13999938964844,58597300,0.029679680207260972,94.86599998474121,97.0720001220703,0.01878424709578461,98.6999969482422
2023-03-22,98.6999969482422,98.6999969482422,102.0999984741211,98.61000061035156,100.4499969482422,57475400,-0.018984232685839375,95.01149978637696,97.29880004882813,0.019273153465414677,98.70999908447266
2023-03-23,98.70999908447266,98.70999908447266,101.05999755859376,97.62000274658205,100.43000030517578,57559300,0.0001013387693993284,95.15599975585937,97.47559997558594,0.019273998056152437,98.12999725341795
2023-03-24,98.12999725341795,98.12999725341795,98.3000030517578,96.4000015258789,98.06999969482422,56095400,-0.00587581639584811,95.38749961853027,97.53639999389648,0.018394497809208002,98.04000091552734
2023-03-27,98.04000091552734,98.04000091552734,99.33999633789062,97.08000183105467,99.06999969482422,46721300,-0.0009171134251455548,95.60149955749512,97.5918000793457,0.01841093853701565,97.23999786376952
2023-03-28,97.23999786376952,97.23999786376952,98.44000244140624,96.29000091552734,98.11000061035156,38720100,-0.008159965772002842,95.75199928283692,97.57419998168945,0.018547436313758353,100.25
2023-03-29,100.25,100.25,100.41999816894533,98.55999755859376,98.69000244140624,49783300,0.0309543624265336,96.15599937438965,97.6581999206543,0.01876953423182006,102.0
2023-03-30,102.0,102.0,103.04000091552734,101.01000213623048,101.5500030517578,53633400,0.0174563591022443,96.64949951171874,97.78899993896485,0.018953636820593117,103.29000091552734
2023-03-31,103.29000091552734,103.29000091552734,103.48999786376952,101.9499969482422,102.16000366210938,56750300,0.012647067799287592,97.06899948120117,97.98119995117187,0.018136881157466495,102.41000366210938
2023-04-03,102.41000366210938,102.41000366210938,103.29000091552734,101.43000030517578,102.3000030517578,41135700,-0.008519675143944028,97.50199966430664,98.08440002441407,0.01798158478969454,103.9499969482422
2023-04-04,103.9499969482422,103.9499969482422,104.1999969482422,102.11000061035156,102.75,48662500,0.015037527888524194,98.02199935913086,98.21300003051758,0.01805397659257994,101.0999984741211
2023-04-05,101.0999984741211,101.0999984741211,103.91000366210938,100.75,103.91000366210938,45175400,-0.027417013542964774,98.38099937438965,98.30860000610352,0.019494970787156726,102.05999755859376
2023-04-06,102.05999755859376,102.05999755859376,102.37999725341795,99.8000030517578,100.75,43808000,0.009495540049077267,98.87149925231934,98.40619995117187,0.018843857916119963,102.16999816894533
2023-04-10,102.16999816894533,102.16999816894533,102.1999969482422,99.56999969482422,100.95999908447266,37261200,0.0010778033801970288,99.44349899291993,98.46519989013672,0.018176406807927366,99.91999816894533
2023-04-11,99.91999816894533,99.91999816894533,101.0,99.01000213623048,100.8000030517578,60417800,-0.02202212039075757,99.8179988861084,98.41879989624023,0.018954590204032735,97.83000183105467
2023-04-12,97.83000183105467,97.83000183105467,100.51000213623048,97.70999908447266,100.4000015258789,56735000,-0.020916697119598426,99.96549911499024,98.36439987182617,0.018966782870747507,102.4000015258789
2023-04-13,102.4000015258789,102.4000015258789,102.56999969482422,98.70999908447266,98.9499969482422,67925100,0.04671368301429957,100.27549934387207,98.3497999572754,0.02134701382564341,102.51000213623048
2023-04-14,102.51000213623048,102.51000213623048,103.1999969482422,101.11000061035156,102.06999969482422,51450500,0.001074224694457504,100.39899940490723,98.29699996948243,0.019534301270757334,102.73999786376952
2023-04-17,102.73999786376952,102.73999786376952,103.7300033569336,101.58999633789062,103.16000366210938,39919500,0.0022436418178333195,100.5884994506836,98.09359985351563,0.019318777974676533,102.3000030517578
2023-04-18,102.3000030517578,102.3000030517578,104.1999969482422,101.5199966430664,103.9499969482422,39790500,-0.004282604839014548,100.81799964904785,98.07179992675782,0.01907747796435358,104.3000030517578
2023-04-19,104.3000030517578,104.3000030517578,105.12000274658205,101.38999938964844,101.58000183105467,58398900,0.019550341547772243,101.00249977111817,98.11419998168945,0.018440915818220403,103.80999755859376
2023-04-20,103.80999755859376,103.80999755859376,105.25,103.20999908447266,103.52999877929688,57696900,-0.004698039106680318,101.25799980163575,98.14819992065429,0.017854179889068324,106.95999908447266
2023-04-21,106.95999908447266,106.95999908447266,108.1500015258789,105.08000183105467,106.0999984741211,86774200,0.030343912917452087,101.67049980163574,98.2863998413086,0.01887597724552459,106.20999908447266
2023-04-24,106.20999908447266,106.20999908447266,109.2300033569336,105.06999969482422,107.66000366210938,69575600,-0.007011967150520215,102.07449989318847,98.44579986572266,0.018909542331104243,102.56999969482422
2023-04-25,102.56999969482422,102.56999969482422,105.4499969482422,102.4499969482422,104.91000366210938,65026800,-0.03427172037496595,102.30099983215332,98.54499984741211,0.020758766883345534,104.9800033569336
2023-04-26,104.9800033569336,104.9800033569336,106.62000274658205,104.0999984741211,105.04000091552734,73803800,0.023496184744855597,102.68800010681153,98.65379989624023,0.021109905119906583,109.81999969482422
2023-04-27,109.81999969482422,109.81999969482422,110.86000061035156,106.8000030517578,108.16000366210938,149961200,0.046103983455159314,103.16650009155273,98.85619995117187,0.022360945234292752,105.4499969482422
2023-04-28,105.4499969482422,105.4499969482422,109.4800033569336,104.33000183105467,107.7300033569336,130715900,-0.039792412663683274,103.33899993896485,98.94199981689454,0.02424136229971431,102.0500030517578
2023-05-01,102.0500030517578,102.0500030517578,105.2300033569336,101.81999969482422,104.9499969482422,74728100,-0.0322427121373291,103.27700004577636,99.01999984741211,0.025255039177025946,103.62999725341795
2023-05-02,103.62999725341795,103.62999725341795,103.9000015258789,101.1500015258789,101.47000122070312,73469400,0.015482549283793778,103.3379997253418,99.14859985351562,0.025413770645854174,103.6500015258789
2023-05-03,103.6500015258789,103.6500015258789,105.95999908447266,103.27999877929688,103.73999786376952,65051900,0.00019303553981608879,103.32299995422363,99.32999984741211,0.02519491793266987,104.0
2023-05-04,104.0,104.0,105.38999938964844,103.30999755859376,104.04000091552734,45345500,0.0033767339022539034,103.46800003051757,99.49419982910156,0.024347899943309718,105.66000366210938
2023-05-05,105.66000366210938,105.66000366210938,105.76000213623048,103.5500030517578,104.2699966430664,56951700,0.015961573674128537,103.64800033569335,99.69099990844727,0.02449937913515489,105.83000183105467
2023-05-08,105.83000183105467,105.83000183105467,106.0999984741211,104.6999969482422,105.04000091552734,49430900,0.0016089169321718,103.83100051879883,99.93759994506836,0.02449859311459349,106.62000274658205
2023-05-09,106.62000274658205,106.62000274658205,106.79000091552734,105.16000366210938,105.4800033569336,44089400,0.007464810562779034,104.16600074768067,100.1947999572754,0.023852709601095153,110.19000244140624
2023-05-10,110.19000244140624,110.19000244140624,110.66999816894533,108.0500030517578,108.0999984741211,78627600,0.033483395262233095,104.78400077819825,100.51399993896484,0.024020585109947677,112.18000030517578
2023-05-11,112.18000030517578,112.18000030517578,113.27999877929688,110.48999786376952,111.02999877929688,74924800,0.01805969525073503,105.27300071716309,100.91419998168945,0.02227024002582772,110.26000213623048
2023-05-12,110.26000213623048,110.26000213623048,112.63999938964844,109.31999969482422,112.16000366210938,49852700,-0.01711533396079612,105.66050071716309,101.2768000793457,0.02279592159170188,111.1999969482422
2023-05-15,111.1999969482422,111.1999969482422,112.29000091552734,109.25,111.1500015258789,53011100,0.008525256609829501,106.08350067138672,101.60279998779296,0.022815198339576497,113.4000015258789
2023-05-16,113.4000015258789,113.4000015258789,114.79000091552734,111.0500030517578,111.0500030517578,71472900,0.0197842143706235,106.63850059509278,101.99580001831055,0.022977698318866986,115.5
2023-05-17,115.5,115.5,115.83000183105467,114.22000122070312,114.88999938964844,65655200,0.018518504813616277,107.19850044250488,102.43479995727539,0.02294542581817099,118.1500015258789
2023-05-18,118.1500015258789,118.1500015258789,118.5999984741211,116.33999633789062,116.69000244140624,73174100,0.022943736154795724,107.91550064086914,102.91940002441406,0.023139148749415646,116.25
2023-05-19,116.25,116.25,118.30999755859376,115.6999969482422,118.16000366210938,55056300,-0.01608126535201726,108.3800006866455,103.39940002441406,0.02297527973683707,115.01000213623048
2023-05-22,115.01000213623048,115.01000213623048,116.7699966430664,114.25,116.7699966430664,70741100,-0.010666648290490466,108.8200008392334,103.885,0.023085296312457825,114.98999786376952
2023-05-23,114.98999786376952,114.98999786376952,117.13999938964844,113.77999877929688,114.2699966430664,67576300,-0.00017393506729324049,109.44100074768066,104.33619995117188,0.021279807167972592,116.75
2023-05-24,116.75,116.75,117.33999633789062,115.0199966430664,115.3499984741211,63487900,0.015305697616549097,110.02950057983398,104.77360000610352,0.021001281718139145,115.0
2023-05-25,115.0,115.0,116.87000274658205,114.30999755859376,116.62999725341795,66496700,-0.01498929336188437,110.28850059509277,105.14960006713868,0.01915181830674478,120.11000061035156
2023-05-26,120.11000061035156,120.11000061035156,121.5,116.0199966430664,116.04000091552734,96779900,0.04443478791610045,111.02150077819825,105.55100006103515,0.018619733756004633,121.66000366210938
2023-05-30,121.66000366210938,121.66000366210938,122.91999816894533,119.86000061035156,122.37000274658205,64314800,0.01290486257498391,112.00200080871582,106.0052001953125,0.016234815834509177,120.58000183105467
2023-05-31,120.58000183105467,120.58000183105467,122.04000091552734,119.16999816894533,121.4499969482422,72800800,-0.00887721353399129,112.84950103759766,106.46260025024414,0.016628024807809873,122.7699966430664
2023-06-01,122.7699966430664,122.7699966430664,123.48999786376952,119.93000030517578,120.69000244140624,54375100,0.01816217265513198,113.80550079345703,106.90580017089843,0.016684537914159484,124.25
2023-06-02,124.25,124.25,126.38999938964844,124.0199966430664,124.91999816894533,61264400,0.01205508998453797,114.81800079345703,107.41680023193359,0.016653503552437478,125.3000030517578
2023-06-05,125.3000030517578,125.3000030517578,125.8000030517578,123.02999877929688,123.36000061035156,47950100,0.00845072878678299,115.80000076293945,107.9486003112793,0.016574306638479606,126.61000061035156
2023-06-06,126.61000061035156,126.61000061035156,127.4000015258789,125.0,125.06999969482422,45695200,0.01045488848114906,116.8390007019043,108.51820037841797,0.016493231967145732,121.2300033569336
2023-06-07,121.2300033569336,121.2300033569336,127.37000274658205,120.62999725341795,127.01000213623048,95663300,-0.04249267220189956,117.56950073242187,108.98200042724609,0.02013907932950299,124.25
2023-06-08,124.25,124.25,125.62999725341795,122.26000213623048,123.01000213623048,62159300,0.024911297199049942,118.27250061035156,109.5222004699707,0.01962218005048221,123.43000030517578
2023-06-09,123.43000030517578,123.43000030517578,125.8000030517578,123.19000244140624,124.08000183105467,51396000,-0.006599595129369917,118.83500061035156,109.98580047607422,0.01961286474385189,126.56999969482422
2023-06-12,126.56999969482422,126.56999969482422,126.77999877929688,123.52999877929688,124.0199966430664,51338000,0.025439515368102628,119.65050048828125,110.4772004699707,0.019397616354634703,126.66000366210938
2023-06-13,126.66000366210938,126.66000366210938,128.41000366210938,125.18000030517578,128.1199951171875,50564800,0.0007111003199982147,120.4235008239746,110.94460052490234,0.019446044694304283,126.41999816894533
2023-06-14,126.41999816894533,126.41999816894533,126.9499969482422,124.12000274658205,126.6999969482422,52422500,-0.001894879884926537,121.07450065612792,111.42480041503906,0.019282423713854132,127.11000061035156
2023-06-15,127.11000061035156,127.11000061035156,127.69000244140624,124.31999969482422,125.20999908447266,60458500,0.005458016543269828,121.65500068664551,111.88800048828125,0.019042478920887725,125.48999786376952
2023-06-16,125.48999786376952,125.48999786376952,127.9000015258789,125.3000030517578,127.70999908447266,84247100,-0.012744888197649185,122.02200050354004,112.37580047607422,0.018941715997421477,125.77999877929688
2023-06-20,125.77999877929688,125.77999877929688,127.25,124.5,124.97000122070312,56930100,0.002310948445805039,122.49850044250488,112.85020050048828,0.018395537452611927,124.83000183105467
2023-06-21,124.83000183105467,124.83000183105467,126.7300033569336,123.8499984741211,125.63999938964844,52137700,-0.007552845901271921,122.9895004272461,113.30340057373047,0.018276704295439712,130.14999389648438
2023-06-22,130.14999389648438,130.14999389648438,130.3300018310547,125.13999938964844,125.30999755859376,90354600,0.04261789623803569,123.74750022888183,113.90800048828125,0.020139665145319143,129.3300018310547
2023-06-23,129.3300018310547,129.3300018310547,130.83999633789062,128.27999877929688,129.11000061035156,71927800,-0.006300361919969633,124.37650032043457,114.53800048828126,0.020216335954911447,127.33000183105467
2023-06-26,127.33000183105467,127.33000183105467,131.49000549316406,127.0999984741211,129.3300018310547,59989300,-0.015464315871677181,124.99300041198731,115.03660049438477,0.020241718885610577,129.17999267578125
2023-06-27,129.17999267578125,129.17999267578125,130.08999633789062,127.5500030517578,128.6300048828125,46801000,0.014529104045574393,125.44650001525879,115.57000030517578,0.018200198765255356,129.0399932861328
2023-06-28,129.0399932861328,129.0399932861328,131.47999572753906,128.44000244140625,128.94000244140625,52149500,-0.001083754432466999,125.81549949645996,116.09600021362304,0.01810056153361169,127.9000015258789
2023-06-29,127.9000015258789,127.9000015258789,129.25999450683594,127.26000213623048,128.77000427246094,40761000,-0.008834406537251538,126.18149948120117,116.60800018310547,0.01809907262278641,130.36000061035156
2023-06-30,130.36000061035156,130.36000061035156,131.25,128.9499969482422,129.47000122070312,54350700,0.019233769000189582,126.56099967956543,117.12920013427734,0.018147509545117787,130.22000122070312
2023-07-03,130.22000122070312,130.22000122070312,131.85000610351562,130.07000732421875,130.82000732421875,28264800,-0.0010739443770555468,126.85949974060058,117.65740020751953,0.01804599549913314,130.3800048828125
2023-07-05,130.3800048828125,130.3800048828125,131.39999389648438,129.63999938964844,130.24000549316406,35895400,0.0012287180203460757,127.11349983215332,118.12580032348633,0.01799291209677808,128.36000061035156
2023-07-06,128.36000061035156,128.36000061035156,128.72999572753906,127.37000274658205,128.25,40639900,-0.015493205988729275,127.20099983215331,118.56880035400391,0.018294979589126473,129.77999877929688
2023-07-07,129.77999877929688,129.77999877929688,130.97000122070312,128.1300048828125,128.58999633789062,41992300,0.011062622017709689,127.62849960327148,119.11300033569336,0.015290567007494645,127.12999725341795
2023-07-10,127.12999725341795,127.12999725341795,129.27999877929688,125.91999816894533,129.07000732421875,61889300,-0.02041918285409683,127.77249946594239,119.55600021362305,0.015312975521016674,128.77999877929688
2023-07-11,128.77999877929688,128.77999877929688,129.77000427246094,127.3499984741211,127.75,49951500,0.012978852839820698,128.03999938964844,119.9352001953125,0.015409815918546154,130.8000030517578
2023-07-12,130.8000030517578,130.8000030517578,131.25999450683594,128.8300018310547,130.30999755859375,54022800,0.01568569880112225,128.25149955749512,120.44220031738281,0.014778201524024656,134.3000030517578
2023-07-13,134.3000030517578,134.3000030517578,134.6699981689453,132.7100067138672,134.0399932861328,61170900,0.026758409161619312,128.63349952697754,121.08720031738281,0.015794810998584142,134.67999267578125
2023-07-14,134.67999267578125,134.67999267578125,136.64999389648438,134.05999755859375,134.05999755859375,54487100,0.002829408900884234,129.04649925231934,121.70820022583008,0.01575223434561839,133.55999755859375
2023-07-17,133.55999755859375,133.55999755859375,135.6199951171875,133.2100067138672,134.55999755859375,48450200,-0.008315972513331604,129.36899909973144,122.30640014648438,0.01595212546085619,132.8300018310547
2023-07-18,132.8300018310547,132.8300018310547,133.86000061035156,131.35000610351562,132.7100067138672,54882900,-0.005465676406731013,129.7359992980957,122.88300018310547,0.015664089948233904,135.36000061035156
2023-07-19,135.36000061035156,135.36000061035156,135.99000549316406,132.52999877929688,133.38999938964844,54531000,0.019046892602732513,130.21499938964843,123.47700012207031,0.01606929020162054,129.9600067138672
2023-07-20,129.9600067138672,129.9600067138672,134.7899932861328,129.3300018310547,134.07000732421875,59820600,-0.03989357175040831,130.47149963378905,123.95960021972657,0.018685851943147046,130.0
2023-07-21,130.0,130.0,131.3699951171875,128.4199981689453,131.33999633789062,133307300,0.00030773533446226686,130.46399993896483,124.42720016479493,0.01608030632645721,128.8000030517578
2023-07-24,128.8000030517578,128.8000030517578,131.66000366210938,128.35000610351562,130.30999755859375,45591100,-0.009230745755709147,130.4375,124.79940017700196,0.016154545404269506,129.1300048828125
2023-07-25,129.1300048828125,129.1300048828125,129.5800018310547,128.52999877929688,129.30999755859375,39236700,0.002562125956798944,130.5275001525879,125.13840026855469,0.015748847720388152,128.14999389648438
2023-07-26,128.14999389648438,128.14999389648438,129.0800018310547,126.11000061035156,126.51000213623048,53910100,-0.007589335934878205,130.47600021362305,125.49620010375976,0.01551034034290551,128.25
2023-07-27,128.25,128.25,132.6300048828125,127.79000091552734,131.0,52610700,0.0007803832093540297,130.4365005493164,125.83720016479492,0.015510890593343594,132.2100067138672
2023-07-28,132.2100067138672,132.2100067138672,133.00999450683594,129.3300018310547,129.69000244140625,46317400,0.030877245332297854,130.65200080871583,126.2134002685547,0.016831875348175866,133.67999267578125
2023-07-31,133.67999267578125,133.67999267578125,133.8699951171875,132.3800048828125,133.1999969482422,41901500,0.011118568090654923,130.8180004119873,126.57700012207032,0.016483532129588512,131.69000244140625
2023-08-01,131.69000244140625,131.69000244140625,133.69000244140625,131.6199951171875,133.5500030517578,42098500,-0.014886223394710907,130.89150047302246,126.84780014038085,0.016876756283245396,128.2100067138672
2023-08-02,128.2100067138672,128.2100067138672,130.22999572753906,126.81999969482422,130.14999389648438,51027600,-0.026425663778747666,130.7830005645752,127.08700027465821,0.017930859415196062,128.91000366210938
2023-08-03,128.91000366210938,128.91000366210938,129.83999633789062,126.41000366210938,127.4800033569336,88585200,0.005459768439170398,130.81050071716308,127.36500030517578,0.017629739984997467,139.57000732421875
2023-08-04,139.57000732421875,139.57000732421875,143.6300048828125,139.32000732421875,141.05999755859375,153128500,0.08269337801006271,131.30000114440918,127.85660049438476,0.02545661071599865,142.22000122070312
2023-08-07,142.22000122070312,142.22000122070312,142.5399932861328,138.9499969482422,140.99000549316406,71213100,0.01898684357254843,132.05450134277345,128.36600051879884,0.024992476157374217,139.94000244140625
2023-08-08,139.94000244140625,139.94000244140625,140.83999633789062,138.4199981689453,140.6199951171875,51710500,-0.016031491771390738,132.6125015258789,128.86480056762696,0.025399399528660164,137.85000610351562
2023-08-09,137.85000610351562,137.85000610351562,140.32000732421875,137.10000610351562,139.97000122070312,50017300,-0.01493494570121734,132.9650016784668,129.21960067749023,0.025609346955658287,138.55999755859375
2023-08-10,138.55999755859375,138.55999755859375,140.41000366210938,137.49000549316406,139.07000732421875,58928400,0.005150463718840648,133.1780014038086,129.55760055541992,0.02499981940015006,138.41000366210938
2023-08-11,138.41000366210938,138.41000366210938,139.3300018310547,137.0,137.39999389648438,42905800,-0.0010825194798443905,133.364501953125,129.91420059204103,0.025007071662599564,140.57000732421875
2023-08-14,140.57000732421875,140.57000732421875,140.58999633789062,137.75,138.3000030517578,47148700,0.015605834874352187,133.71500244140626,130.27020080566408,0.025076983241598034,137.6699981689453
2023-08-15,137.6699981689453,137.6699981689453,141.27999877929688,137.22999572753906,140.0500030517578,42781500,-0.020630355012962953,133.95700225830078,130.53860076904297,0.02556621877936214,135.07000732421875
2023-08-16,135.07000732421875,135.07000732421875,137.27000427246094,135.00999450683594,137.19000244140625,41675900,-0.018885675014943426,133.94250259399413,130.7340008544922,0.025649272239591667,133.97999572753906
2023-08-17,133.97999572753906,133.97999572753906,136.08999633789062,133.52999877929688,135.4600067138672,48354100,-0.008069975106044458,134.14350204467775,130.88140075683594,0.02396294553859028,133.22000122070312
2023-08-18,133.22000122070312,133.22000122070312,134.07000732421875,131.14999389648438,131.6199951171875,48497700,-0.005672447612115605,134.30450210571288,131.12120071411132,0.024019641746875334,134.67999267578125
2023-08-21,134.67999267578125,134.67999267578125,135.19000244140625,132.7100067138672,133.74000549316406,41442500,0.01095925117625085,134.59850158691407,131.32980056762696,0.023969586824367062,134.25
2023-08-22,134.25,134.25,135.64999389648438,133.72999572753906,135.0800018310547,32905400,-0.0031926989840012077,134.85450134277343,131.54620056152345,0.024003310429087456,135.52000427246094
2023-08-23,135.52000427246094,135.52000427246094,135.9499969482422,133.22000122070312,134.5,42801000,0.009459994580714559,135.22300186157227,131.72520065307617,0.023939582873282843,131.83999633789062
2023-08-24,131.83999633789062,131.83999633789062,136.77999877929688,131.8300018310547,136.39999389648438,43646300,-0.027154721211281152,135.4025016784668,131.8288005065918,0.024876437697645276,133.25999450683594
2023-08-25,133.25999450683594,133.25999450683594,133.8699951171875,130.5800018310547,132.47000122070312,44147500,0.010770617478674804,135.45500106811522,131.9656004333496,0.024025577164266364,133.13999938964844
2023-08-28,133.13999938964844,133.13999938964844,133.9499969482422,131.85000610351562,133.77999877929688,34108400,-0.0009004586682715976,135.4280014038086,132.08620040893555,0.02390024775663162,134.91000366210938
2023-08-29,134.91000366210938,134.91000366210938,135.13999938964844,133.25,133.3800048828125,38646100,0.013294308852149106,135.58900146484376,132.27460052490235,0.02380315299236468,135.07000732421875
2023-08-30,135.07000732421875,135.07000732421875,135.67999267578125,133.9199981689453,134.92999267578125,36137000,0.0011860029483812262,135.93200149536133,132.4604006958008,0.022883003923126904,138.00999450683594
2023-08-31,138.00999450683594,138.00999450683594,138.7899932861328,135.0,135.05999755859375,58781300,0.021766395374215985,136.38700103759766,132.7240005493164,0.023268129432108552,138.1199951171875
2023-09-01,138.1199951171875,138.1199951171875,139.9600067138672,136.8800048828125,139.4600067138672,40991500,0.0007970481467276525,136.3145004272461,132.88340057373046,0.013981655396379068,137.27000427246094
2023-09-05,137.27000427246094,137.27000427246094,137.8000030517578,135.82000732421875,137.72999572753906,40636700,-0.006154002858205887,136.06700057983397,133.0422006225586,0.013255482151102404,135.36000061035156
2023-09-06,135.36000061035156,135.36000061035156,137.4499969482422,134.61000061035156,136.32000732421875,41785500,-0.013914209970579572,135.83800048828124,133.20280059814453,0.013142858862337922,137.85000610351562
2023-09-07,137.85000610351562,137.85000610351562,138.02999877929688,133.16000366210938,133.89999389648438,48498900,0.018395430569861038,135.83800048828124,133.3762008666992,0.013469428482698559,138.22999572753906
2023-09-08,138.22999572753906,138.22999572753906,138.85000610351562,136.75,136.86000061035156,38348200,0.0027565441218631026,135.8215003967285,133.56000091552735,0.013432644884034903,143.10000610351562
2023-09-11,143.10000610351562,143.10000610351562,143.6199951171875,138.63999938964844,138.75,56764500,0.035231212663680456,136.05600051879884,133.86400100708008,0.015567902767938131,141.22999572753906
2023-09-12,141.22999572753906,141.22999572753906,143.0,140.61000061035156,142.32000732421875,42668500,-0.013067856717097759,136.08899993896483,134.08140090942382,0.015548170233991366,144.85000610351562
2023-09-13,144.85000610351562,144.85000610351562,144.97999572753906,140.8699951171875,140.9499969482422,60465200,0.025632022130484877,136.44800033569337,134.37400100708007,0.0157033012522258,144.72000122070312
2023-09-14,144.72000122070312,144.72000122070312,145.86000061035156,142.9499969482422,145.0800018310547,64033600,-0.0008975138235036706,136.93050003051758,134.6608009338379,0.014898736551646401,140.38999938964844
2023-09-15,140.38999938964844,140.38999938964844,143.57000732421875,140.08999633789062,142.69000244140625,102909300,-0.029919857618376344,137.25100021362306,134.90140090942384,0.016510447797689044,139.97999572753906
2023-09-18,139.97999572753906,139.97999572753906,141.75,139.22000122070312,140.47999572753906,42823500,-0.0029204620264398073,137.58899993896483,135.10540084838868,0.016450385794429666,137.6300048828125
2023-09-19,137.6300048828125,137.6300048828125,138.83999633789062,135.55999755859375,138.6999969482422,61482500,-0.016788047695762587,137.73650054931642,135.31540100097655,0.016873468531221823,135.2899932861328
2023-09-20,135.2899932861328,135.2899932861328,139.3699951171875,135.1999969482422,138.5500030517578,46263700,-0.01700219075536713,137.78850021362305,135.4456008911133,0.017339608017335698,129.3300018310547
2023-09-21,129.3300018310547,129.3300018310547,132.24000549316406,129.30999755859375,131.94000244140625,70343300,-0.04405345369833069,137.47900009155273,135.41620086669923,0.019837728578415637,129.1199951171875
2023-09-22,129.1199951171875,129.1199951171875,132.02999877929688,128.52000427246094,131.11000061035156,59904300,-0.0016238050792075631,137.34300003051757,135.3126007080078,0.01894518187336863,131.27000427246094
2023-09-25,131.27000427246094,131.27000427246094,131.77999877929688,128.77000427246094,129.36000061035156,46017800,0.01665124873434287,137.24350051879884,135.2444009399414,0.019179548754698728,125.9800033569336
2023-09-26,125.9800033569336,125.9800033569336,130.38999938964844,125.27999877929688,130.1199951171875,73048200,-0.040298626825268746,136.8855007171631,135.0928010559082,0.02113785810912298,125.9800033569336
2023-09-27,125.9800033569336,125.9800033569336,127.4800033569336,124.12999725341795,125.76000213623048,66553400,0.0,136.4390007019043,134.9558010864258,0.02082014284805827,125.9800033569336
2023-09-28,125.9800033569336,125.9800033569336,126.58000183105467,123.04000091552734,124.04000091552734,54555000,0.0,135.98450050354003,134.76820114135742,0.020808645322588522,127.12000274658205
2023-09-29,127.12000274658205,127.12000274658205,129.14999389648438,126.31999969482422,128.1999969482422,62411700,0.009049050319664964,135.44000091552735,134.71140106201173,0.02018836711746238,129.4600067138672
2023-10-02,129.4600067138672,129.4600067138672,130.47000122070312,126.54000091552734,127.27999877929688,48029700,0.01840783446134764,135.00700149536132,134.70060119628906,0.02077970655182038,124.72000122070312
2023-10-03,124.72000122070312,124.72000122070312,128.52000427246094,124.25,128.05999755859375,51565000,-0.03661366636292884,134.37950134277344,134.61900115966796,0.022095600131464204,127.0
2023-10-04,127.0,127.0,127.36000061035156,125.68000030517578,126.05999755859376,44203900,0.018280939360016735,133.96150131225585,134.5764010620117,0.022545575117901645,125.95999908447266
2023-10-05,125.95999908447266,125.95999908447266,126.7300033569336,124.33000183105467,126.70999908447266,39660600,-0.008188983586829512,133.36700096130372,134.5326011657715,0.021998589489720336,127.95999908447266
2023-10-06,127.95999908447266,127.95999908447266,128.4499969482422,124.12999725341795,124.16000366210938,46836700,0.015878056641289273,132.8535011291504,134.52680114746093,0.022410921784109843,128.25999450683594
2023-10-09,128.25999450683594,128.25999450683594,128.7899932861328,124.76000213623048,126.22000122070312,38773700,0.0023444468936362206,132.11150054931642,134.4478009033203,0.02053922118046697,129.47999572753906
2023-10-10,129.47999572753906,129.47999572753906,130.74000549316406,128.0500030517578,128.82000732421875,42178600,0.009511938819224852,131.5240005493164,134.36380096435548,0.02070714549311965,131.8300018310547
2023-10-11,131.8300018310547,131.8300018310547,132.0500030517578,129.61000061035156,129.74000549316406,40741800,0.01814956889912689,130.87300033569335,134.36660095214845,0.020202618512236984,132.3300018310547
2023-10-12,132.3300018310547,132.3300018310547,134.47999572753906,131.22999572753906,132.1699981689453,55528600,0.0037927633547389927,130.25350036621094,134.4490008544922,0.020273755274987103,129.7899932861328
2023-10-13,129.7899932861328,129.7899932861328,133.30999755859375,128.9499969482422,132.97999572753906,45786600,-0.019194502454286222,129.72350006103517,134.46660064697267,0.01969302702005927,132.5500030517578
2023-10-16,132.5500030517578,132.5500030517578,133.07000732421875,130.42999267578125,130.69000244140625,42832900,0.021265196921155027,129.35200042724608,134.32620056152345,0.02047256371222103,131.47000122070312
2023-10-17,131.47000122070312,131.47000122070312,132.5800018310547,128.7100067138672,130.38999938964844,49344600,-0.008147882355257097,129.04400024414062,134.11120056152345,0.02024557461065404,128.1300048828125
2023-10-18,128.1300048828125,128.1300048828125,130.6699981689453,127.51000213623048,129.89999389648438,42699500,-0.025405007278304192,128.6860008239746,133.87500061035155,0.020654392888398505,128.39999389648438
2023-10-19,128.39999389648438,128.39999389648438,132.24000549316406,127.47000122070312,130.57000732421875,60961400,0.002107149015711185,128.6395004272461,133.68600036621095,0.0182011723228396,125.16999816894533
2023-10-20,125.16999816894533,125.16999816894533,128.1699981689453,124.97000122070312,128.0500030517578,56406400,-0.025155731161039308,128.44200057983397,133.41820037841796,0.01903924458853652,126.55999755859376
2023-10-23,126.55999755859376,126.55999755859376,127.87999725341795,123.9800033569336,124.62999725341795,48260000,0.011104892625885654,128.2065002441406,133.18120025634767,0.01880172319680651,128.55999755859375
2023-10-24,128.55999755859375,128.55999755859375,128.8000030517578,126.33999633789062,127.73999786376952,46477400,0.015802781594350446,128.33549995422362,132.94100006103517,0.01681280437713722,121.38999938964844
2023-10-25,121.38999938964844,121.38999938964844,126.33999633789062,120.79000091552734,126.04000091552734,74577500,-0.055771610960691276,128.1059997558594,132.6154000854492,0.021093649437275003,119.56999969482422
2023-10-26,119.56999969482422,119.56999969482422,121.63999938964844,118.3499984741211,120.62999725341795,100419500,-0.01499299533713827,127.7854995727539,132.30539993286132,0.02129776132803499,127.73999786376952
2023-10-27,127.73999786376952,127.73999786376952,130.02000427246094,125.5199966430664,126.1999969482422,125309300,0.0683281608245998,127.81649932861328,132.18059997558595,0.026470102475448128,132.7100067138672
2023-10-30,132.7100067138672,132.7100067138672,133.0,128.55999755859375,129.72000122070312,72485500,0.03890722509168998,127.97899932861328,132.17040008544922,0.027570953015787384,133.08999633789062
2023-10-31,133.08999633789062,133.08999633789062,133.57000732421875,131.7100067138672,132.75,51589400,0.002863308000901066,128.39749908447266,132.13860015869142,0.026063051897370827,137.0
2023-11-01,137.0,137.0,137.35000610351562,133.7100067138672,133.9600067138672,61529400,0.02937864429857373,128.89749908447266,132.1936001586914,0.026506998852907967,138.07000732421875
2023-11-02,138.07000732421875,138.07000732421875,138.80999755859375,136.47000122070312,138.72999572753906,52236700,0.007810272439553012,129.50299949645995,132.24460021972655,0.02635668609978006,138.60000610351562
2023-11-03,138.60000610351562,138.60000610351562,139.49000549316406,137.4499969482422,138.99000549316406,44059800,0.0038386235328597973,130.0349998474121,132.37980041503906,0.026230635786034382,139.74000549316406
2023-11-06,139.74000549316406,139.74000549316406,140.72999572753906,138.36000061035156,138.75999450683594,44970400,0.008225103459209127,130.6090003967285,132.50940063476563,0.026240202211757196,142.7100067138672
2023-11-07,142.7100067138672,142.7100067138672,143.3699951171875,140.5,140.5500030517578,53553500,0.02125376487729147,131.27050094604493,132.70080078125,0.02648559942159668,142.0800018310547
2023-11-08,142.0800018310547,142.0800018310547,143.1199951171875,141.22000122070312,142.97000122070312,44521700,-0.004414580990635519,131.78300094604492,132.8442007446289,0.026385706611530915,140.60000610351562
2023-11-09,140.60000610351562,140.60000610351562,142.64999389648438,139.83999633789062,142.02000427246094,36235400,-0.010416636461610618,132.19650115966797,132.95480072021485,0.026584396966234557,143.55999755859375
2023-11-10,143.55999755859375,143.55999755859375,143.64999389648438,139.91000366210938,140.4600067138672,49287800,0.021052569890351647,132.885001373291,133.06580078125,0.02630834756782462,142.58999633789062
2023-11-13,142.58999633789062,142.58999633789062,143.22999572753906,140.6699981689453,142.0800018310547,35680600,-0.006756765374750118,133.38700103759766,133.15520080566407,0.026163702382387855,145.8000030517578
2023-11-14,145.8000030517578,145.8000030517578,147.25999450683594,144.67999267578125,145.0,56674600,0.02251214528584833,134.1035011291504,133.32580078125,0.026313460170124887,143.1999969482422
2023-11-15,143.1999969482422,143.1999969482422,147.2899932861328,142.58999633789062,147.05999755859375,63875700,-0.017832688951265996,134.85700073242188,133.48260070800782,0.02589633990377995,142.8300018310547
2023-11-16,142.8300018310547,142.8300018310547,143.32000732421875,139.52000427246094,140.91000366210938,49653500,-0.0025837648398919777,135.5785011291504,133.5822006225586,0.02595360531738053,145.17999267578125
2023-11-17,145.17999267578125,145.17999267578125,145.22999572753906,142.5399932861328,142.66000366210938,49636700,0.016453061783939793,136.5790008544922,133.72120056152343,0.02500391127187694,146.1300048828125
2023-11-20,146.1300048828125,146.1300048828125,146.6300048828125,144.72999572753906,145.1300048828125,41951200,0.0065436854591447435,137.55750122070313,133.78180053710938,0.024992385028428953,143.89999389648438
2023-11-21,143.89999389648438,143.89999389648438,144.0500030517578,141.5,143.91000366210938,71226000,-0.015260459261028925,138.32450103759766,133.83520050048827,0.02541160651075298,146.7100067138672
2023-11-22,146.7100067138672,146.7100067138672,147.74000549316406,144.57000732421875,144.57000732421875,45669100,0.019527539517508297,139.5905014038086,133.87240051269532,0.020975558846237936,146.74000549316406
2023-11-24,146.74000549316406,146.74000549316406,147.1999969482422,145.32000732421875,146.6999969482422,22378400,0.0002044767086364363,140.9490016937256,133.91280059814454,0.020297416430741407,147.72999572753906
2023-11-27,147.72999572753906,147.72999572753906,149.25999450683594,146.8800048828125,147.52999877929688,53762400,0.006746559883569869,141.94850158691406,134.05960052490235,0.01505400591292496,147.02999877929688
2023-11-28,147.02999877929688,147.02999877929688,147.60000610351562,145.52999877929688,146.97999572753906,42711700,-0.00473835354015173,142.66450119018555,134.2006005859375,0.013308987225974655,146.32000732421875
2023-11-29,146.32000732421875,146.32000732421875,148.5399932861328,145.97000122070312,147.85000610351562,40610900,-0.0048288883967405605,143.32600173950195,134.37440063476564,0.013490593895726027,146.08999633789062
2023-11-30,146.08999633789062,146.08999633789062,146.92999267578125,144.3300018310547,144.75999450683594,65814000,-0.001571972217158657,143.78050155639647,134.59040069580078,0.012244724797919276,147.02999877929688
2023-12-01,147.02999877929688,147.02999877929688,147.25,145.5500030517578,146.0,39951800,0.006434406632690459,144.2285011291504,134.94440063476563,0.012221825185823898,144.83999633789062
2023-12-04,144.83999633789062,144.83999633789062,145.35000610351562,142.80999755859375,145.25,48294200,-0.014894936132684111,144.54050064086914,135.25880065917968,0.012872421162981625,146.8800048828125
2023-12-05,146.8800048828125,146.8800048828125,148.57000732421875,143.1300048828125,143.5500030517578,46822400,0.014084566393959497,144.89750061035156,135.5710006713867,0.013079796342609503,144.52000427246094
2023-12-06,144.52000427246094,144.52000427246094,147.85000610351562,144.27999877929688,147.5800018310547,39679000,-0.016067541747663228,144.98800048828124,135.94180068969726,0.01293627239714946,146.8800048828125
2023-12-07,146.8800048828125,146.8800048828125,147.9199981689453,145.33999633789062,146.14999389648438,52352800,0.016329923474831087,145.22800064086914,136.35980072021485,0.013329459655935388,147.4199981689453
2023-12-08,147.4199981689453,147.4199981689453,147.83999633789062,145.39999389648438,145.47999572753906,41906000,0.0036764247561378305,145.56900024414062,136.78860061645508,0.013021556294118095,145.88999938964844
2023-12-11,145.88999938964844,145.88999938964844,146.19000244140625,143.63999938964844,145.66000366210938,50907300,-0.010378502226973785,145.68550033569335,137.1640005493164,0.012546484401493016,147.47999572753906
2023-12-12,147.47999572753906,147.47999572753906,147.5,145.3000030517578,145.52000427246094,44944300,0.010898597193382598,145.93000030517578,137.52440032958984,0.012601878662312958,148.83999633789062
2023-12-13,148.83999633789062,148.83999633789062,149.4600067138672,146.82000732421875,148.1199951171875,52766200,0.009221593773735215,146.0819999694824,138.0068002319336,0.011773305266563207,147.4199981689453
2023-12-14,147.4199981689453,147.4199981689453,150.5399932861328,145.52000427246094,149.92999267578125,58400800,-0.00954043404920335,146.2930000305176,138.4152001953125,0.01120377697076941,149.97000122070312
2023-12-15,149.97000122070312,149.97000122070312,150.57000732421875,147.8800048828125,148.3800048828125,110089300,0.01729753821347546,146.65,138.8954002380371,0.011692509049764667,154.07000732421875
2023-12-18,154.07000732421875,154.07000732421875,154.85000610351562,150.0500030517578,150.55999755859375,62512800,0.027338841569267247,147.09450073242186,139.41760040283202,0.012594456278818882,153.7899932861328
2023-12-19,153.7899932861328,153.7899932861328,155.1199951171875,152.69000244140625,154.39999389648438,43171300,-0.0018174467759756174,147.47750015258788,139.92820037841796,0.012611181983568469,152.1199951171875
2023-12-20,152.1199951171875,152.1199951171875,155.6300048828125,151.55999755859375,152.89999389648438,50322100,-0.01085895208954335,147.88850021362305,140.38100036621094,0.012317475138304572,153.83999633789062
2023-12-21,153.83999633789062,153.83999633789062,153.97000122070312,152.10000610351562,153.3000030517578,36305700,0.011306871390431628,148.24499969482423,140.82120025634765,0.011860450010762198,153.4199981689453
2023-12-22,153.4199981689453,153.4199981689453,154.35000610351562,152.7100067138672,153.77000427246094,29514100,-0.0027300973670256745,148.5789993286133,141.24300018310547,0.011907647968836818,153.41000366210938
2023-12-26,153.41000366210938,153.41000366210938,153.97999572753906,153.02999877929688,153.55999755859375,25067200,-6.514474615582078e-05,148.8629997253418,141.715400390625,0.011870993040116073,153.33999633789062
2023-12-27,153.33999633789062,153.33999633789062,154.77999877929688,153.1199951171875,153.55999755859375,31434700,-0.0004563413242133496,149.1784996032715,142.13120025634765,0.01178220635350677,153.3800048828125
2023-12-28,153.3800048828125,153.3800048828125,154.0800018310547,152.9499969482422,153.72000122070312,27057000,0.0002609139551152939,149.53149948120117,142.56940032958985,0.011677605988362514,151.94000244140625
2023-12-29,151.94000244140625,151.94000244140625,153.88999938964844,151.02999877929688,153.10000610351562,39823200,-0.009388462612883952,149.82399978637696,143.04560028076173,0.011946075363400128,149.92999267578125
2024-01-02,149.92999267578125,149.92999267578125,152.3800048828125,148.38999938964844,151.5399932861328,47339400,-0.013228970207501023,149.96899948120117,143.47620025634765,0.012366492209915451,148.47000122070312
2024-01-03,148.47000122070312,148.47000122070312,151.0500030517578,148.3300018310547,149.1999969482422,49425500,-0.00973782115920796,150.1504997253418,143.9422003173828,0.012066667285515585,144.57000732421875
2024-01-04,144.57000732421875,144.57000732421875,147.3800048828125,144.0500030517578,145.58999633789062,56039800,-0.026267891590348702,150.0349998474121,144.3024005126953,0.01314333841613947,145.24000549316406
2024-01-05,145.24000549316406,145.24000549316406,146.58999633789062,144.52999877929688,144.69000244140625,45153100,0.00463442024626004,150.07099990844728,144.6360006713867,0.01267715312351599,149.10000610351562
2024-01-08,149.10000610351562,149.10000610351562,149.39999389648438,146.14999389648438,146.74000549316406,46757100,0.026576703830634596,150.18199996948243,145.19020080566406,0.013536001955201082,151.3699951171875
2024-01-09,151.3699951171875,151.3699951171875,151.7100067138672,148.2100067138672,148.3300018310547,43812600,0.015224607114340927,150.37949981689454,145.82620071411134,0.01390477839803218,153.72999572753906
2024-01-10,153.72999572753906,153.72999572753906,154.4199981689453,151.8800048828125,152.05999755859375,44421800,0.015590940651907248,150.77149963378906,146.34600067138672,0.013958001465754039,155.17999267578125
2024-01-11,155.17999267578125,155.17999267578125,157.1699981689453,153.1199951171875,155.0399932861328,49072700,0.009432101662268044,151.15649948120117,146.795400390625,0.01391652749036544,154.6199951171875
2024-01-12,154.6199951171875,154.6199951171875,156.1999969482422,154.00999450683594,155.38999938964844,40484200,-0.0036086969005325598,151.44549942016602,147.22600036621094,0.013892849371933065,153.16000366210938
2024-01-16,153.16000366210938,153.16000366210938,154.99000549316406,152.14999389648438,153.52999877929688,41384600,-0.009442449238027617,151.7324996948242,147.54920043945313,0.013888582819416495,151.7100067138672
2024-01-17,151.7100067138672,151.7100067138672,152.14999389648438,149.91000366210938,151.49000549316406,34953400,-0.009467203666572499,151.81949996948242,147.82200042724608,0.01362426010225168,153.5
2024-01-18,153.5,153.5,153.77999877929688,151.82000732421875,152.77000427246094,37850200,0.011798781932089941,151.79099960327147,148.12000030517578,0.012412165235072414,155.33999633789062
2024-01-19,155.33999633789062,155.33999633789062,155.75999450683594,152.74000549316406,153.8300018310547,51651600,0.011986946826648914,151.86849975585938,148.43200012207032,0.012692991607133053,154.77999877929688
2024-01-22,154.77999877929688,154.77999877929688,157.0500030517578,153.89999389648438,156.88999938964844,43687500,-0.003604979862209201,152.00149993896486,148.6733999633789,0.01245030318463349,156.02000427246094
2024-01-23,156.02000427246094,156.02000427246094,156.2100067138672,153.92999267578125,154.85000610351562,37986000,0.008011406531487353,152.11050033569336,148.95220001220704,0.012327089106533927,156.8699951171875
2024-01-24,156.8699951171875,156.8699951171875,158.50999450683594,156.47999572753906,157.8000030517578,48547300,0.005447960655367012,152.28300018310546,149.27759979248046,0.012340299552111945,157.75
2024-01-25,157.75,157.75,158.50999450683594,154.5500030517578,156.9499969482422,43638600,0.005609771850602074,152.5,149.5613998413086,0.012375238820105713,159.1199951171875
2024-01-26,159.1199951171875,159.1199951171875,160.72000122070312,157.91000366210938,158.4199981689453,51047400,0.008684596622424712,152.78899993896485,149.89199981689453,0.012468849165908612,161.25999450683594
2024-01-29,161.25999450683594,161.25999450683594,161.2899932861328,158.89999389648438,159.33999633789062,45270400,0.01344896590822775,153.18299942016603,150.2011996459961,0.012722320719018097,159.0
2024-01-30,159.0,159.0,161.72999572753906,158.49000549316406,160.6999969482422,45207400,-0.014014601164705653,153.5359992980957,150.51719970703124,0.012990694394393184,155.1999969482422
2024-01-31,155.1999969482422,155.1999969482422,159.00999450683594,154.80999755859375,157.0,50284400,-0.023899390262627773,153.79949951171875,150.764599609375,0.013854730429212862,159.27999877929688
2024-02-01,159.27999877929688,159.27999877929688,159.75999450683594,155.6199951171875,155.8699951171875,76542400,0.026288672108771616,154.33999938964843,151.04659973144533,0.014595132211246208,171.80999755859375
2024-02-02,171.80999755859375,171.80999755859375,172.5,167.3300018310547,169.19000244140625,117218300,0.07866649218561839,155.70199890136718,151.56019958496094,0.020818952295231744,170.30999755859375
2024-02-05,170.30999755859375,170.30999755859375,170.5500030517578,167.6999969482422,170.1999969482422,55081300,-0.008730574595861018,156.95549850463868,152.08839965820312,0.02117348011077401,169.14999389648438
2024-02-06,169.14999389648438,169.14999389648438,170.7100067138672,167.64999389648438,169.38999938964844,42505500,-0.00681113075414308,157.9579978942871,152.53719940185547,0.020963505309292824,170.52999877929688
2024-02-07,170.52999877929688,170.52999877929688,170.8800048828125,168.94000244140625,169.47999572753906,47174100,0.008158468416245013,158.91599807739257,153.01299926757812,0.020868599398235096,169.83999633789062
2024-02-08,169.83999633789062,169.83999633789062,171.42999267578125,168.8800048828125,169.64999389648438,42316500,-0.004046223223746481,159.72149810791015,153.45519927978515,0.02086434054038329,174.4499969482422
2024-02-09,174.4499969482422,174.4499969482422,175.0,170.5800018310547,170.89999389648438,56986000,0.02714319777292107,160.68499832153321,154.00359924316408,0.02142202977842855,172.33999633789062
2024-02-12,172.33999633789062,172.33999633789062,175.38999938964844,171.5399932861328,174.8000030517578,51050400,-0.012095159915523457,161.57099838256835,154.5239990234375,0.02170622686151865,168.63999938964844
2024-02-13,168.63999938964844,168.63999938964844,170.9499969482422,165.75,167.72999572753906,56345100,-0.021469171561243172,162.34499816894532,154.97499908447264,0.02230487480469387,170.97999572753906
2024-02-14,170.97999572753906,170.97999572753906,171.2100067138672,168.27999877929688,169.2100067138672,42815500,0.013875689909627953,163.3084976196289,155.4539990234375,0.022114880754262906,169.8000030517578
2024-02-15,169.8000030517578,169.8000030517578,171.1699981689453,167.58999633789062,170.5800018310547,49855200,-0.006901349311422389,164.1234977722168,155.95319915771483,0.0222615390482087,169.50999450683594
2024-02-16,169.50999450683594,169.50999450683594,170.4199981689453,167.1699981689453,168.74000549316406,48107700,-0.0017079419299743659,164.83199768066407,156.4057989501953,0.02225524403272973,167.0800018310547
2024-02-20,167.0800018310547,167.0800018310547,168.7100067138672,165.74000549316406,167.8300018310547,41980300,-0.01433539469369316,165.44699783325194,156.85699890136718,0.022590346021927915,168.58999633789062
2024-02-21,168.58999633789062,168.58999633789062,170.22999572753906,167.13999938964844,168.94000244140625,44420100,0.00903755380828164,166.07549743652345,157.29119873046875,0.022600940782024223,174.5800018310547
2024-02-22,174.5800018310547,174.5800018310547,174.8000030517578,171.77000427246094,173.10000610351562,55392400,0.035530017339574504,166.96099777221679,157.83439880371094,0.02366985232730922,174.99000549316406
2024-02-23,174.99000549316406,174.99000549316406,175.75,173.6999969482422,174.27999877929688,59715200,0.0023485144793740087,167.822998046875,158.41639892578124,0.023681169060079766,174.72999572753906
2024-02-26,174.72999572753906,174.72999572753906,176.3699951171875,174.25999450683594,175.6999969482422,44368600,-0.0014858549486425066,168.60349807739257,158.96139892578125,0.023717418989659452,173.5399932861328
2024-02-27,173.5399932861328,173.5399932861328,174.6199951171875,172.86000061035156,174.0800018310547,31141700,-0.006810521779339163,169.2174980163574,159.4553988647461,0.02376791290728565,173.16000366210938
2024-02-28,173.16000366210938,173.16000366210938,174.0500030517578,172.27000427246094,172.44000244140625,28180500,-0.0021896371944472026,169.92549819946288,159.9701989746094,0.023442699096942497,176.75999450683594
2024-02-29,176.75999450683594,176.75999450683594,177.22000122070312,172.85000610351562,173.00999450683594,53805400,0.02078996747858297,171.00349807739258,160.50599884033204,0.022708788995754008,178.22000122070312
2024-03-01,178.22000122070312,178.22000122070312,178.72999572753906,176.07000732421875,176.75,31981200,0.00825982552183624,171.95049819946288,160.9889987182617,0.02224601868237044,177.5800018310547
2024-03-04,177.5800018310547,177.5800018310547,180.13999938964844,177.49000549316406,177.52999877929688,37381500,-0.003591063770984282,172.23899841308594,161.46479888916016,0.014240904396131298,174.1199951171875
2024-03-05,174.1199951171875,174.1199951171875,176.92999267578125,173.3000030517578,176.92999267578125,37228300,-0.01948421375262155,172.42949829101562,161.90479888916016,0.01484746663686507,173.50999450683594
2024-03-06,173.50999450683594,173.50999450683594,176.4600067138672,173.25999450683594,175.5399932861328,32090900,-0.0035033346396604603,172.6474983215332,162.29819885253906,0.014771634986570992,176.82000732421875
2024-03-07,176.82000732421875,176.82000732421875,177.99000549316406,173.72000122070312,174.8300018310547,34063300,0.019076784751165476,172.9619987487793,162.76619903564452,0.015230119997227409,175.35000610351562
2024-03-08,175.35000610351562,175.35000610351562,178.7899932861328,174.3300018310547,176.44000244140625,37893200,-0.008313545751684748,173.23749923706055,163.20499908447266,0.015347572193638042,171.9600067138672
2024-03-11,171.9600067138672,171.9600067138672,174.47000122070312,171.47000122070312,174.30999755859375,28484800,-0.019332758891648982,173.1129997253418,163.57739929199218,0.014802634441971281,175.38999938964844
2024-03-12,175.38999938964844,175.38999938964844,176.75999450683594,171.97999572753906,173.5,36610600,0.019946455814511488,173.2654998779297,164.01759918212892,0.015222720188468151,176.55999755859375
2024-03-13,176.55999755859375,176.55999755859375,177.6199951171875,175.5500030517578,175.89999389648438,30772600,0.0066708374081581034,173.66149978637696,164.50999908447267,0.014311067287604352,178.75
2024-03-14,178.75,178.75,179.52999877929688,176.47000122070312,177.69000244140625,43705800,0.012403729449981915,174.05,165.08639923095703,0.014252577685219377,174.4199981689453
2024-03-15,174.4199981689453,174.4199981689453,177.92999267578125,173.89999389648438,176.63999938964844,72147400,-0.024223786467438835,174.28099975585937,165.60539916992187,0.015328221987032332,174.47999572753906
2024-03-18,174.47999572753906,174.47999572753906,176.69000244140625,174.27999877929688,175.8000030517578,31250700,0.00034398325434925603,174.52949981689454,166.2035989379883,0.015312801629696617,175.89999389648438
2024-03-19,175.89999389648438,175.89999389648438,176.08999633789062,173.52000427246094,174.22000122070312,26880900,0.00813845829732096,174.97049942016602,166.8167987060547,0.014904353216943134,178.14999389648438
2024-03-20,178.14999389648438,178.14999389648438,178.52999877929688,174.63999938964844,176.13999938964844,29947200,0.012791359170393646,175.4484992980957,167.39779846191405,0.015011867953057678,178.14999389648438
2024-03-21,178.14999389648438,178.14999389648438,181.4199981689453,178.14999389648438,179.99000549316406,32824300,0.0,175.6269989013672,167.9333984375,0.012896521117397461,178.8699951171875
2024-03-22,178.8699951171875,178.8699951171875,179.25999450683594,176.75,177.75,27995400,0.0040415450203241665,175.82099838256835,168.43619842529296,0.012910753095136807,179.7100067138672
2024-03-25,179.7100067138672,179.7100067138672,180.9900054931641,177.24000549316406,178.00999450683594,29815500,0.004696213001679439,176.06999893188475,168.92679870605468,0.012917661933193601,178.3000030517578
2024-03-26,178.3000030517578,178.3000030517578,180.4499969482422,177.9499969482422,180.1499938964844,29659000,-0.007845994154095037,176.30799942016603,169.40039886474608,0.01295468424316754,179.8300018310547
2024-03-27,179.8300018310547,179.8300018310547,180.0,177.30999755859375,179.8800048828125,33272600,0.008581036192426339,176.6414993286133,169.933798828125,0.013019838338463171,180.3800048828125
2024-03-28,180.3800048828125,180.3800048828125,181.6999969482422,179.25999450683594,180.1699981689453,38051600,0.0030584610251771505,176.8224998474121,170.5071987915039,0.01225209229602543,180.97000122070312
2024-04-01,180.97000122070312,180.97000122070312,183.0,179.9499969482422,180.7899932861328,29174500,0.003270852211551434,176.95999984741212,171.05659881591797,0.012148692507459456,180.69000244140625
2024-04-02,180.69000244140625,180.69000244140625,180.7899932861328,178.3800048828125,179.07000732421875,32611500,-0.0015472110151306673,177.1154998779297,171.56359893798827,0.012118048244666632,182.4100036621093
2024-04-03,182.4100036621093,182.4100036621093,182.8699951171875,179.8000030517578,179.89999389648438,31046600,0.009519072430478337,177.53000030517578,172.11619903564454,0.011249742692666244,180.0
2024-04-04,180.0,180.0,185.1000061035156,180.0,184.0,41624300,-0.013212014767421953,177.854500579834,172.5957989501953,0.011717124262638358,185.07000732421875
2024-04-05,185.07000732421875,185.07000732421875,186.2700042724609,181.97000122070312,182.3800048828125,42374000,0.028166707356770848,178.267000579834,173.15979919433593,0.012564021240665543,185.19000244140625
2024-04-08,185.19000244140625,185.19000244140625,187.2899932861328,184.8099975585937,186.8999938964844,39221300,0.0006483768975988902,178.7590003967285,173.70859924316406,0.012320861640592002,185.6699981689453
2024-04-09,185.6699981689453,185.6699981689453,187.33999633789065,184.1999969482422,187.2400054931641,36520100,0.002591909504893186,179.44449996948242,174.23959930419923,0.011168955779473615,185.9499969482422
2024-04-10,185.9499969482422,185.9499969482422,186.2700042724609,182.6699981689453,182.7700042724609,35879200,0.0015080453603608657,179.9724998474121,174.73339935302735,0.010516837580075267,189.0500030517578
2024-04-11,189.0500030517578,189.0500030517578,189.7700042724609,185.509994506836,186.7400054931641,40020700,0.016671181255133227,180.5970001220703,175.3343994140625,0.010931118834080112,186.1300048828125
2024-04-12,186.1300048828125,186.1300048828125,188.3800048828125,185.0800018310547,187.72000122070312,38608800,-0.015445639364236818,180.96600036621095,175.9529995727539,0.011493867219426596,183.6199951171875
2024-04-15,183.6199951171875,183.6199951171875,188.69000244140625,183.0,187.42999267578125,48052400,-0.013485250630092094,181.42600021362304,176.4397994995117,0.010398706661978693,183.32000732421875
2024-04-16,183.32000732421875,183.32000732421875,184.8300018310547,182.259994506836,183.2700042724609,32891300,-0.001633742516860992,181.86800079345704,176.6699996948242,0.010430888903734293,181.27999877929688
2024-04-17,181.27999877929688,181.27999877929688,184.57000732421875,179.82000732421875,184.3099975585937,31359700,-0.011128128209780819,182.13700103759766,176.88939971923827,0.010769420894168267,179.22000122070312
2024-04-18,179.22000122070312,179.22000122070312,182.38999938964844,178.64999389648438,181.47000122070312,30723800,-0.011363622972558218,182.19050140380858,177.09079986572266,0.01079825653412512,174.6300048828125
2024-04-19,174.6300048828125,174.6300048828125,179.0,173.44000244140625,178.74000549316406,56000700,-0.02561096030926935,182.014501953125,177.17279998779296,0.012261906212062901,177.22999572753906
2024-04-22,177.22999572753906,177.22999572753906,178.8699951171875,174.55999755859375,176.94000244140625,37924900,0.014888568814227066,181.93250198364257,177.32059997558594,0.012724350495164,179.5399932861328
2024-04-23,179.5399932861328,179.5399932861328,179.92999267578125,175.97999572753906,178.0800018310547,37046500,0.01303389727631088,181.92400131225585,177.42239990234376,0.013032392468609632,176.58999633789062
2024-04-24,176.58999633789062,176.58999633789062,180.32000732421875,176.17999267578125,179.94000244140625,34185100,-0.016430862529557833,181.8385009765625,177.50739990234376,0.013440554886932507,173.6699981689453
2024-04-25,173.6699981689453,173.6699981689453,173.9199981689453,166.32000732421875,169.67999267578125,49249400,-0.016535467634067658,181.53050079345704,177.6079998779297,0.01372795226438754,179.6199951171875
2024-04-26,179.6199951171875,179.6199951171875,180.82000732421875,176.1300048828125,177.8000030517578,43919800,0.034260361668536854,181.49250030517578,177.78079986572266,0.01589355235612584,180.9600067138672
2024-04-29,180.9600067138672,180.9600067138672,183.52999877929688,179.38999938964844,182.75,54063900,0.007460258507441919,181.49200057983398,178.00399993896485,0.015967636440787813,175.0
2024-04-30,175.0,175.0,182.9900054931641,174.8000030517578,181.08999633789065,94639800,-0.03293549122868411,181.20750045776367,178.11380004882812,0.0175990846267397,179.0
2024-05-01,179.0,179.0,185.1499938964844,176.55999755859375,181.63999938964844,94645100,0.02285714285714291,181.0370002746582,178.35220001220702,0.018276376760534053,184.72000122070312
2024-05-02,184.72000122070312,184.72000122070312,185.1000061035156,179.91000366210938,180.8500061035156,54303500,0.031955314082140474,181.27300033569335,178.67480010986327,0.01941508134981855,186.2100067138672
2024-05-03,186.2100067138672,186.2100067138672,187.8699951171875,185.4199981689453,186.9900054931641,39172000,0.008066292135759712,181.3300003051758,178.90740020751954,0.018457210500296597,188.6999969482422
2024-05-06,188.6999969482422,188.6999969482422,188.75,184.8000030517578,186.27999877929688,34725300,0.013371946429286963,181.50550003051757,179.1816000366211,0.01868164467156373,188.759994506836
2024-05-07,188.759994506836,188.759994506836,189.94000244140625,187.3099975585937,188.9199981689453,34048900,0.00031795209095974997,181.6599998474121,179.46220001220703,0.018679037137942143,188.0
2024-05-08,188.0,188.0,188.42999267578125,186.38999938964844,187.44000244140625,26136400,-0.004026247769404745,181.7625,179.75140014648437,0.01871193983068387,189.5
2024-05-09,189.5,189.5,191.6999969482422,187.44000244140625,188.8800048828125,43368400,0.007978723404255428,181.7849998474121,180.0782000732422,0.018420483885170594,187.47999572753903
2024-05-10,187.47999572753903,187.47999572753903,189.88999938964844,186.92999267578125,189.1600036621093,34141800,-0.010659653152828352,181.85249938964844,180.29260009765625,0.018235603797153305,186.57000732421875
2024-05-13,186.57000732421875,186.57000732421875,188.3099975585937,185.3600006103516,188.0,24898600,-0.004853789332504355,182.0,180.45960021972655,0.0179871730687119,187.07000732421875
2024-05-14,187.07000732421875,187.07000732421875,187.72000122070312,183.4499969482422,183.82000732421875,38698200,0.002679959159411549,182.1875,180.64940032958984,0.01798041441586133,185.9900054931641
2024-05-15,185.9900054931641,185.9900054931641,186.72000122070312,182.72999572753903,185.97000122070312,75459900,-0.005773249525686142,182.42300033569336,180.88680053710937,0.017826918279567748,183.6300048828125
2024-05-16,183.6300048828125,183.6300048828125,187.3099975585937,183.4600067138672,185.6000061035156,38834500,-0.01268885714634993,182.64350051879882,181.0892007446289,0.01787937588924631,184.6999969482422
2024-05-17,184.6999969482422,184.6999969482422,185.3000030517578,183.3500061035156,183.759994506836,33175700,0.005826891232250109,183.14700012207032,181.24680053710938,0.016727511427894495,183.5399932861328
2024-05-20,183.5399932861328,183.5399932861328,186.6699981689453,183.27999877929688,184.33999633789065,30511800,-0.006280474722663021,183.4625,181.4106002807617,0.016600907094682923,183.1499938964844
2024-05-21,183.1499938964844,183.1499938964844,183.259994506836,180.75,182.3000030517578,50839100,-0.0021248741632043933,183.64300003051758,181.63440002441405,0.016409865046435015,183.1300048828125
2024-05-22,183.1300048828125,183.1300048828125,185.22000122070312,181.97000122070312,183.8800048828125,28148800,-0.0001091401274257997,183.97000045776366,181.78920013427734,0.015888493530174266,181.0500030517578
2024-05-23,181.0500030517578,181.0500030517578,184.759994506836,180.0800018310547,183.6600036621093,33670200,-0.011358061353112014,184.3390007019043,181.87900024414063,0.015611402686282588,180.75
2024-05-24,180.75,180.75,182.44000244140625,180.3000030517578,181.6499938964844,27471600,-0.0016570176564539851,184.39550094604493,181.91900024414062,0.013674761945293627,182.1499938964844
2024-05-28,182.1499938964844,182.1499938964844,182.2400054931641,179.49000549316406,179.92999267578125,29927000,0.007745471073219434,184.4550003051758,182.07360015869142,0.01368265602187373,182.0200042724609
2024-05-29,182.0200042724609,182.0200042724609,184.0800018310547,181.5500030517578,181.6999969482422,32009300,-0.000713640562059914,184.80600051879884,182.22440032958986,0.011225175692352306,179.32000732421875
2024-05-30,179.32000732421875,179.32000732421875,181.33999633789065,178.36000061035156,181.3099975585937,29184700,-0.0148335176621609,184.82200088500977,182.29280059814454,0.010695535426479068,176.44000244140625
2024-05-31,176.44000244140625,176.44000244140625,179.2100067138672,173.8699951171875,178.3000030517578,58903900,-0.016060700229647673,184.40800094604492,182.25860076904297,0.008299569135306346,178.33999633789062
2024-06-03,178.33999633789062,178.33999633789062,178.6999969482422,175.9199981689453,177.6999969482422,30786600,0.01076849847083472,184.0145004272461,182.26240081787108,0.008496146191732624,179.33999633789062
2024-06-04,179.33999633789062,179.33999633789062,179.82000732421875,176.44000244140625,177.63999938964844,27198400,0.00560726713319748,183.5465003967285,182.27180084228516,0.007907899412659463,181.27999877929688
2024-06-05,181.27999877929688,181.27999877929688,181.5,178.75,180.10000610351562,32116400,0.010817455564965828,183.17250061035156,182.30320068359376,0.008436417151114385,185.0
2024-06-06,185.0,185.0,185.0,181.4900054931641,181.75,31371200,0.020520748266509736,183.02250061035156,182.4372006225586,0.009799410643673814,184.3000030517578
2024-06-07,184.3000030517578,184.3000030517578,186.2899932861328,183.3600006103516,184.8999938964844,28021500,-0.003783767287795614,182.76250076293945,182.52660064697267,0.009598350429194227,187.0599975585937
2024-06-10,187.0599975585937,187.0599975585937,187.22999572753903,183.7899932861328,184.07000732421875,34445600,0.014975553234585659,182.7415008544922,182.6602005004883,0.009992775961335494,187.22999572753903
2024-06-11,187.22999572753903,187.22999572753903,187.7700042724609,184.5399932861328,187.0599975585937,27265100,0.0009087895389932044,182.7745002746582,182.785400390625,0.009930305857766986,186.88999938964844
2024-06-12,186.88999938964844,186.88999938964844,188.3500061035156,185.42999267578125,188.0200042724609,33984200,-0.0018159287809063063,182.7654998779297,182.90940032958986,0.009922652825818053,183.8300018310547
2024-06-13,183.8300018310547,183.8300018310547,187.6699981689453,182.6699981689453,186.08999633789065,39721500,-0.016373254687715777,182.65749969482422,182.93780029296875,0.010512715429782063,183.6600036621093
2024-06-14,183.6600036621093,183.6600036621093,183.72000122070312,182.22999572753903,183.0800018310547,25456400,-0.0009247574783882717,182.65899963378905,183.01100036621094,0.010118400255462833,184.0599975585937
2024-06-17,184.0599975585937,184.0599975585937,185.0,181.22000122070312,182.5200042724609,35601900,0.002177904217078641,182.62699966430665,182.99080017089844,0.010041486726521788,182.8099975585937
2024-06-18,182.8099975585937,182.8099975585937,184.2899932861328,181.42999267578125,183.7400054931641,36659200,-0.006791263808433312,182.59049987792966,182.9432000732422,0.010058599698132645,186.1000061035156
2024-06-20,186.1000061035156,186.1000061035156,186.509994506836,182.72000122070312,182.9100036621093,44726800,0.017996874289478715,182.73800048828122,182.9518002319336,0.010827709525990355,189.0800018310547
2024-06-21,189.0800018310547,189.0800018310547,189.27999877929688,185.8600006103516,187.8000030517578,70792500,0.01601287280926522,183.03550033569334,183.01440032958985,0.01134016189843713,185.57000732421875
2024-06-24,185.57000732421875,185.57000732421875,191.0,185.3300018310547,189.3300018310547,50610400,-0.0185635417434159,183.2615005493164,182.94480041503905,0.011877280404666547,186.33999633789065
2024-06-25,186.33999633789065,186.33999633789065,188.83999633789065,185.4199981689453,186.8099975585937,45366400,0.004149318226444931,183.5410003662109,182.94900024414062,0.011872140842947665,193.6100006103516
2024-06-26,193.6100006103516,193.6100006103516,194.8000030517578,186.259994506836,186.9199981689453,65103900,0.03901472799901873,184.11400070190427,183.1488003540039,0.014494600133119907,197.8500061035156
2024-06-27,197.8500061035156,197.8500061035156,199.83999633789065,194.1999969482422,195.009994506836,74397500,0.02189972356695158,184.905500793457,183.43940032958983,0.015048393392790632,193.25
2024-06-28,193.25,193.25,198.8500061035156,192.5,197.72999572753903,76930200,-0.023249966952787804,185.60200042724608,183.6788003540039,0.01571413395515962,197.1999969482422
2024-07-01,197.1999969482422,197.1999969482422,198.3000030517578,192.82000732421875,193.4900054931641,41192000,0.02043982896891161,186.64000015258787,184.03840026855468,0.015394585842554912,200.0
2024-07-02,200.0,200.0,200.42999267578125,195.92999267578125,197.27999877929688,45600000,0.014198798656638534,187.72300033569334,184.54580017089845,0.01547306111197271,197.58999633789065
2024-07-03,197.58999633789065,197.58999633789065,200.02999877929688,196.759994506836,199.94000244140625,31597900,-0.01205001831054675,188.63550033569334,184.95300018310547,0.01598361557520612,200.0
2024-07-05,200.0,200.0,200.5500030517578,198.1699981689453,198.6499938964844,39858900,0.012196992290986808,189.57150039672848,185.36220031738281,0.016013091370078645,199.2899932861328
2024-07-08,199.2899932861328,199.2899932861328,201.1999969482422,197.9600067138672,200.0399932861328,34767300,-0.0035500335693359197,190.28600006103514,185.81620025634766,0.01569019791195311,199.33999633789065
2024-07-09,199.33999633789065,199.33999633789065,200.57000732421875,199.0500030517578,199.3999938964844,32700100,0.00025090598345323123,191.0379997253418,186.32960021972656,0.015612717419814473,199.7899932861328
2024-07-10,199.7899932861328,199.7899932861328,200.1100006103516,197.69000244140625,200.0,32883800,0.002257434315787732,191.67449951171875,186.73300018310547,0.01540166995635622,195.0500030517578
2024-07-11,195.0500030517578,195.0500030517578,200.2700042724609,192.8600006103516,200.08999633789065,44565000,-0.023724863074531144,192.06549987792968,187.01480010986327,0.01655403474142902,194.4900054931641
2024-07-12,194.4900054931641,194.4900054931641,196.47000122070312,193.8300018310547,194.8000030517578,30598500,-0.0028710461411535215,192.44550018310548,187.40460021972658,0.01656910588100121,192.72000122070312
2024-07-15,192.72000122070312,192.72000122070312,196.19000244140625,190.8300018310547,194.5599975585937,40683200,-0.009100746683475047,192.8900001525879,187.67900024414064,0.016217859006744877,193.0200042724609
2024-07-16,193.0200042724609,193.0200042724609,196.6199951171875,192.2400054931641,195.58999633789065,33994700,0.0015566783408962337,193.35800018310547,187.84500030517577,0.016199854394755672,187.92999267578125
2024-07-17,187.92999267578125,187.92999267578125,191.5800018310547,185.9900054931641,191.3500061035156,48076100,-0.02637038381521717,193.55149993896484,187.87940002441405,0.017449687771481665,183.75
2024-07-18,183.75,183.75,189.67999267578125,181.4499969482422,189.58999633789065,51043600,-0.022242286163404512,193.59850006103517,187.78040008544923,0.01814941531831888,183.1300048828125
2024-07-19,183.1300048828125,183.1300048828125,184.92999267578125,180.11000061035156,181.13999938964844,43081800,-0.0033741230867346816,193.45,187.66780029296876,0.01768275889749556,182.5500030517578
2024-07-22,182.5500030517578,182.5500030517578,185.0599975585937,182.47999572753903,185.0,39931900,-0.003167158934036185,193.12350006103514,187.5588003540039,0.017245870170554407,186.4100036621093
2024-07-23,186.4100036621093,186.4100036621093,189.38999938964844,183.5599975585937,184.1000061035156,47537700,0.02114489480045134,193.16549987792968,187.4970004272461,0.017476151442842553,180.8300018310547
2024-07-24,180.8300018310547,180.8300018310547,185.4499969482422,180.4100036621093,183.1999969482422,41532400,-0.02993402565008818,192.8900001525879,187.36400054931642,0.018706736889208302,179.85000610351562
2024-07-25,179.85000610351562,179.85000610351562,183.8999938964844,176.8000030517578,182.9100036621093,44464200,-0.005419431054668911,192.2020004272461,187.22960052490234,0.01612267602465462,182.5
2024-07-26,182.5,182.5,183.19000244140625,180.2400054931641,180.38999938964844,29506000,0.014734466536293178,191.43450012207032,187.13820037841796,0.015598348809708467,183.1999969482422
2024-07-29,183.1999969482422,183.1999969482422,184.75,182.3800048828125,183.83999633789065,33270100,0.003835599716395466,190.93199996948243,187.08240020751953,0.01499533345448477,181.7100067138672
2024-07-30,181.7100067138672,181.7100067138672,185.8600006103516,179.3800048828125,184.72000122070312,39508600,-0.008133134602594794,190.15750045776366,187.04400024414062,0.014018071565407804,186.97999572753903
2024-07-31,186.97999572753903,186.97999572753903,187.94000244140625,184.4600067138672,185.0500030517578,41667300,0.029002194810164417,189.50650024414062,187.08960021972655,0.015355881353577426,184.07000732421875
2024-08-01,184.07000732421875,184.07000732421875,190.6000061035156,181.8699951171875,189.2899932861328,70435600,-0.015563100170141286,188.83050079345702,187.10020050048828,0.015481446454955994,167.89999389648438
2024-08-02,167.89999389648438,167.89999389648438,168.77000427246094,160.5500030517578,166.75,141448400,-0.0878470841762542,187.22550048828126,186.79520050048828,0.023992013758649545,161.02000427246094
2024-08-05,161.02000427246094,161.02000427246094,162.9600067138672,151.61000061035156,154.2100067138672,83149400,-0.04097671157906757,185.31200103759767,186.35300048828125,0.02502890069430004,161.92999267578125
2024-08-06,161.92999267578125,161.92999267578125,165.0800018310547,158.5399932861328,161.7100067138672,59950800,0.005651399696776416,183.44150085449218,185.97060028076172,0.025177378560302083,162.77000427246094
2024-08-07,162.77000427246094,162.77000427246094,167.5800018310547,161.42999267578125,166.5500030517578,48408200,0.0051874985158653075,181.5905014038086,185.61100036621093,0.025261008257080084,165.8000030517578
2024-08-08,165.8000030517578,165.8000030517578,166.69000244140625,162.5500030517578,165.1699981689453,44616200,0.018615215947435537,180.12800140380858,185.2840005493164,0.02580795809405281,166.94000244140625
2024-08-09,166.94000244140625,166.94000244140625,168.5500030517578,165.85000610351562,166.39999389648438,36401000,0.00687575011257735,178.75050125122067,184.9824005126953,0.02599654441320735,166.8000030517578
2024-08-12,166.8000030517578,166.8000030517578,168.5500030517578,166.11000061035156,168.13999938964844,30072800,-0.000838620987187122,177.45450134277343,184.7320004272461,0.026031647567763234,170.22999572753906
2024-08-13,170.22999572753906,170.22999572753906,171.0399932861328,167.10000610351562,167.80999755859375,39237900,0.020563504874259175,176.31500091552735,184.60780029296876,0.026693731305491387,170.10000610351562
2024-08-14,170.10000610351562,170.10000610351562,172.27999877929688,168.86000061035156,172.11000061035156,28843800,-0.0007636117446156998,175.42350158691406,184.44300048828126,0.026271623078448554,177.58999633789062
2024-08-15,177.58999633789062,177.58999633789062,177.91000366210938,173.99000549316406,174.86000061035156,51698500,0.04403286281963403,175.1155014038086,184.40800048828126,0.02805291091757391,177.05999755859375
2024-08-16,177.05999755859375,177.05999755859375,178.33999633789062,176.25999450683594,177.0399932861328,31489200,-0.002984395462729106,174.81200103759767,184.3236004638672,0.028051543325520963,178.22000122070312
2024-08-19,178.22000122070312,178.22000122070312,178.3000030517578,176.16000366210938,177.63999938964844,31129800,0.006551472258579993,174.59550094604492,184.18800048828126,0.028101614170131413,178.8800048828125
2024-08-20,178.8800048828125,178.8800048828125,179.00999450683594,177.42999267578125,177.9199981689453,26255200,0.003703308593809629,174.21900100708007,184.07960052490233,0.027651346162151664,180.11000061035156
2024-08-21,180.11000061035156,180.11000061035156,182.38999938964844,178.88999938964844,179.9199981689453,35599100,0.006876093995775934,174.18300094604493,183.9406005859375,0.02688660668889441,176.1300048828125
2024-08-22,176.1300048828125,176.1300048828125,181.47000122070312,175.67999267578125,181.3800048828125,32047500,-0.022097583221652117,173.99700088500975,183.71860076904298,0.027323696456947162,177.0399932861328
2024-08-23,177.0399932861328,177.0399932861328,178.97000122070312,175.24000549316406,177.33999633789062,29150100,0.005166572293719973,173.7240005493164,183.52160064697264,0.02712265203280419,175.5
2024-08-26,175.5,175.5,177.47000122070312,174.3000030517578,176.6999969482422,22366200,-0.00869856159361615,173.3390007019043,183.35500061035157,0.0271460156832893,173.1199951171875
2024-08-27,173.1199951171875,173.1199951171875,174.88999938964844,172.25,174.14999389648438,29842000,-0.013561281383547064,172.9095001220703,183.14420043945313,0.027239810703830365,170.8000030517578
2024-08-28,170.8000030517578,170.8000030517578,173.69000244140625,168.9199981689453,173.69000244140625,29045000,-0.013401063602498708,172.10050048828126,182.8790005493164,0.02633028966641951,172.1199951171875
2024-08-29,172.1199951171875,172.1199951171875,174.2899932861328,170.80999755859375,173.22000122070312,26407800,0.007728290643119529,171.50299987792968,182.66520050048828,0.026315188125691946,178.5
2024-08-30,178.5,178.5,178.89999389648438,172.60000610351562,172.77999877929688,43429400,0.037067191865004956,172.03300018310546,182.51320037841796,0.018898867536073644,176.25
2024-09-03,176.25,176.25,178.25999450683594,175.25999450683594,177.5500030517578,37817500,-0.012605042016806678,172.79449996948242,182.25660034179688,0.016290404290279586,173.3300018310547
2024-09-04,173.3300018310547,173.3300018310547,175.97999572753906,172.5399932861328,174.47999572753906,30309200,-0.016567365497562103,173.3645004272461,182.0118002319336,0.01696251533123355,177.88999938964844
2024-09-05,177.88999938964844,177.88999938964844,179.8800048828125,175.0,175.0,40170500,0.026308183871355473,174.12050018310546,181.84280029296875,0.017711247208735882,171.38999938964844
2024-09-06,171.38999938964844,171.38999938964844,178.3800048828125,171.16000366210938,177.24000549316406,41466500,-0.03653943460735232,174.4,181.3984002685547,0.019606446206299442,175.39999389648438
2024-09-09,175.39999389648438,175.39999389648438,175.85000610351562,173.50999450683594,174.52999877929688,29037400,0.023396899008788496,174.8229995727539,180.94940002441408,0.020169686399588615,179.5500030517578
2024-09-10,179.5500030517578,179.5500030517578,180.5,176.7899932861328,177.49000549316406,36233800,0.023660258265018275,175.46049957275392,180.6754000854492,0.020682986677323486,184.5200042724609
2024-09-11,184.5200042724609,184.5200042724609,184.9900054931641,175.72999572753906,180.10000610351562,42564700,0.027680318219044597,176.175,180.4218002319336,0.0210429985993325,187.0
2024-09-12,187.0,187.0,187.4100036621093,183.5399932861328,184.8000030517578,33544200,0.013440254011034769,177.0199996948242,180.1618002319336,0.0211045662120866,186.4900054931641
2024-09-13,186.4900054931641,186.4900054931641,188.5,185.9100036621093,187.0,26495400,-0.0027272433520636463,177.4650001525879,179.93980041503906,0.019036709883796913,184.88999938964844
2024-09-16,184.88999938964844,184.88999938964844,185.8099975585937,183.3600006103516,185.2899932861328,26065500,-0.00857958097692424,177.85650024414062,179.63760040283202,0.019164089843813105,186.8800048828125
2024-09-17,186.8800048828125,186.8800048828125,189.4499969482422,186.13999938964844,186.8500061035156,26091700,0.010763186217390919,178.28950042724608,179.38940063476562,0.019235808687824287,186.42999267578125
2024-09-18,186.42999267578125,186.42999267578125,188.8000030517578,185.0599975585937,186.4499969482422,34448100,-0.0024080275860086653,178.66699981689453,179.13120056152343,0.019265052988836295,189.8699951171875
2024-09-19,189.8699951171875,189.8699951171875,190.9900054931641,188.47000122070312,190.0399932861328,39543200,0.01845197970580159,179.15499954223634,178.93280059814452,0.0195827794648051,191.6000061035156
2024-09-20,191.6000061035156,191.6000061035156,191.83999633789065,187.4100036621093,190.22999572753903,100378600,0.009111555436973173,179.9284996032715,178.86380065917967,0.0187166878861735,193.8800048828125
2024-09-23,193.8800048828125,193.8800048828125,194.4499969482422,190.57000732421875,191.63999938964844,36993100,0.011899784481557374,180.77050018310547,178.85160064697266,0.018791902959126614,193.9600067138672
2024-09-24,193.9600067138672,193.9600067138672,195.3699951171875,190.1300048828125,194.2700042724609,43478900,0.0004126358007008335,181.69350051879883,178.87640075683595,0.018558446960522976,192.52999877929688
2024-09-25,192.52999877929688,192.52999877929688,193.9499969482422,192.1600036621093,193.75,26391100,-0.007372694808574054,182.66400070190429,178.86660064697264,0.01827907215737932,191.1600036621093
2024-09-26,191.1600036621093,191.1600036621093,194.52999877929688,189.5399932861328,194.3099975585937,36334900,-0.007115748848874448,183.68200073242187,178.9312008666992,0.017988991794299893,187.97000122070312
2024-09-27,187.97000122070312,187.97000122070312,190.8999938964844,187.33999633789065,190.67999267578125,36002300,-0.016687603998191802,184.47450103759766,179.01560089111328,0.01866696083165847,186.3300018310547
2024-09-30,186.3300018310547,186.3300018310547,188.4900054931641,184.6499938964844,187.13999938964844,41583900,-0.008724793206352333,184.8660011291504,179.07960083007814,0.017225072975870604,185.1300048828125
2024-10-01,185.1300048828125,185.1300048828125,186.19000244140625,183.4499969482422,184.8999938964844,36044900,-0.006440170323887107,185.31000137329102,179.13120086669923,0.01699816473889905,184.759994506836
2024-10-02,184.759994506836,184.759994506836,186.6000061035156,184.0399932861328,184.44000244140625,23704100,-0.0019986515757438594,185.8815010070801,179.09820068359375,0.016436507185224554,181.9600067138672
2024-10-03,181.9600067138672,181.9600067138672,183.44000244140625,180.8800048828125,183.0500030517578,30204300,-0.015154729791168164,186.08500137329102,179.12080078125,0.01599417753566433,186.509994506836
2024-10-04,186.509994506836,186.509994506836,187.6000061035156,183.6000061035156,185.75,40890300,0.02500542770436187,186.84100112915038,179.2540005493164,0.014155027695722903,180.8000030517578
2024-10-07,180.8000030517578,180.8000030517578,183.6000061035156,180.25,182.9499969482422,42364200,-0.030614935516868003,187.11100158691406,179.22000061035158,0.015421686453632956,182.72000122070312
2024-10-08,182.72000122070312,182.72000122070312,183.08999633789065,180.9199981689453,181.9199981689453,26372100,0.010619458719785868,187.26950149536134,179.2104006958008,0.014700011466900106,185.1699981689453
2024-10-09,185.1699981689453,185.1699981689453,185.8500061035156,182.0500030517578,182.82000732421875,26343100,0.013408477078997505,187.30200119018554,179.27960052490235,0.01364403801731253,186.6499938964844
2024-10-10,186.6499938964844,186.6499938964844,188.1300048828125,185.8300018310547,187.1300048828125,27785000,0.007992632403596822,187.28450088500978,179.27300048828124,0.013419692185181676,188.82000732421875
2024-10-11,188.82000732421875,188.82000732421875,189.92999267578125,186.3000030517578,186.6300048828125,25751600,0.011626110360002606,187.4010009765625,179.36800048828124,0.013648463486783294,187.5399932861328
2024-10-14,187.5399932861328,187.5399932861328,189.8300018310547,187.3600006103516,189.77999877929688,22614400,-0.006779016992029097,187.53350067138672,179.76080047607422,0.013589776612139098,187.69000244140625
2024-10-15,187.69000244140625,187.69000244140625,188.4100036621093,184.5800018310547,187.6300048828125,32178900,0.0007998782160802964,187.5740005493164,180.29420043945314,0.013386412943039923,186.88999938964844
2024-10-16,186.88999938964844,186.88999938964844,187.77999877929688,185.6100006103516,187.0500030517578,23456800,-0.004262363692000948,187.59700088500978,180.79340057373048,0.013412564126913913,187.52999877929688
2024-10-17,187.52999877929688,187.52999877929688,188.94000244140625,186.0,188.22000122070312,25039400,0.0034244710350397334,187.48000106811523,181.2886004638672,0.012740895895988482,188.9900054931641
2024-10-18,188.9900054931641,188.9900054931641,190.7400054931641,186.27999877929688,187.1499938964844,37417700,0.007785456851548744,187.34950103759766,181.75240051269532,0.01269136517828406,189.07000732421875
2024-10-21,189.07000732421875,189.07000732421875,189.4600067138672,186.3999938964844,188.0500030517578,24639400,0.00042331249658356107,187.10900115966797,182.19500061035157,0.012350919249961853,189.6999969482422
2024-10-22,189.6999969482422,189.6999969482422,191.5200042724609,186.97999572753903,188.3500061035156,29650600,0.003332044214411578,186.89600067138673,182.65300048828124,0.012387961591596003,184.7100067138672
2024-10-23,184.7100067138672,184.7100067138672,189.1600036621093,183.69000244140625,188.8500061035156,31937100,-0.026304640562205495,186.50500106811523,182.9426007080078,0.013564998259548945,186.3800048828125
2024-10-24,186.3800048828125,186.3800048828125,187.1100006103516,183.8600006103516,185.25,21647400,0.009041189476714617,186.2660011291504,183.26820068359376,0.01372343057678486,187.8300018310547
2024-10-25,187.8300018310547,187.8300018310547,190.4499969482422,187.52999877929688,187.8500061035156,29362100,0.007779788122410869,186.25900115966797,183.47300079345703,0.013353402366809316,188.38999938964844
2024-10-28,188.38999938964844,188.38999938964844,190.2100067138672,188.2100067138672,189.57000732421875,27930800,0.002981406341556969,186.36200103759765,183.6996008300781,0.013204357718372728,190.8300018310547
2024-10-29,190.8300018310547,190.8300018310547,191.4600067138672,187.82000732421875,188.5800018310547,35690200,0.012951868195294036,186.64700088500976,183.95180084228517,0.013368577520009512,192.72999572753903
2024-10-30,192.72999572753903,192.72999572753903,195.6100006103516,192.4199981689453,194.6999969482422,37707600,0.009956473710912794,187.0455009460449,184.22880065917968,0.013465988694430319,186.3999938964844
2024-10-31,186.3999938964844,186.3999938964844,190.6000061035156,185.22999572753903,190.509994506836,75146800,-0.032843885079535395,187.2675003051758,184.35460052490234,0.015142460128162073,197.92999267578125
2024-11-01,197.92999267578125,197.92999267578125,200.5,197.0200042724609,199.0,99687800,0.06185621865256041,187.83850021362304,184.7906002807617,0.019725226042897278,195.77999877929688
2024-11-04,195.77999877929688,195.77999877929688,197.3300018310547,194.3099975585937,196.4499969482422,38492100,-0.01086239567545566,188.5875,185.165400390625,0.01839483758154716,199.5
2024-11-05,199.5,199.5,199.82000732421875,195.9900054931641,196.0399932861328,30564800,0.0190009257528736,189.42649993896484,185.645400390625,0.018643859170735192,207.08999633789065
2024-11-06,207.08999633789065,207.08999633789065,207.5500030517578,199.13999938964844,200.009994506836,72292200,0.03804509442551707,190.52249984741212,186.32480041503905,0.02002185399772821,210.0500030517578
2024-11-07,210.0500030517578,210.0500030517578,212.25,207.19000244140625,207.44000244140625,52878400,0.01429333510169939,191.69250030517577,187.10980041503908,0.020107601600133005,208.17999267578125
2024-11-08,208.17999267578125,208.17999267578125,209.9600067138672,207.44000244140625,209.72000122070312,36075800,-0.008902691496347037,192.6604995727539,187.83100036621093,0.02033401607250632,206.83999633789065
2024-11-11,206.83999633789065,206.83999633789065,209.6499938964844,205.58999633789065,208.5,35456000,-0.006436720074140423,193.6254997253418,188.39780029296875,0.020323645413902275,208.9100036621093
2024-11-12,208.9100036621093,208.9100036621093,209.5399932861328,206.009994506836,208.3699951171875,38942900,0.010007771034945767,194.68649978637694,189.05100036621093,0.02032533095327359,214.1000061035156
2024-11-13,214.1000061035156,214.1000061035156,215.08999633789065,209.13999938964844,209.3999938964844,46212900,0.024843245179396067,196.0470001220703,189.86640045166016,0.020624559155752606,211.47999572753903
2024-11-14,211.47999572753903,211.47999572753903,215.8999938964844,210.8800048828125,214.1600036621093,42620300,-0.012237320417028852,197.24449996948243,190.53820037841797,0.0210609202937842,202.6100006103516
2024-11-15,202.6100006103516,202.6100006103516,207.33999633789065,199.6100006103516,206.759994506836,86591100,-0.04194247823144048,197.9254997253418,191.16260040283203,0.02364513872475972,201.6999969482422
2024-11-18,201.6999969482422,201.6999969482422,204.6699981689453,200.9499969482422,204.1499938964844,36409900,-0.004491405455644193,198.55699920654297,191.68860046386717,0.023706979576240936,204.6100006103516
2024-11-19,204.6100006103516,204.6100006103516,205.3000030517578,198.77999877929688,199.3300018310547,31197900,0.014427385751801136,199.30249938964843,192.18980041503906,0.023832248938420286,202.8800048828125
2024-11-20,202.8800048828125,202.8800048828125,203.1300048828125,199.4499969482422,202.97999572753903,32769000,-0.008455088814713463,200.21099929809571,192.5570004272461,0.022953382018602215,198.3800048828125
2024-11-21,198.3800048828125,198.3800048828125,203.4900054931641,195.75,203.4900054931641,58800000,-0.022180598835253806,200.8109992980957,192.78460052490234,0.02370978971414725,197.1199951171875
2024-11-22,197.1199951171875,197.1199951171875,199.259994506836,196.75,198.25,31530800,-0.006351495788949668,201.27549896240234,192.9972003173828,0.02378252062584571,201.4499969482422
2024-11-25,201.4499969482422,201.4499969482422,201.9499969482422,199.0,199.27999877929688,40685700,0.021966324768223133,201.92849884033203,193.32840026855467,0.024170767844629692,207.8600006103516
2024-11-26,207.8600006103516,207.8600006103516,208.0,201.7899932861328,201.8999938964844,41673700,0.03181932866326287,202.77999877929688,193.74800018310546,0.02491052645589099,205.7400054931641
2024-11-27,205.7400054931641,205.7400054931641,207.63999938964844,205.0500030517578,206.97999572753903,28061600,-0.010199148999145757,203.4304992675781,194.13420043945314,0.025088453240844414,207.88999938964844
2024-11-29,207.88999938964844,207.88999938964844,208.1999969482422,204.58999633789065,205.8300018310547,24892400,0.010450052683389277,204.50499954223633,194.49460052490235,0.02360532259325165,210.7100067138672
2024-12-02,210.7100067138672,210.7100067138672,212.9900054931641,209.509994506836,209.9600067138672,39523200,0.01356490130596999,205.1440002441406,194.87680053710938,0.019710920859561908,213.44000244140625
2024-12-03,213.44000244140625,213.44000244140625,214.0200042724609,209.6499938964844,210.3099975585937,32214800,0.012956175029913197,206.0270004272461,195.26800048828125,0.019527759639879388,218.1600036621093
2024-12-04,218.1600036621093,218.1600036621093,220.0,215.75,215.9600067138672,48745700,0.022113948494724145,206.96000061035156,195.7520004272461,0.01966130187663058,220.5500030517578
2024-12-05,220.5500030517578,220.5500030517578,222.1499938964844,217.3000030517578,218.02999877929688,41140200,0.010955259211263169,207.63300094604492,196.31240051269532,0.018112785991424747,227.02999877929688
2024-12-06,227.02999877929688,227.02999877929688,227.1499938964844,220.6000061035156,220.75,44178100,0.029381072944344444,208.48200073242188,197.02980041503906,0.018891757236815913,226.08999633789065
2024-12-09,226.08999633789065,226.08999633789065,230.0800018310547,225.6699981689453,227.2100067138672,46819400,-0.004140432746599365,209.37750091552735,197.79220031738282,0.018749190797021018,225.0399932861328
2024-12-10,225.0399932861328,225.0399932861328,229.0599975585937,224.1999969482422,226.08999633789065,31199900,-0.004644181824783655,210.28750076293946,198.56640014648437,0.01869937013360162,230.259994506836
2024-12-11,230.259994506836,230.259994506836,231.1999969482422,226.259994506836,226.4100036621093,35385800,0.02319588240507131,211.3550003051758,199.46899993896486,0.019135267590041652,228.97000122070312
2024-12-12,228.97000122070312,228.97000122070312,231.08999633789065,227.6300048828125,229.8300018310547,28204100,-0.0056023335225718895,212.09850006103517,200.3532000732422,0.018683597530488025,227.4600067138672
2024-12-13,227.4600067138672,227.4600067138672,230.1999969482422,225.8600006103516,228.3999938964844,28768100,-0.006594726378065796,212.89750061035156,201.2632000732422,0.018474416522149664,232.92999267578125
2024-12-16,232.92999267578125,232.92999267578125,233.0,228.009994506836,230.22999572753903,37552100,0.024048121869595374,214.41350021362305,202.19160003662108,0.015531197663890235,231.1499938964844
2024-12-17,231.1499938964844,231.1499938964844,232.72999572753903,227.8500061035156,232.38999938964844,35948100,-0.007641775792155969,215.88600006103516,203.19859985351562,0.015670414554654483,220.5200042724609
2024-12-18,220.5200042724609,220.5200042724609,231.3999938964844,220.1100006103516,230.7700042724609,43281400,-0.04598741035997567,216.68150024414064,203.95459991455078,0.01950715329447948,223.2899932861328
2024-12-19,223.2899932861328,223.2899932861328,226.08999633789065,222.9199981689453,224.9100036621093,39918700,0.012561168873593376,217.70199966430664,204.71699981689454,0.019370298528527983,224.9199981689453
2024-12-20,224.9199981689453,224.9199981689453,226.2100067138672,218.72999572753903,219.83999633789065,88279200,0.00729994595290151,219.02899932861328,205.48239990234376,0.01828571915849531,225.0599975585937
2024-12-23,225.0599975585937,225.0599975585937,226.8800048828125,223.8999938964844,225.009994506836,28070000,0.0006224408269077664,220.4259994506836,206.20719970703124,0.018094093625692052,229.0500030517578
2024-12-24,229.0500030517578,229.0500030517578,229.13999938964844,226.1300048828125,226.94000244140625,15007500,0.017728630305016146,221.80599975585938,207.03739990234374,0.017931302703982594,227.0500030517578
2024-12-26,227.0500030517578,227.0500030517578,228.5,226.6699981689453,228.5,16146700,-0.00873171784917226,222.7654998779297,207.8245999145508,0.017206898595700806,223.75
2024-12-27,223.75,223.75,226.02999877929688,220.8999938964844,225.6000061035156,27367100,-0.014534256804240364,223.66599960327147,208.5617999267578,0.017428571874757774,221.3000030517578
2024-12-30,221.3000030517578,221.3000030517578,223.0,218.42999267578125,220.0599975585937,28321200,-0.010949707031249978,224.33649978637695,209.23720001220704,0.017689309553732237,219.38999938964844
2024-12-31,219.38999938964844,219.38999938964844,223.22999572753903,218.94000244140625,222.97000122070312,24819700,-0.008630834323407832,224.770499420166,209.8451998901367,0.01770634773648304,220.22000122070312
2025-01-02,220.22000122070312,220.22000122070312,225.1499938964844,218.19000244140625,222.02999877929688,33956600,0.003783225458606987,225.10949935913087,210.4681997680664,0.017530182785004022,224.19000244140625
2025-01-03,224.19000244140625,224.19000244140625,225.3600006103516,221.6199951171875,222.509994506836,27515600,0.018027432561515733,225.4109992980957,211.15799987792968,0.017302197273207698,227.6100006103516
2025-01-06,227.6100006103516,227.6100006103516,228.83999633789065,224.83999633789065,226.77999877929688,31849800,0.015254909370185699,225.76399917602538,212.01599975585938,0.017451833177832776,222.1100006103516
2025-01-07,222.1100006103516,222.1100006103516,228.3800048828125,221.4600067138672,227.8999938964844,28084200,-0.02416414035082548,225.51799926757812,212.73059967041016,0.01708878641261888,222.1300048828125
2025-01-08,222.1300048828125,222.1300048828125,223.5200042724609,220.1999969482422,223.19000244140625,25033300,9.006470850447812e-05,225.31999969482422,213.4165997314453,0.017073457426335897,218.94000244140625
2025-01-10,218.94000244140625,218.94000244140625,221.7100067138672,216.5,221.4600067138672,36811500,-0.014360970473526025,225.0150001525879,214.02759979248046,0.017326669620768335,218.4600067138672
2025-01-13,218.4600067138672,218.4600067138672,219.3999938964844,216.47000122070312,218.0599975585937,27262700,-0.0021923619356289947,224.42500076293945,214.58019989013673,0.016345232364092938,217.759994506836
2025-01-14,217.759994506836,217.759994506836,221.82000732421875,216.1999969482422,220.44000244140625,24711700,-0.003204303696410893,223.8645004272461,215.08079986572267,0.016330055723284064,223.3500061035156
2025-01-15,223.3500061035156,223.3500061035156,223.57000732421875,220.75,222.8300018310547,31291300,0.02567051679689558,223.65900039672852,215.81980010986328,0.01744718703842793,220.6600036621093
2025-01-16,220.6600036621093,220.6600036621093,224.6499938964844,220.3099975585937,224.4199981689453,24757300,-0.01204388792431721,223.0455009460449,216.27440032958984,0.016591109275187504,225.94000244140625
2025-01-17,225.94000244140625,225.94000244140625,226.509994506836,223.0800018310547,225.83999633789065,42370100,0.0239282094247677,222.785001373291,216.87760040283203,0.01755688768482981,230.7100067138672
2025-01-21,230.7100067138672,230.7100067138672,231.77999877929688,226.94000244140625,228.8999938964844,39951500,0.021111818274402117,223.29450149536132,217.50180053710938,0.014681659961728726,235.009994506836
2025-01-22,235.009994506836,235.009994506836,235.44000244140625,231.19000244140625,232.0200042724609,41448200,0.018638063663626747,223.8805015563965,218.0602005004883,0.014963985721751234,235.4199981689453
2025-01-23,235.4199981689453,235.4199981689453,235.5200042724609,231.509994506836,234.1000061035156,26404400,0.0017446222360444352,224.40550155639647,218.56760040283203,0.014924973288770174,234.8500061035156
2025-01-24,234.8500061035156,234.8500061035156,236.3999938964844,232.92999267578125,234.5,25890700,-0.002421170970448583,224.89500198364257,219.1010006713867,0.014959415131295797,235.4199981689453
2025-01-27,235.4199981689453,235.4199981689453,235.6100006103516,225.8600006103516,226.2100067138672,49428300,0.0024270472668350695,225.21350173950196,219.67260070800782,0.014509965438821935,238.1499938964844
2025-01-28,238.1499938964844,238.1499938964844,241.7700042724609,233.97999572753903,234.2899932861328,41587200,0.011596277923594078,225.76850128173828,220.2574005126953,0.014469498623480702,237.07000732421875
2025-01-29,237.07000732421875,237.07000732421875,240.38999938964844,236.1499938964844,239.0200042724609,26091700,-0.004534900692607535,226.43450164794922,220.71680053710938,0.014015997280709552,234.63999938964844
2025-01-30,234.63999938964844,234.63999938964844,237.9499969482422,232.22000122070312,237.13999938964844,32020700,-0.010250170242948609,227.10150146484375,221.18000061035156,0.013980211068600382,237.67999267578125
2025-01-31,237.67999267578125,237.67999267578125,240.2899932861328,236.4100036621093,236.5,36110200,0.012955989149507907,228.0160011291504,221.88140045166017,0.013865922269552657,237.4199981689453
2025-02-03,237.4199981689453,237.4199981689453,239.25,232.8999938964844,234.0599975585937,37285900,-0.0010938846972727845,228.8760009765625,222.59580047607423,0.013914639078571196,242.0599975585937
2025-02-04,242.0599975585937,242.0599975585937,242.5200042724609,238.02999877929688,239.009994506836,29713800,0.01954342273369325,229.76950073242188,223.34480041503906,0.01399975241184031,236.1699981689453
2025-02-05,236.1699981689453,236.1699981689453,238.32000732421875,235.1999969482422,237.0200042724609,38727300,-0.02433280777102642,230.19750061035157,224.0106002807617,0.015072488578553363,238.8300018310547
2025-02-06,238.8300018310547,238.8300018310547,239.6600036621093,236.009994506836,238.009994506836,60897100,0.011263088803542765,231.03350067138672,224.81960021972657,0.01387551533179564,229.1499938964844
2025-02-07,229.1499938964844,229.1499938964844,234.8099975585937,228.0599975585937,232.5,77539300,-0.04053095448794497,231.3845001220703,225.4602001953125,0.017046504171166432,233.13999938964844
2025-02-10,233.13999938964844,233.13999938964844,233.9199981689453,229.1999969482422,230.5500030517578,35419900,0.017412199866636113,232.09449996948243,226.09400024414063,0.016951632278921897,232.759994506836
2025-02-11,232.759994506836,232.759994506836,233.44000244140625,230.1300048828125,231.9199981689453,23713700,-0.0016299428832773355,232.80949935913085,226.59200012207032,0.01694253289506974,228.92999267578125
2025-02-12,228.92999267578125,228.92999267578125,231.17999267578125,228.1600036621093,230.4600067138672,32285200,-0.016454725560419492,233.3679992675781,227.05579986572266,0.017461888986352637,230.3699951171875
2025-02-13,230.3699951171875,230.3699951171875,230.4199981689453,227.5200042724609,228.8500061035156,31346500,0.006290143220533118,233.71899871826173,227.50539978027345,0.01663534280258689,228.67999267578125
2025-02-14,228.67999267578125,228.67999267578125,229.88999938964844,227.22999572753903,229.1999969482422,27031100,-0.007336035409240549,234.1199981689453,227.86479949951172,0.016463332293605606,226.6499938964844
2025-02-18,226.6499938964844,226.6499938964844,229.3000030517578,223.72000122070312,228.82000732421875,42975100,-0.008877028355405603,234.1554977416992,228.12899932861328,0.0157746439512907,226.6300048828125
2025-02-19,226.6300048828125,226.6300048828125,226.8300018310547,223.7100067138672,225.5200042724609,28566700,-8.81933122002243e-05,233.95149765014648,228.29839935302735,0.014993823225504696,222.8800048828125
2025-02-20,222.8800048828125,222.8800048828125,225.1300048828125,221.8099975585937,224.77999877929688,30001700,-0.016546793977871843,233.34499816894532,228.34499938964845,0.014655399635461468,216.5800018310547
2025-02-21,216.5800018310547,216.5800018310547,223.3099975585937,214.7400054931641,223.27999877929688,55323900,-0.028266344731418536,232.4029983520508,228.13599945068358,0.01569293576937988,212.7100067138672
2025-02-24,212.7100067138672,212.7100067138672,217.72000122070312,212.4199981689453,217.4499969482422,42387600,-0.017868663239768212,231.29599838256837,227.86839965820312,0.015986278613324214,212.8000030517578
2025-02-25,212.8000030517578,212.8000030517578,213.33999633789065,204.1600036621093,211.6300048828125,58958000,0.000423094048469963,230.16499862670898,227.62359985351563,0.015944717157281497,214.3500061035156
2025-02-26,214.3500061035156,214.3500061035156,218.1600036621093,213.08999633789065,214.94000244140625,39120600,0.007283848822975836,228.97499923706056,227.3054000854492,0.01573747547074048,208.7400054931641
2025-02-27,208.7400054931641,208.7400054931641,219.97000122070312,208.3699951171875,218.3500061035156,40548600,-0.02617215045770649,227.55849914550782,226.90080017089844,0.016423058768006933,212.27999877929688
2025-02-28,212.27999877929688,212.27999877929688,212.6199951171875,206.9900054931641,208.6499938964844,51771700,0.016958863624484843,226.44049911499025,226.59720001220703,0.01718059424888596,205.0200042724609
2025-03-03,205.0200042724609,205.0200042724609,214.009994506836,202.5500030517578,213.3500061035156,42948400,-0.03420008737791658,224.80749969482423,226.03900024414062,0.01783131161385553,203.8000030517578
2025-03-04,203.8000030517578,203.8000030517578,206.8000030517578,197.42999267578125,200.1100006103516,60853100,-0.005950644792113935,223.12649993896486,225.4920004272461,0.017776605501453394,208.3600006103516
2025-03-05,208.3600006103516,208.3600006103516,209.97999572753903,203.259994506836,204.8000030517578,38610100,0.022374865016246748,221.44150009155274,225.24880035400392,0.018012635592529063,200.6999969482422
2025-03-06,200.6999969482422,200.6999969482422,205.7700042724609,198.3000030517578,204.3999938964844,49863800,-0.03676331176651404,219.6680000305176,224.7970004272461,0.018826886564000184,199.25
2025-03-07,199.25,199.25,202.2700042724609,192.52999877929688,199.4900054931641,59802800,-0.007224698407026442,217.68899993896486,224.28360046386717,0.01828066096517294,194.5399932861328
2025-03-10,194.5399932861328,194.5399932861328,196.72999572753903,190.8500061035156,195.6000061035156,62350900,-0.02363867861413893,215.95849990844727,223.67320037841796,0.017091864466433813,196.58999633789065
2025-03-11,196.58999633789065,196.58999633789065,200.17999267578125,193.3999938964844,193.8999938964844,54002900,0.010537694677220655,214.13099975585936,223.02400024414064,0.016616129626881762,198.88999938964844
2025-03-12,198.88999938964844,198.88999938964844,201.5200042724609,195.2899932861328,200.72000122070312,43679300,0.011699491808345286,212.4375,222.46080017089844,0.017158636159747807,193.88999938964844
2025-03-13,193.88999938964844,193.88999938964844,198.8800048828125,191.82000732421875,198.1699981689453,41270800,-0.025139524437347016,210.68550033569335,221.8636001586914,0.017498623247367343,197.9499969482422
2025-03-14,197.9499969482422,197.9499969482422,198.6499938964844,195.32000732421875,197.4100036621093,38096700,0.02093969555611075,209.0645004272461,221.3966000366211,0.018416340405878404,195.7400054931641
2025-03-17,195.7400054931641,195.7400054931641,199.0,194.32000732421875,198.7700042724609,47341800,-0.011164392468548168,207.41750106811523,220.9236001586914,0.01843560584141855,192.82000732421875
2025-03-18,192.82000732421875,192.82000732421875,194.0,189.3800048828125,192.5200042724609,40414900,-0.014917738259935365,205.72600173950195,220.37560028076172,0.018507246362777906,195.5399932861328
2025-03-19,195.5399932861328,195.5399932861328,195.97000122070312,191.9600067138672,193.3800048828125,39442900,0.014106347155876442,204.17150115966797,219.80260009765624,0.019085174313580127,194.9499969482422
2025-03-20,194.9499969482422,194.9499969482422,199.32000732421875,192.3000030517578,193.07000732421875,38921100,-0.003017266841301769,202.77500076293944,219.14940002441406,0.01897502086401631,196.2100067138672
2025-03-21,196.2100067138672,196.2100067138672,196.9900054931641,192.5200042724609,192.8999938964844,60056900,0.006463245885351521,201.7565010070801,218.63140014648437,0.018460398994798278,203.259994506836
2025-03-24,203.259994506836,203.259994506836,203.63999938964844,199.9499969482422,200.0,41625400,0.0359308269289742,201.28400039672852,218.25399993896485,0.020280278244221038,205.7100067138672
2025-03-25,205.7100067138672,205.7100067138672,206.2100067138672,203.22000122070312,203.6000061035156,31171200,0.012053587883713135,200.92950057983398,217.98940002441407,0.020520955711756824,201.1300048828125
2025-03-26,201.1300048828125,201.1300048828125,206.009994506836,199.92999267578125,205.83999633789065,32855300,-0.022264360904062586,200.26850051879882,217.64279998779296,0.02091575002895744,201.3600006103516
2025-03-27,201.3600006103516,201.3600006103516,203.7899932861328,199.27999877929688,200.88999938964844,27317700,0.0011435177345771042,199.8995002746582,217.31480010986328,0.02020050182718112,192.72000122070312
2025-03-28,192.72000122070312,192.72000122070312,199.259994506836,191.8800048828125,198.4199981689453,52548200,-0.04290822091507429,198.9215003967285,216.70220001220704,0.02168609191922152,190.259994506836
2025-03-31,190.259994506836,190.259994506836,191.3300018310547,184.3999938964844,188.19000244140625,63547600,-0.012764667384211559,198.18349990844726,216.09419982910157,0.020651033455560693,192.1699981689453
2025-04-01,192.1699981689453,192.1699981689453,193.92999267578125,187.1999969482422,187.8600006103516,41267300,0.010038913682617112,197.60199966430665,215.41879974365236,0.020860637754043856,196.009994506836
2025-04-02,196.009994506836,196.009994506836,198.33999633789065,187.6600036621093,187.6600036621093,53679200,0.019982288465834053,196.98449935913087,214.72479949951173,0.0207154734137057,178.41000366210938
2025-04-03,178.41000366210938,178.41000366210938,184.1300048828125,176.9199981689453,183.0,95553600,-0.08979129298487276,195.86999969482423,213.5927996826172,0.02755096248293964,171.0
2025-04-04,171.0,171.0,178.13999938964844,166.0,167.14999389648438,123159400,-0.041533565999713695,194.4574996948242,212.3043997192383,0.028708027236919592,175.25999450683594
2025-04-07,175.25999450683594,175.25999450683594,183.4100036621093,161.3800048828125,162.0,109327100,0.024912248577988017,193.49349975585938,211.1125994873047,0.02929267699029695,170.66000366210938
2025-04-08,170.66000366210938,170.66000366210938,185.8999938964844,168.57000732421875,185.22999572753903,87710400,-0.026246667744515673,192.1970001220703,209.81739959716796,0.029434446738403584,191.1000061035156
2025-04-09,191.1000061035156,191.1000061035156,192.6499938964844,169.92999267578125,172.1199951171875,116804300,0.11977031526306248,191.80750045776367,208.8763998413086,0.0407283214718212,181.22000122070312
2025-04-10,181.22000122070312,181.22000122070312,186.8699951171875,175.85000610351562,185.44000244140625,68302000,-0.051700704171933065,191.17400054931642,207.75939971923827,0.041963638667791216,184.8699951171875
2025-04-11,184.8699951171875,184.8699951171875,185.8600006103516,178.0,179.92999267578125,50594300,0.020141230945248445,190.52000045776367,206.76399963378907,0.04194048997380237,182.1199951171875
2025-04-14,182.1199951171875,182.1199951171875,187.44000244140625,179.22999572753906,186.83999633789065,48002500,-0.014875318183769082,189.83899993896483,205.6527996826172,0.04198860876798789,179.58999633789062
2025-04-15,179.58999633789062,179.58999633789062,182.3500061035156,177.92999267578125,181.4100036621093,43642000,-0.013891933050343641,189.17749938964843,204.4961996459961,0.04197361779348107,174.3300018310547
2025-04-16,174.3300018310547,174.3300018310547,179.10000610351562,171.41000366210938,176.2899932861328,51875300,-0.029288905919567454,188.11699981689452,203.14159973144533,0.04217900902641383,172.61000061035156
2025-04-17,172.61000061035156,172.61000061035156,176.2100067138672,172.0,176.0,44726500,-0.009866352335440198,187.0,201.87039978027343,0.04219078640758898,167.32000732421875
2025-04-21,167.32000732421875,167.32000732421875,169.60000610351562,165.2899932861328,169.60000610351562,48126100,-0.030647084568839134,185.55550003051758,200.4401998901367,0.04246439281370052,173.17999267578125
2025-04-22,173.17999267578125,173.17999267578125,176.77999877929688,169.35000610351562,169.85000610351562,56607200,0.03502262189247651,184.05149993896484,199.32079986572265,0.04241642436158087,180.6000061035156
2025-04-23,180.6000061035156,180.6000061035156,187.3800048828125,180.19000244140625,183.4499969482422,63470100,0.042845673527805994,182.79599990844727,198.27,0.04368934016498879,186.5399932861328
2025-04-24,186.5399932861328,186.5399932861328,186.7400054931641,180.17999267578125,180.9199981689453,43763200,0.032890293365840595,182.06649932861328,197.34559997558594,0.044318038178504736,188.9900054931641
2025-04-25,188.9900054931641,188.9900054931641,189.94000244140625,185.4900054931641,187.6199951171875,36414300,0.013133978209558528,181.4479995727539,196.5468002319336,0.04445562768452466,187.6999969482422
2025-04-28,187.6999969482422,187.6999969482422,190.22000122070312,184.88999938964844,190.1100006103516,33224700,-0.006825802991833663,181.19699935913087,195.69340026855468,0.043438825542334115,187.38999938964844
2025-04-29,187.38999938964844,187.38999938964844,188.0200042724609,183.67999267578125,183.9900054931641,41667300,-0.0016515586767922308,181.0534996032715,194.86760040283204,0.04334377763170902,184.4199981689453
2025-04-30,184.4199981689453,184.4199981689453,185.0500030517578,178.85000610351562,182.1699981689453,55176500,-0.015849304820837684,180.66599960327147,194.02300048828124,0.04341849567012118,190.1999969482422
2025-05-01,190.1999969482422,190.1999969482422,191.8099975585937,187.5,190.6300048828125,74266000,0.031341496782804956,180.3754997253418,193.29440032958985,0.043782570088769394,189.97999572753903
2025-05-02,189.97999572753903,189.97999572753903,192.8800048828125,186.3999938964844,191.44000244140625,77903500,-0.0011566836184704332,180.9539993286133,192.63640014648436,0.0384398056239169,186.3500061035156
2025-05-05,186.3500061035156,186.3500061035156,188.17999267578125,185.52999877929688,186.509994506836,35217500,-0.01910722026349243,181.72149963378905,192.0318002319336,0.03735888597791453,185.009994506836
2025-05-06,185.009994506836,185.009994506836,187.92999267578125,183.8500061035156,184.57000732421875,29314100,-0.007190832051463647,182.20899963378906,191.47779998779296,0.03714499288566213,188.7100067138672
2025-05-07,188.7100067138672,188.7100067138672,190.9900054931641,185.009994506836,185.5599975585937,43948600,0.0199989855515319,183.11149978637695,190.99600006103515,0.03664212332258848,192.0800018310547
2025-05-08,192.0800018310547,192.0800018310547,194.3300018310547,188.82000732421875,191.42999267578125,41043600,0.01785806262143419,183.1604995727539,190.55059997558592,0.02525396333478215,193.0599975585937
2025-05-09,193.0599975585937,193.0599975585937,194.69000244140625,191.1600036621093,193.3800048828125,29663100,0.005102018524557161,183.75249938964845,190.23699981689452,0.02205939570907953,208.63999938964844
2025-05-12,208.63999938964844,208.63999938964844,211.6600036621093,205.75,210.7100067138672,75205000,0.08070031092964358,184.94099960327148,190.16419982910156,0.027869547359236142,211.3699951171875
2025-05-13,211.3699951171875,211.3699951171875,214.83999633789065,210.1000061035156,211.0800018310547,56193700,0.01308471882441209,186.40349960327148,190.2911996459961,0.027442728085399264,210.25
2025-05-14,210.25,210.25,211.92999267578125,208.8500061035156,211.4499969482422,38492100,-0.005298742220089303,187.93649978637694,190.42019958496093,0.027150531951903846,205.1699981689453
2025-05-15,205.1699981689453,205.1699981689453,206.8800048828125,202.6699981689453,206.4499969482422,64347300,-0.024161720956264898,189.47849960327147,190.3563995361328,0.026799315646590896,205.58999633789065
2025-05-16,205.58999633789065,205.58999633789065,206.8500061035156,204.3699951171875,206.8500061035156,43318500,0.002047074000553817,191.12749938964845,190.45419952392578,0.026500067957179407,206.1600036621093
2025-05-19,206.1600036621093,206.1600036621093,206.6199951171875,201.259994506836,201.6499938964844,34314800,0.0027725440652366373,193.06949920654296,190.59239959716797,0.024864607445199444,204.07000732421875
2025-05-20,204.07000732421875,204.07000732421875,205.58999633789065,202.6499938964844,204.6300048828125,29470400,-0.010137739138363577,194.61399993896484,190.78299987792968,0.02459610629094835,201.1199951171875
2025-05-21,201.1199951171875,201.1199951171875,203.4600067138672,200.0599975585937,201.6100006103516,42460900,-0.014455883280997672,195.63999938964844,190.87359985351563,0.023708582598711045,203.1000061035156
2025-05-22,203.1000061035156,203.1000061035156,205.759994506836,200.1600036621093,201.3800048828125,38938900,0.009844923599835909,196.46800003051757,190.95779998779298,0.02286006268185733,200.9900054931641
2025-05-23,200.9900054931641,200.9900054931641,202.3699951171875,197.8500061035156,198.8999938964844,33393500,-0.010388973643240984,197.06800003051757,191.09980010986328,0.022997311884504622,206.0200042724609
2025-05-27,206.0200042724609,206.0200042724609,206.69000244140625,202.19000244140625,203.08999633789065,34892000,0.02502611394509313,197.9840003967285,191.26120025634765,0.023357339953784476,204.72000122070312
2025-05-28,204.72000122070312,204.72000122070312,207.6600036621093,204.4100036621093,205.9199981689453,28549800,-0.00631008166584901,198.85050048828126,191.44080017089843,0.02344935762099068,205.6999969482422
2025-05-29,205.6999969482422,205.6999969482422,208.8099975585937,204.22999572753903,208.02999877929688,34650000,0.004787005283780621,199.91450042724608,191.6983999633789,0.02294684429873221,205.009994506836
2025-05-30,205.009994506836,205.009994506836,205.9900054931641,201.6999969482422,204.83999633789065,51679400,-0.0033544115296210153,200.65500030517578,191.88779998779296,0.022207317812554403,206.6499938964844
2025-06-02,206.6499938964844,206.6499938964844,207.0,202.67999267578125,204.97999572753903,29113300,0.007999607012299625,201.48850021362304,192.1217999267578,0.022190158690681135,205.7100067138672
2025-06-03,205.7100067138672,205.7100067138672,208.9499969482422,205.02999877929688,207.1100006103516,33139100,-0.00454869204152053,202.4565002441406,192.3117999267578,0.021608190738995923,207.22999572753903
2025-06-04,207.22999572753903,207.22999572753903,208.17999267578125,205.17999267578125,206.5500030517578,29915600,0.00738898917924824,203.56750030517577,192.39119995117187,0.02141434210221554,207.9100036621093
2025-06-05,207.9100036621093,207.9100036621093,212.8099975585937,207.5599975585937,209.5500030517578,51864200,0.0032814165352024194,204.5275001525879,192.43519989013672,0.021159708381907373,213.57000732421875
2025-06-06,213.57000732421875,213.57000732421875,213.8699951171875,210.5,212.3999938964844,39832500,0.02722333491613993,205.60200042724608,192.68399993896483,0.02155767696702519,216.97999572753903
2025-06-09,216.97999572753903,216.97999572753903,217.8500061035156,212.8800048828125,214.75,38102500,0.015966607137600564,206.79800033569336,192.9963998413086,0.021682846670703363,217.6100006103516
2025-06-10,217.6100006103516,217.6100006103516,217.69000244140625,214.1499938964844,216.77999877929688,31303300,0.0029035159702170965,207.24650039672852,193.49419982910158,0.012713469400290606,213.1999969482422
2025-06-11,213.1999969482422,213.1999969482422,218.3999938964844,212.88999938964844,217.4100036621093,39326000,-0.020265629565462295,207.33800048828124,193.9529998779297,0.013378157817341975,213.2400054931641
2025-06-12,213.2400054931641,213.2400054931641,213.5800018310547,211.3300018310547,211.77999877929688,27640000,0.0001876573428452044,207.48750076293945,194.37440002441406,0.013308720894770042,212.1000061035156
2025-06-13,212.1000061035156,212.1000061035156,214.0500030517578,209.6199951171875,209.9600067138672,29337800,-0.005346085913907173,207.83400115966796,194.69620025634765,0.01205834523535596,216.1000061035156
2025-06-16,216.1000061035156,216.1000061035156,217.0599975585937,211.6000061035156,212.3099975585937,33284200,0.018859028217320217,208.35950164794923,195.4500003051758,0.012652865894707838,214.82000732421875
2025-06-17,214.82000732421875,214.82000732421875,217.4100036621093,214.5599975585937,215.1999969482422,32086300,-0.005923177895162612,208.7925018310547,196.32640045166016,0.012794214295711509,212.5200042724609
2025-06-18,212.5200042724609,212.5200042724609,217.9600067138672,212.33999633789065,215.08999633789065,44360500,-0.010706651956707836,209.2150016784668,197.07160064697266,0.01282353986802823,209.69000244140625
2025-06-20,209.69000244140625,209.69000244140625,214.88999938964844,208.2700042724609,214.67999267578125,75350700,-0.013316402099382896,209.64350204467775,197.8522006225586,0.012748383527703603,208.47000122070312
2025-06-23,208.47000122070312,208.47000122070312,210.38999938964844,207.3099975585937,209.7899932861328,37311700,-0.005818118205440093,209.9120018005371,198.19960052490234,0.012732882111627687,212.7700042724609
2025-06-24,212.7700042724609,212.7700042724609,214.33999633789065,211.0500030517578,212.13999938964844,38378800,0.02062648355436747,210.50100173950196,198.8306005859375,0.013107009338174748,211.9900054931641
2025-06-25,211.9900054931641,211.9900054931641,216.02999877929688,211.1100006103516,214.6199951171875,31755700,-0.0036659245365150417,210.79950180053712,199.37300079345704,0.01209253816867217,217.1199951171875
2025-06-26,217.1199951171875,217.1199951171875,218.0399932861328,212.009994506836,213.1199951171875,50480800,0.024199205109171285,211.41950149536132,200.07300079345703,0.012949643385490461,223.3000030517578
2025-06-27,223.3000030517578,223.3000030517578,223.3000030517578,216.7400054931641,219.9199981689453,119217100,0.028463559660798277,212.29950180053712,200.94720092773437,0.01414624996051706,219.38999938964844
2025-06-30,219.38999938964844,219.38999938964844,223.82000732421875,219.1199951171875,223.5200042724609,58887800,-0.017510092291414314,213.01850204467775,201.84840087890626,0.014879639245390463,220.4600067138672
2025-07-01,220.4600067138672,220.4600067138672,221.8800048828125,217.92999267578125,219.5,39256800,0.00487719279454657,213.70900268554686,202.80540100097656,0.014846285930825862,219.9199981689453
2025-07-02,219.9199981689453,219.9199981689453,221.6000061035156,219.0599975585937,219.72999572753903,30894200,-0.002449462616694653,214.41950225830078,203.85740081787108,0.01479488174379319,223.4100036621093
2025-07-03,223.4100036621093,223.4100036621093,224.009994506836,221.3600006103516,221.82000732421875,29632400,0.015869432167250785,215.2285026550293,204.86200103759765,0.0150333551562498,223.47000122070312
2025-07-07,223.47000122070312,223.47000122070312,224.2899932861328,222.3699951171875,223.0,36604100,0.00026855359030641957,216.006502532959,205.7194009399414,0.015054673229339798,219.3600006103516
2025-07-08,219.3600006103516,219.3600006103516,224.0,218.42999267578125,223.9199981689453,45692000,-0.018391733064396565,216.29600219726564,206.37580108642578,0.014759300477204983,222.5399932861328
2025-07-09,222.5399932861328,222.5399932861328,224.2899932861328,220.47000122070312,221.07000732421875,38155100,0.014496684294917683,216.57400207519532,207.04680084228517,0.014686644177373543,222.259994506836
2025-07-10,222.259994506836,222.259994506836,222.7899932861328,219.6999969482422,221.5500030517578,30370600,-0.0012581953255332845,216.80650177001954,207.73800079345702,0.014693222765059603,225.0200042724609
2025-07-11,225.0200042724609,225.0200042724609,226.67999267578125,222.3699951171875,223.5800018310547,50518300,0.012417933203629383,217.39750213623046,208.49060089111327,0.013985349138746014,225.69000244140625
2025-07-14,225.69000244140625,225.69000244140625,226.6600036621093,224.2400054931641,225.07000732421875,35702600,0.0029775049161144818,218.02000198364257,209.3160009765625,0.013971891597529843,226.3500061035156
2025-07-15,226.3500061035156,226.3500061035156,227.2700042724609,225.4600067138672,226.1999969482422,34907300,0.0029243814744550622,218.73250198364258,210.03900115966798,0.013835671042011896,223.19000244140625
2025-07-16,223.19000244140625,223.19000244140625,226.1000061035156,222.17999267578125,225.8800048828125,39535900,-0.013960696164789121,219.0870018005371,210.7032012939453,0.013845324770122892,223.8800048828125
2025-07-17,223.8800048828125,223.8800048828125,224.5,222.509994506836,223.32000732421875,31855800,0.0030915472640284936,219.5400016784668,211.45380126953125,0.013730141706906703,226.1300048828125
2025-07-18,226.1300048828125,226.1300048828125,226.3999938964844,222.97999572753903,225.13999938964844,37833800,0.010050026580880944,220.2205017089844,212.2762014770508,0.013489007875469368,229.3000030517578
2025-07-21,229.3000030517578,229.3000030517578,229.69000244140625,225.6499938964844,225.83999633789065,40297600,0.014018476542235536,221.20100173950195,213.0880014038086,0.013107444643496993,227.47000122070312
2025-07-22,227.47000122070312,227.47000122070312,230.0,226.3500061035156,229.67999267578125,37483700,-0.007980819043607368,222.15100173950196,213.79580139160157,0.013206130404150185,228.2899932861328
2025-07-23,228.2899932861328,228.2899932861328,228.7899932861328,227.08999633789065,228.47000122070312,28294900,0.003604836070819184,222.92700119018554,214.50040130615236,0.01264556011113658,232.22999572753903
2025-07-24,232.22999572753903,232.22999572753903,236.0,228.63999938964844,229.1699981689453,42902300,0.01725876103762425,223.9390007019043,214.97220123291015,0.012876091363974456,231.44000244140625
2025-07-25,231.44000244140625,231.44000244140625,232.47999572753903,231.17999267578125,232.22000122070312,28712100,-0.003401771091877559,224.65500106811524,215.37360137939453,0.012127738828402325,232.7899932861328
2025-07-28,232.7899932861328,232.7899932861328,234.2899932861328,232.25,233.3500061035156,26300100,0.005833005662313484,225.12950057983397,215.8244012451172,0.01061460937456931,231.009994506836
2025-07-29,231.009994506836,231.009994506836,234.72000122070312,230.3099975585937,234.1499938964844,33716200,-0.00764637153929959,225.71050033569335,216.341201171875,0.009855734528174107,230.19000244140625
2025-07-30,230.19000244140625,230.19000244140625,231.8000030517578,229.2899932861328,231.63999938964844,32993300,-0.0035495956232555192,226.1970001220703,216.8332012939453,0.009934419025547331,234.1100006103516
2025-07-31,234.1100006103516,234.1100006103516,236.52999877929688,231.3999938964844,235.7700042724609,104357300,0.017029402351838252,226.90650024414063,217.39220123291017,0.010397740901945488,214.75
2025-08-01,214.75,214.75,220.44000244140625,212.8000030517578,217.2100067138672,122258800,-0.08269617085933045,226.47350006103517,217.60580108642577,0.02149980378692548,211.6499938964844
2025-08-04,211.6499938964844,211.6499938964844,217.44000244140625,211.4199981689453,217.3999938964844,77890100,-0.014435418409851408,225.88249969482422,217.81640106201172,0.021677966910798575,213.75
2025-08-05,213.75,213.75,216.3000030517578,212.8699951171875,213.0500030517578,51505100,0.009922070229506863,225.60199966430665,218.0294009399414,0.0215080729356005,222.3099975585937
2025-08-06,222.3099975585937,222.3099975585937,222.6499938964844,213.7400054931641,214.6999969482422,54823000,0.040046772203947034,225.5904998779297,218.45580078125,0.023175224448218745,223.1300048828125
2025-08-07,223.1300048828125,223.1300048828125,226.22000122070312,220.82000732421875,221.0,40603500,0.003688576011983802,225.6340003967285,218.79800079345702,0.023185099917960906,222.69000244140625
2025-08-08,222.69000244140625,222.69000244140625,223.8000030517578,221.8800048828125,223.13999938964844,32970500,-0.001971955504762035,225.5175003051758,219.1574008178711,0.023017140339713974,221.3000030517578
2025-08-11,221.3000030517578,221.3000030517578,223.0500030517578,220.3999938964844,221.77999877929688,31646200,-0.006241858073597895,225.29800033569336,219.4694009399414,0.023041198749287218,221.47000122070312
2025-08-12,221.47000122070312,221.47000122070312,223.5,219.0500030517578,222.22999572753903,37185800,0.0007681796954406295,225.05400009155272,219.79860107421874,0.02302828585141946,224.5599975585937
2025-08-13,224.5599975585937,224.5599975585937,224.9199981689453,222.0,222.0,36508300,0.013952211680403837,225.12249984741212,220.15680114746092,0.023036359998449975,230.97999572753903
2025-08-14,230.97999572753903,230.97999572753903,233.1100006103516,227.0200042724609,227.3999938964844,61545800,0.028589233339612052,225.47749938964844,220.66220092773438,0.02387375747335139,231.02999877929688
2025-08-15,231.02999877929688,231.02999877929688,234.0800018310547,229.8099975585937,232.5800018310547,39649200,0.00021648217457248542,225.72249908447264,221.13820098876954,0.023796951299048297,231.4900054931641
2025-08-18,231.4900054931641,231.4900054931641,231.9100036621093,228.3300018310547,230.22999572753903,25248900,0.0019911124801876845,225.83199920654297,221.60980102539062,0.023611210151728637,228.009994506836
2025-08-19,228.009994506836,228.009994506836,230.52999877929688,227.1199951171875,230.08999633789065,29891000,-0.015033093886339999,225.8589988708496,221.89860076904296,0.023800344237058554,223.8099975585937
2025-08-20,223.8099975585937,223.8099975585937,227.2700042724609,220.9199981689453,227.1199951171875,36604300,-0.018420231785569285,225.63499908447267,222.03520080566406,0.02415103768911699,221.9499969482422
2025-08-21,221.9499969482422,221.9499969482422,222.77999877929688,220.5,222.6499938964844,32140500,-0.008310623433453013,225.12099914550782,222.12200073242187,0.02382461933920764,228.83999633789065
2025-08-22,228.83999633789065,228.83999633789065,229.13999938964844,220.82000732421875,222.7899932861328,37315300,0.031043025385826706,224.99099884033203,222.43480072021484,0.024935764935353995,227.94000244140625
2025-08-25,227.94000244140625,227.94000244140625,229.6000061035156,227.3099975585937,227.3500061035156,22633700,-0.003932852258726305,224.7484992980957,222.72880065917968,0.02490574543230819,228.7100067138672
2025-08-26,228.7100067138672,228.7100067138672,229.0,226.0200042724609,227.1100006103516,26105400,0.0033781006590050122,224.63349990844728,223.06100067138672,0.024867037445664007,229.1199951171875
2025-08-27,229.1199951171875,229.1199951171875,229.8699951171875,227.8099975585937,228.57000732421875,21254500,0.0017926124405795996,224.57999954223632,223.32140045166017,0.02485783515608325,231.6000061035156
2025-08-28,231.6000061035156,231.6000061035156,232.7100067138672,228.0200042724609,229.009994506836,33679600,0.0108240705271474,224.45449981689453,223.6570004272461,0.024673036257422974,229.0
2025-08-29,229.0,229.0,231.8099975585937,228.1600036621093,231.32000732421875,26199200,-0.011226278216735053,225.16699981689453,223.98660034179687,0.015615291492125824,225.33999633789065
2025-09-02,225.33999633789065,225.33999633789065,226.1699981689453,221.8300018310547,223.5200042724609,38843900,-0.015982548742835556,225.85149993896485,224.29960021972656,0.015711477895908363,225.9900054931641
2025-09-03,225.9900054931641,225.9900054931641,227.1699981689453,224.3600006103516,225.2100067138672,29223100,0.0028845707190781056,226.46350021362304,224.65000030517578,0.0156329045108385,235.67999267578125
2025-09-04,235.67999267578125,235.67999267578125,235.7700042724609,230.77999877929688,231.19000244140625,59391800,0.042877945692648245,227.13199996948242,225.1082000732422,0.015995564073196543,232.3300018310547
2025-09-05,232.3300018310547,232.3300018310547,236.0,231.92999267578125,235.19000244140625,36721800,-0.014214150326010255,227.59199981689454,225.515,0.016452032639349433,235.83999633789065
2025-09-08,235.83999633789065,235.83999633789065,237.6000061035156,233.75,234.94000244140625,33947100,0.015107797009308976,228.24949951171874,225.88940002441407,0.01666871270063768,238.2400054931641
2025-09-09,238.2400054931641,238.2400054931641,238.8500061035156,235.0800018310547,236.3600006103516,27033800,0.010176429751274751,229.09649963378905,226.1882000732422,0.016593562925303625,230.3300018310547
2025-09-10,230.3300018310547,230.3300018310547,237.67999267578125,229.1000061035156,237.5200042724609,60907700,-0.03320182790348525,229.53949966430665,226.40700012207031,0.018546474872680786,229.9499969482422
2025-09-11,229.9499969482422,229.9499969482422,231.52999877929688,229.33999633789065,231.4900054931641,37485600,-0.0016498279850283293,229.80899963378906,226.59679992675783,0.018349927264271055,228.1499938964844
2025-09-12,228.1499938964844,228.1499938964844,230.7899932861328,226.2899932861328,230.3500061035156,38496200,-0.00782780202498956,229.66749954223633,226.7613998413086,0.017279886427566025,231.42999267578125
2025-09-15,231.42999267578125,231.42999267578125,233.72999572753903,230.32000732421875,230.6300048828125,33243300,0.014376501718361023,229.68749923706054,226.92179962158204,0.017596902704622604,234.0500030517578
2025-09-16,234.0500030517578,234.0500030517578,235.8999938964844,232.22999572753903,232.94000244140625,38203900,0.011320962964584513,229.81549911499025,227.13339965820313,0.017768800221919255,231.6199951171875
2025-09-17,231.6199951171875,231.6199951171875,234.3000030517578,228.7100067138672,233.7700042724609,42815200,-0.010382430689534927,229.99599914550782,227.37859954833985,0.01758152673875693,231.22999572753903
2025-09-18,231.22999572753903,231.22999572753903,233.47999572753903,228.7899932861328,232.5,37931700,-0.0016837898189711042,230.36699905395508,227.55239959716798,0.017000666545604986,231.47999572753903
2025-09-19,231.47999572753903,231.47999572753903,234.1600036621093,229.6999969482422,232.3699951171875,97943200,0.0010811746080494622,230.84349899291993,227.73679962158204,0.01683652686079837,227.6300048828125
2025-09-22,227.6300048828125,227.6300048828125,230.57000732421875,227.509994506836,230.5599975585937,45914500,-0.016632067201427292,230.78299942016602,227.78899963378908,0.015892097258417087,220.7100067138672
2025-09-23,220.7100067138672,220.7100067138672,227.8600006103516,220.07000732421875,227.8300018310547,70956200,-0.030400202172415014,230.42149963378907,227.68939971923828,0.01726661558746529,220.2100067138672
2025-09-24,220.2100067138672,220.2100067138672,224.5599975585937,219.4499969482422,224.1499938964844,49509000,-0.0022654160880354324,229.99649963378906,227.5665997314453,0.01722930683220289,218.1499938964844
2025-09-25,218.1499938964844,218.1499938964844,220.6699981689453,216.47000122070312,220.0599975585937,52226300,-0.009354764790773018,229.4479995727539,227.46579956054688,0.017288836293105455,219.77999877929688
2025-09-26,219.77999877929688,219.77999877929688,221.0500030517578,218.0200042724609,219.0800018310547,41650100,0.007471945580644457,228.85699920654298,227.38379943847656,0.01717066602477468,222.1699981689453
2025-09-29,222.1699981689453,222.1699981689453,222.6000061035156,219.3000030517578,220.0800018310547,44259200,0.01087450815780766,228.51549911499023,227.30459930419923,0.017288661440571743,219.57000732421875
2025-09-30,219.57000732421875,219.57000732421875,222.2400054931641,217.88999938964844,222.02999877929688,48396400,-0.011702709034319914,228.22699966430665,227.10999938964844,0.01712399172224764,220.6300048828125
2025-10-01,220.6300048828125,220.6300048828125,222.1499938964844,216.6100006103516,217.3600006103516,43933800,0.004827606336181178,227.95899963378906,226.97319946289062,0.017153615269907718,222.4100036621093
2025-10-02,222.4100036621093,222.4100036621093,222.8099975585937,218.9499969482422,221.009994506836,41258600,0.00806780011740571,227.29550018310547,226.85559967041016,0.013922472872315577,219.509994506836
2025-10-03,219.509994506836,219.509994506836,224.1999969482422,219.33999633789065,223.44000244140625,43639000,-0.0130390230094104,226.65449981689454,226.6011996459961,0.013874165107038637,220.8999938964844
2025-10-06,220.8999938964844,220.8999938964844,221.72999572753903,216.02999877929688,221.0,43690900,0.00633228292302257,225.90749969482422,226.39039947509767,0.013410988886961928,221.77999877929688
2025-10-07,221.77999877929688,221.77999877929688,222.88999938964844,220.1699981689453,220.8800048828125,31194700,0.003983725247293846,225.08449935913086,226.17019958496093,0.01315542414752262,225.22000122070312
2025-10-08,225.22000122070312,225.22000122070312,226.72999572753903,221.19000244140625,222.9199981689453,46686000,0.015510877718191152,224.8289993286133,226.0543997192383,0.011805103917276738,227.7400054931641
2025-10-09,227.7400054931641,227.7400054931641,228.2100067138672,221.75,225.0,46412100,0.01118907849570383,224.71849975585937,226.00539978027345,0.012116015598529694,216.3699951171875
2025-10-10,216.3699951171875,216.3699951171875,228.25,216.0,226.2100067138672,72367500,-0.04992539782966621,224.12949981689454,225.65059967041014,0.016378871957495825,220.07000732421875
2025-10-13,220.07000732421875,220.07000732421875,220.67999267578125,217.0399932861328,217.6999969482422,37809700,0.017100394188331425,223.5615005493164,225.75699981689453,0.016537302019435606,216.38999938964844
2025-10-14,216.38999938964844,216.38999938964844,219.32000732421875,212.6000061035156,215.5599975585937,45665600,-0.016721987604375044,222.67850036621093,225.85179992675782,0.016503188398000034,215.57000732421875
2025-10-15,215.57000732421875,215.57000732421875,217.7100067138672,212.6600036621093,216.6199951171875,45909500,-0.003789417568938358,221.8760009765625,225.8882000732422,0.016430121596921563,214.47000122070312
2025-10-16,214.47000122070312,214.47000122070312,218.58999633789065,212.8099975585937,215.6699981689453,42414600,-0.00510277898660183,221.0380012512207,225.73140014648436,0.01642852293516612,213.0399932861328
2025-10-17,213.0399932861328,213.0399932861328,214.8000030517578,211.02999877929688,214.5599975585937,45986900,-0.006667636156250767,220.1160011291504,225.52959991455077,0.016403052772020133,216.47999572753903
2025-10-20,216.47999572753903,216.47999572753903,216.69000244140625,213.58999633789065,213.8800048828125,38882800,0.016147214372026264,219.55850067138672,225.40539978027343,0.016710470806318677,222.02999877929688
2025-10-21,222.02999877929688,222.02999877929688,223.32000732421875,217.9900054931641,218.42999267578125,50494600,0.025637486886977978,219.6245002746582,225.4199996948242,0.016459888879151913,217.9499969482422
2025-10-22,217.9499969482422,217.9499969482422,220.009994506836,216.5200042724609,219.3000030517578,44308500,-0.018375903497213075,219.51149978637696,225.349599609375,0.01698452549160812,221.08999633789065
2025-10-23,221.08999633789065,221.08999633789065,221.3000030517578,218.17999267578125,219.0,31540000,0.014406971477930908,219.65849990844725,225.28019958496094,0.017153693355224934,224.2100067138672
2025-10-24,224.2100067138672,224.2100067138672,225.3999938964844,221.8999938964844,221.97000122070312,38685100,0.014111947295924798,219.88000030517577,225.1447998046875,0.01735249700743616,226.97000122070312
2025-10-27,226.97000122070312,226.97000122070312,228.3999938964844,225.5399932861328,227.6600036621093,38267000,0.012309863182682124,220.12000045776367,225.06359985351563,0.017397771699771383,229.25
2025-10-28,229.25,229.25,231.4900054931641,226.2100067138672,228.22000122070312,47100000,0.010045375014470892,220.60400009155273,225.01879974365235,0.017226700882121807,230.3000030517578
2025-10-29,230.3000030517578,230.3000030517578,232.82000732421875,227.759994506836,231.6699981689453,52036200,0.0045801659836763875,221.0875,225.06459991455077,0.017224880633154683,222.8600006103516
2025-10-30,222.8600006103516,222.8600006103516,228.44000244140625,222.75,227.0599975585937,102252900,-0.03230569840563202,221.1099998474121,225.04559997558593,0.01880539723801688,244.22000122070312
2025-10-31,244.22000122070312,244.22000122070312,250.5,243.97999572753903,250.1000061035156,166340800,0.09584492754129248,222.34550018310546,225.49100006103515,0.02817573370226193,254.0
2025-11-03,254.0,254.0,258.6000061035156,252.8999938964844,255.3600006103516,95997800,0.04004585509136338,224.00050048828126,225.99420013427735,0.029204294034844945,249.32000732421875
2025-11-04,249.32000732421875,249.32000732421875,257.010009765625,248.6600036621093,250.3800048828125,51546300,-0.018425168014886806,225.37750091552735,226.4218002319336,0.02976676141580146,250.1999969482422
2025-11-05,250.1999969482422,250.1999969482422,251.0,246.1600036621093,249.02999877929688,40610700,0.0035295587926045258,226.6265007019043,226.8516000366211,0.02969169582166848,243.0399932861328
2025-11-06,243.0399932861328,243.0399932861328,250.3800048828125,242.1699981689453,249.1600036621093,46004200,-0.028617121300727022,227.39150009155273,227.13,0.030622655739909695,244.4100036621093
2025-11-07,244.4100036621093,244.4100036621093,244.8999938964844,238.4900054931641,242.8999938964844,46374300,0.005636975040414605,228.79350051879882,227.38619995117188,0.02790194826379242,248.3999938964844
2025-11-10,248.3999938964844,248.3999938964844,251.75,245.58999633789065,248.33999633789065,36476500,0.016324987417009273,230.20999984741212,227.77419982910158,0.027886933706007463,249.1000061035156
2025-11-11,249.1000061035156,249.1000061035156,249.75,247.22999572753903,248.4100036621093,23564100,0.0028180846386127723,231.84550018310546,228.24940002441406,0.027370605175173066,244.1999969482422
2025-11-12,244.1999969482422,244.1999969482422,250.3699951171875,243.75,250.2400054931641,31190100,-0.019670851205186968,233.27699966430663,228.61359985351564,0.027937067156016,237.5800018310547
2025-11-13,237.5800018310547,237.5800018310547,243.75,236.5,243.0500030517578,41401700,-0.027108907452568887,234.43249969482423,228.6516000366211,0.028841527219669507,234.69000244140625
2025-11-14,234.69000244140625,234.69000244140625,238.72999572753903,232.88999938964844,235.0599975585937,38956700,-0.012164320933474637,235.5150001525879,228.69880004882813,0.028989520541164254,232.8699951171875
2025-11-17,232.8699951171875,232.8699951171875,234.6000061035156,229.19000244140625,233.25,59919000,-0.007754941860691922,236.33450012207032,228.63940002441407,0.029008819891040337,222.5500030517578
2025-11-18,222.5500030517578,222.5500030517578,230.1999969482422,222.4199981689453,228.1000061035156,60608400,-0.04431653833391602,236.36050033569336,228.32559997558593,0.03044963983611229,222.69000244140625
2025-11-19,222.69000244140625,222.69000244140625,223.7400054931641,218.5200042724609,223.7400054931641,58335600,0.0006290693674619874,236.59750061035157,228.17279998779296,0.030122861385694463,217.13999938964844
2025-11-20,217.13999938964844,217.13999938964844,227.4100036621093,216.7400054931641,227.0500030517578,50309000,-0.02492255148822009,236.40000076293944,227.9166000366211,0.03051682522139377,220.69000244140625
2025-11-21,220.69000244140625,220.69000244140625,222.2100067138672,215.17999267578125,216.3500061035156,68490500,0.016348913427910006,236.2240005493164,227.76740020751953,0.03057712453298531,226.27999877929688
2025-11-24,226.27999877929688,226.27999877929688,227.3300018310547,222.2700042724609,222.5599975585937,54318400,0.02532963104830621,236.1895004272461,227.66440032958985,0.030996748817468306,229.6699981689453
2025-11-25,229.6699981689453,229.6699981689453,230.5200042724609,223.8000030517578,226.3800048828125,39379300,0.0149814363087164,236.21050033569335,227.5768002319336,0.031097977268004826,229.1600036621093
2025-11-26,229.1600036621093,229.1600036621093,231.75,228.7700042724609,230.7400054931641,38497900,-0.0022205534501762436,236.15350036621095,227.52760040283204,0.031088645431600587,233.22000122070312
2025-11-28,233.22000122070312,233.22000122070312,233.2899932861328,230.22000122070312,231.2400054931641,20292300,0.017716868099636685,236.6715003967285,227.56740051269531,0.030339107218555993,233.8800048828125
2025-12-01,233.8800048828125,233.8800048828125,235.8000030517578,232.25,233.22000122070312,42904000,0.0028299616613276513,236.15450057983398,227.6154006958008,0.02100158774382763,234.4199981689453
2025-12-02,234.4199981689453,234.4199981689453,238.97000122070312,233.5500030517578,235.009994506836,45785400,0.0023088475921804186,235.17550048828124,227.75120056152343,0.018586232371446892,232.3800048828125
2025-12-03,232.3800048828125,232.3800048828125,233.3800048828125,230.6100006103516,233.3500061035156,35495100,-0.008702300580441968,234.32850036621093,227.98460052490233,0.018309688081017735,229.1100006103516
2025-12-04,229.1100006103516,229.1100006103516,233.5,226.8000030517578,232.7700042724609,45683200,-0.014071797072686798,233.2740005493164,228.16260040283203,0.018384411707603736,229.52999877929688
2025-12-05,229.52999877929688,229.52999877929688,231.2400054931641,228.5500030517578,230.32000732421875,33117400,0.0018331725713691682,232.5985008239746,228.39020050048828,0.017498106810653488,226.88999938964844
2025-12-08,226.88999938964844,226.88999938964844,230.8300018310547,226.2700042724609,229.58999633789065,35019200,-0.011501761877265149,231.72250061035157,228.53240051269532,0.017487545237392085,227.9199981689453
2025-12-09,227.9199981689453,227.9199981689453,228.57000732421875,225.1100006103516,226.83999633789065,25841700,0.004539639393836836,230.6985008239746,228.6474005126953,0.016973017933075114,231.77999877929688
2025-12-10,231.77999877929688,231.77999877929688,232.4199981689453,228.4600067138672,228.8099975585937,38790700,0.016935769749744978,229.83250045776367,228.89160034179687,0.017561640422489717,230.27999877929688
2025-12-11,230.27999877929688,230.27999877929688,232.1100006103516,228.69000244140625,230.7100067138672,28249600,-0.006471654188885845,229.1365005493164,229.08460021972655,0.017163442970949648,226.19000244140625
2025-12-12,226.19000244140625,226.19000244140625,230.0800018310547,225.1199951171875,229.8699951171875,35639100,-0.017760970816273702,228.56700057983397,229.1602001953125,0.016583800624338025,222.5399932861328
2025-12-15,222.5399932861328,222.5399932861328,227.92999267578125,221.5,227.92999267578125,47286100,-0.01613691637948922,227.95950012207032,229.22080017089843,0.016731030623116604,222.5599975585937
2025-12-16,222.5599975585937,222.5599975585937,223.6600036621093,221.1300048828125,223.0399932861328,39298900,8.989068511011666e-05,227.44400024414062,229.25400024414063,0.016693767210045906,221.2700042724609
2025-12-17,221.2700042724609,221.2700042724609,225.19000244140625,220.9900054931641,224.6600036621093,44034400,-0.005796159688549407,227.38000030517577,229.2438003540039,0.013483623915587972,226.759994506836
2025-12-18,226.759994506836,226.759994506836,229.22999572753903,224.4100036621093,225.7100067138672,50272400,0.0248112718776603,227.58349990844727,229.27460021972655,0.014600093467788237,227.3500061035156
2025-12-19,227.3500061035156,227.3500061035156,229.1300048828125,225.5800018310547,226.759994506836,85544400,0.0026019210221044364,228.09400024414063,229.2668002319336,0.013263349047630867,228.42999267578125
2025-12-22,228.42999267578125,228.42999267578125,229.47999572753903,226.7100067138672,228.6100006103516,32261300,0.00475032567966549,228.4809997558594,229.50800018310548,0.012868258182721633,232.13999938964844
2025-12-23,232.13999938964844,232.13999938964844,232.4499969482422,228.72999572753903,229.0599975585937,29230200,0.016241329216049705,228.77399978637695,229.74940002441406,0.012133226331436075,232.3800048828125
2025-12-24,232.3800048828125,232.3800048828125,232.9499969482422,231.3300018310547,232.1300048828125,11420500,0.001033882544133169,228.9095001220703,230.06920013427734,0.011701586410719772,232.5200042724609
2025-12-26,232.5200042724609,232.5200042724609,232.9900054931641,231.17999267578125,232.0399932861328,15994700,0.000602458846315157,229.0775001525879,230.4082000732422,0.01168212848725577,232.07000732421875
2025-12-29,232.07000732421875,232.07000732421875,232.6000061035156,230.7700042724609,231.94000244140625,19797900,-0.0019353042317806768,229.02000045776367,230.7602001953125,0.01098964609745813,232.52999877929688
2025-12-30,232.52999877929688,232.52999877929688,232.7700042724609,230.1999969482422,231.2100067138672,21910500,0.001982123671998126,228.9525001525879,231.15000030517578,0.010979014079767787,230.82000732421875
2025-12-31,230.82000732421875,230.82000732421875,232.9900054931641,230.1199951171875,232.9100036621093,24383700,-0.0073538531116630335,228.77250061035156,231.43680053710938,0.011073502577497608,226.5
2026-01-02,226.5,226.5,235.4600067138672,224.6999969482422,231.33999633789065,51456200,-0.018715913643268745,228.47850036621094,231.52620056152344,0.011664250560434632,233.0599975585937
2026-01-05,233.0599975585937,233.0599975585937,234.0,227.17999267578125,228.83999633789065,49733300,0.02896246162734517,228.67600021362304,231.82840057373048,0.01305438360288836,240.92999267578125
2026-01-06,240.92999267578125,240.92999267578125,243.17999267578125,232.07000732421875,232.1000061035156,53764700,0.033768107781812606,229.24599990844726,232.22520050048828,0.014980862417819681,241.5599975585937
2026-01-07,241.5599975585937,241.5599975585937,245.2899932861328,239.5200042724609,239.6100006103516,42236500,0.0026148877348792787,229.97949981689453,232.57220031738282,0.014612873848288452,246.2899932861328
2026-01-08,246.2899932861328,246.2899932861328,246.4100036621093,241.8800048828125,243.0599975585937,39509800,0.0195810389772495,230.89799957275392,232.9586001586914,0.015063495562266488,247.3800048828125
2026-01-09,247.3800048828125,247.3800048828125,247.8600006103516,242.2400054931641,244.57000732421875,34560000,0.004425724253495522,231.6779998779297,233.32120025634765,0.014754208656018342,246.47000122070312
2026-01-12,246.47000122070312,246.47000122070312,248.94000244140625,245.9600067138672,246.72999572753903,35867800,-0.003678565947722645,232.4875,233.64460021972656,0.014669176905400065,242.6000061035156
2026-01-13,242.6000061035156,242.6000061035156,247.6600036621093,240.25,246.52999877929688,38371800,-0.01570168822988771,233.30800018310543,234.03940032958985,0.014518511089711701,236.6499938964844
2026-01-14,236.6499938964844,236.6499938964844,241.27999877929688,236.22000122070312,241.1499938964844,41410600,-0.02452601837319146,234.01350021362305,233.88800018310548,0.015223056698302703,238.17999267578125
2026-01-15,238.17999267578125,238.17999267578125,240.6499938964844,236.6300048828125,239.3099975585937,43003600,0.006465239039753046,234.79449996948242,233.5716000366211,0.01522151997433239,239.1199951171875
2026-01-16,239.1199951171875,239.1199951171875,239.57000732421875,236.4100036621093,239.08999633789065,45888300,0.0039466053837939885,235.68699951171874,233.36759979248046,0.015063206643308113,231.0
2026-01-20,231.0,231.0,235.08999633789065,229.33999633789065,233.759994506836,47737900,-0.033957825706746436,235.89899978637695,232.9835998535156,0.016456277494553667,231.3099975585937
2026-01-21,231.3099975585937,231.3099975585937,232.3000030517578,226.8800048828125,231.08999633789065,47276100,0.001341980773132967,236.09699935913082,232.74899993896486,0.016452456552111423,234.33999633789065
2026-01-22,234.33999633789065,234.33999633789065,235.72000122070312,230.8999938964844,234.0500030517578,31913300,0.013099298825289374,236.3924995422363,232.54759979248047,0.016657468325845554,239.1600036621093
2026-01-23,239.1600036621093,239.1600036621093,240.4499969482422,234.57000732421875,234.9600067138672,33778500,0.020568436457892414,236.74349975585932,232.36279998779298,0.01688676947372671,238.4199981689453
2026-01-26,238.4199981689453,238.4199981689453,240.9499969482422,237.5399932861328,239.97999572753903,32825500,-0.003094185824689455,237.04549942016598,232.14919982910158,0.016919586058927665,244.67999267578125
2026-01-27,244.67999267578125,244.67999267578125,244.8800048828125,238.0800018310547,239.69000244140625,38029200,0.026256163723313408,237.653498840332,232.15879974365234,0.017803679819973894,243.009994506836
2026-01-28,243.009994506836,243.009994506836,247.77999877929688,241.52999877929688,246.3699951171875,40882700,-0.006825233852111978,238.20049819946286,232.26739959716798,0.01790401538606575,241.72999572753903
2026-01-29,241.72999572753903,241.72999572753903,243.0,236.7400054931641,242.82000732421875,47229600,-0.005267268047532747,238.66049804687495,232.40819946289062,0.017987343963277863,239.3000030517578
2026-01-30,239.3000030517578,239.3000030517578,243.32000732421875,237.63999938964844,239.88999938964844,46585000,-0.010052507834071744,239.0844978332519,232.53679962158202,0.018071882541575112,242.9600067138672
2026-02-02,242.9600067138672,242.9600067138672,245.6300048828125,238.1699981689453,238.3099975585937,37546100,0.015294624385431943,239.90749816894527,232.94499969482422,0.01761834015044867,238.6199951171875
2026-02-03,238.6199951171875,238.6199951171875,246.3500061035156,235.4499969482422,244.97999572753903,53831300,-0.017863069956986388,240.18549804687495,233.26359954833984,0.017185073635130717,232.9900054931641
2026-02-04,232.9900054931641,232.9900054931641,238.8600006103516,231.82000732421875,238.8600006103516,51299900,-0.023593955826118007,239.7884986877441,233.58059967041015,0.016245629573372795,222.69000244140625
2026-02-05,222.69000244140625,222.69000244140625,226.3099975585937,220.3800048828125,224.9100036621093,103509200,-0.04420791797466195,238.84499893188476,233.62059967041014,0.018788826106621755,210.32000732421875
2026-02-06,210.32000732421875,210.32000732421875,211.44000244140625,200.3099975585937,202.6999969482422,179210900,-0.05554804877440456,237.04649963378907,233.30139984130858,0.021204402200877995,208.72000122070312
2026-02-09,208.72000122070312,208.72000122070312,212.8099975585937,203.3500061035156,208.97000122070312,91178400,-0.00760748406141476,235.1134994506836,232.88239990234376,0.021013709789048124,206.9600067138672
2026-02-10,206.9600067138672,206.9600067138672,212.6499938964844,206.4100036621093,208.8000030517578,67175000,-0.008432323191560842,233.13799972534179,232.4383999633789,0.02098617639982976,204.0800018310547
2026-02-11,204.0800018310547,204.0800018310547,208.57000732421875,202.4900054931641,208.0599975585937,65545500,-0.013915755650289796,231.21199951171874,231.85559997558593,0.02095763441216278,199.6000061035156
2026-02-12,199.6000061035156,199.6000061035156,203.9600067138672,197.5599975585937,203.9600067138672,83975400,-0.021952154485219033,229.3595001220703,231.17,0.02086105255698561,198.7899932861328
2026-02-13,198.7899932861328,198.7899932861328,201.1600036621093,197.27999877929688,198.8800048828125,66321600,-0.004058180323715521,227.3900001525879,230.45739990234375,0.020600995473873184,201.1499938964844
2026-02-17,201.1499938964844,201.1499938964844,201.7400054931641,196.0,198.1300048828125,69879200,0.011871828009746288,225.49150009155272,229.83279968261718,0.020932502258424725,204.7899932861328
2026-02-18,204.7899932861328,204.7899932861328,206.8600006103516,201.509994506836,202.07000732421875,51003300,0.018095945812067082,224.18099975585938,229.34639953613282,0.02082291577678068,204.8600006103516
2026-02-19,204.8600006103516,204.8600006103516,205.63999938964844,202.8099975585937,203.8000030517578,35669600,0.00034184934085601526,222.85849990844727,228.8529995727539,0.020806069507889813,210.1100006103516
2026-02-20,210.1100006103516,210.1100006103516,211.1699981689453,203.75,204.759994506836,65881600,0.025627257563010764,221.64700012207032,228.51739959716798,0.02158058884803566,205.2700042724609
2026-02-23,205.2700042724609,205.2700042724609,208.42999267578125,203.1100006103516,208.1000061035156,53581500,-0.023035535309270938,219.9525001525879,228.06439971923828,0.021034013546141053,208.5599975585937
2026-02-24,208.5599975585937,208.5599975585937,210.3600006103516,203.25,205.47000122070312,41137200,0.016027637831418806,218.45950012207032,227.59999969482422,0.021665072129949524,210.63999938964844
2026-02-25,210.63999938964844,210.63999938964844,211.58999633789065,208.92999267578125,210.4600067138672,41346400,0.009973158109912061,216.75750045776368,227.20719970703124,0.02065398601288963,207.9199981689453
2026-02-26,207.9199981689453,207.9199981689453,211.0500030517578,205.3500061035156,210.72999572753903,47756800,-0.012913032798065993,215.00300064086915,226.84179962158203,0.02069212242531124,210.0
2026-02-27,210.0,210.0,210.3300018310547,205.1999969482422,206.8300018310547,57422800,0.01000385652833935,213.4165008544922,226.59099975585937,0.021059701549236625,208.38999938964844
2026-03-02,208.38999938964844,208.38999938964844,209.72999572753903,203.4600067138672,204.5500030517578,46001000,-0.007666669573102691,211.87100067138672,226.30759979248046,0.02104704485930873,208.72999572753903
2026-03-03,208.72999572753903,208.72999572753903,209.17999267578125,202.47999572753903,203.1000061035156,43184900,0.001631538648142472,210.1595001220703,226.05679962158203,0.020511235478955572,216.82000732421875
2026-03-04,216.82000732421875,216.82000732421875,217.5399932861328,210.1499938964844,210.47000122070312,54731100,0.038758260730479055,209.0695007324219,225.8579998779297,0.02276875143788846,218.94000244140625
2026-03-05,218.94000244140625,218.94000244140625,220.47000122070312,215.58999633789065,215.97999572753903,60943400,0.009777672934109694,208.36700057983398,225.6897998046875,0.02251957709136526,213.2100067138672
2026-03-06,213.2100067138672,213.2100067138672,217.32000732421875,212.52999877929688,214.9900054931641,51152700,-0.026171534044230005,207.89300079345702,225.38540008544922,0.02109260048935054,213.4900054931641
2026-03-09,213.4900054931641,213.4900054931641,213.82000732421875,207.1100006103516,210.4499969482422,54642900,0.0013132534612818603,208.0515007019043,225.01240020751953,0.016905909621057213,214.3300018310547
2026-03-10,214.3300018310547,214.3300018310547,215.6499938964844,212.42999267578125,214.19000244140625,35678800,0.003934593265620068,208.33200073242188,224.65140014648438,0.016797458577023618,212.6499938964844
2026-03-11,212.6499938964844,212.6499938964844,217.0,211.3500061035156,215.7100067138672,34199300,-0.007838417021498234,208.61650009155272,224.25399993896485,0.0167795644039505,209.52999877929688
2026-03-12,209.52999877929688,209.52999877929688,211.7100067138672,208.1499938964844,210.38999938964844,44349500,-0.014671973697334306,208.88899993896484,223.8031997680664,0.01681691780529802,207.6699981689453
2026-03-13,207.6699981689453,207.6699981689453,210.5599975585937,206.22000122070312,209.6100006103516,35662100,-0.008877013416636048,209.29249954223633,223.30599975585938,0.016097956127958855,211.7400054931641
2026-03-16,211.7400054931641,211.7400054931641,212.72000122070312,207.4499969482422,208.3500061035156,42209300,0.0195984367511175,209.94000015258788,222.9243997192383,0.016485616458274645,215.1999969482422
2026-03-17,215.1999969482422,215.1999969482422,215.6999969482422,212.42999267578125,212.82000732421875,44969900,0.016340754535353108,210.6425003051758,222.69839965820313,0.01663765505257534,209.8699951171875
2026-03-18,209.8699951171875,209.8699951171875,215.13999938964844,208.8300018310547,213.92999267578125,37846600,-0.024767666852414494,210.89650039672853,222.234599609375,0.017403336640451197,208.759994506836
2026-03-19,208.759994506836,208.759994506836,209.1199951171875,206.0500030517578,207.0599975585937,36440600,-0.005288991452692904,211.09150009155275,221.59119964599608,0.017466265998137363,205.3699951171875
2026-03-20,205.3699951171875,205.3699951171875,207.5399932861328,204.32000732421875,207.3999938964844,63694600,-0.016238740557820264,210.85449981689453,220.86739959716797,0.016869035348634865,210.13999938964844
2026-03-23,210.13999938964844,210.13999938964844,212.8000030517578,209.509994506836,209.7899932861328,44277400,0.02322639327005427,211.0979995727539,220.1443997192383,0.016861008457480113,207.2400054931641
2026-03-24,207.2400054931641,207.2400054931641,209.3500061035156,206.63999938964844,207.9499969482422,35351400,-0.013800294588880657,211.03199996948243,219.3415997314453,0.016809553617638306,211.7100067138672
2026-03-25,211.7100067138672,211.7100067138672,213.07000732421875,209.8999938964844,211.5599975585937,36388800,0.021569200454641724,211.08550033569335,218.6463998413086,0.017369009102145155,207.5399932861328
2026-03-26,207.5399932861328,207.5399932861328,212.88999938964844,207.1199951171875,210.6100006103516,46746000,-0.019696817795534227,211.06650009155274,217.94519958496093,0.017705569744091786,199.33999633789065
2026-03-27,199.33999633789065,199.33999633789065,206.6000061035156,199.13999938964844,206.4600067138672,56009800,-0.039510442389467215,210.53349990844725,217.19899963378907,0.019601685563595574,200.9499969482422
2026-03-30,200.9499969482422,200.9499969482422,203.8000030517578,199.97999572753903,201.47999572753903,46373800,0.008076656164990093,210.16149978637696,216.45439971923827,0.01969573982817769,208.2700042724609
2026-03-31,208.2700042724609,208.2700042724609,210.27999877929688,204.13999938964844,204.8500061035156,58470100,0.03642700888472317,210.13850021362305,215.83739990234375,0.021457185614874152,210.57000732421875
2026-04-01,210.57000732421875,210.57000732421875,213.5800018310547,208.19000244140625,210.44000244140625,45955400,0.011043371606930696,209.82600021362305,215.42880004882812,0.019648410084237223,209.7700042724609
2026-04-02,209.7700042724609,209.7700042724609,212.2100067138672,204.8999938964844,206.5399932861328,31453000,-0.0037992260242745157,209.36750030517578,214.99800018310546,0.019480165113384483,212.7899932861328
2026-04-06,212.7899932861328,212.7899932861328,212.9499969482422,209.58999633789065,209.8000030517578,25385500,0.014396667550949704,209.34649963378905,214.5670001220703,0.018930391841726242,213.7700042724609
2026-04-07,213.7700042724609,213.7700042724609,213.97000122070312,209.0800018310547,211.2400054931641,28154600,0.004605531356027148,209.3604995727539,214.05920013427735,0.01895605205585514,221.25
2026-04-08,221.25,221.25,226.1000061035156,219.6199951171875,223.7899932861328,51092700,0.034990857360911454,209.70649948120118,213.71580017089843,0.02048526322487232,233.6499938964844
2026-04-09,233.6499938964844,233.6499938964844,233.8000030517578,223.2700042724609,225.22999572753903,65964200,0.056045170153601775,210.75649948120116,213.4952001953125,0.023642323293203475,238.3800048828125
2026-04-10,238.3800048828125,238.3800048828125,240.42999267578125,235.2100067138672,235.3000030517578,56912800,0.02024400218227118,212.19899978637696,213.40260040283204,0.023402454303717807,239.88999938964844
2026-04-13,239.88999938964844,239.88999938964844,240.0,235.75,237.4499969482422,42166200,0.006334400855383171,213.80999984741212,213.3658004760742,0.023113966830687793,249.0200042724609
2026-04-14,249.0200042724609,249.0200042724609,252.17999267578125,241.77999877929688,241.77999877929688,72685000,0.03805913087682655,215.67399978637695,213.5602005004883,0.02397551199619484,248.5
2026-04-15,248.5,248.5,250.44000244140625,247.1999969482422,249.25,43045200,-0.002088202809168549,217.33899993896483,213.67100036621093,0.024008898993850947,249.6999969482422
2026-04-16,249.6999969482422,249.6999969482422,250.0,244.1999969482422,248.509994506836,41895700,0.004828961562342915,219.33050003051758,213.89260040283204,0.022797461223154,250.5599975585937
2026-04-17,250.5599975585937,250.5599975585937,256.17999267578125,250.1100006103516,254.9900054931641,52029300,0.0034441354459837648,221.42050018310547,214.24400024414064,0.02259266529469423,248.27999877929688
2026-04-20,248.27999877929688,248.27999877929688,250.17999267578125,245.3699951171875,249.19000244140625,39463100,-0.00909961207500265,223.56600036621094,214.75580017089842,0.02221944575031232,249.9100036621093
2026-04-21,249.9100036621093,249.9100036621093,255.08999633789065,249.1000061035156,255.08999633789065,42922400,0.006565188057139348,225.55450057983398,215.54760009765624,0.021999421453016272,255.3600006103516
2026-04-22,255.3600006103516,255.3600006103516,255.94000244140625,250.3300018310547,252.44000244140625,36065100,0.02180783829530486,227.96050033569335,216.48040008544922,0.021498059566816184,255.0800018310547
2026-04-23,255.0800018310547,255.0800018310547,258.7900085449219,253.07000732421875,255.38999938964844,39091400,-0.001096486445127165,230.12900009155274,217.44279998779297,0.021493020014530538,263.989990234375
2026-04-24,263.989990234375,263.989990234375,264.5,257.69000244140625,259.9800109863281,53777400,0.03493017225717909,232.95149993896484,218.64099975585938,0.021043140528236092,261.1199951171875
2026-04-27,261.1199951171875,261.1199951171875,264.1499938964844,260.3399963378906,263.4599914550781,44906800,-0.010871605831113018,236.04049987792968,219.8713995361328,0.01809982012520737,259.70001220703125
2026-04-28,259.70001220703125,259.70001220703125,261.0299987792969,256.6300048828125,258.3900146484375,42204400,-0.005438047398549362,238.97800064086914,221.08959991455077,0.018568673918301894,263.0400085449219
2026-04-29,263.0400085449219,263.0400085449219,265.9100036621094,257.70001220703125,257.989990234375,72367900,0.012860978748156615,241.71650085449218,222.32740020751953,0.017737377412172465,265.0599975585937
2026-04-30,265.0599975585937,265.0599975585937,273.8800048828125,256.1600036621094,273.1700134277344,100974900,0.0076793983730685245,244.44100036621094,223.53280029296874,0.017761743026777813,268.260009765625
2026-05-01,268.260009765625,268.260009765625,273.32000732421875,262.739990234375,265.5799865722656,50825200,0.012072784412985316,247.36550064086913,224.80080047607422,0.017382377680564023,272.04998779296875
2026-05-04,272.04998779296875,272.04998779296875,276.1000061035156,268.79998779296875,268.79998779296875,49083700,0.014128002271583506,250.32850036621093,226.03960021972657,0.01738094956100915,273.54998779296875
2026-05-05,273.54998779296875,273.54998779296875,278.5599975585937,272.3800048828125,276.0799865722656,41908500,0.005513692583370089,253.31749954223633,227.4051998901367,0.017360413419168243,274.989990234375
2026-05-06,274.989990234375,274.989990234375,277.79998779296875,272.2099914550781,272.8900146484375,44552000,0.005264129064761924,256.0044990539551,228.73379974365236,0.016593178307230942,271.1700134277344
2026-05-07,271.1700134277344,271.1700134277344,276.6300048828125,270.489990234375,275.0199890136719,35892900,-0.01389133038400725,257.88050003051757,229.94440002441405,0.013737336225083045,272.67999267578125
2026-05-08,272.67999267578125,272.67999267578125,274.0,269.95001220703125,271.6300048828125,34732700,0.0055683857848436435,259.595499420166,231.23959991455078,0.013412400797527759,268.989990234375
2026-05-11,268.989990234375,268.989990234375,273.6300048828125,268.4800109863281,269.8399963378906,38176700,-0.013532354923427414,261.05049896240234,232.41939971923827,0.014165464099072341,265.82000732421875
2026-05-12,265.82000732421875,265.82000732421875,267.6499938964844,262.6300048828125,266.7099914550781,36776200,-0.011784761609137218,261.89049911499023,233.56799987792968,0.012482437148177804,270.1300048828125
2026-05-13,270.1300048828125,270.1300048828125,270.7200012207031,263.20001220703125,264.42999267578125,39670900,0.016213969753363422,262.97199935913085,234.79600006103516,0.01273169813888844,267.2200012207031
2026-05-14,267.2200012207031,267.2200012207031,270.7799987792969,266.6300048828125,269.1499938964844,31338400,-0.010772604336833247,263.8479995727539,235.80399993896484,0.013165454402627716,264.1400146484375
2026-05-15,264.1400146484375,264.1400146484375,264.3599853515625,260.8900146484375,262.5,40770300,-0.011526033074604314,264.5270004272461,236.70800018310547,0.01358631658735906,264.8599853515625
2026-05-18,264.8599853515625,264.8599853515625,268.8500061035156,262.5299987792969,263.8699951171875,33690800,0.0027257161474880665,265.3559997558594,237.74099975585938,0.013298694351841077,259.3399963378906
2026-05-19,259.3399963378906,259.3399963378906,262.25,255.19000244140625,262.0400085449219,40340700,-0.020841158796957915,265.82749938964844,238.6579995727539,0.014319607080937788,265.010009765625
2026-05-20,265.010009765625,265.010009765625,265.5799865722656,259.5299987792969,260.04998779296875,34933200,0.021863243262898013,266.3099998474121,239.67159973144533,0.01432365561781256,268.4599914550781
2026-05-21,268.4599914550781,268.4599914550781,269.489990234375,261.3699951171875,263.5,36591700,0.01301830709151064,266.97899932861327,240.7877996826172,0.01451196744397701,266.32000732421875
2026-05-22,266.32000732421875,266.32000732421875,269.7900085449219,266.239990234375,268.6600036621094,27535500,-0.007971333528174807,267.09550018310546,241.9235998535156,0.012525550822735026,265.2900085449219
2026-05-26,265.2900085449219,265.2900085449219,269.29998779296875,262.07000732421875,267.94000244140625,38028100,-0.003867523096163561,267.3040008544922,243.07600006103516,0.012286090437487962,271.8500061035156
2026-05-27,271.8500061035156,271.8500061035156,272.4100036621094,265.70001220703125,266.1499938964844,40061900,0.024727646527565872,267.91150054931643,244.27820007324217,0.013282876348749112,274.0
2026-05-28,274.0,274.0,274.5,267.44000244140625,272.2699890136719,40630400,0.007908750591183455,268.4595001220703,245.45420013427736,0.013122252123327452,270.6400146484375
2026-05-29,270.6400146484375,270.6400146484375,274.75,269.6400146484375,271.2900085449219,54749600,-0.01226272026117703,268.7385009765625,246.66960052490234,0.013431975073728446,261.260009765625
2026-06-01,261.260009765625,261.260009765625,266.6300048828125,260.70001220703125,266.2900085449219,53604400,-0.03465860321873382,268.3885009765625,247.71960083007812,0.015354783932174572,256.5199890136719
2026-06-02,256.5199890136719,256.5199890136719,261.20001220703125,254.3699951171875,257.1600036621094,41811000,-0.0181429249589532,267.6120010375977,248.7426007080078,0.01535388340601318,250.0200042724609
2026-06-03,250.0200042724609,250.0200042724609,257.0899963378906,247.7100067138672,254.6999969482422,51394200,-0.02533909644314125,266.4355018615723,249.54020080566406,0.016008239567153602,253.7899932861328
2026-06-04,253.7899932861328,253.7899932861328,255.8300018310547,251.75,253.1199951171875,35609800,0.01507874949703436,265.37550201416013,250.47120056152343,0.016462931514397757,246.02999877929688
2026-06-05,246.02999877929688,246.02999877929688,256.3800048828125,245.77999877929688,254.259994506836,55607800,-0.03057644001781823,264.1185012817383,251.15760040283203,0.017393704921742376,245.22000122070312
2026-06-08,245.22000122070312,245.22000122070312,249.4199981689453,243.3600006103516,246.67999267578125,33899500,-0.0032922715222234444,262.74550170898436,251.91120056152343,0.01723024194221451,244.19000244140625
2026-06-09,244.19000244140625,244.19000244140625,250.42999267578125,240.3999938964844,247.72999572753903,44425400,-0.004200304926880172,261.50550231933596,252.80820068359375,0.01711732969499671,238.0
2026-06-10,238.0,238.0,244.07000732421875,237.4499969482422,243.6100006103516,38590200,-0.025349123139844942,260.114501953125,253.5492007446289,0.017673139208783852,241.509994506836
2026-06-11,241.509994506836,241.509994506836,242.13999938964844,235.17999267578125,237.92999267578125,41335400,0.014747876079142852,258.68350143432616,254.2140005493164,0.017581735186701124,238.5500030517578
2026-06-12,238.5500030517578,238.5500030517578,243.3600006103516,233.58999633789065,243.2100067138672,51186600,-0.012256186172015293,257.25000152587893,254.77360046386718,0.01760854295221569,246.0200042724609
2026-06-15,246.0200042724609,246.0200042724609,247.8099975585937,244.72999572753903,245.0200042724609,41711600,0.03131419461387441,256.34400100708007,255.49860046386718,0.01935713773825813,246.0
2026-06-16,246.0,246.0,249.509994506836,245.4499969482422,248.0,35187400,-8.131156862656308e-05,255.40100173950196,256.16280059814454,0.019320766187208342,237.5
2026-06-17,237.5,237.5,245.9100036621093,236.0,244.8999938964844,44780800,-0.03455284552845528,254.30900192260742,256.6374005126953,0.02019179601352402,244.38999938964844
2026-06-18,244.38999938964844,244.38999938964844,245.72999572753903,236.0200042724609,240.1199951171875,75624400,0.029010523745888195,253.2780014038086,257.10020050048826,0.020733241432681203,232.7899932861328
2026-06-22,232.7899932861328,232.7899932861328,242.0,232.2400054931641,240.0800018310547,68388500,-0.047465142323687703,251.49450149536133,257.08300048828124,0.02248256834347949,234.1100006103516
2026-06-23,234.1100006103516,234.1100006103516,236.8699951171875,232.0,232.5500030517578,60492600,0.005670378290686617,249.88400115966797,256.997600402832,0.02265340746244395,234.2700042724609
2026-06-24,234.2700042724609,234.2700042724609,242.4199981689453,232.9499969482422,233.8500061035156,70282600,0.0006834550497294423,248.33300094604493,256.8852005004883,0.022700658717519116,227.009994506836
2026-06-25,227.009994506836,227.009994506836,232.32000732421875,225.5500030517578,232.0200042724609,77674100,-0.030989924587961237,246.09100036621095,256.44500030517577,0.02214965657587918,232.69000244140625
2026-06-26,232.69000244140625,232.69000244140625,233.8999938964844,226.1300048828125,227.2100067138672,248372100,0.02502095974633045,244.02550048828124,256.1288003540039,0.023135115801245366,240.13999938964844
2026-06-29,240.13999938964844,240.13999938964844,249.7100067138672,233.8000030517578,234.22000122070312,77619200,0.03201683299701785,242.5004997253418,255.93760040283203,0.024755790026736987,238.33999633789065
2026-06-30,238.33999633789065,238.33999633789065,241.5399932861328,237.1699981689453,237.3500061035156,66228300,-0.007495640277891069,241.35449905395507,255.69320037841797,0.023808590659675034,241.6999969482422
2026-07-01,241.6999969482422,241.6999969482422,244.8999938964844,234.8999938964844,239.75,53829900,0.014097510539473612,240.6134994506836,255.56160034179686,0.023913924013158033,242.6699981689453
2026-07-02,242.6699981689453,242.6699981689453,246.72000122070312,241.0800018310547,241.6100006103516,48246400,0.004013244654325954,240.24599914550782,255.4168002319336,0.023345208674034473,244.1600036621093
2026-07-06,244.1600036621093,244.1600036621093,246.0399932861328,240.8800048828125,243.8000030517578,40044000,0.006140048231782824,239.76449966430664,255.19280029296874,0.023100830458469997,245.97999572753903
2026-07-07,245.97999572753903,245.97999572753903,248.92999267578125,242.6999969482422,246.97999572753903,40579600,0.007454095831143537,239.76199951171876,255.01080017089845,0.02214214608103193,243.6199951171875
2026-07-08,243.6199951171875,243.6199951171875,244.8000030517578,240.5200042724609,244.2700042724609,29653000,-0.009594278605344786,239.68199920654297,254.60340026855468,0.022239451322393723,247.0399932861328
2026-07-09,247.0399932861328,247.0399932861328,247.5,238.25,239.82000732421875,38091700,0.01403824906613349,239.8244987487793,254.3218002319336,0.02243514606484053,245.33999633789065
2026-07-10,245.33999633789065,245.33999633789065,251.02999877929688,244.4100036621093,249.5500030517578,31654000,-0.006881464517662694,240.19149856567384,254.03459991455077,0.02166828182469223,247.3099975585937
2026-07-13,247.3099975585937,247.3099975585937,249.6499938964844,244.17999267578125,244.67999267578125,34636100,0.00802967820212186,240.48149871826172,253.71999969482422,0.021507567407978677,247.4900054931641
2026-07-14,247.4900054931641,247.4900054931641,248.5599975585937,243.8000030517578,245.5500030517578,30108100,0.0007278635572658398,240.92849884033203,253.36859985351563,0.021268015167300737,254.9600067138672
2026-07-15,254.9600067138672,254.9600067138672,256.4800109863281,249.75,249.75,45240600,0.03018304196089816,241.37549896240233,253.10259979248048,0.021187470970671144,249.88999938964844
2026-07-16,249.88999938964844,249.88999938964844,258.0799865722656,248.0,255.1199951171875,45343700,-0.019885500434225545,241.56999893188475,252.65940002441405,0.021745359610405687,247.22999572753903
2026-07-17,247.22999572753903,247.22999572753903,250.2400054931641,243.58999633789065,244.4600067138672,43572400,-0.010644698341696013,242.0564987182617,252.13300018310548,0.020296276883930615,249.9900054931641
