Date,Adj Close,Close,High,Low,Open,Volume,Daily_Return,MA20,MA50,Volatility,Target
2016-03-04,13.402667045593262,13.402667045593262,13.60200023651123,13.166666984558104,13.199999809265137,97336500,0.02707681972740761,11.454466533660888,12.914679965972901,0.042417055701941084,13.685999870300291
2016-03-07,13.685999870300291,13.685999870300291,13.979999542236328,13.15999984741211,13.178667068481444,79941000,0.021140033080220944,11.59676651954651,12.881799964904785,0.038024997022152375,13.506667137145996
2016-03-08,13.506667137145996,13.506667137145996,13.833333015441896,13.479999542236328,13.56666660308838,62680500,-0.013103370952345372,11.778799867630005,12.84566665649414,0.03023619611066872,13.914667129516602
2016-03-09,13.914667129516602,13.914667129516602,13.958000183105469,13.519332885742188,13.63466739654541,48129000,0.030207303417474796,11.980366563796997,12.816533336639404,0.03018759786661341,13.678667068481444
2016-03-10,13.678667068481444,13.678667068481444,14.219332695007324,13.378000259399414,14.0,77887500,-0.016960525094742773,12.185399913787842,12.78484001159668,0.029150744306709424,13.833333015441896
2016-03-11,13.833333015441896,13.833333015441896,13.961333274841309,13.68866729736328,13.862000465393066,50146500,0.011307091998520535,12.37549991607666,12.74525333404541,0.028369619824135793,14.34333324432373
2016-03-14,14.34333324432373,14.34333324432373,14.447999954223633,14.042667388916016,14.17666721343994,60985500,0.036867487272411514,12.589199924468994,12.714666652679444,0.028548955140415187,14.555999755859377
2016-03-15,14.555999755859377,14.555999755859377,14.597999572753906,14.100000381469728,14.284667015075684,47707500,0.014826854254383903,12.799766540527344,12.685773296356201,0.02847559626816823,14.795332908630373
2016-03-16,14.795332908630373,14.795332908630373,14.838666915893556,14.468000411987305,14.533332824707031,52750500,0.01644223390939903,12.977266550064087,12.683799953460694,0.023319806486517446,15.092000007629396
2016-03-17,15.092000007629396,15.092000007629396,15.233332633972168,14.666666984558104,14.764666557312012,56743500,0.02005139734476491,13.175966548919678,12.687733287811279,0.022565032081846032,15.515999794006348
2016-03-18,15.515999794006348,15.515999794006348,15.631999969482422,15.20400047302246,15.273332595825195,70677000,0.02809434045604342,13.396499872207642,12.705999946594238,0.022367221129127462,15.887999534606934
2016-03-21,15.887999534606934,15.887999534606934,15.991999626159668,15.666666984558104,15.689332962036133,79617000,0.023975234953553137,13.598433208465575,12.736226596832275,0.01915383775744335,15.616000175476074
2016-03-22,15.616000175476074,15.616000175476074,15.932666778564451,15.503999710083008,15.814000129699709,64740000,-0.01711979903690175,13.788533210754395,12.76721326828003,0.02008839313911877,14.838666915893556
2016-03-23,14.838666915893556,14.838666915893556,15.648667335510254,14.802000045776367,15.4913330078125,74232000,-0.0497780001823559,13.933799886703492,12.786853275299073,0.024675883997897604,15.18333339691162
2016-03-24,15.18333339691162,15.18333339691162,15.259332656860352,14.333333015441896,14.385333061218262,74413500,0.02322759065700808,14.068199920654298,12.810559940338134,0.02339474051314321,15.350666999816896
2016-03-28,15.350666999816896,15.350666999816896,15.654000282287598,15.0,15.440667152404783,58885500,0.011020873910291273,14.201266622543335,12.850493278503418,0.02336092188617558,15.342000007629396
2016-03-29,15.342000007629396,15.342000007629396,15.491999626159668,15.022000312805176,15.326000213623049,60214500,-0.0005646003647661324,14.328599977493287,12.882426624298096,0.02347534562185498,15.12600040435791
2016-03-30,15.12600040435791,15.12600040435791,15.699999809265137,15.100000381469728,15.672666549682615,60495000,-0.01407897296076599,14.463733339309693,12.911626625061036,0.02239734134412601,15.317999839782717
2016-03-31,15.317999839782717,15.317999839782717,15.82800006866455,15.000666618347168,15.28933334350586,120193500,0.012693337980441255,14.60183334350586,12.945026626586914,0.022404467811061708,15.839332580566406
2016-04-01,15.839332580566406,15.839332580566406,16.52666664123535,15.550000190734863,16.32200050354004,239962500,0.03403399570678434,14.74133334159851,12.99687994003296,0.02207401597172155,16.465999603271484
2016-04-04,16.465999603271484,16.465999603271484,16.808000564575195,16.242666244506836,16.607999801635742,202129500,0.039563979070301736,14.894499969482421,13.05957326889038,0.022749662912548624,17.031333923339844
2016-04-05,17.031333923339844,17.031333923339844,17.104000091552734,16.0,16.03333282470703,149230500,0.03433343457363125,15.0617666721344,13.130133285522462,0.02325723311957498,17.69466781616211
2016-04-06,17.69466781616211,17.69466781616211,17.849332809448242,16.89666748046875,16.931333541870117,175582500,0.038947853163352475,15.271166706085205,13.222186641693115,0.023300654198451336,17.14666748046875
2016-04-07,17.14666748046875,17.14666748046875,17.95599937438965,16.96733283996582,17.76333236694336,132843000,-0.030969800698537053,15.432766723632813,13.307039985656738,0.024994913042977587,16.67133331298828
2016-04-08,16.67133331298828,16.67133331298828,17.38800048828125,16.534666061401367,17.366666793823242,110458500,-0.02772166475041915,15.582400035858154,13.389706649780273,0.02572890770218705,16.661333084106445
2016-04-11,16.661333084106445,16.661333084106445,17.266000747680664,16.35333251953125,16.733333587646484,137425500,-0.0005998457768249255,15.723800039291381,13.469999980926513,0.025840861266632556,16.521333694458008
2016-04-12,16.521333694458008,16.521333694458008,16.786666870117188,16.242000579833984,16.633333206176758,86448000,-0.008402652353309281,15.832700061798096,13.54549331665039,0.025309664059928724,16.968666076660156
2016-04-13,16.968666076660156,16.968666076660156,17.03333282470703,16.488666534423828,16.567333221435547,73884000,0.0270760454618868,15.953333377838135,13.622279987335205,0.02564486090285742,16.790666580200195
2016-04-14,16.790666580200195,16.790666580200195,17.12266731262207,16.73666763305664,16.866666793823242,61983000,-0.010489893292484176,16.053100061416625,13.714386653900146,0.0258848286316206,16.96733283996582
2016-04-15,16.96733283996582,16.96733283996582,16.97333335876465,16.607999801635742,16.753999710083008,56286000,0.010521694235412493,16.146866703033446,13.822426643371582,0.025712574843845957,16.92533302307129
2016-04-18,16.92533302307129,16.92533302307129,17.220666885375977,16.777332305908203,16.815332412719727,64071000,-0.002475334060495493,16.217333364486695,13.927159957885742,0.02524620199004394,16.4913330078125
2016-04-19,16.4913330078125,16.4913330078125,16.95800018310547,16.083332061767578,16.874666213989258,95362500,-0.02564203697895895,16.247500038146974,14.040186614990235,0.02568232309795125,16.6646671295166
2016-04-20,16.6646671295166,16.6646671295166,16.910667419433594,16.100000381469727,16.417333602905273,77911500,0.010510619221744344,16.299933385849,14.176159954071045,0.02533030574757236,16.55266761779785
2016-04-21,16.55266761779785,16.55266761779785,16.726667404174805,16.46066665649414,16.599332809448242,41746500,-0.006720777009723511,16.385633420944213,14.309546642303467,0.022193990142230995,16.916667938232422
2016-04-22,16.916667938232422,16.916667938232422,16.933332443237305,16.380666732788086,16.592666625976562,56794500,0.021990432529629622,16.472300148010255,14.456319999694824,0.022144274110663872,16.788000106811523
2016-04-25,16.788000106811523,16.788000106811523,17.158666610717773,16.71733283996582,16.867332458496094,55054500,-0.007605979610801672,16.544166803359985,14.591453342437744,0.022297728321593272,16.916000366210938
2016-04-26,16.916000366210938,16.916000366210938,17.048667907714844,16.625999450683594,16.803333282470703,48357000,0.007624509088934195,16.622866821289062,14.728386688232423,0.022270751777525518,16.764667510986328
2016-04-27,16.764667510986328,16.764667510986328,17.0,16.626667022705078,16.850000381469727,48087000,-0.008946136908751234,16.704800176620484,14.856786689758302,0.02206638628852818,16.513999938964844
2016-04-28,16.513999938964844,16.513999938964844,16.89533233642578,16.496000289916992,16.656667709350586,37785000,-0.014952135009967504,16.76460018157959,14.962160034179687,0.02244715024827285,16.05066680908203
2016-04-29,16.05066680908203,16.05066680908203,16.562000274658203,15.854000091552734,16.542667388916016,81207000,-0.028056989923414988,16.77516689300537,15.060813369750976,0.02236884052981739,16.1200008392334
2016-05-02,16.1200008392334,16.1200008392334,16.21266746520996,15.654666900634766,16.100000381469727,57658500,0.004319697802968259,16.757866954803468,15.161106719970704,0.02047021823675866,15.48799991607666
2016-05-03,15.48799991607666,15.48799991607666,15.927332878112791,15.441332817077637,15.824000358581545,64533000,-0.03920601056164674,16.680700254440307,15.233880062103271,0.020420023012989005,14.837332725524902
2016-05-04,14.837332725524902,14.837332725524902,15.630666732788086,14.69333267211914,15.352666854858398,130507500,-0.04201105333661326,16.537833499908448,15.294346714019776,0.019341462967766912,14.10200023651123
2016-05-05,14.10200023651123,14.10200023651123,15.242667198181152,13.986000061035156,15.230667114257812,168822000,-0.04955961442777834,16.385600137710572,15.337720050811768,0.020860698037459283,14.32866668701172
2016-05-06,14.32866668701172,14.32866668701172,14.424667358398438,13.87399959564209,14.05799961090088,85278000,0.016073354609201562,16.268466806411745,15.374386730194091,0.021145850881748335,13.928000450134276
2016-05-09,13.928000450134276,13.928000450134276,14.40999984741211,13.786666870117188,14.381333351135254,71646000,-0.02796256243720363,16.131800174713135,15.399160079956054,0.02156861264189574,13.912667274475098
2016-05-10,13.912667274475098,13.912667274475098,13.964667320251465,13.666666984558104,13.83666706085205,61059000,-0.0011008885097379961,16.00136685371399,15.42150676727295,0.02163552886053003,13.93066692352295
2016-05-11,13.93066692352295,13.93066692352295,14.36533260345459,13.736666679382324,13.839332580566406,77428500,0.0012937597581215154,15.849466896057129,15.451653442382813,0.020130606165028816,13.8186674118042
2016-05-12,13.8186674118042,13.8186674118042,14.111332893371582,13.577333450317385,14.095999717712402,54757500,-0.00803978103371572,15.700866937637329,15.476906795501709,0.020132487324333485,13.84066677093506
2016-05-13,13.84066677093506,13.84066677093506,14.079999923706056,13.779999732971191,13.85200023651123,42342000,0.001592002938870074,15.544533634185791,15.492733478546143,0.019760740046953586,13.88599967956543
2016-05-16,13.88599967956543,13.88599967956543,14.210000038146973,13.861332893371582,13.876667022705078,44241000,0.00327534138207608,15.392566967010499,15.502400131225587,0.01991635625097088,13.644000053405762
2016-05-17,13.644000053405762,13.644000053405762,13.98799991607666,13.601332664489746,13.936667442321776,42654000,-0.01742759842604591,15.250200319290162,15.501560134887695,0.01965229018875555,14.07800006866455
2016-05-18,14.07800006866455,14.07800006866455,14.354000091552734,13.850000381469728,13.94333267211914,84262500,0.03180885470243422,15.120866966247558,15.512986793518067,0.02128813893900547,14.347332954406738
2016-05-19,14.347332954406738,14.347332954406738,14.452667236328123,13.81999969482422,14.2413330078125,102994500,0.01913147353519906,15.010600233078003,15.52164011001587,0.022148912964467554,14.685333251953123
2016-05-20,14.685333251953123,14.685333251953123,14.703332901000977,14.423333168029783,14.465999603271484,135106500,0.02355840619441185,14.899033498764037,15.541773433685302,0.02225901274154775,14.414667129516602
2016-05-23,14.414667129516602,14.414667129516602,14.84000015258789,14.390666961669922,14.657999992370604,76537500,-0.01843105074925855,14.780366849899291,15.553400115966797,0.022410494262329866,14.52733325958252
2016-05-24,14.52733325958252,14.52733325958252,14.582667350769045,14.345333099365234,14.4399995803833,45207000,0.007816075741021722,14.660933494567871,15.557080116271973,0.022417271559380017,14.638667106628418
2016-05-25,14.638667106628418,14.638667106628418,14.757332801818848,14.434000015258787,14.52733325958252,46902000,0.0076637497781955055,14.554633474349975,15.558733463287354,0.022661034162923466,15.008000373840332
2016-05-26,15.008000373840332,15.008000373840332,15.017333030700684,14.603333473205566,14.699999809265137,61086000,0.02522997924071091,14.47933349609375,15.562986812591554,0.023633621885603286,14.869333267211914
2016-05-27,14.869333267211914,14.869333267211914,15.062000274658203,14.716667175292969,14.999333381652832,54754500,-0.00923954578720032,14.420266819000243,15.558533477783204,0.023012927851119736,14.881999969482422
2016-05-31,14.881999969482422,14.881999969482422,14.983332633972168,14.766667366027832,14.869333267211914,41835000,0.0008518675345341453,14.358366775512696,15.545853481292724,0.02296343823844969,14.637332916259766
2016-06-01,14.637332916259766,14.637332916259766,14.826666831970217,14.459333419799805,14.76533317565918,44740500,-0.016440468601288782,14.31583342552185,15.520840148925782,0.021638604768947307,14.597332954406738
2016-06-02,14.597332954406738,14.597332954406738,14.660667419433594,14.473999977111816,14.63933277130127,30492000,-0.0027327356754038856,14.303833436965942,15.500466804504395,0.019555156842424717,14.599332809448242
2016-06-03,14.599332809448242,14.599332809448242,14.79599952697754,14.534000396728516,14.666666984558104,33435000,0.00013700139934802458,14.328700065612793,15.495680122375488,0.015809504422801823,14.711999893188477
2016-06-06,14.711999893188477,14.711999893188477,14.726667404174805,14.363332748413086,14.533332824707031,33742500,0.007717276207808599,14.34786672592163,15.486253452301025,0.015521709600894714,15.489333152770996
2016-06-07,15.489333152770996,15.489333152770996,15.629332542419434,14.767999649047852,14.815999984741213,93204000,0.05283668197567204,14.425933361053467,15.489026775360108,0.01781339959504005,15.701333045959473
2016-06-08,15.701333045959473,15.701333045959473,16.05666732788086,15.507332801818848,15.58666706085205,89580000,0.013686831518021192,14.515366649627685,15.496213436126709,0.017832974096854276,15.290666580200195
2016-06-09,15.290666580200195,15.290666580200195,15.68866729736328,15.137332916259766,15.665332794189451,67381500,-0.026154878987485475,14.583366632461548,15.499506759643555,0.01923288139022692,14.586000442504885
2016-06-10,14.586000442504885,14.586000442504885,15.197999954223633,14.56133270263672,15.15933322906494,90399000,-0.04608472325253499,14.621733283996582,15.484866771697998,0.022223018903721678,14.524666786193848
2016-06-13,14.524666786193848,14.524666786193848,15.0513334274292,14.510666847229004,14.633333206176758,62895000,-0.004204967396840731,14.655933284759522,15.458573455810546,0.022279255007059063,14.330666542053224
2016-06-14,14.330666542053224,14.330666542053224,14.813332557678224,14.16866683959961,14.592000007629396,53703000,-0.013356605490256523,14.678166627883911,15.415866794586181,0.022563272571233174,14.513333320617676
2016-06-15,14.513333320617676,14.513333320617676,14.793333053588867,14.342000007629396,14.463333129882812,43627500,0.012746565418183309,14.721633291244506,15.365506782531739,0.022214769411558973,14.528667449951172
2016-06-16,14.528667449951172,14.528667449951172,14.53600025177002,14.233332633972168,14.494667053222656,36604500,0.0010565546173815221,14.744166660308839,15.30218677520752,0.02117977764780606,14.364666938781738
2016-06-17,14.364666938781738,14.364666938781738,14.666000366210938,14.300000190734863,14.52066707611084,46689000,-0.011288062840889457,14.745033359527588,15.246546764373779,0.020959962074763624,14.646666526794434
2016-06-20,14.646666526794434,14.646666526794434,14.916666984558104,14.548666954040527,14.633333206176758,53332500,0.019631474173017693,14.743100023269653,15.206053428649902,0.020747623056212455,14.640666961669922
2016-06-21,14.640666961669922,14.640666961669922,14.838000297546388,14.587332725524902,14.711999893188477,67935000,-0.0004096198348979563,14.75440001487732,15.165640106201172,0.020287981953457098,13.11066722869873
2016-06-22,13.11066722869873,13.11066722869873,13.729999542236328,13.050000190734863,13.29800033569336,356136000,-0.10450341756812143,14.68356671333313,15.097426776885987,0.031007752075723684,13.09333324432373
2016-06-23,13.09333324432373,13.09333324432373,13.170000076293944,12.808667182922363,13.04599952697754,151960500,-0.001322128315258908,14.606300020217896,15.019920120239258,0.030884905648995202,12.876667022705078
2016-06-24,12.876667022705078,12.876667022705078,13.008000373840332,12.648667335510254,12.670000076293944,105397500,-0.016547827629193046,14.499733352661133,14.941640129089356,0.03012972185328878,13.236666679382324
2016-06-27,13.236666679382324,13.236666679382324,13.253999710083008,12.524666786193848,12.723999977111816,108081000,0.027957518513328727,14.418100023269654,14.867026805877686,0.03112749854104879,13.452667236328123
2016-06-28,13.452667236328123,13.452667236328123,13.603333473205566,13.293999671936035,13.459333419799805,93186000,0.016318349791359932,14.346633386611938,14.797573490142822,0.031479069380716374,14.012666702270508
2016-06-29,14.012666702270508,14.012666702270508,14.118666648864746,13.533332824707031,13.675333023071287,89923500,0.041627392999816326,14.315400075912475,14.748000164031982,0.03296715294325941,14.152000427246094
2016-06-30,14.152000427246094,14.152000427246094,14.233332633972168,13.934666633605955,14.197999954223633,72646500,0.009943412480724279,14.293133449554443,14.697746829986572,0.033066830773905945,14.43333339691162
2016-07-01,14.43333339691162,14.43333339691162,14.54933261871338,13.733332633972168,13.742667198181152,81000000,0.019879378262587455,14.284833478927613,14.655360145568848,0.03339593348711796,14.26533317565918
2016-07-05,14.26533317565918,14.26533317565918,14.302666664123535,13.866666793823242,13.982000350952148,77629500,-0.011639738141737022,14.262500143051147,14.602333450317383,0.03344025326373266,14.29599952697754
2016-07-06,14.29599952697754,14.29599952697754,14.34866714477539,13.93333339691162,14.0,73798500,0.002149711537805965,14.202833461761475,14.552493438720703,0.030975972791275383,14.395999908447266
2016-07-07,14.395999908447266,14.395999908447266,14.541333198547363,14.20066738128662,14.206666946411133,54180000,0.006994990541306034,14.137566804885864,14.502093429565429,0.03081599127445152,14.45199966430664
2016-07-08,14.45199966430664,14.45199966430664,14.654000282287598,14.300000190734863,14.520000457763672,61122000,0.0038899525017721537,14.095633459091186,14.455840072631837,0.030401494491584635,14.985333442687988
2016-07-11,14.985333442687988,14.985333442687988,15.118666648864746,14.633999824523926,14.663999557495115,81447000,0.036903805062947104,14.115600109100342,14.425266742706299,0.029776261783163394,14.976667404174805
2016-07-12,14.976667404174805,14.976667404174805,15.166666984558104,14.881333351135254,14.9399995803833,68569500,-0.0005783013468687592,14.13820013999939,14.403786754608154,0.029748853524509015,14.835332870483398
2016-07-13,14.835332870483398,14.835332870483398,15.03933334350586,14.685999870300291,15.033332824707031,53506500,-0.009436981531152133,14.163433456420899,14.378093395233154,0.029655315242920706,14.768667221069336
2016-07-14,14.768667221069336,14.768667221069336,14.996000289916992,14.736666679382324,14.874667167663574,40137000,-0.004493707690691684,14.176200151443481,14.363706741333008,0.02958213377504645,14.69333267211914
2016-07-15,14.69333267211914,14.69333267211914,14.850000381469728,14.642666816711426,14.834667205810549,33513000,-0.005100971389125797,14.18443341255188,14.360826740264892,0.02961689533139898,15.083333015441896
2016-07-18,15.083333015441896,15.083333015441896,15.13933277130127,14.553333282470703,14.642666816711426,51181500,0.026542674288099866,14.220366716384888,14.380453395843507,0.029996505488146023,15.017333030700684
2016-07-19,15.017333030700684,15.017333030700684,15.273332595825195,14.983332633972168,15.0,46726500,-0.004375689688323137,14.2389000415802,14.394226722717285,0.02977081483795765,15.223999977111816
2016-07-20,15.223999977111816,15.223999977111816,15.31999969482422,15.0,15.097999572753906,38527500,0.013761894071912417,14.268066692352296,14.420146713256836,0.029886636016670354,14.699999809265137
2016-07-21,14.699999809265137,14.699999809265137,15.1899995803833,14.606666564941406,15.06666660308838,66430500,-0.03441934896442955,14.347533321380615,14.435893363952637,0.018712439156555984,14.817999839782717
2016-07-22,14.817999839782717,14.817999839782717,14.966667175292969,14.592000007629396,14.79933261871338,38695500,0.008027213064534022,14.433766651153565,14.453640022277831,0.018639088449943553,15.333999633789062
2016-07-25,15.333999633789062,15.333999633789062,15.425999641418455,14.758000373840332,14.817999839782717,67360500,0.03482249963460071,14.556633281707764,14.483946666717529,0.018852962894811535,15.300666809082031
2016-07-26,15.300666809082031,15.300666809082031,15.333333015441896,15.020000457763672,15.179332733154297,51450000,-0.002173785411705653,14.659833288192749,14.513146667480468,0.018452823563183163,15.232666969299316
2016-07-27,15.232666969299316,15.232666969299316,15.557332992553713,15.128000259399414,15.28933334350586,43335000,-0.0044442402825445315,14.748833274841308,14.540080013275146,0.01851053266997156,15.37399959564209
2016-07-28,15.37399959564209,15.37399959564209,15.383999824523926,15.106666564941406,15.196666717529297,36286500,0.0092782587991731,14.816899919509888,14.574680004119873,0.01658274425696271,15.652667045593262
2016-07-29,15.652667045593262,15.652667045593262,15.685333251953123,15.349332809448242,15.380000114440918,46062000,0.0181258915884297,14.891933250427247,14.606173343658448,0.016816222616032574,15.333999633789062
2016-08-01,15.333999633789062,15.333999633789062,15.775333404541016,15.291999816894531,15.699999809265137,60244500,-0.02035866545145193,14.936966562271119,14.625906677246094,0.017363868935150437,15.146666526794434
2016-08-02,15.146666526794434,15.146666526794434,15.324666976928713,14.760000228881836,15.291333198547363,59016000,-0.012216845667703868,14.981033229827881,14.63513334274292,0.017390241246453,15.052666664123535
2016-08-03,15.052666664123535,15.052666664123535,15.313332557678224,14.947333335876465,15.157999992370604,58317000,-0.006205976906180188,15.018866586685181,14.647893333435059,0.01751532748235738,15.37399959564209
2016-08-04,15.37399959564209,15.37399959564209,15.390666961669922,14.803333282470703,15.04599952697754,62205000,0.02134724289646428,15.067766571044922,14.66482666015625,0.017987044693268107,15.335332870483398
2016-08-05,15.335332870483398,15.335332870483398,15.466667175292969,15.15999984741211,15.333333015441896,48078000,-0.00251507260151429,15.11193323135376,14.67875997543335,0.01803565440892955,15.077333450317385
2016-08-08,15.077333450317385,15.077333450317385,15.30666732788086,15.072667121887209,15.199999809265137,33954000,-0.0168238552332044,15.116533231735229,14.68014663696289,0.016690642735295975,15.272000312805176
2016-08-09,15.272000312805176,15.272000312805176,15.435999870300291,15.109999656677246,15.121333122253418,33117000,0.012911226187923397,15.131299877166748,14.688199977874756,0.016918412062753352,15.043333053588867
2016-08-10,15.043333053588867,15.043333053588867,15.324666976928713,14.974666595458984,15.215999603271484,35074500,-0.014972973712197857,15.141699886322021,14.691426639556886,0.017143880579948707,14.994000434875488
2016-08-11,14.994000434875488,14.994000434875488,15.17133331298828,14.894000053405762,15.07800006866455,28213500,-0.003279367580152681,15.15296654701233,14.6985599899292,0.01712615333737942,15.040666580200195
2016-08-12,15.040666580200195,15.040666580200195,15.109999656677246,14.935999870300291,15.02733325958252,27202500,0.003112321193226242,15.170333242416381,14.707426662445068,0.01707316243931886,15.03933334350586
2016-08-15,15.03933334350586,15.03933334350586,15.300000190734863,14.995332717895508,15.067999839782717,30514500,-8.864212814152506e-05,15.16813325881958,14.71622667312622,0.016006611960499892,14.907333374023438
2016-08-16,14.907333374023438,14.907333374023438,15.145999908447266,14.894000053405762,15.03266716003418,34006500,-0.008776982760304364,15.162633275985717,14.720133342742919,0.016099569058472558,14.88266658782959
2016-08-17,14.88266658782959,14.88266658782959,14.988666534423828,14.853333473205566,14.95533275604248,26806500,-0.0016546746205348128,15.145566606521607,14.708000011444092,0.01575913028691117,14.900667190551758
2016-08-18,14.900667190551758,14.900667190551758,15.043999671936035,14.81933307647705,14.92133331298828,25717500,0.001209501174802119,15.155599975585938,14.691986694335938,0.013658044235456267,15.0
2016-08-19,15.0,15.0,15.011333465576172,14.835332870483398,14.902667045593262,24892500,0.006666333002271596,15.164699983596801,14.686173362731934,0.013623311690947047,14.862000465393066
2016-08-22,14.862000465393066,14.862000465393066,15.007332801818848,14.845333099365234,14.944666862487791,30982500,-0.009199968973795603,15.141100025177002,14.691693363189698,0.011151815723718206,14.989333152770996
2016-08-23,14.989333152770996,14.989333152770996,15.232666969299316,14.853333473205566,14.954667091369627,71766000,0.00856766810594789,15.12553334236145,14.70098669052124,0.011374247560110663,14.841333389282228
2016-08-24,14.841333389282228,14.841333389282228,15.143333435058594,14.814666748046877,15.136667251586914,38560500,-0.009873672296182745,15.105966663360599,14.71120002746582,0.011525422280993552,14.730667114257812
2016-08-25,14.730667114257812,14.730667114257812,14.920000076293944,14.718000411987305,14.87399959564209,26437500,-0.007456626175134207,15.073800039291385,14.715546703338623,0.01132758223173949,14.666000366210938
2016-08-26,14.666000366210938,14.666000366210938,14.857333183288574,14.588000297546388,14.809332847595217,33585000,-0.004389940220988597,15.024466705322268,14.718293361663818,0.010285250093071753,14.346667289733888
2016-08-29,14.346667289733888,14.346667289733888,14.69333267211914,14.333333015441896,14.67666721343994,48994500,-0.021773698929720586,14.97510008811951,14.71793336868286,0.01041356287032969,14.089332580566406
2016-08-30,14.089332580566406,14.089332580566406,14.407333374023438,14.034667015075684,14.407333374023438,47533500,-0.017936898094209286,14.922233390808108,14.706786689758301,0.010745455422922679,14.133999824523926
2016-08-31,14.133999824523926,14.133999824523926,14.173333168029783,13.90999984741211,14.028667449951172,49147500,0.003170288138355737,14.876300048828128,14.696653347015381,0.010828008201753267,13.38466739654541
2016-09-01,13.38466739654541,13.38466739654541,14.07333278656006,13.366666793823242,13.934000015258787,119146500,-0.05301630375559707,14.776833438873293,14.702133350372314,0.014229220218497788,13.185333251953123
2016-09-02,13.185333251953123,13.185333251953123,13.546667098999023,13.079999923706056,13.488666534423828,89661000,-0.014892723045455414,14.669333457946781,14.703973350524903,0.014301756452562604,13.522000312805176
2016-09-06,13.522000312805176,13.522000312805176,13.550000190734863,13.266667366027832,13.267999649047852,65859000,0.0255334510261378,14.591566801071167,14.716880016326904,0.01588523674152111,13.447333335876465
2016-09-07,13.447333335876465,13.447333335876465,13.766667366027832,13.380666732788086,13.699999809265137,54613500,-0.0055218884189791595,14.500333452224732,14.721093349456787,0.015296412553437007,13.157333374023438
2016-09-08,13.157333374023438,13.157333374023438,13.326000213623049,13.09066677093506,13.303333282470703,50668500,-0.021565611159450437,14.40603346824646,14.715186672210693,0.01556346828260335,12.964667320251465
2016-09-09,12.964667320251465,12.964667320251465,13.32800006866455,12.91333293914795,13.272666931152344,56355000,-0.014643244819832146,14.304566812515258,14.694226684570312,0.01564468258918962,13.220000267028809
2016-09-12,13.220000267028809,13.220000267028809,13.424667358398438,12.9399995803833,13.0,55728000,0.019694523621018867,14.213533496856689,14.675586681365967,0.016624574908121543,13.06999969482422
2016-09-13,13.06999969482422,13.06999969482422,13.232666969299316,12.896666526794434,13.137332916259766,53841000,-0.011346487834701158,14.115066814422608,14.64832000732422,0.016593847521549923,13.093999862670898
2016-09-14,13.093999862670898,13.093999862670898,13.194666862487791,12.990667343139648,13.050000190734863,33817500,0.0018362791436163928,14.02440013885498,14.624893341064453,0.016698700705920704,13.361332893371582
2016-09-15,13.361332893371582,13.361332893371582,13.501333236694336,13.09333324432373,13.099332809448242,46158000,0.020416452841336197,13.94833345413208,14.606200008392333,0.017721870106126185,13.69333267211914
2016-09-16,13.69333267211914,13.69333267211914,13.713333129882812,13.266667366027832,13.361332893371582,46617000,0.02484780383791363,13.887966728210449,14.59214666366577,0.01892132537161806,13.755999565124512
2016-09-19,13.755999565124512,13.755999565124512,13.961999893188477,13.666666984558104,13.800000190734863,34492500,0.00457645297210707,13.825766706466675,14.578226661682129,0.018864748841110536,13.642666816711426
2016-09-20,13.642666816711426,13.642666816711426,13.850000381469728,13.593999862670898,13.789999961853027,36157500,-0.008238786856348712,13.764800024032592,14.551373329162598,0.01885242346624766,13.6813325881958
2016-09-21,13.6813325881958,13.6813325881958,13.800000190734863,13.437333106994627,13.758000373840332,39502500,0.0028341798567572685,13.699399995803834,14.525466632843017,0.01869256184665626,13.76200008392334
2016-09-22,13.76200008392334,13.76200008392334,13.8186674118042,13.533332824707031,13.760000228881836,35743500,0.005896172409194822,13.645433330535889,14.503999977111816,0.01878134759620098,13.829999923706056
2016-09-23,13.829999923706056,13.829999923706056,14.01200008392334,13.711333274841309,13.732666969299316,43578000,0.004941130603694166,13.6003999710083,14.48522663116455,0.018851782628200735,13.932666778564451
2016-09-26,13.932666778564451,13.932666778564451,14.06666660308838,13.766667366027832,13.766667366027832,35916000,0.007423489184726018,13.563733291625976,14.470013313293457,0.018989812047066002,13.720666885375977
2016-09-27,13.720666885375977,13.720666885375977,13.998666763305664,13.640666961669922,13.976667404174805,50598000,-0.015216031256459761,13.532433271408081,14.442759990692139,0.018691755481348087,13.751333236694336
2016-09-28,13.751333236694336,13.751333236694336,13.883333206176758,13.684000015258787,13.833999633789062,31326000,0.002235048163077513,13.515533304214477,14.417439994812012,0.018330725640807857,13.380000114440918
2016-09-29,13.380000114440918,13.380000114440918,13.821999549865724,13.371999740600586,13.706666946411133,40905000,-0.027003426930455432,13.477833318710328,14.380559997558594,0.019186663944719472,13.60200023651123
2016-09-30,13.60200023651123,13.60200023651123,13.665332794189451,13.303333282470703,13.480667114257812,38794500,0.016591937232549814,13.488699960708619,14.358600006103515,0.015514326848342077,14.24666690826416
2016-10-03,14.24666690826416,14.24666690826416,14.378000259399414,13.883333206176758,14.153332710266112,89998500,0.047394990482537924,13.54176664352417,14.347173347473145,0.018193542738642134,14.093999862670898
2016-10-04,14.093999862670898,14.093999862670898,14.221332550048828,13.92133331298828,14.206666946411133,53122500,-0.010715983364832038,13.570366621017456,14.322373352050782,0.017738974060511285,13.897333145141602
2016-10-05,13.897333145141602,13.897333145141602,14.210000038146973,13.874667167663574,14.149333000183104,28162500,-0.013953932130380098,13.592866611480712,14.294306678771973,0.01803051257144851,13.399999618530272
2016-10-06,13.399999618530272,13.399999618530272,13.61400032043457,13.347332954406738,13.497332572937012,70551000,-0.03578625635704746,13.604999923706055,14.257653331756591,0.01924025232427213,13.107333183288574
2016-10-07,13.107333183288574,13.107333183288574,13.42133331298828,13.053333282470703,13.399999618530272,52395000,-0.02184077937114126,13.61213321685791,14.212320003509522,0.019613694213081186,13.396666526794434
2016-10-10,13.396666526794434,13.396666526794434,13.609333038330078,13.310667037963867,13.423333168029783,49744500,0.02207415798926582,13.620966529846191,14.167199993133545,0.01974159774753318,13.34000015258789
2016-10-11,13.34000015258789,13.34000015258789,13.479999542236328,13.220666885375977,13.456666946411133,34926000,-0.004229886150648454,13.634466552734375,14.12732000350952,0.019573647001617806,13.434000015258787
2016-10-12,13.434000015258787,13.434000015258787,13.592000007629396,13.361332893371582,13.396666526794434,29560500,0.007046466386483541,13.651466560363769,14.093066673278809,0.019617126307168865,13.349332809448242
2016-10-13,13.349332809448242,13.349332809448242,13.393333435058594,13.136667251586914,13.366666793823242,37419000,-0.006302456879140772,13.650866556167603,14.058999996185303,0.019163100357794043,13.100666999816896
2016-10-14,13.100666999816896,13.100666999816896,13.428667068481444,13.08666706085205,13.37733268737793,64048500,-0.018627583354229316,13.621233272552491,14.013533344268799,0.01867100729851924,12.93066692352295
2016-10-17,12.93066692352295,12.93066692352295,13.22599983215332,12.800000190734863,13.136667251586914,68311500,-0.01297644435175116,13.579966640472412,13.96544002532959,0.01875572818748494,13.273332595825195
2016-10-18,13.273332595825195,13.273332595825195,13.29800033569336,12.883999824523926,13.065999984741213,85207500,0.02650023191602613,13.5614999294281,13.929360008239746,0.019816098732289424,13.570667266845703
2016-10-19,13.570667266845703,13.570667266845703,13.77733325958252,13.20400047302246,13.315999984741213,104868000,0.02240090564098618,13.555966663360596,13.895333347320557,0.02049634783084057,13.273332595825195
2016-10-20,13.273332595825195,13.273332595825195,13.533332824707031,13.136667251586914,13.474666595458984,76093500,-0.021910099567979402,13.53153328895569,13.859933338165284,0.020997491895881105,13.339332580566406
2016-10-21,13.339332580566406,13.339332580566406,13.437999725341797,13.160667419433594,13.239999771118164,44151000,0.00497237481730628,13.506999921798705,13.826839981079102,0.020998005146726024,13.517333030700684
2016-10-24,13.517333030700684,13.517333030700684,13.596667289733888,13.350000381469728,13.399999618530272,41274000,0.013344029700076643,13.486233234405518,13.79637331008911,0.02117286096283268,13.489333152770996
2016-10-25,13.489333152770996,13.489333152770996,13.645999908447266,13.41333293914795,13.526666641235352,36675000,-0.0020714054958987926,13.474666547775268,13.765373306274414,0.02092067029350039,13.482666969299316
2016-10-26,13.482666969299316,13.482666969299316,13.54599952697754,13.34000015258789,13.399999618530272,84492000,-0.0004941818395456377,13.461233234405517,13.736879978179932,0.020909808238988414,13.600666999816896
2016-10-27,13.600666999816896,13.600666999816896,14.24666690826416,13.44333267211914,14.089332580566406,196405500,0.008751979915121444,13.472266578674317,13.711239986419677,0.020060965417158367,13.33133316040039
2016-10-28,13.33133316040039,13.33133316040039,13.687999725341797,13.321999549865724,13.600000381469728,64201500,-0.019802987560840313,13.458733224868775,13.67985330581665,0.02022302266080993,13.182000160217283
2016-10-31,13.182000160217283,13.182000160217283,13.499333381652832,13.053999900817873,13.499333381652832,70384500,-0.011201655407329314,13.40549988746643,13.643493309020997,0.01683178685569406,12.719332695007324
2016-11-01,12.719332695007324,12.719332695007324,13.233332633972168,12.540666580200195,13.202667236328123,105900000,-0.03509842661102902,13.336766529083253,13.600639953613282,0.018191634880621598,12.534667015075684
2016-11-02,12.534667015075684,12.534667015075684,12.846667289733888,12.500666618347168,12.670000076293944,63801000,-0.014518503789442305,13.268633222579956,13.551546630859375,0.01820675687122302,12.494667053222656
2016-11-03,12.494667053222656,12.494667053222656,12.764666557312012,12.469332695007324,12.600000381469728,39795000,-0.0031911467456550158,13.223366594314575,13.504613304138184,0.016701468954157115,12.70400047302246
2016-11-04,12.70400047302246,12.70400047302246,12.897333145141602,12.397333145141602,12.600000381469728,77190000,0.016753821362995858,13.20319995880127,13.464079971313476,0.01668326735239876,12.880666732788086
2016-11-07,12.880666732788086,12.880666732788086,12.952667236328123,12.670000076293944,12.906000137329102,58051500,0.013906348645120525,13.177399969100952,13.42837329864502,0.016169716573033427,12.996000289916992
2016-11-08,12.996000289916992,12.996000289916992,13.166000366210938,12.750666618347168,12.919333457946776,49014000,0.008954005217394645,13.160199975967407,13.401359958648682,0.016334940675495204,12.670666694641112
2016-11-09,12.670666694641112,12.670666694641112,12.800000190734863,12.263333320617676,12.458666801452637,122596500,-0.025033363190080316,13.122033309936523,13.372986640930176,0.017044432669572923,12.356666564941406
2016-11-10,12.356666564941406,12.356666564941406,12.77400016784668,12.027999877929688,12.736666679382324,101254500,-0.02478165808216759,13.072399997711182,13.337439975738526,0.01773229270764722,12.570667266845703
2016-11-11,12.570667266845703,12.570667266845703,12.592000007629396,12.199999809265137,12.28266716003418,59827500,0.017318643404319323,13.045900011062622,13.321159973144532,0.017960539816784537,12.096667289733888
2016-11-14,12.096667289733888,12.096667289733888,12.550000190734863,11.879332542419434,12.533332824707031,98283000,-0.037706827095961515,13.00420002937317,13.299386653900147,0.019544095126390177,12.251333236694336
2016-11-15,12.251333236694336,12.251333236694336,12.428667068481444,12.136667251586914,12.185333251953123,58530000,0.012785831275338833,12.953100061416626,13.27397331237793,0.01867026618333077,12.26200008392334
2016-11-16,12.26200008392334,12.26200008392334,12.315333366394045,12.080666542053224,12.17666721343994,51516000,0.0008706682793555576,12.887666702270508,13.250266647338867,0.017672172918631653,12.577333450317385
2016-11-17,12.577333450317385,12.577333450317385,12.63266658782959,12.140666961669922,12.232666969299316,73306500,0.025716307636262092,12.852866744995117,13.238666648864745,0.01845212274835947,12.334667205810549
2016-11-18,12.334667205810549,12.334667205810549,12.866666793823242,12.333333015441896,12.710000038146973,78154500,-0.019293934240147914,12.802633476257324,13.226066646575928,0.01872883540579572,12.3013334274292
2016-11-21,12.3013334274292,12.3013334274292,12.592666625976562,12.293999671936035,12.336000442504885,65415000,-0.0027024465131614273,12.74183349609375,13.207693309783936,0.018297204735703683,12.744667053222656
2016-11-22,12.744667053222656,12.744667053222656,12.764666557312012,12.247332572937012,12.38933277130127,84051000,0.03603947721674805,12.704600191116333,13.201186656951904,0.020428427991426325,12.87600040435791
2016-11-23,12.87600040435791,12.87600040435791,13.042667388916016,12.600000381469728,12.707332611083984,73378500,0.010304965252273535,12.674266862869263,13.196826667785645,0.0206297581979803,13.109999656677246
2016-11-25,13.109999656677246,13.109999656677246,13.149333000183104,12.90933322906494,12.90933322906494,35491500,0.018173287121064252,12.64973349571228,13.191800003051759,0.020994845494541902,13.074666976928713
2016-11-28,13.074666976928713,13.074666976928713,13.289999961853027,12.970000267028809,13.031999588012695,67938000,-0.0026950938729077834,12.636900186538696,13.179426689147949,0.020559249511059377,12.637999534606934
2016-11-29,12.637999534606934,12.637999534606934,13.11533260345459,12.633333206176758,13.03733253479004,66589500,-0.03339797817354073,12.609700155258178,13.157066688537597,0.02171841859880587,12.626667022705078
2016-11-30,12.626667022705078,12.626667022705078,12.792667388916016,12.5,12.733332633972168,53206500,-0.0008967014020552222,12.605066871643066,13.136746692657471,0.020262885346997758,12.125332832336426
2016-12-01,12.125332832336426,12.125332832336426,12.5686674118042,12.06666660308838,12.550000190734863,76896000,-0.03970439621692412,12.584600162506103,13.105626697540282,0.02191669965942163,12.097999572753906
2016-12-02,12.097999572753906,12.097999572753906,12.325332641601562,12.0,12.19200038909912,60634500,-0.002254227571355849,12.564766788482666,13.072346687316895,0.0219137360450517,12.453332901000977
2016-12-05,12.453332901000977,12.453332901000977,12.592666625976562,12.167332649230955,12.167332649230955,61083000,0.029371246552803765,12.552233409881591,13.044813346862792,0.022633141785759116,12.390000343322754
2016-12-06,12.390000343322754,12.390000343322754,12.43866729736328,12.178667068481444,12.368000030517578,50874000,-0.0050855909965381585,12.527700090408326,13.01396001815796,0.022382827127061723,12.876667022705078
2016-12-07,12.876667022705078,12.876667022705078,12.893333435058594,12.333333015441896,12.40999984741211,81928500,0.03927898836940713,12.52173342704773,12.99708002090454,0.02410358285055877,12.81933307647705
2016-12-08,12.81933307647705,12.81933307647705,12.833333015441896,12.63599967956543,12.803333282470703,47911500,-0.004452545532701246,12.529166746139527,12.978440017700196,0.023416423491747974,12.812000274658203
2016-12-09,12.812000274658203,12.812000274658203,12.922666549682615,12.720666885375977,12.724666595458984,40837500,-0.0005720111783587001,12.551933431625367,12.967080020904541,0.022634690276188547,12.82866668701172
2016-12-12,12.82866668701172,12.82866668701172,12.961333274841309,12.745332717895508,12.853333473205566,36583500,0.0013008438960528945,12.564833402633667,12.95161334991455,0.022347745177702005,13.210000038146973
2016-12-13,13.210000038146973,13.210000038146973,13.41866683959961,12.866666793823242,12.878666877746582,102358500,0.0297250961802078,12.62050004005432,12.930880012512207,0.021218558854053236,13.246000289916992
2016-12-14,13.246000289916992,13.246000289916992,13.533332824707031,13.11733341217041,13.249333381652832,62263500,0.0027252272268023514,12.670233392715454,12.913920021057129,0.021134006764254958,13.17199993133545
2016-12-15,13.17199993133545,13.17199993133545,13.38266658782959,13.15933322906494,13.227333068847656,48294000,-0.005586619127426196,12.71573338508606,12.899413356781006,0.0212353814934208,13.499333381652832
2016-12-16,13.499333381652832,13.499333381652832,13.505999565124512,13.173333168029783,13.20533275604248,56953500,0.02485070240083087,12.761833381652831,12.901400032043457,0.021189193689866402,13.51533317565918
2016-12-19,13.51533317565918,13.51533317565918,13.630000114440918,13.322667121887209,13.499333381652832,52321500,0.0011852284519540124,12.820866680145263,12.90956003189087,0.020500294313646725,13.919333457946776
2016-12-20,13.919333457946776,13.919333457946776,13.93333339691162,13.5,13.536666870117188,70336500,0.029891995782626468,12.901766681671143,12.920013370513916,0.021159121991114874,13.846667289733888
2016-12-21,13.846667289733888,13.846667289733888,14.148667335510254,13.827333450317385,13.896666526794434,78114000,-0.005220520683151042,12.956866693496703,12.930146713256836,0.02010330158974728,13.896666526794434
2016-12-22,13.896666526794434,13.896666526794434,13.999333381652832,13.766667366027832,13.881333351135254,46666500,0.00361092210958347,13.00789999961853,12.939400043487549,0.020054553467588946,14.22266674041748
2016-12-23,14.22266674041748,14.22266674041748,14.229999542236328,13.847332954406738,13.866666793823242,70057500,0.023458878645067793,13.063533353805543,12.956866722106934,0.02028449653277274,14.635333061218262
2016-12-27,14.635333061218262,14.635333061218262,14.81666660308838,14.29466724395752,14.325332641601562,88735500,0.029014693821664217,13.14156665802002,12.98756004333496,0.020939566990498502,14.649333000183104
2016-12-28,14.649333000183104,14.649333000183104,14.920000076293944,14.479999542236328,14.768667221069336,56737500,0.0009565849240520397,13.242133331298827,13.021933364868165,0.018854760887735234,14.312000274658203
2016-12-29,14.312000274658203,14.312000274658203,14.613332748413086,14.274666786193848,14.570667266845703,60675000,-0.02302717301331636,13.326399993896484,13.042706718444824,0.019993406756301447,14.246000289916992
2016-12-30,14.246000289916992,14.246000289916992,14.5,14.112000465393066,14.420000076293944,69639000,-0.0046115136580925364,13.432433366775513,13.05621337890625,0.01705085776498105,14.465999603271484
2017-01-03,14.465999603271484,14.465999603271484,14.68866729736328,14.064000129699709,14.324000358581545,88849500,0.015442882835696947,13.550833368301392,13.080066719055175,0.016937067645171746,15.13266658782959
2017-01-04,15.13266658782959,15.13266658782959,15.199999809265137,14.28733253479004,14.31666660308838,168202500,0.04608509628379487,13.684800052642823,13.11593339920044,0.01834321492774251,15.116666793823242
2017-01-05,15.116666793823242,15.116666793823242,15.165332794189451,14.796667098999023,15.094667434692385,88675500,-0.0010573016932267087,13.821133375167847,13.14792007446289,0.018190930500358745,15.267333030700684
2017-01-06,15.267333030700684,15.267333030700684,15.354000091552734,15.029999732971191,15.128666877746582,82918500,0.009966895409707854,13.940666675567627,13.183480072021485,0.01685208580973456,15.41866683959961
2017-01-09,15.41866683959961,15.41866683959961,15.461333274841309,15.199999809265137,15.264666557312012,59692500,0.009912262252654847,14.070633363723754,13.22220006942749,0.016566413333835392,15.324666976928713
2017-01-10,15.324666976928713,15.324666976928713,15.466667175292969,15.12600040435791,15.466667175292969,54900000,-0.006096497424114333,14.196266698837281,13.256680068969727,0.016786081662443445,15.315333366394045
2017-01-11,15.315333366394045,15.315333366394045,15.33199977874756,15.112000465393066,15.271332740783691,54762000,-0.0006090579683538655,14.320600032806396,13.2963600730896,0.016838295295972364,15.305999755859377
2017-01-12,15.305999755859377,15.305999755859377,15.380000114440918,15.038666725158691,15.27066707611084,56853000,-0.0006094291460314594,14.425400018692017,13.338840065002442,0.016231405460398092,15.850000381469728
2017-01-13,15.850000381469728,15.850000381469728,15.856666564941406,15.305999755859377,15.333333015441896,91395000,0.03554165910672369,14.555600023269653,13.40145341873169,0.017342483085300207,15.70533275604248
2017-01-17,15.70533275604248,15.70533275604248,15.997332572937012,15.624667167663574,15.779999732971191,69262500,-0.009127294759965987,14.682266664505004,13.464866733551025,0.01751806993350005,15.890666961669922
2017-01-18,15.890666961669922,15.890666961669922,15.980667114257812,15.70533275604248,15.776666641235352,56535000,0.011800718170465796,14.801833343505859,13.532786731719971,0.017134577804913956,16.250667572021484
2017-01-19,16.250667572021484,16.250667572021484,16.57866668701172,16.049999237060547,16.483333587646484,115984500,0.02265484584252664,14.938600063323975,13.603720073699952,0.01733506168554133,16.315332412719727
2017-01-20,16.315332412719727,16.315332412719727,16.399999618530273,16.200666427612305,16.36400032043457,63064500,0.003979211340805033,15.058400011062622,13.672413387298583,0.016678724259962547,16.594667434692383
2017-01-23,16.594667434692383,16.594667434692383,16.72599983215332,16.366666793823242,16.389999389648438,93943500,0.017121013222806347,15.195800018310546,13.744386730194092,0.016486445901172094,16.974000930786133
2017-01-24,16.974000930786133,16.974000930786133,16.98666763305664,16.643333435058594,16.666667938232422,74482500,0.022858758549190616,15.349666738510132,13.830453414916992,0.016702144290185423,16.96466636657715
2017-01-25,16.96466636657715,16.96466636657715,17.230667114257812,16.786666870117188,17.15399932861328,77139000,-0.0005499330562692695,15.486766719818116,13.922613410949706,0.01655991538644755,16.833999633789062
2017-01-26,16.833999633789062,16.833999633789062,17.049333572387695,16.71666717529297,16.952667236328125,47281500,-0.007702287210641479,15.596700048446655,14.007880058288574,0.016254648750128567,16.863332748413086
2017-01-27,16.863332748413086,16.863332748413086,16.866666793823242,16.56800079345703,16.7586669921875,47494500,0.0017424922931057463,15.707400035858154,14.103213367462159,0.016239840428873657,16.708667755126953
2017-01-30,16.708667755126953,16.708667755126953,17.019332885742188,16.47333335876465,16.8353328704834,57016500,-0.009171674163915622,15.827233409881591,14.192360057830811,0.015141544992595148,16.795333862304688
2017-01-31,16.795333862304688,16.795333862304688,17.05933380126953,16.51333236694336,16.615999221801758,61741500,0.005186895116227497,15.954700088500976,14.283026733398437,0.014872270800086103,16.615999221801758
2017-02-01,16.615999221801758,16.615999221801758,16.8799991607666,16.60333251953125,16.8700008392334,59382000,-0.010677646659077555,16.06220006942749,14.363800048828125,0.015357317983521995,16.770000457763672
2017-02-02,16.770000457763672,16.770000457763672,16.827999114990234,16.513999938964844,16.555999755859375,37497000,0.009268250070681772,16.144066762924194,14.452506713867187,0.01234465729183018,16.755332946777344
2017-02-03,16.755332946777344,16.755332946777344,16.812000274658203,16.64533233642578,16.79400062561035,32800500,-0.0008746279419173941,16.2260000705719,14.54158670425415,0.012339833726954127,17.184667587280273
2017-02-06,17.184667587280273,17.184667587280273,17.187999725341797,16.708667755126953,16.733333587646484,53437500,0.02562376061798921,16.32186679840088,14.630386714935304,0.013127604641559222,17.165332794189453
2017-02-07,17.165332794189453,17.165332794189453,17.333332061767578,17.094667434692383,17.21266746520996,63672000,-0.0011251188300628323,16.40920009613037,14.716173362731933,0.013186947248373581,17.472000122070312
2017-02-08,17.472000122070312,17.472000122070312,17.55733299255371,17.079999923706055,17.156667709350586,58995000,0.01786550436031553,16.51656675338745,14.803413372039795,0.013170080618119393,17.946666717529297
2017-02-09,17.946666717529297,17.946666717529297,18.07866668701172,17.74333381652832,17.75,117303000,0.027167272901938322,16.648133420944212,14.900853366851807,0.013812109978098664,17.948667526245117
2017-02-10,17.948667526245117,17.948667526245117,18.06333351135254,17.74066734313965,17.986000061035156,54295500,0.00011148636943625334,16.7802668094635,15.00706672668457,0.013789247432549601,18.706666946411133
2017-02-13,18.706666946411133,18.706666946411133,18.71933364868164,18.03400039672852,18.04933357238769,105444000,0.04223151490536248,16.92310013771057,15.128666725158691,0.014550468765689648,18.73200035095215
2017-02-14,18.73200035095215,18.73200035095215,19.159332275390625,18.573999404907227,18.60199928283692,110178000,0.0013542446986194445,17.074433517456054,15.260800075531005,0.014065913569823835,18.65066719055176
2017-02-15,18.65066719055176,18.65066719055176,18.81599998474121,18.429332733154297,18.666667938232425,74218500,-0.004341936732680685,17.212433528900146,15.391853427886963,0.014353524870094314,17.93000030517578
2017-02-16,17.93000030517578,17.93000030517578,18.666667938232425,17.899999618530273,18.50666618347168,106159500,-0.0386402737238839,17.296400165557863,15.50138677597046,0.01732632706090849,18.148666381835938
2017-02-17,18.148666381835938,18.148666381835938,18.19266700744629,17.610000610351562,17.719999313354492,93856500,0.012195542272078752,17.388066864013673,15.616560096740722,0.017396334459816483,18.49266624450684
2017-02-21,18.49266624450684,18.49266624450684,18.76000022888184,18.267332077026367,18.36333274841309,85150500,0.018954553212526593,17.482966804504393,15.728880081176758,0.017465591698822253,18.233999252319336
2017-02-22,18.233999252319336,18.233999252319336,18.89666748046875,18.17333221435547,18.687332153320312,131325000,-0.013987544509128869,17.545966720581056,15.837173404693603,0.01748967777087554,17.06599998474121
2017-02-23,17.06599998474121,17.06599998474121,17.643999099731445,17.03733253479004,17.600000381469727,223728000,-0.06405612128285887,17.551033401489256,15.922253398895263,0.023155162985942675,17.133333206176758
2017-02-24,17.133333206176758,17.133333206176758,17.21666717529297,16.68000030517578,16.8439998626709,122574000,0.003945460066550499,17.566000080108644,16.008346729278564,0.023082883296496333,16.415332794189453
2017-02-27,16.415332794189453,16.415332794189453,16.55733299255371,16.134000778198242,16.544666290283203,171912000,-0.04190663914295778,17.54360008239746,16.072453384399413,0.025006142678773918,16.666000366210938
2017-02-28,16.666000366210938,16.666000366210938,16.733333587646484,16.260000228881836,16.279333114624023,91171500,0.015270331412970961,17.54146671295166,16.140853385925293,0.02518464121554001,16.667999267578125
2017-03-01,16.667999267578125,16.667999267578125,16.989999771118164,16.607332229614258,16.94533348083496,72142500,0.00011993887695105343,17.535099983215332,16.210773372650145,0.025157075006670717,16.698667526245117
2017-03-02,16.698667526245117,16.698667526245117,16.885332107543945,16.551332473754883,16.6473331451416,50277000,0.0018399484050042325,17.5392333984375,16.274760055541993,0.02503482732196111,16.771333694458008
2017-03-03,16.771333694458008,16.771333694458008,16.793333053588867,16.600000381469727,16.715999603271484,43791000,0.004351614767985623,17.539300060272218,16.339880065917967,0.02496877246586085,16.747333526611328
2017-03-06,16.747333526611328,16.747333526611328,16.780000686645508,16.500667572021484,16.527332305908203,50332500,-0.0014310232140101187,17.538900089263915,16.39644006729126,0.02497046580274182,16.57266616821289
2017-03-07,16.57266616821289,16.57266616821289,16.926000595092773,16.55466651916504,16.794666290283203,51892500,-0.010429562301419115,17.508300018310546,16.45096004486084,0.02433769899223142,16.45800018310547
2017-03-08,16.45800018310547,16.45800018310547,16.67133331298828,16.35466766357422,16.46666717529297,55878000,-0.006918982373962046,17.47293338775635,16.502186717987062,0.024367146442165043,16.32666778564453
2017-03-09,16.32666778564453,16.32666778564453,16.577333450317383,16.200000762939453,16.5086669921875,58189500,-0.007979851500776736,17.415666770935058,16.5442667388916,0.023950245178032,16.246000289916992
2017-03-10,16.246000289916992,16.246000289916992,16.433332443237305,16.200000762939453,16.413999557495117,45994500,-0.0049408426009909245,17.330633449554444,16.576480083465576,0.022865652554471413,16.411333084106445
2017-03-13,16.411333084106445,16.411333084106445,16.456666946411133,16.185333251953125,16.321332931518555,45339000,0.010176830680722393,17.25376672744751,16.611720085144043,0.02308712016131569,17.200000762939453
2017-03-14,17.200000762939453,17.200000762939453,17.20800018310547,16.40133285522461,16.407333374023438,113976000,0.04805628371511106,17.178433418273926,16.66948009490967,0.023731543237980983,17.048667907714844
2017-03-15,17.048667907714844,17.048667907714844,17.399999618530273,16.951332092285156,17.133333206176758,79962000,-0.008798421425113223,17.09426679611206,16.725533447265626,0.023721405734579936,17.469999313354492
2017-03-16,17.469999313354492,17.469999313354492,17.71666717529297,17.270666122436523,17.49333381652832,106983000,0.024713450219121746,17.035233402252196,16.785613441467284,0.024600265775057605,17.433332443237305
2017-03-17,17.433332443237305,17.433332443237305,17.68866729736328,17.413333892822266,17.600000381469727,97462500,-0.002098847828182704,17.010400009155273,16.83162675857544,0.02312455266421991,17.461332321166992
2017-03-20,17.461332321166992,17.461332321166992,17.636667251586914,17.254667282104492,17.373332977294922,54214500,0.0016061116267274134,16.976033306121828,16.878520069122313,0.022923350812773514,16.711999893188477
2017-03-21,16.711999893188477,16.711999893188477,17.65333366394043,16.682666778564453,17.52199935913086,103629000,-0.04291381746799239,16.886999988555907,16.907413406372072,0.02413527087777531,17.000667572021484
2017-03-22,17.000667572021484,17.000667572021484,17.004667282104492,16.700666427612305,16.770666122436523,60889500,0.017273078068332337,16.825333404541016,16.939053421020507,0.02451608525345341,16.985332489013672
2017-03-23,16.985332489013672,16.985332489013672,17.17799949645996,16.886667251586914,17.025999069213867,49803000,-0.00090202828464514,16.82130002975464,16.972266731262206,0.019898275569134014,17.54400062561035
2017-03-24,17.54400062561035,17.54400062561035,17.592666625976562,17.000667572021484,17.046667098999023,84709500,0.03289120992821504,16.84183340072632,17.016840076446535,0.021213274416328184,18.014667510986328
2017-03-27,18.014667510986328,18.014667510986328,18.038000106811523,17.316667556762695,17.373332977294922,93462000,0.026827796887382016,16.921800136566162,17.071013431549073,0.019310604923061483,18.49666786193848
2017-03-28,18.49666786193848,18.49666786193848,18.71199989318848,18.33333206176757,18.468000411987305,119814000,0.026755994839105623,17.01333351135254,17.12394678115845,0.01980179744092459,18.492000579833984
2017-03-29,18.492000579833984,18.492000579833984,18.63999938964844,18.36933326721192,18.55599975585937,55143000,-0.00025233096789822884,17.10453357696533,17.17968013763428,0.01980720593269419,18.527999877929688
2017-03-30,18.527999877929688,18.527999877929688,18.799999237060547,18.48066711425781,18.535999298095703,62226000,0.0019467497819007917,17.196000194549562,17.232426795959473,0.01980621245115117,18.553333282470703
2017-03-31,18.553333282470703,18.553333282470703,18.64533233642578,18.42133331298828,18.582000732421875,49419000,0.0013673037946848599,17.285100173950195,17.278480110168456,0.01982573199188511,19.90133285522461
2017-04-03,19.90133285522461,19.90133285522461,19.933332443237305,18.972000122070312,19.12666702270508,208329000,0.07265538500445645,17.44280014038086,17.350200119018556,0.02480759697062657,20.24666786193848
2017-04-04,20.24666786193848,20.24666786193848,20.320667266845703,19.635332107543945,19.792667388916016,152019000,0.01735235570532212,17.62650022506714,17.423240127563478,0.024440327143409366,19.666667938232425
2017-04-05,19.666667938232425,19.666667938232425,20.32533264160156,19.61333274841309,20.13599967956543,118213500,-0.02864668535390913,17.78693361282349,17.477093467712404,0.025698438004683664,19.913333892822266
2017-04-06,19.913333892822266,19.913333892822266,20.12933349609375,19.606666564941406,19.79199981689453,82809000,0.01254233586312381,17.966266918182377,17.536066818237305,0.0253818357665868,20.16933250427246
2017-04-07,20.16933250427246,20.16933250427246,20.179332733154297,19.809999465942383,19.83333206176757,68694000,0.012855637977449375,18.16243352890015,17.602773475646973,0.025130833522019547,20.826000213623047
2017-04-10,20.826000213623047,20.826000213623047,20.915332794189453,20.58066749572754,20.61000061035156,114967500,0.03255773135831275,18.383166885375978,17.682026824951173,0.0255785701058706,20.58066749572754
2017-04-11,20.58066749572754,20.58066749572754,20.89800071716309,20.36666679382324,20.89200019836425,85869000,-0.011780116939354768,18.552200222015383,17.759466819763187,0.02465772153738132,19.78933334350586
2017-04-12,19.78933334350586,19.78933334350586,20.56333351135254,19.75466728210449,20.422666549682617,90760500,-0.03845036378853883,18.689233493804934,17.81934680938721,0.026616678797928645,20.26666641235352
2017-04-13,20.26666641235352,20.26666641235352,20.49266624450684,19.68666648864746,19.780000686645508,139269000,0.024120725067492188,18.829066848754884,17.892360153198243,0.026597195889750264,20.09600067138672
2017-04-17,20.09600067138672,20.09600067138672,20.26666641235352,19.91200065612793,20.18000030517578,62080500,-0.00842100706126847,18.962200260162355,17.958880157470706,0.026757937029103528,20.01666641235352
2017-04-18,20.01666641235352,20.01666641235352,20.05599975585937,19.86000061035156,19.979999542236328,45535500,-0.0039477635540765554,19.089966964721683,18.02410682678223,0.026850646184044622,20.36800003051757
2017-04-19,20.36800003051757,20.36800003051757,20.44133377075196,20.14066696166992,20.16399955749512,58470000,0.017552054419372354,19.272766971588137,18.087773475646976,0.024183689292854606,20.16733360290528
2017-04-20,20.16733360290528,20.16733360290528,20.61000061035156,20.01533317565918,20.43400001525879,92241000,-0.009852043760390283,19.431100273132326,18.147813491821292,0.02452521971700316,20.37333297729492
2017-04-21,20.37333297729492,20.37333297729492,20.426666259765625,20.027999877929688,20.13333320617676,67647000,0.010214507204857393,19.60050029754639,18.205840148925784,0.024418101942462796,20.53533363342285
2017-04-24,20.53533363342285,20.53533363342285,20.703332901000977,20.40133285522461,20.61466789245605,76252500,0.007951603024820564,19.750066947937015,18.257613487243656,0.02378468547531881,20.91933250427246
2017-04-25,20.91933250427246,20.91933250427246,20.93199920654297,20.39066696166992,20.53333282470703,101065500,0.018699422064641924,19.895300197601323,18.317026786804202,0.02351698722262329,20.67799949645996
2017-04-26,20.67799949645996,20.67799949645996,20.96666717529297,20.600000381469727,20.82466697692871,70425000,-0.011536362728744365,20.004366779327395,18.35645343780518,0.02344780759920333,20.57533264160156
2017-04-27,20.57533264160156,20.57533264160156,20.87266731262207,20.5,20.779333114624023,52029000,-0.004965028404995242,20.108533382415775,18.393320083618168,0.023535836580955424,20.9379997253418
2017-04-28,20.9379997253418,20.9379997253418,20.98666763305664,20.53333282470703,20.655332565307617,67582500,0.017626304762964562,20.22903337478638,18.43906673431397,0.023668133636467643,21.52199935913086
2017-05-01,21.52199935913086,21.52199935913086,21.81666755676269,20.98733329772949,20.992000579833984,132444000,0.027891854114518333,20.37746667861939,18.51090671539307,0.024110600955245767,21.25933265686035
2017-05-02,21.25933265686035,21.25933265686035,21.8439998626709,21.10400009155273,21.600000381469727,80742000,-0.012204567888302154,20.445366668701176,18.573120040893556,0.019009136908643354,20.73466682434082
2017-05-03,20.73466682434082,20.73466682434082,21.435333251953125,20.696666717529297,21.17799949645996,107001000,-0.02467931806646917,20.46976661682129,18.617960052490236,0.019705201901101328,19.69733238220215
2017-05-04,19.69733238220215,19.69733238220215,20.51799964904785,19.38400077819824,20.496000289916992,212280000,-0.05002899014132822,20.471299839019775,18.647226715087893,0.021879905410137564,20.55666732788086
2017-05-05,20.55666732788086,20.55666732788086,20.56999969482422,19.786666870117188,19.86666679382324,122659500,0.04362697085089429,20.503466510772704,18.717040061950687,0.02381337317857486,20.47933387756348
2017-05-08,20.47933387756348,20.47933387756348,20.91933250427246,20.38800048828125,20.726667404174805,105097500,-0.003761964382840044,20.518966579437254,18.78396007537842,0.023699217421916673,21.41733360290528
2017-05-09,21.41733360290528,21.41733360290528,21.465999603271484,20.606666564941406,20.625333786010746,145147500,0.04580225758072354,20.548533248901368,18.884000091552736,0.024786640585375382,21.68133354187012
2017-05-10,21.68133354187012,21.68133354187012,21.700000762939453,21.20800018310547,21.437332153320312,86124000,0.012326461540900224,20.603566551208495,18.98430675506592,0.024682901766227013,21.540000915527344
2017-05-11,21.540000915527344,21.540000915527344,21.733333587646484,21.30666732788086,21.559999465942383,71307000,-0.006518631617831172,20.69109992980957,19.081746788024905,0.022830791729808605,21.65399932861328
2017-05-12,21.65399932861328,21.65399932861328,21.799999237060547,21.435333251953125,21.69866752624512,61824000,0.005292405210798323,20.76046657562256,19.180853424072268,0.022362316559841926,21.058666229248047
2017-05-15,21.058666229248047,21.058666229248047,21.34666633605957,20.8353328704834,21.22533226013184,114330000,-0.027492985952879856,20.808599853515624,19.266600074768068,0.023287330850923705,21.13400077819824
2017-05-16,21.13400077819824,21.13400077819824,21.33733367919922,21.00933265686035,21.172666549682617,62287500,0.0035773656379796126,20.86446657180786,19.354333419799808,0.023236710196074567,20.40733337402344
2017-05-17,20.40733337402344,20.40733337402344,20.97533226013184,20.36666679382324,20.959333419799805,100678500,-0.034383807013219414,20.866433238983156,19.43102676391602,0.024395192869966883,20.87066650390625
2017-05-18,20.87066650390625,20.87066650390625,20.929332733154297,20.35400009155273,20.46666717529297,84807000,0.02270424662501891,20.901599884033203,19.519280090332032,0.024760019021064113,20.722000122070312
2017-05-19,20.722000122070312,20.722000122070312,21.100000381469727,20.68000030517578,21.03333282470703,70314000,-0.007123221570720428,20.919033241271972,19.607186737060548,0.024761050958656734,20.690000534057617
2017-05-22,20.690000534057617,20.690000534057617,20.95800018310547,20.453332901000977,20.85333251953125,64938000,-0.0015442325945463908,20.92676658630371,19.696066741943362,0.024714566003842323,20.257333755493164
2017-05-23,20.257333755493164,20.257333755493164,20.71533393859864,20.23200035095215,20.69733238220215,64776000,-0.020911878559512043,20.893666648864745,19.772986755371097,0.02478038977322231,20.68133354187012
2017-05-24,20.68133354187012,20.68133354187012,20.733333587646484,20.36000061035156,20.43400001525879,75499500,0.020930680784285505,20.893833351135253,19.84261341094971,0.025136454319002507,21.121999740600582
2017-05-25,21.121999740600582,21.121999740600582,21.131332397460938,20.520666122436523,20.73466682434082,75210000,0.021307436381619915,20.921166706085206,19.924080047607426,0.02552979111916016,21.676000595092773
2017-05-26,21.676000595092773,21.676000595092773,21.69933319091797,21.08733367919922,21.152000427246094,117033000,0.026228617616507854,20.958066749572755,20.00820007324219,0.025883631727366633,22.34000015258789
2017-05-30,22.34000015258789,22.34000015258789,22.41866683959961,21.71733283996582,21.733333587646484,116743500,0.030632936854847692,20.998966789245607,20.106333427429202,0.02603447310516667,22.733999252319336
2017-05-31,22.733999252319336,22.733999252319336,22.85933303833008,22.3439998626709,22.512666702270508,149451000,0.017636485991062267,21.072700119018556,20.21178676605225,0.02602125473541585,22.69133377075196
2017-06-01,22.69133377075196,22.69133377075196,22.992000579833984,22.48600006103516,22.933332443237305,114120000,-0.0018767257398859538,21.170533466339112,20.331373443603518,0.025199821554729874,22.656667709350582
2017-06-02,22.656667709350582,22.656667709350582,22.858667373657227,22.39533233642578,22.65133285522461,83853000,-0.00152772251078781,21.318500232696532,20.4444934463501,0.021739775223408846,23.15466690063477
2017-06-05,23.15466690063477,23.15466690063477,23.22933387756348,22.28066635131836,22.56666755676269,101766000,0.021980248714097428,21.448400211334228,20.56788013458252,0.020326082398960155,23.523332595825195
2017-06-06,23.523332595825195,23.523332595825195,23.965999603271484,22.6646671295166,22.979999542236328,166302000,0.01592187427150238,21.600600147247313,20.687466773986817,0.020296701241153618,23.976667404174805
2017-06-07,23.976667404174805,23.976667404174805,24.03333282470703,23.676000595092773,23.756000518798828,140970000,0.019271708483604266,21.72856683731079,20.806706771850585,0.018417396705997797,24.666667938232425
2017-06-08,24.666667938232425,24.666667938232425,24.793333053588867,24.014667510986328,24.25,135922500,0.028777999979157975,21.877833557128906,20.930106773376465,0.019078730456491166,23.821332931518555
2017-06-09,23.821332931518555,23.821332931518555,25.12466621398925,23.65333366394043,24.961332321166992,258921000,-0.034270336343387164,21.991900157928466,21.036693420410156,0.020998983842055913,23.93400001525879
2017-06-12,23.93400001525879,23.93400001525879,24.299999237060547,23.37466621398925,23.86599922180176,157765500,0.004729671679755576,22.10590019226074,21.144813423156737,0.020999310280294576,25.06333351135254
2017-06-13,25.06333351135254,25.06333351135254,25.06666755676269,24.44066619873047,24.507999420166016,177118500,0.04718532194258196,22.306133556365968,21.275013427734375,0.021508013953904757,25.37733268737793
2017-06-14,25.37733268737793,25.37733268737793,25.61666679382324,25.08733367919922,25.4060001373291,192276000,0.012528228772248573,22.518300151824953,21.38453342437744,0.02148317634642125,25.022666931152344
2017-06-15,25.022666931152344,25.022666931152344,25.03066635131836,24.432666778564453,24.83333206176757,156397500,-0.013975690849574174,22.749066829681396,21.48005340576172,0.019704640021756495,24.76000022888184
2017-06-16,24.76000022888184,24.76000022888184,25.200666427612305,24.67333221435547,25.19866752624512,100965000,-0.01049715056325562,22.943533515930177,21.581920051574706,0.02001233113229757,24.65333366394043
2017-06-19,24.65333366394043,24.65333366394043,25.11333274841309,24.520000457763672,25.0,98239500,-0.004308019545855468,23.14010019302368,21.67672004699707,0.019904267180176818,24.81599998474121
2017-06-20,24.81599998474121,24.81599998474121,25.2586669921875,24.648666381835938,25.1113338470459,111580500,0.006598147050542957,23.34640016555786,21.769653396606444,0.01976192526633821,25.09333229064941
2017-06-21,25.09333229064941,25.09333229064941,25.132667541503903,24.534666061401367,24.956666946411133,73848000,0.01117554424882039,23.588200092315674,21.855000038146972,0.018436604045751138,25.507333755493164
2017-06-22,25.507333755493164,25.507333755493164,25.666667938232425,24.90466690063477,25.19933319091797,112947000,0.016498465012477537,23.829500102996825,21.953533363342284,0.018336337453862244,25.56333351135254
2017-06-23,25.56333351135254,25.56333351135254,25.79933357238769,25.290000915527344,25.49666786193848,96687000,0.0021954374532506815,24.051566791534423,22.06901336669922,0.018252300756481137,25.166000366210938
2017-06-26,25.166000366210938,25.166000366210938,25.796667098999023,24.87333297729492,25.779333114624023,99061500,-0.015543088109582714,24.22606678009033,22.167000045776366,0.018652413727253146,24.15800094604492
2017-06-27,24.15800094604492,24.15800094604492,25.09333229064941,24.134666442871094,25.09333229064941,104946000,-0.04005401754342364,24.316966819763184,22.24824005126953,0.02065876437377875,24.74933242797852
2017-06-28,24.74933242797852,24.74933242797852,24.78266716003418,24.167999267578125,24.44533348083496,94537500,0.024477666146892396,24.417733478546143,22.342893371582033,0.020948902398894208,24.049999237060547
2017-06-29,24.049999237060547,24.049999237060547,24.733333587646484,23.606666564941406,24.707332611083984,123315000,-0.028256648657213557,24.485666751861572,22.41653335571289,0.02216437955675266,24.10733222961425
2017-06-30,24.10733222961425,24.10733222961425,24.45133209228516,23.974666595458984,24.247333526611328,87727500,0.0023839082899159703,24.558199977874757,22.49533332824707,0.022138216059197472,23.507999420166016
2017-07-03,23.507999420166016,23.507999420166016,24.75666618347168,23.433332443237305,24.682666778564453,94581000,-0.02486101754187442,24.575866603851317,22.55802665710449,0.02253667790348978,21.80599975585937
2017-07-05,21.80599975585937,21.80599975585937,23.14933204650879,21.755332946777344,23.14666748046875,255700500,-0.07240087231100611,24.489999961853027,22.583439979553223,0.027553699952601363,20.588666915893555
2017-07-06,20.588666915893555,20.588666915893555,21.38599967956543,20.420000076293945,21.15066719055176,289867500,-0.05582559174516699,24.320599937438963,22.576826667785646,0.02935695774901237,20.881332397460938
2017-07-07,20.881332397460938,20.881332397460938,21.13333320617676,20.492000579833984,20.89999961853028,212653500,0.014214882525563466,24.13133316040039,22.580893325805665,0.02858889870001824,21.06999969482422
2017-07-10,21.06999969482422,21.06999969482422,21.19599914550781,20.20866775512696,20.86000061035156,207313500,0.0090352135473033,23.993766498565673,22.590786666870116,0.02812269928014409,21.814666748046875
2017-07-11,21.814666748046875,21.814666748046875,21.818666458129883,20.953332901000977,21.06666755676269,173391000,0.03534252795483339,23.88779983520508,22.60832000732422,0.029520584690561392,21.968000411987305
2017-07-12,21.968000411987305,21.968000411987305,22.206666946411133,21.63333320617676,22.02666664123535,155191500,0.007028925342357439,23.733033180236816,22.617240028381346,0.027108452517806594,21.560667037963867
2017-07-13,21.560667037963867,21.560667037963867,22.106666564941406,21.33133316040039,22.007333755493164,128917500,-0.018542123378747166,23.542199897766114,22.623266716003418,0.02686717171222332,21.85199928283692
2017-07-14,21.85199928283692,21.85199928283692,21.89466667175293,21.4146671295166,21.54599952697754,84378000,0.013512209263288444,23.383666515350342,22.64561336517334,0.027233356324316428,21.30466651916504
2017-07-17,21.30466651916504,21.30466651916504,21.80666732788086,20.89666748046875,21.702667236328125,148153500,-0.025047262567950535,23.210899829864502,22.6777600479126,0.027541414229881458,21.882667541503903
2017-07-18,21.882667541503903,21.882667541503903,21.941999435424805,21.04400062561035,21.166667938232425,95605500,0.027130254389051922,23.072366523742676,22.70428005218506,0.028587574174881218,21.68400001525879
2017-07-19,21.68400001525879,21.68400001525879,22.11000061035156,21.54800033569336,21.881999969482425,95355000,-0.009078761803985258,22.915766525268555,22.728373374938965,0.02845164228927602,21.994667053222656
2017-07-20,21.994667053222656,21.994667053222656,22.014667510986328,21.61333274841309,21.793333053588867,77493000,0.014327017051524393,22.760833263397217,22.73992004394531,0.028562212096774,21.8933334350586
2017-07-21,21.8933334350586,21.8933334350586,22.083999633789062,21.71999931335449,21.964000701904297,73524000,-0.004607190366594294,22.58013324737549,22.74416004180908,0.02806606601113006,22.834667205810547
2017-07-24,22.834667205810547,22.834667205810547,22.8933334350586,22.000667572021484,22.016000747680664,129556500,0.04299636569936638,22.44369993209839,22.770053367614747,0.03018963043153915,22.63999938964844
2017-07-25,22.63999938964844,22.63999938964844,23.040000915527344,22.27666664123535,23.0,104838000,-0.008525099770780531,22.317399883270262,22.789773368835448,0.030103604470072612,22.92333221435547
2017-07-26,22.92333221435547,22.92333221435547,23.03333282470703,22.541332244873047,22.69066619873047,72312000,0.012514701075326595,22.25566644668579,22.8270666885376,0.029146664776014897,22.297332763671875
2017-07-27,22.297332763671875,22.297332763671875,23.166667938232425,21.752666473388672,23.06666755676269,124536000,-0.027308396738741525,22.13306646347046,22.85033332824707,0.02895072073498048,22.33799934387207
2017-07-28,22.33799934387207,22.33799934387207,22.63999938964844,22.16733360290528,22.459333419799805,73206000,0.001823831604937487,22.047466468811034,22.888946647644044,0.028444831200067196,21.564666748046875
2017-07-31,21.564666748046875,21.564666748046875,22.766000747680664,21.402666091918945,22.36666679382324,128026500,-0.034619599719763694,21.920333194732667,22.902826652526855,0.02924814669491218,21.30466651916504
2017-08-01,21.30466651916504,21.30466651916504,21.6299991607666,21.07533264160156,21.53333282470703,124546500,-0.01205677008226358,21.810166549682616,22.91447998046875,0.02893228807941866,21.72599983215332
2017-08-02,21.72599983215332,21.72599983215332,21.808000564575195,20.74799919128418,21.262666702270508,196372500,0.019776573954314758,21.806166553497313,22.935199966430662,0.024558467731193148,23.139333724975582
2017-08-03,23.139333724975582,23.139333724975582,23.33333206176757,22.87666702270508,23.02199935913086,203025000,0.06505265137352167,21.933699893951417,22.992839965820313,0.024940706005880796,23.79400062561035
2017-08-04,23.79400062561035,23.79400062561035,23.81800079345703,22.88666725158692,23.13333320617676,139033500,0.02829238336833151,22.079333305358887,23.055093307495117,0.025375199059364795,23.67799949645996
2017-08-07,23.67799949645996,23.67799949645996,23.96533393859864,23.51666641235352,23.82333374023437,94867500,-0.004875225943531958,22.209733295440675,23.106213302612304,0.025502539164490037,24.347999572753903
2017-08-08,24.347999572753903,24.347999572753903,24.57200050354004,23.82666778564453,23.8353328704834,111747000,0.028296312633764087,22.336399936676024,23.15965328216553,0.025123987417086276,24.235332489013672
2017-08-09,24.235332489013672,24.235332489013672,24.666667938232425,23.93000030517578,24.06666755676269,103381500,-0.0046273651107793246,22.449766540527342,23.197559928894044,0.025229068651041568,23.69333267211914
2017-08-10,23.69333267211914,23.69333267211914,24.44333267211914,23.643999099731445,24.106666564941406,106393500,-0.02236403470594972,22.556399822235107,23.21674659729004,0.02543219622875632,23.857999801635746
2017-08-11,23.857999801635746,23.857999801635746,24.083999633789062,23.57466697692871,23.79800033569336,65487000,0.006949935317051237,22.656699848175048,23.240079917907714,0.025359238807766096,24.253332138061523
2017-08-14,24.253332138061523,24.253332138061523,24.51066780090332,24.17333221435547,24.308666229248047,67788000,0.016570221297372623,22.804133129119872,23.272013206481933,0.024481917304006635,24.155332565307617
2017-08-15,24.155332565307617,24.155332565307617,24.36599922180176,23.95800018310547,24.34666633605957,46276500,-0.004040664276399042,22.91776638031006,23.29202651977539,0.024107768114396414,24.194000244140625
2017-08-16,24.194000244140625,24.194000244140625,24.433332443237305,24.167999267578125,24.200000762939453,51207000,0.0016007926501722114,23.043266391754152,23.3054398727417,0.023891578725049278,23.461332321166992
2017-08-17,23.461332321166992,23.461332321166992,24.21999931335449,23.439332962036133,24.08066749572754,75415500,-0.030283041893870877,23.11659965515137,23.29513317108154,0.02510131288346961,23.16399955749512
2017-08-18,23.16399955749512,23.16399955749512,23.600000381469727,23.053333282470703,23.527332305908203,81123000,-0.012673311114715147,23.180132961273195,23.265079803466797,0.02530289712122814,22.52400016784668
2017-08-21,22.52400016784668,22.52400016784668,23.05466651916504,22.12333297729492,23.05466651916504,97431000,-0.027629053784943514,23.164599609375,23.23913314819336,0.02435611434417933,22.75666618347168
2017-08-22,22.75666618347168,22.75666618347168,22.81599998474121,22.4913330078125,22.742000579833984,64830000,0.010329693388882788,23.17043294906616,23.215586471557618,0.024390200482557862,23.51799964904785
2017-08-23,23.51799964904785,23.51799964904785,23.56599998474121,22.553333282470703,22.59933280944824,74317500,0.03345540420719151,23.200166320800783,23.184679794311524,0.025361603573675614,23.52866744995117
2017-08-24,23.52866744995117,23.52866744995117,23.777332305908203,23.31599998474121,23.501333236694336,68770500,0.00045360154190454693,23.261733055114746,23.14770648956299,0.024440050599366332,23.203332901000977
2017-08-25,23.203332901000977,23.203332901000977,23.71266746520996,23.15333366394043,23.61599922180176,52260000,-0.013827155730014251,23.30499973297119,23.111319808959962,0.0247276098277751,23.04400062561035
2017-08-28,23.04400062561035,23.04400062561035,23.156667709350582,22.64800071716309,23.152000427246094,56460000,-0.006866784012039551,23.378966426849367,23.07699981689453,0.023290226774024876,23.15733337402344
2017-08-29,23.15733337402344,23.15733337402344,23.270000457763672,22.58333206176757,22.631999969482425,61105500,0.004918102123601553,23.471599769592284,23.047079811096193,0.022997991882846132,23.545333862304688
2017-08-30,23.545333862304688,23.545333862304688,23.564666748046875,23.13333320617676,23.31133270263672,51193500,0.016754972691133796,23.562566471099853,23.021666488647462,0.022901561211213037,23.726667404174805
2017-08-31,23.726667404174805,23.726667404174805,23.895999908447266,23.521333694458008,23.56999969482422,61092000,0.0077014640323460615,23.591933155059813,22.99433319091797,0.01794499836449952,23.69333267211914
2017-09-01,23.69333267211914,23.69333267211914,23.839332580566406,23.57933235168457,23.7413330078125,45742500,-0.001404947921586297,23.586899757385254,22.958053169250487,0.016795067965485258,23.30599975585937
2017-09-05,23.30599975585937,23.30599975585937,23.69933319091797,23.05933380126953,23.58666610717773,57526500,-0.016347760005731904,23.568299770355225,22.912906494140625,0.017159501540143455,22.96866607666016
2017-09-06,22.96866607666016,22.96866607666016,23.398666381835938,22.770666122436523,23.299999237060547,61371000,-0.014474113221184748,23.499333095550536,22.868959808349608,0.015987049372922467,23.374000549316406
2017-09-07,23.374000549316406,23.374000549316406,23.498666763305664,22.89666748046875,23.065332412719727,63588000,0.01764727961577761,23.456266498565675,22.853279800415038,0.0166158401154359,22.8933334350586
2017-09-08,22.8933334350586,22.8933334350586,23.318666458129883,22.81999969482422,23.266000747680664,48952500,-0.0205641782733621,23.416266536712648,22.816159820556642,0.016502384083351987,24.246000289916992
2017-09-11,24.246000289916992,24.246000289916992,24.247333526611328,23.33333206176757,23.42333221435547,115006500,0.05908562240162607,23.43566656112671,22.82007984161377,0.021332668008653844,24.183332443237305
2017-09-12,24.183332443237305,24.183332443237305,24.583999633789062,24.02666664123535,24.29933357238769,89593500,-0.00258466740618446,23.432166576385498,22.82159984588623,0.021025576264524035,24.415332794189453
2017-09-13,24.415332794189453,24.415332794189453,24.538000106811523,23.9726676940918,24.25466728210449,62778000,0.009593398738436676,23.44516658782959,22.8397465133667,0.02110640744160222,25.176000595092773
2017-09-14,25.176000595092773,25.176000595092773,25.19733238220215,24.17533302307129,24.288667678833008,108037500,0.031155332074128017,23.4942666053772,22.907146530151365,0.02217698431683259,25.320667266845703
2017-09-15,25.320667266845703,25.320667266845703,25.33333206176757,24.84666633605957,24.96733283996582,81307500,0.005746213391062849,23.587233352661134,23.00178653717041,0.020819388126996383,25.666667938232425
2017-09-18,25.666667938232425,25.666667938232425,25.974000930786133,25.178667068481445,25.350000381469727,107820000,0.013664753291860121,23.712366771697997,23.097493247985838,0.02053876877921066,25.00666618347168
2017-09-19,25.00666618347168,25.00666618347168,25.49266624450684,24.90466690063477,25.33333206176757,96778500,-0.025714352807659324,23.836500072479247,23.17622657775879,0.020380859285355667,24.92733383178711
2017-09-20,24.92733383178711,24.92733383178711,25.21666717529297,24.738000869750977,24.86666679382324,73786500,-0.0031724481425279283,23.945033454895018,23.238479919433594,0.02043378699474533,24.43199920654297
2017-09-21,24.43199920654297,24.43199920654297,25.121999740600582,24.30066680908203,24.99333381652832,69273000,-0.019871143403731972,23.990733432769776,23.287759895324708,0.019966339549557247,23.4060001373291
2017-09-22,23.4060001373291,23.4060001373291,24.65999984741211,23.39200019836425,24.432666778564453,122391000,-0.041994069357169206,23.984600067138672,23.32466655731201,0.02227279705404005,22.99933242797852
2017-09-25,22.99933242797852,22.99933242797852,23.83133316040039,22.858667373657227,23.543333053588867,114088500,-0.01737450683433983,23.97440004348755,23.347613220214843,0.022402219881255986,23.01666641235352
2017-09-26,23.01666641235352,23.01666641235352,23.416000366210938,22.726667404174805,23.39533233642578,107344500,0.0007536733698372267,23.973033332824706,23.381853218078614,0.022347691713222574,22.731332778930664
2017-09-27,22.731332778930664,22.731332778930664,23.432666778564453,22.700000762939453,23.32666778564453,90904500,-0.012396827077865269,23.951733303070068,23.39882652282715,0.022489252287861836,22.63999938964844
2017-09-28,22.63999938964844,22.63999938964844,22.850000381469727,22.36000061035156,22.658666610717773,79794000,-0.00401795135245564,23.906466579437257,23.41794651031494,0.022117798317830017,22.739999771118164
2017-09-29,22.739999771118164,22.739999771118164,22.978666305541992,22.57333374023437,22.790666580200195,76606500,0.004416978099188729,23.857133197784425,23.432853164672853,0.022056204028071354,22.768667221069336
2017-10-02,22.768667221069336,22.768667221069336,22.913333892822266,22.367332458496094,22.834667205810547,79302000,0.001260661839917132,23.810899925231933,23.450359840393066,0.022067357442547973,23.209333419799805
2017-10-03,23.209333419799805,23.209333419799805,23.23666763305664,22.0853328704834,22.3933334350586,152304000,0.019354062073632994,23.806066608428956,23.45785316467285,0.022268250266407306,23.66733360290528
2017-10-04,23.66733360290528,23.66733360290528,23.90800094604492,23.30666732788086,23.416667938232425,122452500,0.019733448385672148,23.840999984741213,23.478399848937993,0.02240919488919677,23.68866729736328
2017-10-05,23.68866729736328,23.68866729736328,23.82933235168457,23.42333221435547,23.733333587646484,62575500,0.0009013983077241772,23.85673332214356,23.493706550598148,0.022094029857054418,23.79199981689453
2017-10-06,23.79199981689453,23.79199981689453,24.00666618347168,23.483333587646484,23.540000915527344,64462500,0.004362107763772327,23.901666641235355,23.523599891662602,0.0215150467922119,22.862667083740234
2017-10-09,22.862667083740234,22.862667083740234,23.450000762939453,22.844667434692383,23.309999465942383,112405500,-0.03906072378558045,23.832499980926517,23.534093246459964,0.01887508240787566,23.70599937438965
2017-10-10,23.70599937438965,23.70599937438965,23.70866775512696,23.03533363342285,23.1200008392334,104677500,0.03688687271526536,23.808633327484134,23.57691989898682,0.020854415061841308,23.63999938964844
2017-10-11,23.63999938964844,23.63999938964844,23.84000015258789,23.40999984741211,23.59266662597656,67512000,-0.0027841047196056623,23.769866657257083,23.623626556396488,0.020713281457369802,23.71199989318848
2017-10-12,23.71199989318848,23.71199989318848,23.985332489013672,23.50933265686035,23.530000686645508,61305000,0.003045706658163727,23.696666622161867,23.663346557617192,0.019292409538981748,23.704666137695312
2017-10-13,23.704666137695312,23.704666137695312,23.89933204650879,23.57866668701172,23.798667907714844,53107500,-0.0003092845616651241,23.615866565704348,23.674653205871586,0.019198299133240906,23.37333297729492
2017-10-16,23.37333297729492,23.37333297729492,23.631999969482425,23.143999099731445,23.583999633789062,80632500,-0.01397755017833835,23.501199817657472,23.666239852905278,0.018919643921225283,23.71666717529297
2017-10-17,23.71666717529297,23.71666717529297,23.74799919128418,23.33799934387207,23.393999099731445,49399500,0.014689141609866674,23.43669986724854,23.66701320648194,0.018690679337890148,23.976667404174805
2017-10-18,23.976667404174805,23.976667404174805,24.200000762939453,23.608667373657227,23.731332778930664,74086500,0.010962764159067495,23.389166545867923,23.659586563110356,0.01892876169691464,23.45400047302246
2017-10-19,23.45400047302246,23.45400047302246,23.809999465942383,23.21333312988281,23.70400047302246,75927000,-0.021798981582458632,23.340266609191897,23.643959922790533,0.019030420966729085,23.00666618347168
2017-10-20,23.00666618347168,23.00666618347168,23.63666725158692,22.95599937438965,23.512666702270508,73956000,-0.019072835359806528,23.320299911499028,23.630226593017582,0.017076588953992722,22.468000411987305
2017-10-23,22.468000411987305,22.468000411987305,23.32999992370605,22.416667938232425,23.32533264160156,86209500,-0.023413464914415094,23.293733310699466,23.602426605224615,0.017436153525574864,22.48933219909668
2017-10-24,22.48933219909668,22.48933219909668,22.85333251953125,22.4106674194336,22.58666610717773,67375500,0.0009494297097303317,23.267366600036624,23.567146606445316,0.017437258410080297,21.7226676940918
2017-10-25,21.7226676940918,21.7226676940918,22.5,21.570667266845703,22.446666717529297,128911500,-0.03409014097073426,23.21693334579468,23.518493309021,0.018803775551227555,21.744667053222656
2017-10-26,21.744667053222656,21.744667053222656,22.01533317565918,21.546667098999023,21.85199928283692,75352500,0.0010127374519861565,23.172166728973387,23.469506645202642,0.01881038885418131,21.391332626342773
2017-10-27,21.391332626342773,21.391332626342773,21.639333724975582,21.11066627502441,21.31666755676269,104695500,-0.0162492452064249,23.104733371734618,23.428106651306155,0.01901472206275963,21.338666915893555
2017-10-30,21.338666915893555,21.338666915893555,21.5853328704834,21.14999961853028,21.27866744995117,63816000,-0.002462011664685293,23.03323335647583,23.391599998474124,0.018990261923501384,22.10199928283692
2017-10-31,22.10199928283692,22.10199928283692,22.1299991607666,21.345333099365234,21.34866714477539,85084500,0.035772261217256185,22.977866649627686,23.38315998077393,0.020318834282176065,21.405332565307617
2017-11-01,21.405332565307617,21.405332565307617,22.17399978637696,21.35066795349121,22.14999961853028,126859500,-0.03152052936995131,22.864766597747803,23.356133308410648,0.02063069855518519,19.950666427612305
2017-11-02,19.950666427612305,19.950666427612305,20.57933235168457,19.5086669921875,20.0086669921875,296871000,-0.06795811899941895,22.677866554260255,23.28478664398194,0.024926388263542477,20.4060001373291
2017-11-03,20.4060001373291,20.4060001373291,20.416667938232425,19.67533302307129,19.96666717529297,133410000,0.022822982448676532,22.50856657028198,23.222333297729495,0.02574636005832483,20.185333251953125
2017-11-06,20.185333251953125,20.185333251953125,20.5,19.93400001525879,20.46666717529297,97290000,-0.010813823575954284,22.374699878692628,23.16197330474854,0.02466608907327907,20.40333366394043
2017-11-07,20.40333366394043,20.40333366394043,20.433332443237305,20.00200080871582,20.06800079345703,79414500,0.010799941188298634,22.209566593170166,23.10915996551514,0.022910861852691495,20.292667388916016
2017-11-08,20.292667388916016,20.292667388916016,20.459333419799805,20.08666610717773,20.36666679382324,70879500,-0.005423931052012332,22.042199993133544,23.051866645812993,0.022891558746310867,20.19933319091797
2017-11-09,20.19933319091797,20.19933319091797,20.297332763671875,19.753332138061523,20.166667938232425,81706500,-0.004599405105758847,21.86656665802002,22.98494663238526,0.022772318978580414,20.19933319091797
2017-11-10,20.19933319091797,20.19933319091797,20.55733299255371,20.12333297729492,20.166667938232425,69381000,0.0,21.691300010681154,22.91439994812012,0.02277773069584648,21.02666664123535
2017-11-13,21.02666664123535,21.02666664123535,21.1200008392334,19.94066619873047,20.0086669921875,113773500,0.040958453553772145,21.573966693878173,22.861066627502446,0.025170002463580175,20.57999992370605
2017-11-14,20.57999992370605,20.57999992370605,21.09000015258789,20.459999084472656,21.0,85141500,-0.021242868646299984,21.417133331298828,22.80654663085938,0.024974403142948805,20.753332138061523
2017-11-15,20.753332138061523,20.753332138061523,20.832666397094727,20.100000381469727,20.40066719055176,89680500,0.008422362244803194,21.255966567993163,22.762239952087405,0.02488577921525108,20.83333206176757
2017-11-16,20.83333206176757,20.83333206176757,21.209333419799805,20.753332138061523,20.932666778564453,87331500,0.0038547989871624555,21.12493314743042,22.71142658233643,0.02473786812262467,21.003332138061523
2017-11-17,21.003332138061523,21.003332138061523,21.777999877929688,20.87666702270508,21.711332321166992,206026500,0.00816000416015683,21.024766445159912,22.67362655639649,0.02470745616455794,20.582666397094727
2017-11-20,20.582666397094727,20.582666397094727,21.03333282470703,20.31666755676269,20.91933250427246,123715500,-0.02002852395999022,20.930499744415282,22.600359878540043,0.024580551698494487,21.187332153320312
2017-11-21,21.187332153320312,21.187332153320312,21.21533393859864,20.58066749572754,20.724000930786133,108919500,0.02937742586698744,20.865399742126463,22.540439872741704,0.025683974965465237,20.84000015258789
2017-11-22,20.84000015258789,20.84000015258789,21.161333084106445,20.78933334350586,21.11800003051757,73764000,-0.016393380639855182,20.82126636505127,22.468933219909673,0.02483500453171659,21.036666870117188
2017-11-24,21.036666870117188,21.036666870117188,21.0939998626709,20.733333587646484,20.91933250427246,48661500,0.009436982537875505,20.785866355895998,22.38614654541016,0.024955928930463417,21.12066650390625
2017-11-27,21.12066650390625,21.12066650390625,21.1560001373291,20.63400077819824,20.88333320617676,68338500,0.003993010599430358,20.77233304977417,22.302146530151372,0.024729502459506142,21.170000076293945
2017-11-28,21.170000076293945,21.170000076293945,21.33333206176757,20.92799949645996,21.09066772460937,74242500,0.0023357961917807035,20.763899707794188,22.212213172912602,0.0247311276667548,20.502666473388672
2017-11-29,20.502666473388672,20.502666473388672,21.200000762939453,20.082000732421875,21.15333366394043,131511000,-0.031522607487023624,20.683933067321778,22.122133178710943,0.024164744508131223,20.59000015258789
2017-11-30,20.59000015258789,20.59000015258789,20.71333312988281,20.30266761779785,20.570667266845703,65274000,0.004259625415678148,20.64316644668579,22.035386505126958,0.023287061058887178,20.435333251953125
2017-12-01,20.435333251953125,20.435333251953125,20.6879997253418,20.33666610717773,20.362667083740234,64393500,-0.00751174839672486,20.66739978790283,21.95545318603516,0.017414082348660806,20.34666633605957
2017-12-04,20.34666633605957,20.34666633605957,20.551332473754883,20.040666580200195,20.433332443237305,87526500,-0.004338902370729869,20.664433097839357,21.89426651000977,0.01669514449900993,20.24666786193848
2017-12-05,20.24666786193848,20.24666786193848,20.53333282470703,20.06666755676269,20.13333320617676,69697500,-0.004914735046490981,20.667499828338624,21.83921321868897,0.01654573932458388,20.88400077819824
2017-12-06,20.88400077819824,20.88400077819824,20.892667770385746,20.0,20.00666618347168,107929500,0.03147841020585296,20.691533184051515,21.796559906005864,0.017833607953186736,20.74933242797852
2017-12-07,20.74933242797852,20.74933242797852,21.242000579833984,20.73666763305664,20.799999237060547,71709000,-0.006448398065580729,20.71436643600464,21.756919898986823,0.01785544092173492,21.0086669921875
2017-12-08,21.0086669921875,21.0086669921875,21.131999969482425,20.750667572021484,20.97333335876465,52027500,0.01249845338924227,20.754833126068114,21.724293251037597,0.017968893518167276,21.92733383178711
2017-12-11,21.92733383178711,21.92733383178711,21.93400001525879,20.916667938232425,20.97533226013184,119070000,0.04372799282987505,20.84123315811157,21.708039932250976,0.020217213028401335,22.735332489013672
2017-12-12,22.735332489013672,22.735332489013672,22.762666702270508,22.00200080871582,22.030000686645508,130998000,0.036848923969736935,20.926666450500488,21.707373237609865,0.01984249314827925,22.60199928283692
2017-12-13,22.60199928283692,22.60199928283692,22.94799995422364,22.433332443237305,22.728666305541992,93322500,-0.0058645813181391615,21.02776641845703,21.695226554870604,0.019092551320296764,22.525999069213867
2017-12-14,22.525999069213867,22.525999069213867,23.16266632080078,22.459999084472656,22.733999252319336,86998500,-0.003362543847205801,21.11639976501465,21.672399864196777,0.019158839953904515,22.89666748046875
2017-12-15,22.89666748046875,22.89666748046875,22.926666259765625,22.38400077819824,22.80266761779785,103998000,0.016455137466531822,21.219566535949706,21.65655986785889,0.019350362713601882,22.591333389282227
2017-12-18,22.591333389282227,22.591333389282227,23.115333557128903,22.505332946777344,22.99333381652832,82143000,-0.013335307046188238,21.29896659851074,21.63254653930664,0.019753069219769513,22.07333374023437
2017-12-19,22.07333374023437,22.07333374023437,22.766000747680664,22.020000457763672,22.68400001525879,102375000,-0.02292913127888252,21.373499965667726,21.616759872436525,0.01994719185861461,21.93199920654297
2017-12-20,21.93199920654297,21.93199920654297,22.206666946411133,21.66933250427246,22.179332733154297,89307000,-0.006402953688585011,21.41073331832886,21.58127986907959,0.019108962652336428,22.11066627502441
2017-12-21,22.11066627502441,22.11066627502441,22.24933242797852,21.81399917602539,21.9726676940918,65778000,0.008146410493583334,21.474266624450685,21.55069320678711,0.018654943995953525,21.68000030517578
2017-12-22,21.68000030517578,21.68000030517578,22.06133270263672,21.65466690063477,21.96733283996582,63237000,-0.01947774727779672,21.506433296203614,21.510053215026854,0.019251132366622882,21.152666091918945
2017-12-26,21.152666091918945,21.152666091918945,21.59600067138672,21.10533332824707,21.588666915893555,65676000,-0.02432353347942262,21.508033275604248,21.459013214111327,0.02009498190435205,20.775999069213867
2017-12-27,20.775999069213867,20.775999069213867,21.178667068481445,20.71666717529297,21.06666755676269,70681500,-0.01780707079988264,21.488333225250244,21.407066535949706,0.02048673490601066,21.02400016784668
2017-12-28,21.02400016784668,21.02400016784668,21.05466651916504,20.63599967956543,20.78333282470703,64744500,0.011936903626468931,21.514399909973143,21.35321319580078,0.019321686719098303,20.75666618347168
2017-12-29,20.75666618347168,20.75666618347168,21.0939998626709,20.666667938232425,21.07866668701172,56658000,-0.012715657450566908,21.522733211517334,21.288813171386717,0.019562273802501966,21.368667602539062
2018-01-02,21.368667602539062,21.368667602539062,21.474000930786133,20.733333587646484,20.799999237060547,65283000,0.029484572024129463,21.569399929046632,21.24710651397705,0.020484022511354644,21.14999961853028
2018-01-03,21.14999961853028,21.14999961853028,21.683332443237305,21.036666870117188,21.39999961853028,67822500,-0.010233112708571523,21.609566593170165,21.209973182678223,0.020628468876357265,20.974666595458984
2018-01-04,20.974666595458984,20.974666595458984,21.23666763305664,20.3786678314209,20.857999801635746,149194500,-0.008289977599700737,21.64596652984619,21.180106506347656,0.0207028774422553,21.10533332824707
2018-01-05,21.10533332824707,21.10533332824707,21.14933204650879,20.799999237060547,21.107999801635746,68868000,0.006229740634655645,21.657033157348632,21.152426528930665,0.019546253578492163,22.42733383178711
2018-01-08,22.42733383178711,22.42733383178711,22.468000411987305,21.03333282470703,21.06666755676269,147891000,0.06263821959024418,21.740933227539063,21.16651985168457,0.023846775949799007,22.246000289916992
2018-01-09,22.246000289916992,22.246000289916992,22.58666610717773,21.82666778564453,22.3439998626709,107199000,-0.00808538113492141,21.802799892425536,21.17654651641846,0.023912110455350508,22.31999969482422
2018-01-10,22.31999969482422,22.31999969482422,22.46666717529297,22.0,22.14666748046875,64648500,0.003326413914539472,21.822433185577392,21.195119857788086,0.021926172697939297,22.530000686645508
2018-01-11,22.530000686645508,22.530000686645508,22.98733329772949,22.21733283996582,22.34933280944824,99682500,0.009408646715617364,21.812166595458983,21.218946533203123,0.020375992388899693,22.4146671295166
2018-01-12,22.4146671295166,22.4146671295166,22.694000244140625,22.244667053222656,22.57533264160156,72376500,-0.005119110235858537,21.80279998779297,21.225199890136718,0.02036587982004907,22.67066764831543
2018-01-16,22.67066764831543,22.67066764831543,23.0,22.31999969482422,22.502666473388672,97114500,0.011421116241414841,21.81003341674805,21.250506591796874,0.020513674969211377,23.143999099731445
2018-01-17,23.143999099731445,23.143999099731445,23.26666641235352,22.64999961853028,22.69799995422364,106552500,0.02087858455510405,21.82239999771118,21.314373245239256,0.0207174006942397,22.971332550048828
2018-01-18,22.971332550048828,22.971332550048828,23.48666763305664,22.916000366210938,23.044666290283203,85287000,-0.007460532163804823,21.841399955749512,21.365679893493652,0.02054832605358535,23.334667205810547
2018-01-19,23.334667205810547,23.334667205810547,23.37266731262207,22.84000015258789,23.0,73324500,0.015816873268893028,21.90446662902832,21.4286665725708,0.019989322261660166,23.437332153320312
2018-01-22,23.437332153320312,23.437332153320312,23.85533332824707,23.280000686645508,23.293333053588867,93156000,0.004399674810198428,21.979733276367188,21.489346542358398,0.019868347964043416,23.519332885742188
2018-01-23,23.519332885742188,23.519332885742188,24.03333282470703,23.39999961853028,24.0,81981000,0.0034987229726255453,22.050166606903076,21.553879852294923,0.019838407640705758,23.05933380126953
2018-01-24,23.05933380126953,23.05933380126953,23.64999961853028,22.90133285522461,23.6386661529541,79312500,-0.019558338950656062,22.119133281707764,21.611079864501953,0.019843280303996853,22.50933265686035
2018-01-25,22.50933265686035,22.50933265686035,23.280000686645508,22.426666259765625,23.218000411987305,101104500,-0.02385156263182675,22.186966609954833,21.6572798538208,0.0198089857553803,22.856666564941406
2018-01-26,22.856666564941406,22.856666564941406,22.933332443237305,22.38066673278809,22.76666641235352,68091000,0.015430662178036458,22.290999984741212,21.693879852294923,0.019333907683102464,23.302000045776367
2018-01-29,23.302000045776367,23.302000045776367,23.38999938964844,22.552000045776367,22.656667709350582,71206500,0.019483745784611983,22.404899978637694,21.748319854736327,0.019549729930118116,23.05466651916504
2018-01-30,23.05466651916504,23.05466651916504,23.218000411987305,22.81133270263672,23.00933265686035,70765500,-0.010614261699658623,22.519799995422364,21.794346542358397,0.01945301775291651,23.62066650390625
2018-01-31,23.62066650390625,23.62066650390625,23.746000289916992,23.012666702270508,23.16733360290528,93211500,0.024550343604870628,22.63239994049072,21.85009323120117,0.01916112686154125,23.28333282470703
2018-02-01,23.28333282470703,23.28333282470703,23.977333068847656,23.242000579833984,23.39999961853028,62965500,-0.014281293846785892,22.73906660079956,21.895693244934083,0.01935308337432065,22.916667938232425
2018-02-02,22.916667938232425,22.916667938232425,23.46333312988281,22.700666427612305,23.22933387756348,55572000,-0.015747955382294787,22.836166667938233,21.942373275756836,0.01969134918714158,22.20866775512696
2018-02-05,22.20866775512696,22.20866775512696,22.96466636657715,22.200000762939453,22.531333923339844,66961500,-0.030894551730371367,22.891333389282227,21.96279998779297,0.021221742060689174,22.264667510986328
2018-02-06,22.264667510986328,22.264667510986328,22.4146671295166,21.56666755676269,21.680667877197266,76326000,0.0025215270216485397,22.883200073242186,21.991293334960936,0.015879612549343062,23.0
2018-02-07,23.0,23.0,23.06666755676269,22.37733268737793,22.59933280944824,104538000,0.03302687941110416,22.920900058746337,22.030559997558594,0.017399363867909867,21.01533317565918
2018-02-08,21.01533317565918,21.01533317565918,23.2413330078125,20.97333335876465,22.88733291625977,154719000,-0.0862898619278617,22.855666732788087,22.028453330993653,0.026267921803884185,20.69466781616211
2018-02-09,20.69466781616211,20.69466781616211,21.398666381835938,19.65066719055176,21.32866668701172,194005500,-0.015258637910555595,22.763900089263917,22.018946685791015,0.02625008729910927,21.048667907714844
2018-02-12,21.048667907714844,21.048667907714844,21.2053337097168,20.416667938232425,21.07533264160156,93417000,0.017105860055229627,22.69560012817383,22.02986671447754,0.026663047236318876,21.577333450317383
2018-02-13,21.577333450317383,21.577333450317383,21.612667083740234,20.833999633789062,21.001333236694336,68403000,0.025116342037434514,22.640933418273924,22.049613380432127,0.02721735641954515,21.48733329772949
2018-02-14,21.48733329772949,21.48733329772949,21.744667053222656,21.23466682434082,21.389333724975582,59260500,-0.004171050736881954,22.558100128173827,22.070653381347658,0.02667492901868477,22.271333694458008
2018-02-15,22.271333694458008,22.271333694458008,22.274667739868164,21.49333381652832,21.63333320617676,88693500,0.036486630791516816,22.523100185394288,22.109146728515626,0.028091727232042576,22.36599922180176
2018-02-16,22.36599922180176,22.36599922180176,22.87466621398925,22.10933303833008,22.166667938232425,84639000,0.004250554934988493,22.474666786193847,22.15153335571289,0.027841745956284768,22.31800079345703
2018-02-20,22.31800079345703,22.31800079345703,22.7226676940918,22.100000381469727,22.29800033569336,60141000,-0.002146044443118056,22.418700218200684,22.180213356018065,0.027804224146763597,22.21999931335449
2018-02-21,22.21999931335449,22.21999931335449,22.645999908447266,22.211332321166992,22.402000427246094,48294000,-0.004391140631703649,22.3537335395813,22.209626693725586,0.027777056776943372,23.077999114990234
2018-02-22,23.077999114990234,23.077999114990234,23.16266632080078,22.31666755676269,22.368667602539062,104547000,0.03861385365210501,22.354666805267335,22.25101333618164,0.02891496415284151,23.46999931335449
2018-02-23,23.46999931335449,23.46999931335449,23.666000366210938,23.13999938964844,23.18866729736328,87261000,0.016985883239315713,22.40270013809204,22.28186664581299,0.028548349932462587,23.827999114990234
2018-02-26,23.827999114990234,23.827999114990234,23.933332443237305,23.49066734313965,23.56666755676269,65100000,0.01525350712013207,22.451266765594482,22.30371997833252,0.028544150291848494,23.39933204650879
2018-02-27,23.39933204650879,23.39933204650879,23.99933242797852,23.333999633789062,23.75,71961000,-0.017990057260484416,22.456133365631104,22.31966663360596,0.028599120904571725,22.87066650390625
2018-02-28,22.87066650390625,22.87066650390625,23.682666778564453,22.814666748046875,23.50466728210449,91045500,-0.022593189478732012,22.446933364868165,22.326559982299806,0.028969517387748674,22.062000274658203
2018-03-01,22.062000274658203,22.062000274658203,23.244667053222656,22.00466728210449,23.000667572021484,103284000,-0.03535822749677753,22.369000053405763,22.309866638183593,0.029392393478556315,22.341333389282227
2018-03-02,22.341333389282227,22.341333389282227,22.347999572753903,21.531333923339844,21.798667907714844,76392000,0.012661277814635996,22.32190008163452,22.304866638183594,0.029464887235109677,22.22333335876465
2018-03-05,22.22333335876465,22.22333335876465,22.51666641235352,21.952667236328125,22.159332275390625,57357000,-0.0052816914935877035,22.287233352661133,22.307866630554198,0.029293596976438612,21.8799991607666
2018-03-06,21.8799991607666,21.8799991607666,22.42466735839844,21.802000045776367,22.25,64285500,-0.015449266428910424,22.270799922943116,22.30682662963867,0.028664101728896982,22.15333366394043
2018-03-07,22.15333366394043,22.15333366394043,22.166667938232425,21.44933319091797,21.69599914550781,75109500,0.012492436638843696,22.26523323059082,22.307679977416992,0.028802962669915045,21.940000534057617
2018-03-08,21.940000534057617,21.940000534057617,22.21999931335449,21.751333236694336,22.19066619873047,53493000,-0.009629843215428147,22.2122332572937,22.31287998199463,0.027802548252122663,21.81133270263672
2018-03-09,21.81133270263672,21.81133270263672,21.89933204650879,21.4913330078125,21.606666564941406,82602000,-0.005864531827206032,22.252033233642578,22.326053314208984,0.019561129805359147,23.03400039672852
2018-03-12,23.03400039672852,23.03400039672852,23.1473331451416,21.76666641235352,21.90733337402344,123960000,0.05605653312252645,22.368999862670897,22.371213340759276,0.02251798758004171,22.78933334350586
2018-03-13,22.78933334350586,22.78933334350586,23.1473331451416,21.76666641235352,21.90733337402344,89487000,-0.010621995702379539,22.456033134460448,22.406520004272462,0.02262610518007401,21.775333404541016
2018-03-14,21.775333404541016,21.775333404541016,22.65399932861328,21.595333099365234,22.450666427612305,119511000,-0.044494497652946774,22.46593313217163,22.42689334869385,0.02451763370201359,21.706666946411133
2018-03-15,21.706666946411133,21.706666946411133,22.190000534057617,21.406667709350582,21.95866775512696,98472000,-0.003153405592199232,22.476899814605712,22.43365333557129,0.02450795828000552,21.42333221435547
2018-03-16,21.42333221435547,21.42333221435547,21.82666778564453,21.271333694458008,21.52866744995117,91759500,-0.01305288982206032,22.434499740600586,22.439119987487793,0.023177758170817117,20.90399932861328
2018-03-19,20.90399932861328,20.90399932861328,21.38333320617676,20.64466667175293,21.100000381469727,112264500,-0.024241461624452176,22.361399745941164,22.43770664215088,0.02366420583441391,20.703332901000977
2018-03-20,20.703332901000977,20.703332901000977,21.08333206176757,20.583999633789062,20.9913330078125,71464500,-0.00959942757640797,22.28066635131836,22.429666633605958,0.02370687263274661,21.10199928283692
2018-03-21,21.10199928283692,21.10199928283692,21.496000289916992,20.679332733154297,20.683332443237305,89376000,0.019256145072983344,22.224766349792482,22.403159942626953,0.024242828860022016,20.606666564941406
2018-03-22,20.606666564941406,20.606666564941406,21.25466728210449,20.545333862304688,20.926000595092773,74097000,-0.023473260104713844,22.10119972229004,22.37037326812744,0.022650823099229937,20.1026668548584
2018-03-23,20.1026668548584,20.1026668548584,20.75,20.030000686645508,20.75,99823500,-0.024458090225057294,21.932833099365233,22.326026611328125,0.022388828097034897,20.27866744995117
2018-03-26,20.27866744995117,20.27866744995117,20.506000518798828,19.42399978637696,20.48933219909668,125628000,0.00875508689287341,21.75536651611328,22.28099994659424,0.022086700937060433,18.61199951171875
2018-03-27,18.61199951171875,18.61199951171875,20.284666061401367,18.478666305541992,20.26666641235352,208080000,-0.08218823758246663,21.51599988937378,22.20494659423828,0.027617755573357113,17.185333251953125
2018-03-28,17.185333251953125,17.185333251953125,17.91200065612793,16.80666732788086,17.6386661529541,315021000,-0.0766530355251378,21.23173322677612,22.095239906311036,0.031221259790714297,17.742000579833984
2018-03-29,17.742000579833984,17.742000579833984,18.06399917602539,16.547332763671875,17.099332809448242,227560500,0.032392000767142104,21.015733242034912,21.987199935913086,0.03240247292989086,16.832000732421875
2018-04-02,16.832000732421875,16.832000732421875,17.35533332824707,16.305999755859375,17.083999633789062,241710000,-0.05129071230255955,20.740266609191895,21.864413299560546,0.03316109371993082,17.8353328704834
2018-04-03,17.8353328704834,17.8353328704834,18.22333335876465,16.965999603271484,17.988000869750977,282666000,0.05960860827013281,20.52086658477783,21.754426612854004,0.03696622961443857,19.12933349609375
2018-04-04,19.12933349609375,19.12933349609375,19.224666595458984,16.799999237060547,16.851999282836914,298450500,0.07255264788199489,20.38333330154419,21.668266639709472,0.0413018009882637,20.381332397460938
2018-04-05,20.381332397460938,20.381332397460938,20.41733360290528,19.21333312988281,19.28933334350586,286816500,0.06544916484533281,20.294733238220214,21.605506629943847,0.04414155525377882,19.953332901000977
2018-04-06,19.953332901000977,19.953332901000977,20.618667602539062,19.700000762939453,20.06666755676269,202804500,-0.020999583742291605,20.195399856567384,21.543386611938477,0.04430120555102181,19.310667037963867
2018-04-09,19.310667037963867,19.310667037963867,20.63333320617676,19.28066635131836,20.024667739868164,153747000,-0.03220844689083846,20.07036657333374,21.479413299560548,0.04475510071000572,20.31333351135254
2018-04-10,20.31333351135254,20.31333351135254,20.47333335876465,19.57866668701172,19.93133354187012,164847000,0.05192293313418306,19.93433322906494,21.42854663848877,0.044466338517210574,20.062000274658203
2018-04-11,20.062000274658203,20.062000274658203,20.59866714477539,19.977333068847656,20.04933357238769,112243500,-0.012372820864378187,19.79796657562256,21.363746643066406,0.044479037391084615,19.60533332824707
2018-04-12,19.60533332824707,19.60533332824707,20.26333236694336,19.57866668701172,20.15466690063477,114132000,-0.022762782382571456,19.689466571807863,21.294759979248045,0.043733237633556014,20.022666931152344
2018-04-13,20.022666931152344,20.022666931152344,20.26333236694336,19.73200035095215,20.239999771118164,109908000,0.021286738456213206,19.605266571044922,21.222799987792968,0.04410757830845468,19.41399955749512
2018-04-16,19.41399955749512,19.41399955749512,19.977333068847656,19.267332077026367,19.933332443237305,95077500,-0.030398916175857993,19.504799938201906,21.145413322448732,0.04448245254198403,19.179332733154297
2018-04-17,19.179332733154297,19.179332733154297,19.47800064086914,18.833999633789062,19.257999420166016,105000000,-0.012087505392479825,19.418566608428954,21.07066661834717,0.0442734846418329,19.55666732788086
2018-04-18,19.55666732788086,19.55666732788086,20.016000747680664,19.21066665649414,19.405332565307617,98365500,0.019674020987929586,19.36123332977295,21.017626609802246,0.04453956240326118,20.005332946777344
2018-04-19,20.005332946777344,20.005332946777344,20.067333221435547,19.23666763305664,19.405332565307617,91359000,0.02294182395058919,19.30640001296997,20.972439918518067,0.04463921620001329,19.34933280944824
2018-04-20,19.34933280944824,19.34933280944824,19.998666763305664,19.31666755676269,19.67799949645996,84418500,-0.032791263163394646,19.243533325195312,20.899426574707032,0.04492595906916492,18.891332626342773
2018-04-23,18.891332626342773,18.891332626342773,19.44133377075196,18.82200050354004,19.41933250427246,73401000,-0.023670076256160355,19.18296661376953,20.856946563720705,0.044905734851225024,18.8973331451416
2018-04-24,18.8973331451416,18.8973331451416,19.139333724975582,18.56399917602539,19.0,85279500,0.0003176334310297513,19.113899898529052,20.820999870300295,0.04483755409736771,18.71266746520996
2018-04-25,18.71266746520996,18.71266746520996,19.01066780090332,18.483333587646484,18.89999961853028,60204000,-0.009772049765610302,19.118933296203615,20.774279861450196,0.04081243011089157,19.03199958801269
2018-04-26,19.03199958801269,19.03199958801269,19.05266761779785,18.433332443237305,18.58333206176757,65340000,0.01706502418195721,19.211266613006593,20.723373184204103,0.03658134644721396,19.60533332824707
2018-04-27,19.60533332824707,19.60533332824707,19.631332397460938,18.92200088500977,19.024667739868164,65469000,0.030124724287798665,19.304433250427245,20.685733184814453,0.036497833138834784,19.59333229064941
2018-04-30,19.59333229064941,19.59333229064941,19.915332794189453,19.5,19.573999404907227,63423000,-0.0006121312704420179,19.442499828338622,20.632173156738283,0.03401267593484526,19.994667053222656
2018-05-01,19.994667053222656,19.994667053222656,20.05466651916504,19.54800033569336,19.567333221435547,69384000,0.02048323157183307,19.550466537475586,20.5847465133667,0.031961332228148544,20.07666778564453
2018-05-02,20.07666778564453,20.07666778564453,20.456666946411133,19.85199928283692,19.90466690063477,134556000,0.0041011301765416786,19.597833251953126,20.53991985321045,0.027888342952851686,18.96333312988281
2018-05-03,18.96333312988281,18.96333312988281,19.202667236328125,18.34866714477539,18.586000442504883,260281500,-0.05545415542303256,19.52693328857422,20.474786529541017,0.026666995340491325,19.606000900268555
2018-05-04,19.606000900268555,19.606000900268555,19.790666580200195,18.634666442871094,18.86666679382324,128541000,0.033890021653050884,19.509566688537596,20.40534656524658,0.027555017177505775,20.18466758728028
2018-05-07,20.18466758728028,20.18466758728028,20.3973331451416,19.67799949645996,19.83333206176757,130173000,0.029514774071228267,19.553266716003417,20.3396399307251,0.027273726079417217,20.131332397460938
2018-05-08,20.131332397460938,20.131332397460938,20.51666641235352,19.933332443237305,20.053333282470703,88950000,-0.002642361564227702,19.54416666030884,20.26570659637451,0.024683103771293794,20.456666946411133
2018-05-09,20.456666946411133,20.456666946411133,20.46733283996582,20.003332138061523,20.027332305908203,85911000,0.016160606885176954,19.563899993896484,20.206853294372557,0.024764424796926462,20.334667205810547
2018-05-10,20.334667205810547,20.334667205810547,20.86599922180176,20.27400016784668,20.5,84774000,-0.0059638132116135445,19.60036668777466,20.156133308410645,0.024184547119006684,20.070667266845703
2018-05-11,20.070667266845703,20.070667266845703,20.59199905395508,19.93866729736328,20.51333236694336,70194000,-0.012982751883414467,19.602766704559325,20.116306648254394,0.02396726551508387,19.46466636657715
2018-05-14,19.46466636657715,19.46466636657715,20.32933235168457,19.44133377075196,20.221332550048828,109302000,-0.030193360898847388,19.60530004501343,20.058773307800294,0.023953405413659302,18.94533348083496
2018-05-15,18.94533348083496,18.94533348083496,19.13066673278809,18.700000762939453,19.000667572021484,142788000,-0.02668080078854762,19.59360008239746,19.9932133102417,0.02456835987013076,19.09866714477539
2018-05-16,19.09866714477539,19.09866714477539,19.253999710083008,18.770666122436523,18.92200088500977,85110000,0.008093479277920368,19.570700073242186,19.937586669921874,0.024206021626214422,18.96933364868164
2018-05-17,18.96933364868164,18.96933364868164,19.279333114624023,18.93133354187012,19.059999465942383,66309000,-0.006771859790704271,19.5189001083374,19.873906669616698,0.023568924973199852,18.454666137695312
2018-05-18,18.454666137695312,18.454666137695312,18.976667404174805,18.26666641235352,18.976667404174805,108778500,-0.027131554566867888,19.474166774749754,19.804199981689454,0.02321601909803394,18.965999603271484
2018-05-21,18.965999603271484,18.965999603271484,19.432666778564453,18.753332138061523,18.755332946777344,137739000,0.027707543542699442,19.477900123596193,19.74729331970215,0.023544542730997757,18.333999633789062
2018-05-22,18.333999633789062,18.333999633789062,19.200000762939453,18.22800064086914,19.18400001525879,134187000,-0.033322787235185114,19.449733448028564,19.65329330444336,0.02472737276136693,18.60466766357422
2018-05-23,18.60466766357422,18.60466766357422,18.6606674194336,18.26666641235352,18.517332077026367,89776500,0.014763174167753412,19.444333457946776,19.569599990844726,0.024888816001727643,18.523332595825195
2018-05-24,18.523332595825195,18.523332595825195,18.74066734313965,18.326000213623047,18.559999465942383,62650500,-0.004371756014124761,19.418900108337404,19.50455997467041,0.02457517794580889,18.59000015258789
2018-05-25,18.59000015258789,18.59000015258789,18.642667770385746,18.374000549316406,18.5086669921875,58126500,0.003599112439287566,19.368133449554442,19.442226638793944,0.023495411426924264,18.91733360290528
2018-05-29,18.91733360290528,18.91733360290528,19.100000381469727,18.40999984741211,18.567333221435547,84999000,0.0176080391409692,19.334333515167238,19.392106666564942,0.023917446622596438,19.44799995422364
2018-05-30,19.44799995422364,19.44799995422364,19.66733360290528,18.773332595825195,18.88599967956543,112345500,0.028051857754248344,19.307000160217285,19.36298667907715,0.024339397570652975,18.98200035095215
2018-05-31,18.98200035095215,18.98200035095215,19.357999801635746,18.86199951171875,19.1473331451416,88795500,-0.023961312441811655,19.252266788482665,19.328560028076172,0.024827680405213087,19.454666137695312
2018-06-01,19.454666137695312,19.454666137695312,19.46333312988281,18.922666549682617,19.05733299255371,81366000,0.024900736382056587,19.27683343887329,19.295613365173338,0.022167281812792233,19.78266716003418
2018-06-04,19.78266716003418,19.78266716003418,19.933332443237305,19.56999969482422,19.62266731262207,71967000,0.016859761047419486,19.285666751861573,19.279133377075194,0.02116245586932587,19.408666610717773
2018-06-05,19.408666610717773,19.408666610717773,19.85333251953125,19.11599922180176,19.84666633605957,89928000,-0.018905466401010762,19.246866703033447,19.265253372192383,0.020445437741143904,21.299999237060547
2018-06-06,21.299999237060547,21.299999237060547,21.47800064086914,19.832000732421875,20.03333282470703,281509500,0.09744783937389845,19.30530004501343,19.28568000793457,0.03015979545172917,21.07266616821289
2018-06-07,21.07266616821289,21.07266616821289,22.0,20.905332565307617,21.07666778564453,215179500,-0.01067291441269691,19.336100006103514,19.334893341064454,0.030151864271786757,21.17733383178711
2018-06-08,21.17733383178711,21.17733383178711,21.631999969482425,21.1433334350586,21.26666641235352,123078000,0.004966987221204366,19.378233337402342,19.414733352661134,0.030100774792420154,22.13999938964844
2018-06-11,22.13999938964844,22.13999938964844,22.310667037963867,21.5,21.500667572021484,197752500,0.0454573538627594,19.48169994354248,19.502693328857422,0.0313349925463627,22.851333618164062
2018-06-12,22.851333618164062,22.851333618164062,23.6646671295166,22.53333282470703,22.979999542236328,335211000,0.03212891816285257,19.651033306121825,19.623079986572264,0.03070450204821841,22.985332489013672
2018-06-13,22.985332489013672,22.985332489013672,23.14666748046875,22.65333366394043,23.11400032043457,142047000,0.005863940944921264,19.85303325653076,19.72607997894287,0.02958451313617515,23.847999572753903
2018-06-14,23.847999572753903,23.847999572753903,23.916667938232425,23.106666564941406,23.17533302307129,164715000,0.037531198826580514,20.090499877929688,19.820453300476075,0.030204412996137645,23.87800025939941
2018-06-15,23.87800025939941,23.87800025939941,24.31133270263672,23.416667938232425,23.589332580566406,162724500,0.001257995940245893,20.335933208465576,19.890386657714842,0.0300002055355855,24.722000122070312
2018-06-18,24.722000122070312,24.722000122070312,24.915332794189453,23.63333320617676,23.69333267211914,181098000,0.03534633777963325,20.649299907684327,19.98576000213623,0.028946607584172467,23.503332138061523
2018-06-19,23.503332138061523,23.503332138061523,24.666667938232425,23.08333206176757,24.3439998626709,191428500,-0.04929487816484701,20.876166534423827,20.069613304138183,0.0321292396989449,24.14800071716309
2018-06-20,24.14800071716309,24.14800071716309,24.29199981689453,23.46666717529297,23.86933326721192,125755500,0.027428816276547696,21.16686658859253,20.146306648254395,0.0305238575934968,23.16733360290528
2018-06-21,23.16733360290528,23.16733360290528,24.41399955749512,23.084667205810547,24.13333320617676,119506500,-0.04061069592236699,21.39499988555908,20.208413314819335,0.03289864841436562,22.242000579833984
2018-06-22,22.242000579833984,22.242000579833984,23.483333587646484,22.13333320617676,23.43600082397461,153991500,-0.03994128279636189,21.58093328475952,20.261146659851075,0.03471491503769464,22.200666427612305
2018-06-25,22.200666427612305,22.200666427612305,22.564666748046875,21.83333206176757,22.007999420166016,103969500,-0.0018583828407574554,21.761466598510744,20.30470664978027,0.03478720813129521,22.799999237060547
2018-06-26,22.799999237060547,22.799999237060547,22.90333366394043,21.71999931335449,22.40333366394043,111787500,0.02699616299368457,21.955599880218507,20.372426643371583,0.03496553693590878,22.96666717529297
2018-06-27,22.96666717529297,22.96666717529297,23.38599967956543,22.63333320617676,23.0,125005500,0.007309997535504653,22.131533241271974,20.448173332214356,0.03470700917956148,23.32866668701172
2018-06-28,23.32866668701172,23.32866668701172,23.801332473754883,23.073999404907227,23.24399948120117,125970000,0.01576195226568089,22.348866558074953,20.523613319396972,0.03385283893784629,22.86333274841309
2018-06-29,22.86333274841309,22.86333274841309,23.59066772460937,22.827333450317383,23.55533218383789,97386000,-0.019946872439894126,22.51929988861084,20.58077331542969,0.03435810483553848,22.33799934387207
2018-07-02,22.33799934387207,22.33799934387207,24.318666458129883,21.989999771118164,24.00466728210449,281397000,-0.022977114068266413,22.647066497802733,20.640546646118164,0.03500611851473027,20.724000930786133
2018-07-03,20.724000930786133,20.724000930786133,22.166000366210938,20.645999908447266,22.11666679382324,184239000,-0.07225349003910242,22.712833213806153,20.67720001220703,0.03887568795118581,20.61066627502441
2018-07-05,20.61066627502441,20.61066627502441,20.959333419799805,19.74799919128418,20.91733360290528,262146000,-0.005468763302039825,22.678366565704344,20.711466674804687,0.03207067224798041,20.59333229064941
2018-07-06,20.59333229064941,20.59333229064941,20.80466651916504,20.13333320617676,20.32999992370605,132982500,-0.0008410200885162755,22.654399871826172,20.749079971313478,0.031992255452339725,21.233999252319336
2018-07-09,21.233999252319336,21.233999252319336,21.23466682434082,20.53333282470703,20.79933357238769,113952000,0.031110407612896518,22.657233142852782,20.793119964599608,0.032759053566943384,21.49799919128418
2018-07-10,21.49799919128418,21.49799919128418,21.845333099365234,21.280000686645508,21.63733291625977,142072500,0.012432888210448967,22.62513313293457,20.830973281860352,0.0311757031517007,21.263999938964844
2018-07-11,21.263999938964844,21.263999938964844,21.46266746520996,21.00466728210449,21.053333282470703,73261500,-0.010884699093960615,22.54576644897461,20.86438663482666,0.030239513743313455,21.11400032043457
2018-07-12,21.11400032043457,21.11400032043457,21.548667907714844,20.851333618164062,21.428667068481445,85818000,-0.007054158152785206,22.452199840545653,20.886773300170898,0.030174697180853364,21.257999420166016
2018-07-13,21.257999420166016,21.257999420166016,21.30533218383789,20.61666679382324,21.038667678833008,88047000,0.006820076610119186,22.32269983291626,20.910399932861328,0.02870652812932793,20.67333221435547
2018-07-16,20.67333221435547,20.67333221435547,21.01066780090332,20.416667938232425,20.78066635131836,117280500,-0.027503397391944295,22.16246643066406,20.944599914550782,0.029076971771643253,21.512666702270508
2018-07-17,21.512666702270508,21.512666702270508,21.64933204650879,20.56666755676269,20.58733367919922,104943000,0.040599864560402654,22.00199975967407,20.98273323059082,0.02949816088325175,21.59000015258789
2018-07-18,21.59000015258789,21.59000015258789,21.700000762939453,21.08333206176757,21.666667938232425,84363000,0.0035947868010812734,21.90633316040039,21.010839881896974,0.027781335173214496,21.34866714477539
2018-07-19,21.34866714477539,21.34866714477539,21.56933212280273,20.93400001525879,21.088666915893555,88729500,-0.011177999356501767,21.766366481781006,21.035186576843262,0.026817080195818105,20.905332565307617
2018-07-20,20.905332565307617,20.905332565307617,21.54933357238769,20.78066635131836,21.415332794189453,77433000,-0.020766382110007697,21.653266429901123,21.04415988922119,0.025809283704002456,20.21333312988281
2018-07-23,20.21333312988281,20.21333312988281,20.36666679382324,19.52400016784668,20.12266731262207,164893500,-0.033101575077221224,21.551833057403563,21.041733207702638,0.025360584973256214,19.82866668701172
2018-07-24,19.82866668701172,19.82866668701172,20.514667510986328,19.503332138061523,20.294666290283203,143862000,-0.01903033212777805,21.433233070373536,21.036893196105957,0.025557772796109223,20.582666397094727
2018-07-25,20.582666397094727,20.582666397094727,20.641332626342773,19.63333320617676,19.78266716003418,106131000,0.03802573929879505,21.322366428375243,21.05925319671631,0.026396978471318687,20.44333267211914
2018-07-26,20.44333267211914,20.44333267211914,20.71333312988281,20.24266624450684,20.32333374023437,69457500,-0.006769469139103035,21.196199703216553,21.089213180541993,0.026245239381145903,19.812000274658203
2018-07-27,19.812000274658203,19.812000274658203,20.512666702270508,19.689332962036133,20.483333587646484,85549500,-0.030882068378310756,21.020366382598876,21.10347984313965,0.026331385651865713,19.344667434692383
2018-07-30,19.344667434692383,19.344667434692383,19.739999771118164,19.07533264160156,19.726667404174805,102211500,-0.023588372374675926,20.844433116912843,21.110986518859864,0.026432169305174995,19.8759994506836
2018-07-31,19.8759994506836,19.8759994506836,19.88800048828125,19.271333694458008,19.483333587646484,76153500,0.02746658828770232,20.72133312225342,21.13941318511963,0.02731823300800799,20.05599975585937
2018-08-01,20.05599975585937,20.05599975585937,20.200000762939453,19.53333282470703,19.86599922180176,151941000,0.00905616372260365,20.68793306350708,21.161213188171388,0.02247665139004474,23.30266761779785
2018-08-02,23.30266761779785,23.30266761779785,23.332666397094727,21.54400062561035,21.895999908447266,348225000,0.16188013070702012,20.822533130645752,21.260586547851563,0.04282259631157715,23.211332321166992
2018-08-03,23.211332321166992,23.211332321166992,23.666667938232425,22.8353328704834,23.187332153320312,204847500,-0.003919521066382159,20.953433132171632,21.352719841003417,0.042857666617045966,22.79933357238769
2018-08-06,22.79933357238769,22.79933357238769,23.665332794189453,22.788000106811523,23.03066635131836,128464500,-0.017749896605615767,21.031699848175048,21.43823986053467,0.042792433779368276,25.30466651916504
2018-08-07,25.30466651916504,25.30466651916504,25.83066749572754,22.61000061035156,22.922666549682617,463137000,0.10988623587715574,21.22203321456909,21.57253318786621,0.0488747013179861,24.689332962036133
2018-08-08,24.689332962036133,24.689332962036133,25.50933265686035,24.474666595458984,24.606000900268555,368568000,-0.024316999264261008,21.393299865722657,21.68797317504883,0.04925667260582925,23.49666786193848
2018-08-09,23.49666786193848,23.49666786193848,24.46733283996582,23.048667907714844,24.3700008392334,257757000,-0.0483068984460443,21.51243324279785,21.768946533203124,0.0507855347788427,23.69933319091797
2018-08-10,23.69933319091797,23.69933319091797,24.0,23.06666755676269,23.600000381469727,173280000,0.008625279557523235,21.634499931335448,21.86329319000244,0.050787717446360424,23.76066780090332
2018-08-13,23.76066780090332,23.76066780090332,24.21266746520996,23.26799964904785,24.07533264160156,156958500,0.0025880310425296926,21.78886671066284,21.949413223266603,0.05016612731732929,23.176000595092773
2018-08-14,23.176000595092773,23.176000595092773,23.946666717529297,23.13999938964844,23.89666748046875,104796000,-0.024606514038646665,21.872033405303956,22.017279891967775,0.0500619544431888,22.57933235168457
2018-08-15,22.57933235168457,22.57933235168457,22.965999603271484,22.142667770385746,22.79400062561035,136519500,-0.02574509095993638,21.92150001525879,22.08069320678711,0.05052823905914896,22.36333274841309
2018-08-16,22.36333274841309,22.36333274841309,22.818666458129883,22.25466728210449,22.6606674194336,90960000,-0.009566252885921389,21.972233295440674,22.10195987701416,0.05050508127063579,20.36666679382324
2018-08-17,20.36666679382324,20.36666679382324,21.784666061401367,20.235332489013672,21.56666755676269,284379000,-0.08928302310985092,21.945300006866454,22.087839889526368,0.05440780729922562,20.562667846679688
2018-08-20,20.562667846679688,20.562667846679688,20.56666755676269,19.21333312988281,19.446666717529297,261034500,0.00962361955643587,21.9627667427063,22.07554656982422,0.05387450280870821,21.459999084472656
2018-08-21,21.459999084472656,21.459999084472656,21.652666091918945,20.600000381469727,20.707332611083984,197583000,0.043638852919460236,22.044333362579344,22.061946563720703,0.05439654527822824,21.44266700744629
2018-08-22,21.44266700744629,21.44266700744629,21.59199905395508,20.97800064086914,21.391332626342773,89190000,-0.0008076457486387856,22.087333393096923,22.03377323150635,0.053857436520935636,21.34000015258789
2018-08-23,21.34000015258789,21.34000015258789,21.821332931518555,21.206666946411133,21.275999069213867,77209500,-0.004787970396720964,22.13216676712036,22.00086658477783,0.05383963922031859,21.521333694458008
2018-08-24,21.521333694458008,21.521333694458008,21.59000015258789,21.293333053588867,21.3799991607666,54039000,0.008497354291167936,22.21763343811035,21.954333267211915,0.05323427383411218,21.284666061401367
2018-08-27,21.284666061401367,21.284666061401367,21.496000289916992,20.58733367919922,21.200000762939453,196189500,-0.010996885063753514,22.3146333694458,21.902466583251954,0.052946715866120056,20.790666580200195
2018-08-28,20.790666580200195,20.790666580200195,21.2586669921875,20.746000289916992,21.227333068847656,114736500,-0.02320917226401842,22.36036672592163,21.823839912414552,0.05308070153171576,20.333999633789062
2018-08-29,20.333999633789062,20.333999633789062,20.790000915527344,20.246000289916992,20.68466758728028,111711000,-0.021964997834462707,22.374266719818117,21.7604532623291,0.05336304979939763,20.209999084472656
2018-08-30,20.209999084472656,20.209999084472656,20.30666732788086,19.847999572753903,20.15066719055176,108250500,-0.006098187840544389,22.219633293151855,21.681693229675293,0.03782857280579891,20.11066627502441
2018-08-31,20.11066627502441,20.11066627502441,20.35400009155273,19.906667709350582,20.13333320617676,80626500,-0.004915032852453871,22.064599990844727,21.620559883117675,0.037825757407446134,19.26333236694336
2018-09-04,19.26333236694336,19.26333236694336,19.87933349609375,19.200000762939453,19.79599952697754,125257500,-0.04213355721254053,21.88779993057251,21.560986518859863,0.038593470628496815,18.715999603271484
2018-09-05,18.715999603271484,18.715999603271484,19.118667602539062,18.478666305541992,19.003332138061523,115812000,-0.028413192133419196,21.558366584777833,21.491293182373045,0.027093906706734398,18.729999542236328
2018-09-06,18.729999542236328,18.729999542236328,19.411333084106445,18.59199905395508,18.98666763305664,112212000,0.000748019836589231,21.260399913787843,21.409893188476563,0.02720070778587236,17.549333572387695
2018-09-07,17.549333572387695,17.549333572387695,17.889999389648438,16.816667556762695,17.34000015258789,337378500,-0.06303609176210712,20.963033199310303,21.30154651641846,0.028371038102923286,19.03333282470703
2018-09-10,19.03333282470703,19.03333282470703,19.068666458129883,18.06666755676269,18.21733283996582,214252500,0.08456157301917577,20.729733180999755,21.215639839172365,0.035704603536457116,18.62933349609375
2018-09-11,18.62933349609375,18.62933349609375,18.799999237060547,18.23666763305664,18.631332397460938,137550000,-0.021225884732538947,20.473166465759277,21.130959854125976,0.035649387317111945,19.36933326721192
2018-09-12,19.36933326721192,19.36933326721192,19.5,18.57666778564453,18.762666702270508,150231000,0.03972228911320608,20.282833099365234,21.071586532592775,0.03726853424786797,19.297332763671875
2018-09-13,19.297332763671875,19.297332763671875,19.666667938232425,19.011999130249023,19.20133209228516,95104500,-0.003717242227533335,20.1187331199646,21.043053169250488,0.03704975142400618,19.68000030517578
2018-09-14,19.68000030517578,19.68000030517578,19.82200050354004,19.101333618164062,19.250667572021484,101484000,0.019830074248618157,19.984566497802735,21.024439849853515,0.0375295987047825,19.6560001373291
2018-09-17,19.6560001373291,19.6560001373291,20.058000564575195,19.20866775512696,19.336000442504883,103314000,-0.001219520705005639,19.949033164978026,21.00569320678711,0.03195955420315506,18.997333526611328
2018-09-18,18.997333526611328,18.997333526611328,20.176000595092773,18.36666679382324,19.779333114624023,248212500,-0.03350969709584439,19.87076644897461,20.96095989227295,0.032632224773465605,19.93466758728028
2018-09-19,19.93466758728028,19.93466758728028,20.0,18.700000762939453,18.700666427612305,124423500,0.04934029606607382,19.79449987411499,20.92969326019287,0.03308699123680834,19.8886661529541
2018-09-20,19.8886661529541,19.8886661529541,20.398666381835938,19.55533218383789,20.23733329772949,110241000,-0.0023076098021083125,19.716799831390382,20.902186584472656,0.03308306211301475,19.940000534057617
2018-09-21,19.940000534057617,19.940000534057617,20.038667678833008,19.69133377075196,19.84666633605957,75757500,0.0025810871734046614,19.646799850463868,20.878706588745118,0.03310596287701214,19.978666305541992
2018-09-24,19.978666305541992,19.978666305541992,20.200000762939453,19.57200050354004,19.898666381835938,72645000,0.0019391058399589323,19.569666481018068,20.853119926452635,0.03301977674884966,20.06599998474121
2018-09-25,20.06599998474121,20.06599998474121,20.30666732788086,19.76666641235352,20.0,67225500,0.004371346808820453,19.508733177185057,20.84097328186035,0.03300763075152501,20.6386661529541
2018-09-26,20.6386661529541,20.6386661529541,20.926000595092773,20.073999404907227,20.12733268737793,117648000,0.028539129305709343,19.501133155822753,20.823493270874025,0.03332004338641398,20.501333236694336
2018-09-27,20.501333236694336,20.501333236694336,20.997333526611328,20.46066665649414,20.86000061035156,127636500,-0.006654156583666082,19.50949983596802,20.801719932556153,0.03295901932393052,17.65133285522461
2018-09-28,17.65133285522461,17.65133285522461,18.53333282470703,17.37066650390625,18.017332077026367,504745500,-0.13901536785757185,19.381566524505615,20.727773246765135,0.045473521533560046,20.71333312988281
2018-10-01,20.71333312988281,20.71333312988281,20.762666702270508,20.06999969482422,20.384666442871094,326664000,0.1734713349848751,19.411699867248537,20.72393325805664,0.060614756369766966,20.06800079345703
2018-10-02,20.06800079345703,20.06800079345703,21.12266731262207,19.94333267211914,20.93000030517578,176152500,-0.031155407600468088,19.451933288574217,20.721026611328124,0.060231178466248106,19.65333366394043
2018-10-03,19.65333366394043,19.65333366394043,20.30666732788086,19.4379997253418,20.222000122070312,119925000,-0.0206631011122842,19.498799991607665,20.7175199508667,0.06003803351393538,18.788667678833008
2018-10-04,18.788667678833008,18.788667678833008,19.600000381469727,18.51133346557617,19.59666633605957,147213000,-0.043995894024528526,19.5017333984375,20.681639976501465,0.060996681394732355,17.463333129882812
2018-10-05,17.463333129882812,17.463333129882812,18.32533264160156,17.333332061767578,18.309999465942383,269167500,-0.07053903829718033,19.497433376312255,20.622039985656738,0.06143850300693368,16.70400047302246
2018-10-08,16.70400047302246,16.70400047302246,17.85066795349121,16.600000381469727,17.634666442871094,202090500,-0.043481542224090175,19.38096675872803,20.559879989624022,0.05895046520869415,17.520000457763672
2018-10-09,17.520000457763672,17.520000457763672,17.784666061401367,16.886667251586914,17.016666412353516,180909000,0.04885057241581614,19.325500106811525,20.52338665008545,0.06000125870076954,17.125333786010742
2018-10-10,17.125333786010742,17.125333786010742,17.700666427612305,16.51799964904785,17.640666961669922,192229500,-0.02252663592700077,19.213300132751463,20.46837333679199,0.059368085713863636,16.815332412719727
2018-10-11,16.815332412719727,16.815332412719727,17.483333587646484,16.601999282836914,17.16866683959961,122515500,-0.01810191714594478,19.08920011520386,20.4035599899292,0.05944527516390366,17.25200080871582
2018-10-12,17.25200080871582,17.25200080871582,17.465999603271484,16.80066680908203,17.399999618530273,108021000,0.025968466473239804,18.96780014038086,20.28254665374756,0.059597028503184095,17.305999755859375
2018-10-15,17.305999755859375,17.305999755859375,17.552000045776367,16.96933364868164,17.270666122436523,93000000,0.003130010700919561,18.850300121307374,20.164440002441406,0.05961911860366658,18.439332962036133
2018-10-16,18.439332962036133,18.439332962036133,18.492000579833984,17.482667922973633,17.713333129882812,142896000,0.06548787831763603,18.822400093078613,20.077239990234375,0.06118921246223815,18.118667602539062
2018-10-17,18.118667602539062,18.118667602539062,18.84666633605957,17.719999313354492,18.82666778564453,129832500,-0.017390290644313078,18.731600093841553,19.933520011901855,0.06018329054144615,17.5939998626709
2018-10-18,17.5939998626709,17.5939998626709,18.06666755676269,17.53333282470703,17.952667236328125,81318000,-0.028957302566477883,18.616866779327392,19.791613349914552,0.060459798031276345,17.333332061767578
2018-10-19,17.333332061767578,17.333332061767578,17.977333068847656,16.899999618530273,17.826000213623047,140632500,-0.014815721435600171,18.48653335571289,19.66834663391113,0.060479108640960684,17.39666748046875
2018-10-22,17.39666748046875,17.39666748046875,17.457332611083984,16.839332580566406,17.3786678314209,84004500,0.0036539667315824698,18.35743341445923,19.54229331970215,0.06049109188527558,19.60933303833008
2018-10-23,19.60933303833008,19.60933303833008,19.86199951171875,17.47333335876465,17.591333389282227,285417000,0.12718904700256495,18.334600067138673,19.459266624450684,0.06735731344499611,19.233333587646484
2018-10-24,19.233333587646484,19.233333587646484,20.29599952697754,19.048667907714844,20.06999969482422,300874500,-0.019174515010206394,18.26433343887329,19.380413284301756,0.06717342981506831,20.99066734313965
2018-10-25,20.99066734313965,20.99066734313965,21.39999961853028,20.067333221435547,21.14800071716309,312610500,0.09136917152114976,18.288800144195555,19.34863998413086,0.07027699408840965,22.059999465942383
2018-10-26,22.059999465942383,22.059999465942383,22.65999984741211,20.44333267211914,20.549999237060547,411382500,0.05094321706509364,18.509233474731445,19.342573318481445,0.06240255737807192,22.32333374023437
2018-10-29,22.32333374023437,22.32333374023437,23.143999099731445,21.76666641235352,22.49799919128418,217290000,0.011937184073759433,18.589733505249022,19.38170665740967,0.04969433088637651,21.99333381652832
2018-10-30,21.99333381652832,21.99333381652832,22.52666664123535,21.483999252319336,21.892667770385746,136900500,-0.014782734852513357,18.68600015640259,19.41031997680664,0.04920176688628341,22.488000869750977
2018-10-31,22.488000869750977,22.488000869750977,22.799999237060547,21.940000534057617,22.16933250427246,114364500,0.022491681222557736,18.827733516693115,19.43088001251221,0.048930056974441374,22.95199966430664
2018-11-01,22.95199966430664,22.95199966430664,23.189332962036133,22.315332412719727,22.55066680908203,120001500,0.020633172207841666,19.035900115966797,19.461066665649415,0.04743625864386466,23.0939998626709
2018-11-02,23.0939998626709,23.0939998626709,23.280000686645508,22.727333068847656,22.916000366210938,117120000,0.006186833410645631,19.317433452606203,19.496146659851075,0.04341932785312808,22.76000022888184
2018-11-05,22.76000022888184,22.76000022888184,22.930667877197266,22.00933265686035,22.700000762939453,117465000,-0.014462615214999475,19.62023344039917,19.52091999053955,0.04182004345768184,22.73733329772949
2018-11-06,22.73733329772949,22.73733329772949,23.253332138061523,22.4060001373291,22.60466766357422,101443500,-0.0009959108490511515,19.88110008239746,19.549973335266113,0.041264807333225094,23.21066665649414
2018-11-07,23.21066665649414,23.21066665649414,23.41200065612793,22.71999931335449,22.889333724975582,110617500,0.020817452625894184,20.185366725921632,19.598373336791994,0.040380335650277176,23.426666259765625
2018-11-08,23.426666259765625,23.426666259765625,23.838666915893555,23.22933387756348,23.233333587646484,106360500,0.00930604908804078,20.515933418273924,19.660226669311523,0.03961796373049848,23.367332458496094
2018-11-09,23.367332458496094,23.367332458496094,23.600000381469727,23.01533317565918,23.26666641235352,76482000,-0.0025327462564075365,20.821700000762938,19.723373336791994,0.03980669256124629,22.0853328704834
2018-11-12,22.0853328704834,22.0853328704834,23.318666458129883,22.022666931152344,23.224666595458984,104122500,-0.05486289846261738,21.060666656494142,19.76286666870117,0.042793773361850515,22.582000732421875
2018-11-13,22.582000732421875,22.582000732421875,22.979999542236328,22.14666748046875,22.21066665649414,81729000,0.022488583932654294,21.267800045013427,19.82924003601074,0.041068760329171256,22.933332443237305
2018-11-14,22.933332443237305,22.933332443237305,23.14066696166992,22.476667404174805,22.84666633605957,75604500,0.015558041777538723,21.50853328704834,19.913586692810057,0.04052930299664741,23.22933387756348
2018-11-15,23.22933387756348,23.22933387756348,23.238666534423828,22.6026668548584,22.82200050354004,69385500,0.012907039788430774,21.79029998779297,20.003573379516602,0.039333499445379665,23.62066650390625
2018-11-16,23.62066650390625,23.62066650390625,23.71333312988281,23.007999420166016,23.012666702270508,108093000,0.016846485069498485,22.104666709899902,20.125000038146972,0.0387156472770556,23.564666748046875
2018-11-19,23.564666748046875,23.564666748046875,24.450000762939453,23.525333404541016,23.756000518798828,145633500,-0.0023707949075066903,22.41306667327881,20.21562671661377,0.03884225573472097,23.166000366210938
2018-11-20,23.166000366210938,23.166000366210938,23.31999969482422,22.23666763305664,22.78333282470703,120070500,-0.01691797240752324,22.590900039672853,20.306360054016114,0.029326311632892385,22.54599952697754
2018-11-21,22.54599952697754,22.54599952697754,23.540000915527344,22.49333381652832,23.46666717529297,70302000,-0.026763395900558984,22.756533336639404,20.369893379211426,0.029752889008157778,21.722000122070312
2018-11-23,21.722000122070312,21.722000122070312,22.5,21.703332901000977,22.290000915527344,63039000,-0.03654747725516738,22.79309997558594,20.418386726379396,0.02420863374750488,23.06666755676269
2018-11-26,23.06666755676269,23.06666755676269,23.08133316040039,21.666667938232425,21.666667938232425,119881500,0.061903481591741194,22.843433380126953,20.486120071411133,0.02546640269381086,22.92799949645996
2018-11-27,22.92799949645996,22.92799949645996,23.13066673278809,22.36666679382324,22.670000076293945,95374500,-0.006011620879413759,22.87366666793823,20.55156005859375,0.02543412714808001,23.19133377075196
2018-11-28,23.19133377075196,23.19133377075196,23.21866607666016,22.81399917602539,23.06599998474121,61914000,0.011485270415007465,22.933566665649415,20.635440063476562,0.025218504324694364,22.744667053222656
2018-11-29,22.744667053222656,22.744667053222656,23.166667938232425,22.63666725158692,23.13333320617676,46210500,-0.019260070246266858,22.946399974823002,20.69164005279541,0.02524448679156627,23.365333557128903
2018-11-30,23.365333557128903,23.365333557128903,23.440000534057617,22.55066680908203,22.788667678833008,84436500,0.027288440954263304,22.96706666946411,20.761173400878906,0.02556058846772247,23.89933204650879
2018-12-03,23.89933204650879,23.89933204650879,24.39999961853028,23.46666717529297,24.0,124597500,0.022854306277042546,23.007333278656006,20.84036003112793,0.025999571435394633,23.979999542236328
2018-12-04,23.979999542236328,23.979999542236328,24.57866668701172,23.46666717529297,23.73666763305664,126928500,0.00337530335871139,23.068333244323732,20.920386695861815,0.025708117939796323,24.20400047302246
2018-12-06,24.20400047302246,24.20400047302246,24.492000579833984,23.38400077819824,23.733999252319336,117637500,0.009341156591416766,23.141666603088378,21.00314670562744,0.025728972162542704,23.86466789245605
2018-12-07,23.86466789245605,23.86466789245605,25.29933357238769,23.84333229064941,24.600000381469727,172668000,-0.014019689883274733,23.174366664886474,21.06766674041748,0.025670142668089813,24.34333229064941
2018-12-10,24.34333229064941,24.34333229064941,24.398666381835938,23.541332244873047,24.0,99202500,0.020057450635827756,23.220199966430663,21.144506721496583,0.025948795817008593,24.450666427612305
2018-12-11,24.450666427612305,24.450666427612305,24.81133270263672,24.01533317565918,24.6606674194336,94632000,0.004409180127082468,23.274366664886475,21.280493392944337,0.0259280012067763,24.440000534057617
2018-12-12,24.440000534057617,24.440000534057617,24.79400062561035,24.3439998626709,24.62800025939941,75405000,-0.00043622097525497505,23.392100048065185,21.35502674102783,0.02216372835358121,25.11933326721192
2018-12-13,25.11933326721192,25.11933326721192,25.16266632080078,24.450000762939453,24.676666259765625,110488500,0.027795937737711718,23.518966674804688,21.45605339050293,0.022410639063091955,24.38066673278809
2018-12-14,24.38066673278809,24.38066673278809,25.19133377075196,24.288667678833008,25.0,95064000,-0.029406295404663774,23.59133338928223,21.550600051879883,0.023581231717555166,23.22800064086914
2018-12-17,23.22800064086914,23.22800064086914,24.3799991607666,22.92533302307129,24.13333320617676,115110000,-0.04727787408573192,23.59126672744751,21.639386711120604,0.026009434660413878,22.46866607666016
2018-12-18,22.46866607666016,22.46866607666016,23.43666648864746,22.246000289916992,23.36933326721192,106500000,-0.03269048317800327,23.533666706085206,21.739493370056152,0.02670198631325059,22.19799995422364
2018-12-19,22.19799995422364,22.19799995422364,23.13400077819824,21.98266792297364,22.50666618347168,124113000,-0.012046381459096978,23.46533336639404,21.849373359680175,0.026793507654306957,21.025333404541016
2018-12-20,21.025333404541016,21.025333404541016,22.019332885742188,20.791332244873047,21.803333282470703,136078500,-0.05282757690336415,23.358300018310548,21.919480018615722,0.028919275998707708,21.31800079345703
2018-12-21,21.31800079345703,21.31800079345703,21.564666748046875,20.82933235168457,21.15999984741211,120252000,0.013919750202525005,23.296900081634522,22.00333335876465,0.02869628721459935,19.69266700744629
2018-12-24,19.69266700744629,19.69266700744629,20.96666717529297,19.68000030517578,20.89999961853028,83398500,-0.07624231754928879,23.19543342590332,22.06088005065918,0.03232527440357793,21.73933219909668
2018-12-26,21.73933219909668,21.73933219909668,21.79800033569336,19.606000900268555,20.0,122446500,0.10393032040182759,23.129066658020022,22.150626678466796,0.03776913800079964,21.07533264160156
2018-12-27,21.07533264160156,21.07533264160156,21.47800064086914,20.100000381469727,21.32266616821289,128626500,-0.030543696163891854,23.0364333152771,22.22601333618164,0.03829117826808751,22.257999420166016
2018-12-28,22.257999420166016,22.257999420166016,22.416000366210938,21.227333068847656,21.540000915527344,149085000,0.05611616189772195,22.989766597747803,22.302386665344237,0.04045095458148708,22.18666648864746
2018-12-31,22.18666648864746,22.18666648864746,22.61400032043457,21.68400001525879,22.519332885742188,94534500,-0.0032048222381534375,22.961866569519042,22.383746643066406,0.04023414939404084,20.67466735839844
2019-01-02,20.67466735839844,20.67466735839844,21.0086669921875,19.920000076293945,20.406667709350582,174879000,-0.0681489998068292,22.82733325958252,22.445359992980958,0.04237021706924959,20.02400016784668
2019-01-03,20.02400016784668,20.02400016784668,20.62666702270508,19.82533264160156,20.46666717529297,104478000,-0.03147171266518334,22.633566665649415,22.49917335510254,0.04221460687211637,21.179332733154297
2019-01-04,21.179332733154297,21.179332733154297,21.200000762939453,20.18199920654297,20.39999961853028,110911500,0.0576973909120706,22.493533325195312,22.57482666015625,0.04465963379620905,22.33066749572754
2019-01-07,22.33066749572754,22.33066749572754,22.44933319091797,21.183332443237305,21.44799995422364,113268000,0.05436123871697496,22.399866676330568,22.6292533493042,0.04652936357113306,22.356666564941406
2019-01-08,22.356666564941406,22.356666564941406,22.93400001525879,21.801332473754883,22.797332763671875,105127500,0.0011642764023440666,22.324466609954836,22.691720008850098,0.04646395053665261,22.568666458129883
2019-01-09,22.568666458129883,22.568666458129883,22.89999961853028,22.097999572753903,22.36666679382324,81493500,0.009482625353500751,22.23573331832886,22.7232799911499,0.046256538850697804,22.99799919128418
2019-01-10,22.99799919128418,22.99799919128418,23.025999069213867,22.11933326721192,22.293333053588867,90846000,0.019023398389568458,22.163099956512454,22.74203998565674,0.046490769686922825,23.15066719055176
2019-01-11,23.15066719055176,23.15066719055176,23.227333068847656,22.584667205810547,22.80599975585937,75586500,0.0066383165769237085,22.09863328933716,22.758586654663088,0.046530512913903206,22.293333053588867
2019-01-14,22.293333053588867,22.293333053588867,22.83333206176757,22.26666641235352,22.82533264160156,78709500,-0.0370328047095243,21.957333278656005,22.764586639404296,0.046626561225164176,22.96199989318848
2019-01-15,22.96199989318848,22.96199989318848,23.253332138061523,22.299999237060547,22.33333206176757,90849000,0.02999402727229117,21.886399936676025,22.774066619873047,0.04687644795849508,23.06999969482422
2019-01-16,23.06999969482422,23.06999969482422,23.46666717529297,22.89999961853028,22.985332489013672,70375500,0.004703414429845676,21.878499889373778,22.7764266204834,0.045656614483288595,23.15399932861328
2019-01-17,23.15399932861328,23.15399932861328,23.433332443237305,22.94333267211914,23.08066749572754,55150500,0.0036410765019605495,21.912766551971437,22.777626609802248,0.04497836224143225,20.15066719055176
2019-01-18,20.15066719055176,20.15066719055176,21.808666229248047,19.98200035095215,21.53333282470703,362262000,-0.1297111611448506,21.81039991378784,22.725439949035646,0.05380471222129601,19.92799949645996
2019-01-22,19.92799949645996,19.92799949645996,20.53333282470703,19.700000762939453,20.321332931518555,181000500,-0.011050140026936939,21.75553321838379,22.669253273010256,0.052582917418040595,19.172666549682617
2019-01-23,19.172666549682617,19.172666549682617,19.63333320617676,18.779333114624023,19.5,187950000,-0.03790309945117787,21.648266506195068,22.588493270874025,0.05306617743546345,19.43400001525879
2019-01-24,19.43400001525879,19.43400001525879,19.57866668701172,18.618667602539062,18.868667602539062,120183000,0.013630522645296628,21.635333156585695,22.508639945983887,0.0503563187880492,19.80266761779785
2019-01-25,19.80266761779785,19.80266761779785,19.90133285522461,19.303333282470703,19.6259994506836,108744000,0.018970237843449533,21.538499927520753,22.43734664916992,0.04441017504348883,19.7586669921875
2019-01-28,19.7586669921875,19.7586669921875,19.83066749572754,19.183332443237305,19.527332305908203,96349500,-0.0022219544588429896,21.472666645050047,22.390813331604004,0.043957811639513504,19.83066749572754
2019-01-29,19.83066749572754,19.83066749572754,19.90399932861328,19.453332901000977,19.68466758728028,69325500,0.0036439960027925267,21.351300048828126,22.335786666870117,0.041802964613882165,20.584667205810547
2019-01-30,20.584667205810547,20.584667205810547,20.600000381469727,19.89933204650879,20.030000686645508,168754500,0.038021902704256094,21.271200084686278,22.288813362121584,0.042892677921257526,20.468000411987305
2019-01-31,20.468000411987305,20.468000411987305,20.770666122436523,19.600000381469727,20.06666755676269,188538000,-0.005667655087972956,21.260866737365724,22.233586692810057,0.04006700690786557,20.81399917602539
2019-02-01,20.81399917602539,20.81399917602539,21.07333374023437,20.233333587646484,20.3613338470459,109251000,0.01690437546773982,21.30036668777466,22.17745334625244,0.03950456576467519,20.85933303833008
2019-02-04,20.85933303833008,20.85933303833008,21.020000457763672,20.125333786010746,20.865333557128903,110281500,0.002178046704109926,21.28436670303345,22.123346672058105,0.03732831092371721,21.42333221435547
2019-02-05,21.42333221435547,21.42333221435547,21.496000289916992,20.81666755676269,20.832666397094727,101142000,0.027038217137096865,21.238999938964845,22.088493309020997,0.035696002787435586,21.14800071716309
2019-02-06,21.14800071716309,21.14800071716309,21.61599922180176,21.041332244873047,21.30599975585937,75577500,-0.012851945460094383,21.178566646575927,22.060533332824708,0.03577992841664687,20.500667572021484
2019-02-07,20.500667572021484,20.500667572021484,20.979999542236328,20.200000762939453,20.88666725158692,97809000,-0.030609661584522718,21.075166702270508,22.036106681823732,0.036215623723374155,20.38666725158692
2019-02-08,20.38666725158692,20.38666725158692,20.49666786193848,19.89999961853028,20.4553337097168,87663000,-0.005560810155770035,20.944600105285645,21.982506675720217,0.03580315711832964,20.856000900268555
2019-02-11,20.856000900268555,20.856000900268555,21.239999771118164,20.700000762939453,20.773332595825195,106945500,0.023021597541653005,20.829866790771483,21.941066703796388,0.036276470482985324,20.78733253479004
2019-02-12,20.78733253479004,20.78733253479004,21.21266746520996,20.641332626342773,21.07999992370605,82764000,-0.003292499161602569,20.754566764831544,21.892986679077147,0.035461414143535104,20.544666290283203
2019-02-13,20.544666290283203,20.544666290283203,20.850000381469727,20.3713321685791,20.82333374023437,77124000,-0.011673755836671518,20.63370008468628,21.84898666381836,0.034644463357709765,20.251333236694336
2019-02-14,20.251333236694336,20.251333236694336,20.45133209228516,20.06666755676269,20.22533226013184,78012000,-0.014277820308407851,20.492766761779784,21.786706657409667,0.03462638436285421,20.525333404541016
2019-02-15,20.525333404541016,20.525333404541016,20.53333282470703,20.26000022888184,20.299999237060547,58573500,0.013529981687833148,20.361333465576173,21.719226684570312,0.03483957141523086,20.3759994506836
2019-02-19,20.3759994506836,20.3759994506836,20.769332885742188,20.36466789245605,20.437332153320312,62526000,-0.007275592114103113,20.372600078582764,21.64714668273926,0.01900332282882582,20.17066764831543
2019-02-20,20.17066764831543,20.17066764831543,20.420000076293945,19.933332443237305,20.29400062561035,107131500,-0.010077140160174247,20.384733486175538,21.566480026245117,0.018972804659613058,19.415332794189453
2019-02-21,19.415332794189453,19.415332794189453,20.215999603271484,19.36666679382324,20.12066650390625,133638000,-0.03744719150082565,20.39686679840088,21.477493324279784,0.01892409761647019,19.6473331451416
2019-02-22,19.6473331451416,19.6473331451416,19.76666641235352,19.47333335876465,19.632667541503903,86109000,0.011949336815981981,20.40753345489502,21.38357334136963,0.01886775185229784,19.917999267578125
2019-02-25,19.917999267578125,19.917999267578125,20.19333267211914,19.799999237060547,19.86066627502441,99397500,0.013776227055194656,20.413300037384033,21.292919998168944,0.01863760073312821,19.85733222961425
2019-02-26,19.85733222961425,19.85733222961425,20.13400077819824,19.251333236694336,19.481332778930664,128737500,-0.0030458399535452374,20.41823329925537,21.201266632080078,0.018644738988745906,20.98266792297364
2019-02-27,20.98266792297364,20.98266792297364,21.08666610717773,20.036666870117188,20.118667602539062,167758500,0.0566710412228042,20.475833320617674,21.118533325195312,0.022499950869935285,21.32533264160156
2019-02-28,21.32533264160156,21.32533264160156,21.33333206176757,20.720666885375977,21.26133346557617,157810500,0.01633084600518031,20.512866592407228,21.05742664337158,0.021212215918475785,19.652666091918945
2019-03-01,19.652666091918945,19.652666091918945,20.47533226013184,19.459999084472656,20.46266746520996,343671000,-0.07843566043230521,20.47209987640381,20.985919952392578,0.02780834827407,19.02400016784668
2019-03-04,19.02400016784668,19.02400016784668,19.933332443237305,18.85199928283692,19.87466621398925,256452000,-0.03198883658491347,20.382599925994874,20.91702663421631,0.02823650908481961,18.43600082397461
2019-03-05,18.43600082397461,18.43600082397461,18.933332443237305,18.00666618347168,18.799999237060547,281470500,-0.03090829156245878,20.2614333152771,20.84178665161133,0.028812558139961454,18.416000366210938
2019-03-06,18.416000366210938,18.416000366210938,18.767332077026367,18.292667388916016,18.43199920654297,155032500,-0.0010848588017886573,20.11106672286987,20.789599990844728,0.0277961547972152,18.439332962036133
2019-03-07,18.439332962036133,18.439332962036133,18.979999542236328,18.28333282470703,18.589332580566406,141637500,0.0012669741182240735,19.975633335113525,20.732026634216307,0.0278233322112904,18.94266700744629
2019-03-08,18.94266700744629,18.94266700744629,19.03933334350586,18.392667770385746,18.46066665649414,132294000,0.02729675994497449,19.897733306884767,20.71702663421631,0.028188164242948045,19.39466667175293
2019-03-11,19.39466667175293,19.39466667175293,19.41866683959961,18.700000762939453,18.90133285522461,110884500,0.023861458586003748,19.848133277893066,20.670133323669432,0.02883857453284072,18.89066696166992
2019-03-12,18.89066696166992,18.89066696166992,19.204666137695312,18.73733329772949,19.09933280944824,112561500,-0.025986510550194408,19.749866580963136,20.6264400100708,0.028674167174236893,19.263999938964844
2019-03-13,19.263999938964844,19.263999938964844,19.465999603271484,18.84666633605957,18.926666259765625,102670500,0.019762826693860758,19.673699951171876,20.566560020446776,0.029185855750125323,19.33066749572754
2019-03-14,19.33066749572754,19.33066749572754,19.69266700744629,19.21933364868164,19.49666786193848,106551000,0.0034607328163371864,19.613000011444093,20.50944004058838,0.02915589866370133,18.36199951171875
2019-03-15,18.36199951171875,18.36199951171875,18.9146671295166,18.293333053588867,18.90066719055176,221782500,-0.05011042604829263,19.518533325195314,20.463186683654786,0.030954725193697383,17.965999603271484
2019-03-18,17.965999603271484,17.965999603271484,18.536666870117188,17.81999969482422,18.39999961853028,154215000,-0.021566273770704303,19.390566635131837,20.42202667236328,0.030878131111449224,17.83133316040039
2019-03-19,17.83133316040039,17.83133316040039,18.21999931335449,17.56399917602539,17.833332061767578,177009000,-0.007495627621330492,19.263333320617676,20.3550666809082,0.030878582137762723,18.239999771118164
2019-03-20,18.239999771118164,18.239999771118164,18.33133316040039,17.753332138061523,17.979333877563477,103623000,0.02291845522943481,19.16679992675781,20.273253326416015,0.03153436656103802,18.26799964904785
2019-03-21,18.26799964904785,18.26799964904785,18.43000030517578,17.89666748046875,18.17333221435547,89206500,0.0015350810461096653,19.109433269500734,20.191479988098145,0.03058366754056152,17.635332107543945
2019-03-22,17.635332107543945,17.635332107543945,18.18666648864746,17.600000381469727,18.17200088500977,131184000,-0.03463255713040714,19.00883321762085,20.092813301086426,0.03118596827810232,17.3613338470459
2019-03-25,17.3613338470459,17.3613338470459,17.545333862304688,16.964000701904297,17.31399917602539,153225000,-0.015536892576059724,18.880999946594237,19.98007999420166,0.03094903203316663,17.851333618164062
2019-03-26,17.851333618164062,17.851333618164062,18.017332077026367,17.6286678314209,17.62933349609375,110263500,0.028223624718877183,18.78070001602173,19.874093322753907,0.031901730905005005,18.32200050354004
2019-03-27,18.32200050354004,18.32200050354004,18.357999801635746,17.8786678314209,17.916667938232422,131688000,0.026365922874079573,18.647666645050048,19.79466667175293,0.029453019617775043,18.57466697692871
2019-03-28,18.57466697692871,18.57466697692871,18.68866729736328,18.34000015258789,18.477333068847656,101611500,0.013790332193247767,18.510133361816408,19.706920013427734,0.02935543232275765,18.65733337402344
2019-03-29,18.65733337402344,18.65733337402344,18.67733383178711,18.299999237060547,18.57999992370605,89869500,0.004450491478388718,18.46036672592163,19.618666687011718,0.024027016252446888,19.27866744995117
2019-04-01,19.27866744995117,19.27866744995117,19.280000686645508,18.75200080871582,18.841333389282227,121656000,0.03330240519756211,18.473100090026854,19.541160049438478,0.024218387001572084,19.058666229248047
2019-04-02,19.058666229248047,19.058666229248047,19.29599952697754,18.92533302307129,19.21999931335449,82183500,-0.01141164041935272,18.504233360290527,19.519320030212402,0.023241406958989866,19.45400047302246
2019-04-03,19.45400047302246,19.45400047302246,19.744667053222656,19.14466667175293,19.15466690063477,118791000,0.020743017324461155,18.556133365631105,19.50984004974365,0.023602551727077734,17.851999282836914
2019-04-04,17.851999282836914,17.851999282836914,18.07999992370605,17.37266731262207,17.459333419799805,355810500,-0.08234816239503528,18.52676668167114,19.48342670440674,0.03036467020295999,18.33066749572754
2019-04-05,18.33066749572754,18.33066749572754,18.406667709350582,17.74066734313965,17.99066734313965,195574500,0.02681314318395822,18.496166706085205,19.46136005401611,0.030340991929241667,18.21333312988281
2019-04-08,18.21333312988281,18.21333312988281,18.74399948120117,18.029333114624023,18.512666702270508,156156000,-0.0064009870820076475,18.4371000289917,19.429573364257813,0.029775073179495445,18.15399932861328
2019-04-09,18.15399932861328,18.15399932861328,18.33333206176757,17.974000930786133,18.11000061035156,88560000,-0.003257712404775459,18.400266647338867,19.397480010986328,0.029269207725268736,18.40399932861328
2019-04-10,18.40399932861328,18.40399932861328,18.558666229248047,18.19266700744629,18.44933319091797,105919500,0.013771070245990558,18.35726661682129,19.368946647644044,0.02906934651371252,17.89466667175293
2019-04-11,17.89466667175293,17.89466667175293,18.03333282470703,17.706666946411133,17.886667251586914,147538500,-0.027675107337592375,18.285466575622557,19.31514663696289,0.029597803646815555,17.84666633605957
2019-04-12,17.84666633605957,17.84666633605957,18.1299991607666,17.788667678833008,18.014667510986328,101190000,-0.00268238221889483,18.2596999168396,19.262719955444336,0.027485139277382786,17.7586669921875
2019-04-15,17.7586669921875,17.7586669921875,17.92533302307129,17.242000579833984,17.908666610717773,150579000,-0.004930856117047799,18.2493332862854,19.201613311767577,0.027080472163061517,18.224000930786133
2019-04-16,18.224000930786133,18.224000930786133,18.33333206176757,17.648000717163086,17.71666717529297,109093500,0.026203202008537207,18.268966674804688,19.1489066696167,0.027646599210257302,18.082000732421875
2019-04-17,18.082000732421875,18.082000732421875,18.31933212280273,17.902666091918945,18.31666755676269,76897500,-0.007791933226055425,18.261066722869874,19.082080039978027,0.027242048860670085,18.21733283996582
2019-04-18,18.21733283996582,18.21733283996582,18.32266616821289,17.983333587646484,18.082000732421875,88144500,0.007484354720840525,18.25853338241577,19.023466682434083,0.02729297114376647,17.516666412353516
2019-04-22,17.516666412353516,17.516666412353516,17.978666305541992,17.498666763305664,17.933332443237305,182206500,-0.03846152638080802,18.25260009765625,18.96378665924072,0.027562442289192544,17.593332290649414
2019-04-23,17.593332290649414,17.593332290649414,17.706666946411133,17.049999237060547,17.343332290649414,164158500,0.004376739071872082,18.264200019836426,18.90791996002197,0.027329099915058074,17.243999481201172
2019-04-24,17.243999481201172,17.243999481201172,17.687999725341797,17.200000762939453,17.59000015258789,160912500,-0.019855977462206353,18.23383331298828,18.835679931640627,0.026922588495412677,16.5086669921875
2019-04-25,16.5086669921875,16.5086669921875,17.266666412353516,16.404666900634766,17.0,327741000,-0.0426428039397303,18.143166637420656,18.750106620788575,0.027593806108668812,15.675999641418455
2019-04-26,15.675999641418455,15.675999641418455,16.44533348083496,15.408666610717772,16.433332443237305,335410500,-0.050438194141482984,17.99823327064514,18.65273328781128,0.029014112711429535,16.097999572753906
2019-04-29,16.097999572753906,16.097999572753906,16.26533317565918,15.477999687194824,15.723999977111816,250717500,0.026920128922461872,17.870266580581664,18.56966661453247,0.029943283296266315,15.912667274475098
2019-04-30,15.912667274475098,15.912667274475098,16.28066635131836,15.800000190734863,16.137332916259766,141969000,-0.011512753335668258,17.701966571807862,18.477413291931153,0.0284130798259321,15.600666999816896
2019-05-01,15.600666999816896,15.600666999816896,16.0,15.43333339691162,15.923333168029783,160566000,-0.019607038171323365,17.529066610336304,18.38190664291382,0.028506282570954618,16.273332595825195
2019-05-02,16.273332595825195,16.273332595825195,16.475332260131836,15.847999572753906,16.368000030517578,272389500,0.04311774592818329,17.37003321647644,18.303959941864015,0.030149980566253298,17.00200080871582
2019-05-03,17.00200080871582,17.00200080871582,17.107332229614258,16.232667922973633,16.257333755493164,355602000,0.044776827893111326,17.327533292770386,18.25569330215454,0.026983908269112428,17.022666931152344
2019-05-06,17.022666931152344,17.022666931152344,17.22333335876465,16.566667556762695,16.667999267578125,162508500,0.0012155112018303882,17.262133264541625,18.203199977874757,0.02613455344304107,16.470666885375977
2019-05-07,16.470666885375977,16.470666885375977,17.1473331451416,16.34000015258789,17.1200008392334,151971000,-0.03242735395158203,17.174999952316284,18.134253330230713,0.026929321487917445,16.32266616821289
2019-05-08,16.32266616821289,16.32266616821289,16.706666946411133,16.280000686645508,16.46266746520996,92646000,-0.008985714919320764,17.083433294296263,18.063560009002686,0.02694395621572271,16.131999969482422
2019-05-09,16.131999969482422,16.131999969482422,16.245332717895508,15.79599952697754,16.133333206176758,100671000,-0.011681069548660883,16.96983332633972,17.966546649932862,0.026611854553362832,15.968000411987305
2019-05-10,15.968000411987305,15.968000411987305,16.132667541503906,15.73466682434082,15.983332633972168,105124500,-0.010166102021160528,16.87350001335144,17.859400005340575,0.026153287113311843,15.133999824523926
2019-05-13,15.133999824523926,15.133999824523926,15.498000144958496,14.966667175292969,15.46733283996582,162522000,-0.052229494360313766,16.73786668777466,17.769026679992677,0.028156776469298594,15.487333297729492
2019-05-14,15.487333297729492,15.487333297729492,15.633333206176758,15.199999809265137,15.286666870117188,108786000,0.02334699863237777,16.624300003051758,17.698293342590333,0.02900725697535992,15.463333129882812
2019-05-15,15.463333129882812,15.463333129882812,15.496000289916992,15.016667366027832,15.288000106811523,109440000,-0.00154966432150061,16.486266613006592,17.638839988708497,0.02801132221547658,15.222000122070312
2019-05-16,15.222000122070312,15.222000122070312,15.399999618530272,15.100000381469728,15.29933261871338,112249500,-0.01560679096708617,16.343266582489015,17.574959983825682,0.02806557602852598,14.0686674118042
2019-05-17,14.0686674118042,14.0686674118042,14.815999984741213,13.928000450134276,14.797332763671877,266800500,-0.07576748791335908,16.135833311080933,17.487546672821043,0.03157221643528029,13.690667152404783
2019-05-20,13.690667152404783,13.690667152404783,13.733332633972168,13.016667366027832,13.520000457763672,307893000,-0.026868234803977042,15.944533348083496,17.382506675720215,0.031171634927507786,13.67199993133545
2019-05-21,13.67199993133545,13.67199993133545,13.826666831970217,13.06933307647705,13.184000015258787,270058500,-0.0013634997375606694,15.748466730117798,17.268053340911866,0.03104120365832756,12.84866714477539
2019-05-22,12.84866714477539,12.84866714477539,13.595999717712402,12.785332679748535,13.273332595825195,280278000,-0.06022036210467108,15.528700113296509,17.147213344573974,0.032834709475931034,13.03266716003418
2019-05-23,13.03266716003418,13.03266716003418,13.29800033569336,12.414667129516602,12.956000328063965,398206500,0.014320552722358215,15.354900121688843,17.02258668899536,0.03269739260808432,12.708666801452637
2019-05-24,12.708666801452637,12.708666801452637,13.33199977874756,12.583333015441896,13.321999549865724,212049000,-0.02486063325357668,15.206533479690552,16.890146675109865,0.03156396474867563,12.579999923706056
2019-05-28,12.579999923706056,12.579999923706056,13.0,12.523332595825195,12.74666690826416,154693500,-0.01012434110963345,15.03063349723816,16.77450668334961,0.030349588591879792,12.657333374023438
2019-05-29,12.657333374023438,12.657333374023438,12.826000213623049,12.336000442504885,12.473333358764648,179529000,0.006147333130873234,14.867866802215577,16.66833335876465,0.030614430738818896,12.54800033569336
2019-05-30,12.54800033569336,12.54800033569336,12.817333221435549,12.468000411987305,12.583333015441896,118897500,-0.008637920413351985,14.7152334690094,16.56266670227051,0.030548922702065714,12.343999862670898
2019-05-31,12.343999862670898,12.343999862670898,12.661333084106444,12.273332595825195,12.34000015258789,156100500,-0.016257608189742534,14.518766832351684,16.44474670410156,0.02784163697991997,11.9313325881958
2019-06-03,11.9313325881958,11.9313325881958,12.445332527160645,11.79933261871338,12.36733341217041,195966000,-0.03343059616543187,14.265233421325684,16.31801336288452,0.02454548629312611,12.90666675567627
2019-06-04,12.90666675567627,12.90666675567627,12.932000160217283,11.973999977111816,12.07333278656006,207112500,0.08174561896341825,14.05943341255188,16.223440055847167,0.032913938174403655,13.105999946594238
2019-06-05,13.105999946594238,13.105999946594238,13.41866683959961,12.789999961853027,13.245332717895508,202662000,0.01544420373527533,13.891200065612793,16.138333377838133,0.03318400440882316,13.729999542236328
2019-06-06,13.729999542236328,13.729999542236328,14.06666660308838,13.453332901000977,13.629332542419434,303633000,0.0476117502048552,13.761566734313964,16.055906696319582,0.0356703308477549,13.633333206176758
2019-06-07,13.633333206176758,13.633333206176758,14.055999755859377,13.56666660308838,13.666666984558104,240052500,-0.007040519976872828,13.636633396148682,15.962133350372314,0.035660267971512394,14.19200038909912
2019-06-10,14.19200038909912,14.19200038909912,14.46266746520996,13.934000015258787,14.016667366027832,158775000,0.04097803335938788,13.547833395004272,15.874480018615722,0.03727693590256792,14.473333358764648
2019-06-11,14.473333358764648,14.473333358764648,14.726667404174805,14.233332633972168,14.609333038330078,174802500,0.01982334850283829,13.514800071716309,15.790800018310547,0.03595264148452419,13.95066738128662
2019-06-12,13.95066738128662,13.95066738128662,14.892000198364258,13.93333339691162,14.863332748413086,227962500,-0.03611234292213117,13.437966775894164,15.684240016937256,0.03623707929827341,14.260666847229004
2019-06-13,14.260666847229004,14.260666847229004,14.326666831970217,13.833999633789062,14.025333404541016,122524500,0.022221120858935794,13.377833461761474,15.588280029296875,0.03672849112673107,14.32800006866455
2019-06-14,14.32800006866455,14.32800006866455,14.44333267211914,14.026666641235352,14.083333015441896,111501000,0.004721603986466594,13.333133459091187,15.485760021209718,0.036654107525150456,15.001999855041504
2019-06-17,15.001999855041504,15.001999855041504,15.133333206176758,14.284667015075684,14.36533260345459,184752000,0.04704074421740101,13.379800081253052,15.428760032653809,0.03389643769475223,14.982666969299316
2019-06-18,14.982666969299316,14.982666969299316,15.649333000183104,14.837332725524902,15.248000144958496,190737000,-0.0012886872369679558,13.444400072097778,15.361800022125244,0.03315453770923493,15.095333099365234
2019-06-19,15.095333099365234,15.095333099365234,15.184666633605955,14.737333297729492,15.007332801818848,98626500,0.007519764691878983,13.515566730499268,15.299440021514892,0.03312378368765353,14.641332626342772
2019-06-20,14.641332626342772,14.641332626342772,15.126667022705078,14.423333168029783,14.866666793823242,177952500,-0.03007555183009203,13.605200004577636,15.229186687469483,0.030563770151394713,14.790666580200195
2019-06-21,14.790666580200195,14.790666580200195,14.812000274658203,14.366666793823242,14.414667129516602,123031500,0.01019947826256895,13.693099975585938,15.15692003250122,0.030525596808873182,14.90933322906494
2019-06-24,14.90933322906494,14.90933322906494,15.057332992553713,14.73466682434082,14.88266658782959,86262000,0.008023076459826362,13.803133296966553,15.09721336364746,0.029603250400024764,14.650667190551758
2019-06-25,14.650667190551758,14.650667190551758,15.022666931152344,14.63266658782959,14.959333419799805,92731500,-0.0173492693830819,13.906666660308838,15.033293380737305,0.02988427444699109,14.618000030517578
2019-06-26,14.618000030517578,14.618000030517578,15.148667335510254,14.539999961853027,14.687333106994627,127608000,-0.002229738728571129,14.004699993133546,14.970480041503906,0.029971134361092732,14.855999946594238
2019-06-27,14.855999946594238,14.855999946594238,14.859999656677246,14.489999771118164,14.630000114440918,95095500,0.016281291255971775,14.120099973678588,14.903120021820069,0.029775914373224997,14.897333145141602
2019-06-28,14.897333145141602,14.897333145141602,15.011333465576172,14.720000267028809,14.732666969299316,102771000,0.002782256239630465,14.247766637802124,14.839426670074463,0.029228882617349523,15.14466667175293
2019-07-01,15.14466667175293,15.14466667175293,15.539999961853027,15.085332870483398,15.347332954406738,123201000,0.016602537125377292,14.40843334197998,14.777973346710205,0.027415053065263466,14.970000267028809
2019-07-02,14.970000267028809,14.970000267028809,15.276666641235352,14.814666748046877,15.259332656860352,138885000,-0.011533195712382427,14.511600017547607,14.727040023803712,0.02247663236987653,15.65999984741211
2019-07-03,15.65999984741211,15.65999984741211,16.10466766357422,15.633999824523926,15.959333419799805,213016500,0.0460921555160565,14.639300012588501,14.688373374938966,0.02402516886023523,15.539999961853027
2019-07-05,15.539999961853027,15.539999961853027,15.696666717529297,15.386667251586914,15.637999534606934,105985500,-0.0076628280158580475,14.729800033569337,14.654293384552002,0.02250681190232346,15.355999946594238
2019-07-08,15.355999946594238,15.355999946594238,15.483332633972168,15.244000434875488,15.416000366210938,88207500,-0.011840412851381266,14.81593337059021,14.631240043640137,0.022683131867959838,15.337332725524902
2019-07-09,15.337332725524902,15.337332725524902,15.399999618530272,15.152000427246094,15.264666557312012,92862000,-0.0012156304463569745,14.8731999874115,14.624466705322266,0.02119240879460495,15.928000450134276
2019-07-10,15.928000450134276,15.928000450134276,15.929332733154297,15.542667388916016,15.609999656677246,137185500,0.038511763106394925,14.94593334197998,14.621066722869873,0.022304978265493495,15.90666675567627
2019-07-11,15.90666675567627,15.90666675567627,16.100000381469727,15.720000267028809,15.87600040435791,112716000,-0.0013393830898482673,15.043733310699462,14.620946712493897,0.020183163001344685,16.338666915893555
2019-07-12,16.338666915893555,16.338666915893555,16.358667373657227,15.980667114257812,15.983332633972168,138007500,0.027158434061185455,15.14763331413269,14.63570671081543,0.020410966346026044,16.899999618530273
2019-07-15,16.899999618530273,16.899999618530273,16.961332321166992,16.323999404907227,16.53333282470703,165001500,0.034356089485530594,15.276233291625976,14.648240051269532,0.021291976673820236,16.825332641601562
2019-07-16,16.825332641601562,16.825332641601562,16.902000427246094,16.528667449951172,16.6200008392334,122235000,-0.004418164415035952,15.36739993095398,14.644706687927247,0.0194163190322436,16.99066734313965
2019-07-17,16.99066734313965,16.99066734313965,17.220666885375977,16.889999389648438,17.044666290283203,146470500,0.009826533897421275,15.467799949645997,14.644066696166993,0.019357849613107422,16.902666091918945
2019-07-18,16.902666091918945,16.902666091918945,17.049999237060547,16.792667388916016,17.003332138061523,71379000,-0.00517938756868408,15.558166599273681,14.652706680297852,0.019529613895545042,17.211999893188477
2019-07-19,17.211999893188477,17.211999893188477,17.33066749572754,16.974666595458984,17.04599952697754,105726000,0.01830088813133579,15.686699962615966,14.670493354797363,0.01776176262787255,17.045333862304688
2019-07-22,17.045333862304688,17.045333862304688,17.476667404174805,16.945999145507812,17.25,102636000,-0.009683129904604848,15.799433326721191,14.688760032653809,0.018199021782501722,17.344667434692383
2019-07-23,17.344667434692383,17.344667434692383,17.365333557128906,16.96666717529297,17.11400032043457,75346500,0.017561027246856264,15.921200037002563,14.71629337310791,0.01834406969436731,17.658666610717773
2019-07-24,17.658666610717773,17.658666610717773,17.738000869750977,17.21066665649414,17.277999877929688,166092000,0.018103499372800647,16.071600008010865,14.766786708831788,0.017483664912487873,15.254667282104492
2019-07-25,15.254667282104492,15.254667282104492,15.633333206176758,15.036666870117188,15.56666660308838,336274500,-0.13613708110635003,16.10343337059021,14.762133388519286,0.036985246950327844,15.202667236328123
2019-07-26,15.202667236328123,15.202667236328123,15.350666999816896,14.81666660308838,15.128000259399414,150415500,-0.003408795800965869,16.120766735076906,14.756920070648194,0.03687018282324777,15.718000411987305
2019-07-29,15.718000411987305,15.718000411987305,15.72933292388916,15.0686674118042,15.13933277130127,139099500,0.0338975501895975,16.16180009841919,14.766840076446533,0.03756184214087743,16.150667190551758
2019-07-30,16.150667190551758,16.150667190551758,16.224000930786133,15.478667259216309,15.526666641235352,121635000,0.02752683338998274,16.212100124359132,14.808480072021485,0.03784232247281293,16.107332229614258
2019-07-31,16.107332229614258,16.107332229614258,16.44533348083496,15.776666641235352,16.200000762939453,137673000,-0.002683168467668695,16.268966722488404,14.856813373565673,0.037703282783712856,15.59000015258789
2019-08-01,15.59000015258789,15.59000015258789,16.30066680908203,15.451333045959473,16.176666259765625,123892500,-0.032117800120570084,16.265466737747193,14.895173377990723,0.03720276110559507,15.62266731262207
2019-08-02,15.62266731262207,15.62266731262207,15.751333236694336,15.281999588012695,15.423333168029783,92047500,0.002095391899579857,16.269600105285644,14.950653381347657,0.037154335344634914,15.221332550048828
2019-08-05,15.221332550048828,15.221332550048828,15.424667358398438,15.052000045776367,15.30666732788086,105424500,-0.025689260005491543,16.262866735458374,14.99442668914795,0.03753268776408051,15.383333206176758
2019-08-06,15.383333206176758,15.383333206176758,15.5,15.050000190734863,15.458666801452637,83463000,0.010643000906475075,16.265166759490967,15.047920017242431,0.037601534502842975,15.56133270263672
2019-08-07,15.56133270263672,15.56133270263672,15.571332931518556,15.053333282470703,15.100000381469728,71647500,0.011570931609834245,16.24683337211609,15.107546672821044,0.03665252719501156,15.886667251586914
2019-08-08,15.886667251586914,15.886667251586914,15.986666679382324,15.510000228881836,15.630000114440918,79114500,0.020906599400388748,16.24583339691162,15.172133350372315,0.036961350172976234,15.667332649230955
2019-08-09,15.667332649230955,15.667332649230955,15.93066692352295,15.587332725524902,15.736666679382324,58473000,-0.013806206102419005,16.21226668357849,15.234519996643066,0.03654669020456385,15.267333030700684
2019-08-12,15.267333030700684,15.267333030700684,15.718000411987305,15.25,15.53266716003418,69958500,-0.025530805242071963,16.13063335418701,15.292986660003661,0.03590925877443665,15.666666984558104
2019-08-13,15.666666984558104,15.666666984558104,15.733332633972168,15.170000076293944,15.253999710083008,72721500,0.026156104216395137,16.07270007133484,15.367693347930908,0.036553951243873416,14.641332626342772
2019-08-14,14.641332626342772,14.641332626342772,15.43333339691162,14.446000099182127,15.413999557495115,143439000,-0.06544687260065951,15.955233335494995,15.402386665344238,0.0389717394830502,14.37600040435791
2019-08-15,14.37600040435791,14.37600040435791,14.77066707611084,14.103333473205566,14.723999977111816,122394000,-0.018122136062087235,15.828900051116943,15.427786674499512,0.039053476978097336,14.662667274475098
2019-08-16,14.662667274475098,14.662667274475098,14.815999984741213,14.40133285522461,14.444000244140623,76477500,0.01994065540164347,15.701433420181274,15.446440029144288,0.039111714636815606,15.121999740600586
2019-08-19,15.121999740600586,15.121999740600586,15.18866729736328,14.779999732971191,14.947333335876465,79644000,0.03132666502806747,15.60526671409607,15.476213359832764,0.040039298634173145,15.057332992553713
2019-08-20,15.057332992553713,15.057332992553713,15.272666931152344,14.969332695007324,15.174667358398438,61878000,-0.004276335746339899,15.490899991989135,15.493520011901856,0.03968323605219679,14.722000122070312
2019-08-21,14.722000122070312,14.722000122070312,14.881333351135254,14.506667137145996,14.800666809082031,116914500,-0.022270402776456644,15.344066667556763,15.498493347167969,0.03940496641671073,14.8100004196167
2019-08-22,14.8100004196167,14.8100004196167,15.026666641235352,14.54800033569336,14.853333473205566,98385000,0.00597746887764683,15.321833324432372,15.51568000793457,0.025490768218251886,14.09333324432373
2019-08-23,14.09333324432373,14.09333324432373,14.744667053222656,14.06666660308838,14.664667129516602,128079000,-0.048390759958635954,15.266366624832154,15.512333335876464,0.02759655523119435,14.333333015441896
2019-08-26,14.333333015441896,14.333333015441896,14.334667205810549,14.102666854858398,14.239999771118164,75778500,0.01702931215472603,15.197133255004882,15.512439994812011,0.02663728742942422,14.272000312805176
2019-08-27,14.272000312805176,14.272000312805176,14.58666706085205,14.135333061218262,14.38266658782959,81243000,-0.004279025860254859,15.103199911117553,15.497840003967285,0.02556776159899206,14.37266731262207
2019-08-28,14.37266731262207,14.37266731262207,14.483332633972168,14.154000282287598,14.246000289916992,48382500,0.007053461155446694,15.016466665267945,15.485640010833741,0.02572342383535277,14.780667304992676
2019-08-29,14.780667304992676,14.780667304992676,14.893333435058594,14.533332824707031,14.600000381469728,77692500,0.028387214669075345,14.976000022888183,15.479346694946289,0.025967823745059914,15.040666580200195
2019-08-30,15.040666580200195,15.040666580200195,15.496000289916992,14.947333335876465,15.276666641235352,139809000,0.01759049641281729,14.94689998626709,15.487333374023438,0.02633554770849429,15.000666618347168
2019-09-03,15.000666618347168,15.000666618347168,15.263333320617676,14.87733268737793,14.93866729736328,80311500,-0.0026594540634046204,14.935866689682006,15.491533374786377,0.025721379851935403,14.711999893188477
2019-09-04,14.711999893188477,14.711999893188477,15.230667114257812,14.61400032043457,15.12600040435791,86415000,-0.01924359313509616,14.902300024032593,15.487586708068848,0.025912883363196658,15.305333137512209
2019-09-05,15.305333137512209,15.305333137512209,15.31999969482422,14.723333358764648,14.833333015441896,110929500,0.040329883675328304,14.889500045776368,15.500680027008057,0.027452222094350182,15.16333293914795
2019-09-06,15.16333293914795,15.16333293914795,15.309332847595217,15.011333465576172,15.146666526794434,62841000,-0.009277824735237417,14.853333330154419,15.511586685180664,0.02704202129942284,15.452667236328123
2019-09-09,15.452667236328123,15.452667236328123,15.583999633789062,15.281999588012695,15.333333015441896,72040500,0.019081180789296326,14.842600059509277,15.523520030975341,0.027283592213694183,15.702667236328123
2019-09-10,15.702667236328123,15.702667236328123,15.702667236328123,15.262666702270508,15.386667251586914,73255500,0.016178436782244843,14.86436676979065,15.539626712799071,0.026846603077119786,16.47333335876465
2019-09-11,16.47333335876465,16.47333335876465,16.544666290283203,15.733332633972168,15.825332641601562,150642000,0.04907867630625118,14.904700088500977,15.566200046539306,0.02838823112757287,16.391332626342773
2019-09-12,16.391332626342773,16.391332626342773,16.899999618530273,16.293333053588867,16.51333236694336,128718000,-0.004977786258313466,14.992200088500976,15.594626693725585,0.023530314219349625,16.34666633605957
2019-09-13,16.34666633605957,16.34666633605957,16.56333351135254,16.32466697692871,16.464000701904297,79696500,-0.0027249944407460314,15.09073338508606,15.608360023498536,0.022946825097881703,16.187332153320312
2019-09-16,16.187332153320312,16.187332153320312,16.495332717895508,16.077999114990234,16.399999618530273,70921500,-0.009747197346762881,15.16696662902832,15.62130666732788,0.02300495318859923,16.319332122802734
2019-09-17,16.319332122802734,16.319332122802734,16.373332977294922,16.024667739868164,16.1646671295166,57981000,0.008154522822672039,15.226833248138428,15.640573310852051,0.022189421834086898,16.232667922973633
2019-09-18,16.232667922973633,16.232667922973633,16.544666290283203,16.158000946044922,16.333332061767578,62553000,-0.005310523689140867,15.285599994659425,15.658480014801025,0.022211042557299044,16.440000534057617
2019-09-19,16.440000534057617,16.440000534057617,16.529333114624023,16.32266616821289,16.399999618530273,71937000,0.012772552981913154,15.371500015258789,15.668720016479492,0.021396967658389738,16.041332244873047
2019-09-20,16.041332244873047,16.041332244873047,16.463333129882812,15.87733268737793,16.432666778564453,95295000,-0.024249895148037104,15.433066606521606,15.671413326263428,0.022423082805105028,16.082000732421875
2019-09-23,16.082000732421875,16.082000732421875,16.345333099365234,15.947999954223633,16.0,65103000,0.002535231296753704,15.532499980926513,15.666280002593995,0.01871723354110973,14.880666732788086
2019-09-24,14.880666732788086,14.880666732788086,16.132667541503906,14.84066677093506,16.101333618164062,193372500,-0.0747005313345035,15.559866666793823,15.62589334487915,0.025925783872734955,15.24666690826416
2019-09-25,15.24666690826416,15.24666690826416,15.26533317565918,14.557332992553713,14.970666885375977,141406500,0.02459568391983602,15.608599996566772,15.594320030212403,0.02634658375273894,16.17066764831543
2019-09-26,16.17066764831543,16.17066764831543,16.220666885375977,15.15999984741211,15.37733268737793,178267500,0.060603458159791845,15.69850001335144,15.577920036315918,0.02927021101343501,16.142000198364258
2019-09-27,16.142000198364258,16.142000198364258,16.58066749572754,15.915332794189451,16.14666748046875,166746000,-0.0017728055869207227,15.76656665802002,15.562706718444824,0.02884738140282598,16.058000564575195
2019-09-30,16.058000564575195,16.058000564575195,16.26533317565918,15.740667343139648,16.200000762939453,88197000,-0.005203793381044264,15.81743335723877,15.53962673187256,0.02876615280531172,16.312667846679688
2019-10-01,16.312667846679688,16.312667846679688,16.39666748046875,15.94200038909912,16.100000381469727,92439000,0.015859214917846032,15.883033418655396,15.524973411560058,0.02884951329361409,16.208667755126953
2019-10-02,16.208667755126953,16.208667755126953,16.309999465942383,15.961999893188477,16.21933364868164,84471000,-0.006375418940066435,15.95786681175232,15.50225341796875,0.02843023149068285,15.535332679748535
2019-10-03,15.535332679748535,15.535332679748535,15.631999969482422,14.95199966430664,15.457332611083984,226267500,-0.041541666813759925,15.969366788864136,15.459786739349365,0.029000683864200103,15.428667068481444
2019-10-04,15.428667068481444,15.428667068481444,15.652000427246094,15.204667091369627,15.440667152404783,119925000,-0.006866001099940289,15.982633495330811,15.463266735076905,0.02896003161381154,15.847999572753906
2019-10-07,15.847999572753906,15.847999572753906,15.904000282287598,15.236666679382324,15.31999969482422,120963000,0.027178790132110553,16.0024001121521,15.47617338180542,0.029277028277220122,16.003332138061523
2019-10-08,16.003332138061523,16.003332138061523,16.262666702270508,15.633333206176758,15.724666595458984,130173000,0.009801398882838708,16.01743335723877,15.481880016326905,0.029145180789860333,16.302000045776367
2019-10-09,16.302000045776367,16.302000045776367,16.48666763305664,16.043333053588867,16.08799934387207,103416000,0.018662857531057897,16.008866691589354,15.484906673431396,0.027256262795145984,16.31599998474121
2019-10-10,16.31599998474121,16.31599998474121,16.618667602539062,16.10533332824707,16.351999282836914,94249500,0.0008587865860343324,16.005100059509278,15.489080028533936,0.02723326076606434,16.525999069213867
2019-10-11,16.525999069213867,16.525999069213867,16.738666534423828,16.45400047302246,16.476667404174805,127131000,0.012870745566869735,16.014066696166992,15.507800006866455,0.027370252082197635,17.130666732788086
2019-10-14,17.130666732788086,17.130666732788086,17.23666763305664,16.475332260131836,16.52666664123535,153075000,0.036588871936986234,16.06123342514038,15.537959995269775,0.028364064910456056,17.19266700744629
2019-10-15,17.19266700744629,17.19266700744629,17.333332061767578,16.941333770751953,17.18000030517578,96492000,0.0036192563678525413,16.10490016937256,15.577386684417725,0.02834068372588575,17.316667556762695
2019-10-16,17.316667556762695,17.316667556762695,17.47333335876465,17.128000259399414,17.159332275390625,100261500,0.007212409177860479,16.159100151062013,15.616053371429443,0.028285781741228304,17.46466636657715
2019-10-17,17.46466636657715,17.46466636657715,17.652000427246094,17.344667434692383,17.5,71539500,0.008546610329575488,16.21033344268799,15.654120044708252,0.02822956049370143,17.1299991607666
2019-10-18,17.1299991607666,17.1299991607666,17.520000457763672,17.00666618347168,17.3799991607666,86247000,-0.019162530722660276,16.264766788482667,15.678986682891846,0.0279890928977237,16.899999618530273
2019-10-21,16.899999618530273,16.899999618530273,17.299999237060547,16.678667068481445,17.222000122070312,75304500,-0.01342671065408474,16.305666732788087,15.703640022277831,0.02824938284057634,17.038667678833008
2019-10-22,17.038667678833008,17.038667678833008,17.222000122070312,16.72333335876465,16.954666137695312,69012000,0.00820521085401027,16.41356678009033,15.739066715240478,0.021558439492880735,16.978666305541992
2019-10-23,16.978666305541992,16.978666305541992,17.076000213623047,16.75666618347168,16.96666717529297,78916500,-0.0035214826899614415,16.500166749954225,15.765306701660156,0.021266281582861576,19.978666305541992
2019-10-24,19.978666305541992,19.978666305541992,20.32866668701172,19.280000686645508,19.891332626342773,445813500,0.1766923235319593,16.69056668281555,15.87205337524414,0.04240445526372979,21.875333786010746
2019-10-25,21.875333786010746,21.875333786010746,22.0,19.74066734313965,19.847999572753903,450091500,0.09493463935290958,16.977233362197875,16.022040042877197,0.04616864346108293,21.84733390808105
2019-10-28,21.84733390808105,21.84733390808105,22.7226676940918,21.50666618347168,21.836000442504883,283054500,-0.0012799748887764029,17.26670002937317,16.165733375549316,0.046080947188736364,21.08133316040039
2019-10-29,21.08133316040039,21.08133316040039,21.6200008392334,20.983333587646484,21.332666397094727,190264500,-0.03506152059118417,17.505133295059203,16.284920043945313,0.04749977027887692,21.000667572021484
2019-10-30,21.000667572021484,21.000667572021484,21.252666473388672,20.6646671295166,20.86666679382324,144627000,-0.0038263988223681267,17.74473328590393,16.403786735534666,0.04744590229301446,20.994667053222656
2019-10-31,20.994667053222656,20.994667053222656,21.26666641235352,20.86666679382324,20.87333297729492,76005000,-0.0002857299073112385,18.017700004577637,16.529240074157716,0.045770168696537196,20.88733291625977
2019-11-01,20.88733291625977,20.88733291625977,21.09866714477539,20.65333366394043,21.08799934387207,95758500,-0.00511244768449004,18.290633296966554,16.650786724090576,0.04572554325358876,21.1646671295166
2019-11-04,21.1646671295166,21.1646671295166,21.46266746520996,20.617332458496094,20.98666763305664,131805000,0.013277626893232641,18.55646667480469,16.792213401794434,0.04565507019860511,21.14800071716309
2019-11-05,21.14800071716309,21.14800071716309,21.567333221435547,21.07466697692871,21.308000564575195,104151000,-0.0007874639488314461,18.813700103759764,16.928506755828856,0.045785595596321664,21.77199935913086
2019-11-06,21.77199935913086,21.77199935913086,21.781333923339844,20.96666717529297,21.200000762939453,119113500,0.029506271080336655,19.08720006942749,17.078506736755372,0.04589594050814357,22.36933326721192
2019-11-07,22.36933326721192,22.36933326721192,22.76666641235352,21.86800003051757,21.94266700744629,217009500,0.02743587753370691,19.389866733551024,17.238440055847168,0.045834654417765935,22.47599983215332
2019-11-08,22.47599983215332,22.47599983215332,22.497333526611328,22.166667938232425,22.299999237060547,91038000,0.004768428440276695,19.687366771698,17.39234670639038,0.045907158875044304,23.006000518798828
2019-11-11,23.006000518798828,23.006000518798828,23.279333114624023,22.799999237060547,22.93000030517578,149800500,0.02358073903734903,19.981133460998535,17.551653385162354,0.04569798445326421,23.32866668701172
2019-11-12,23.32866668701172,23.32866668701172,23.357999801635746,22.93600082397461,23.12666702270508,110391000,0.014025304743831235,20.287933444976808,17.718213386535645,0.04561156783711856,23.073999404907227
2019-11-13,23.073999404907227,23.073999404907227,23.755332946777344,23.011999130249023,23.666667938232425,126301500,-0.010916495379750035,20.575800037384035,17.88545337677002,0.04598003129347978,23.290000915527344
2019-11-14,23.290000915527344,23.290000915527344,23.589332580566406,22.86066627502441,23.073999404907227,96973500,0.009361251460125342,20.86706676483154,18.045146732330323,0.045974020034211464,23.47800064086914
2019-11-15,23.47800064086914,23.47800064086914,23.520000457763672,23.224000930786133,23.3759994506836,72135000,0.008072121852793046,21.18446683883667,18.211440086364746,0.04529408847863913,23.332666397094727
2019-11-18,23.332666397094727,23.332666397094727,23.543333053588867,23.07333374023437,23.527999877929688,66006000,-0.006190230846208622,21.506100177764893,18.369040069580077,0.0450684113283069,23.968000411987305
2019-11-19,23.968000411987305,23.968000411987305,23.99933242797852,23.18666648864746,23.450000762939453,115872000,0.02722937893509192,21.85256681442261,18.534346733093262,0.04507058380822617,23.481332778930664
2019-11-20,23.481332778930664,23.481332778930664,24.07999992370605,23.30466651916504,24.0,100876500,-0.020304890883314552,22.177700138092042,18.67450672149658,0.04564680876067589,23.655332565307617
2019-11-21,23.655332565307617,23.655332565307617,24.05599975585937,23.600000381469727,23.63400077819824,91650000,0.00741013246629163,22.361533451080323,18.81978672027588,0.02598901442009467,22.202667236328125
2019-11-22,22.202667236328125,22.202667236328125,22.733333587646484,22.0,22.67733383178711,253059000,-0.06140963459164972,22.37790012359619,18.93690673828125,0.02190726178868172,22.422666549682617
2019-11-25,22.422666549682617,22.422666549682617,22.971332550048828,22.297332763671875,22.954666137695312,185092500,0.009908688492819007,22.40666675567627,19.061613426208496,0.021989362735121063,21.92799949645996
2019-11-26,21.92799949645996,21.92799949645996,22.36666679382324,21.80666732788086,22.351333618164062,119211000,-0.022061027047189374,22.449000072479247,19.17378677368164,0.02102148101600836,22.086000442504883
2019-11-27,22.086000442504883,22.086000442504883,22.261999130249023,21.90466690063477,22.07466697692871,83334000,0.0072054427979364455,22.503266716003417,19.290853424072267,0.02100019282934599,21.996000289916992
2019-11-29,21.996000289916992,21.996000289916992,22.083999633789062,21.83333206176757,22.073999404907227,36984000,-0.0040749864522633406,22.553333377838136,19.401973419189453,0.021045929869976155,22.32466697692871
2019-12-02,22.32466697692871,22.32466697692871,22.42533302307129,21.91266632080078,21.959999084472656,91117500,0.014942111414791182,22.625200080871583,19.527640113830568,0.021139370119441156,22.413333892822266
2019-12-03,22.413333892822266,22.413333892822266,22.527332305908203,22.145999908447266,22.17466735839844,98605500,0.003971701615311352,22.687633419036864,19.654266777038575,0.021016018495960836,22.20199966430664
2019-12-04,22.20199966430664,22.20199966430664,22.52400016784668,22.190000534057617,22.51666641235352,82995000,-0.009428951066637326,22.740333366394044,19.800693435668947,0.021187922690654903,22.024667739868164
2019-12-05,22.024667739868164,22.024667739868164,22.294666290283203,21.81666755676269,22.18866729736328,55869000,-0.007987205077007897,22.752966785430907,19.936253452301024,0.020328037669535854,22.392667770385746
2019-12-06,22.392667770385746,22.392667770385746,22.59066772460937,22.31800079345703,22.33333206176757,114186000,0.016708539482366058,22.7541335105896,20.06069345474243,0.019720034160536443,22.635332107543945
2019-12-09,22.635332107543945,22.635332107543945,22.96333312988281,22.338666915893555,22.439332962036133,135346500,0.010836776557687555,22.76210012435913,20.190560092926024,0.01983968994152528,23.256000518798828
2019-12-10,23.256000518798828,23.256000518798828,23.381999969482425,22.62066650390625,22.66399955749512,132424500,0.027420335973247223,22.774600124359132,20.334520092010496,0.02009132056701853,23.51333236694336
2019-12-11,23.51333236694336,23.51333236694336,23.812667846679688,23.4060001373291,23.45866775512696,103467000,0.011065180701923305,22.78383340835571,20.478533382415772,0.019998960279481278,23.978666305541992
2019-12-12,23.978666305541992,23.978666305541992,24.182666778564453,23.548667907714844,23.661333084106445,116458500,0.019790216517877823,22.82906675338745,20.633933353424073,0.020246431568052975,23.892667770385746
2019-12-13,23.892667770385746,23.892667770385746,24.34733390808105,23.642667770385746,24.06999969482422,98563500,-0.0035864603168680453,22.859200096130373,20.801080055236817,0.02020978363455438,25.433332443237305
2019-12-16,25.433332443237305,25.433332443237305,25.573999404907227,24.166667938232425,24.170000076293945,272613000,0.06448273954410255,22.95696668624878,21.001173362731933,0.024631515774861668,25.266000747680664
2019-12-17,25.266000747680664,25.266000747680664,25.700000762939453,25.059999465942383,25.266000747680664,127452000,-0.006579228102730705,23.053633403778075,21.18953338623047,0.02464038416763448,26.209999084472656
2019-12-18,26.209999084472656,26.209999084472656,26.347999572753903,25.371999740600582,25.375333786010746,211815000,0.03736239645598238,23.165733337402344,21.393666725158692,0.025234188502796417,26.93600082397461
2019-12-19,26.93600082397461,26.93600082397461,27.12333297729492,26.433332443237305,26.488000869750977,271606500,0.02769941872802484,23.338466739654542,21.606346740722657,0.02500421373746159,27.03933334350586
2019-12-20,27.03933334350586,27.03933334350586,27.53333282470703,26.679332733154297,27.3526668548584,221290500,0.003836223506470837,23.507666778564452,21.820813407897948,0.02501527938964689,27.94799995422364
2019-12-23,27.94799995422364,27.94799995422364,28.13400077819824,27.33333206176757,27.45199966430664,199794000,0.03360536294198302,23.79493341445923,22.049253425598145,0.019821735538262074,28.350000381469727
2019-12-24,28.350000381469727,28.350000381469727,28.36466789245605,27.512666702270508,27.89066696166992,120820500,0.01438387104281258,24.091300106048585,22.27364009857178,0.019825045028738133,28.72933387756348
2019-12-26,28.72933387756348,28.72933387756348,28.898666381835938,28.42333221435547,28.527332305908203,159508500,0.013380370052541446,24.431366825103762,22.50437343597412,0.018134014862249602,28.691999435424805
2019-12-27,28.691999435424805,28.691999435424805,29.020666122436523,28.40733337402344,29.0,149185500,-0.0012995234173470704,24.76166677474976,22.731880073547362,0.018393471959462646,27.64666748046875
2019-12-30,27.64666748046875,27.64666748046875,28.600000381469727,27.28400039672852,28.586000442504883,188796000,-0.03643287242176041,25.044200134277347,22.935520095825197,0.02121184448938004,27.8886661529541
2019-12-31,27.8886661529541,27.8886661529541,28.086000442504883,26.80533218383789,27.0,154285500,0.008753267375039453,25.322400093078617,23.150693435668945,0.021207331496928456,28.68400001525879
2020-01-02,28.68400001525879,28.68400001525879,28.71333312988281,28.11400032043457,28.299999237060547,142981500,0.0285181750157113,25.63593339920044,23.386373443603517,0.02146360064097331,29.53400039672852
2020-01-03,29.53400039672852,29.53400039672852,30.26666641235352,29.12800025939941,29.36666679382324,266677500,0.02963325829792085,26.002533435821533,23.636280097961425,0.021125609715192728,30.1026668548584
2020-01-06,30.1026668548584,30.1026668548584,30.10400009155273,29.33333206176757,29.36466789245605,151995000,0.01925463704513497,26.406433391571046,23.898760108947755,0.02046181149705807,31.270666122436523
2020-01-07,31.270666122436523,31.270666122436523,31.441999435424805,30.224000930786133,30.76000022888184,268231500,0.03880052465815398,26.850333309173585,24.124600105285644,0.021091987505525635,32.80933380126953
2020-01-08,32.80933380126953,32.80933380126953,33.232666015625,31.21533393859864,31.57999992370605,467164500,0.04920482578812169,27.359033393859864,24.34328010559082,0.02221258432259718,32.089332580566406
2020-01-09,32.089332580566406,32.089332580566406,33.25333404541016,31.524667739868164,33.13999938964844,426606000,-0.021945011900097344,27.800699996948243,24.548120079040526,0.023902028862565657,31.87666702270508
2020-01-10,31.87666702270508,31.87666702270508,32.3293342590332,31.57999992370605,32.11933135986328,194392500,-0.006627297633174156,28.218866729736327,24.764026756286622,0.024435077933735706,34.990665435791016
2020-01-13,34.990665435791016,34.990665435791016,35.04199981689453,32.79999923706055,32.900001525878906,397764000,0.0976889588509331,28.76946668624878,25.043826713562012,0.030573626748454825,35.861331939697266
2020-01-14,35.861331939697266,35.861331939697266,36.49399948120117,34.99333190917969,36.28400039672852,434943000,0.024882822120200876,29.367899894714355,25.341160011291503,0.030100945141398047,34.56666564941406
2020-01-15,34.56666564941406,34.56666564941406,35.85599899291992,34.452667236328125,35.31733322143555,260532000,-0.03610201351305786,29.824566555023193,25.61474666595459,0.030835083603609762,34.232666015625
2020-01-16,34.232666015625,34.232666015625,34.297332763671875,32.81133270263672,32.91666793823242,326050500,-0.009662477636014799,30.27289981842041,25.876106643676756,0.030960841211620616,34.03333282470703
2020-01-17,34.03333282470703,34.03333282470703,34.37799835205078,33.54399871826172,33.840667724609375,204436500,-0.005822894156913949,30.664066505432128,26.133813285827635,0.030879787826208663,36.47999954223633
2020-01-21,36.47999954223633,36.47999954223633,36.571998596191406,35.227333068847656,35.349998474121094,267052500,0.07189030619278935,31.141266441345216,26.427973289489746,0.03341926289696249,37.97066879272461
2020-01-22,37.97066879272461,37.97066879272461,39.633331298828125,37.27333450317383,38.1259994506836,470535000,0.04086264444061727,31.68783321380615,26.74,0.03374577726951998,38.14666748046875
2020-01-23,38.14666748046875,38.14666748046875,38.79999923706055,37.040000915527344,37.61666870117188,294765000,0.004635122144013071,32.197766590118405,27.05341335296631,0.03364640129961423,37.654666900634766
2020-01-24,37.654666900634766,37.654666900634766,38.25733184814453,36.95066833496094,38.04199981689453,215304000,-0.012897603180825445,32.66299991607666,27.34638668060303,0.034271113591170334,37.20133209228516
2020-01-27,37.20133209228516,37.20133209228516,37.62933349609375,35.95199966430664,36.13266754150391,204121500,-0.012039272835579373,33.086599826812744,27.623839988708497,0.03479527847027136,37.79333114624024
2020-01-28,37.79333114624024,37.79333114624024,38.45399856567383,37.2053337097168,37.89933395385742,176827500,0.015913383222044608,33.541666412353514,27.918226623535155,0.0346207048854503,38.732666015625
2020-01-29,38.732666015625,38.732666015625,39.31999969482422,37.82866668701172,38.37933349609375,267022500,0.024854513769903663,34.09596633911133,28.227079925537108,0.03253149351034394,42.72066879272461
2020-01-30,42.72066879272461,42.72066879272461,43.391998291015625,41.20000076293945,42.16133117675781,435085500,0.10296225866535558,34.837566471099855,28.611933288574217,0.03762216036439547,43.37133407592773
2020-01-31,43.37133407592773,43.37133407592773,43.53333282470703,42.167999267578125,42.66666793823242,235789500,0.015230690473505115,35.5719331741333,29.012706642150878,0.03762204182708254,52.0
2020-02-03,52.0,52.0,52.40933227539063,44.90133285522461,44.91266632080078,705975000,0.19894859376394924,36.69523315429687,29.573346633911132,0.0547094073190764,59.137332916259766
2020-02-04,59.137332916259766,59.137332916259766,64.59933471679688,55.59199905395508,58.86399841308594,914082000,0.13725640223576474,38.14696645736694,30.286466636657714,0.05963094035903097,48.97999954223633
2020-02-05,48.97999954223633,48.97999954223633,56.39866638183594,46.94066619873047,54.88399887084961,726357000,-0.1717583947927872,39.032433128356935,30.79295997619629,0.07555364102909566,49.93066787719727
2020-02-06,49.93066787719727,49.93066787719727,53.05533218383789,45.79999923706055,46.66133117675781,598212000,0.01940931694254444,39.88849983215332,31.347519989013673,0.07535249379804751,49.87133407592773
2020-02-07,49.87133407592773,49.87133407592773,51.31666564941406,48.66666793823242,48.70333480834961,255952500,-0.001188323805631386,40.77759990692139,31.896493339538573,0.07482919114343635,51.41866683959961
2020-02-10,51.41866683959961,51.41866683959961,54.66600036621094,50.15999984741211,53.33333206176758,370338000,0.031026496329857656,41.754699897766116,32.48630668640137,0.07446644517170409,51.62533187866211
2020-02-11,51.62533187866211,51.62533187866211,52.23400115966797,50.53333282470703,51.25266647338867,175462500,0.004019260937028868,42.586433219909665,33.077093315124515,0.07269823809788128,51.15266799926758
2020-02-12,51.15266799926758,51.15266799926758,52.650001525878906,50.891334533691406,51.858001708984375,180337500,-0.009155657933695438,43.351000022888186,33.66022666931153,0.0730278664266425,53.59999847412109
2020-02-13,53.59999847412109,53.59999847412109,54.53333282470703,49.0,49.45600128173828,394339500,0.0478436525517798,44.302666664123535,34.28573329925537,0.07201368266932975,53.33533477783203
2020-02-14,53.33533477783203,53.33533477783203,54.198001861572266,52.36666870117188,52.4813346862793,235405500,-0.00493775566834842,45.25780010223389,34.904173316955564,0.07190297916659102,57.22666549682617
2020-02-18,57.22666549682617,57.22666549682617,57.33333206176758,55.490665435791016,56.106666564941406,245725500,0.0729597130158357,46.417466735839845,35.60466663360596,0.07229096814974893,61.16133117675781
2020-02-19,61.16133117675781,61.16133117675781,62.98533248901367,60.06800079345703,61.56666564941406,381345000,0.06875580895325561,47.65153331756592,36.38739990234375,0.07219594928190831,59.96066665649414
2020-02-20,59.96066665649414,59.96066665649414,60.79999923706055,57.3293342590332,60.79666519165039,264523500,-0.019631105097986157,48.75103321075439,37.13875988006592,0.0729202804888958,60.06666564941406
2020-02-21,60.06666564941406,60.06666564941406,60.87066650390625,58.6966667175293,60.46533203125,214722000,0.0017678087791648256,49.84703311920166,37.88738655090332,0.07296649352435311,55.58599853515625
2020-02-24,55.58599853515625,55.58599853515625,57.56666564941406,54.81333160400391,55.93333435058594,227883000,-0.07459490327646512,50.74359970092773,38.53398651123047,0.07591833802371067,53.32733154296875
2020-02-25,53.32733154296875,53.32733154296875,57.106666564941406,52.46666717529297,56.59999847412109,259357500,-0.040633739641448896,51.549899673461915,39.13026649475098,0.07686405335633613,51.91999816894531
2020-02-26,51.91999816894531,51.91999816894531,54.22066879272461,51.740665435791016,52.16666793823242,211282500,-0.026390470576789893,52.256233024597165,39.689093132019046,0.07758867465279493,45.26666641235352
2020-02-27,45.26666641235352,45.26666641235352,49.31800079345703,44.59999847412109,48.66666793823242,364158000,-0.12814583958462689,52.582933044433595,40.1165731048584,0.08422319946722803,44.53266525268555
2020-02-28,44.53266525268555,44.53266525268555,46.03466796875,40.76800155639648,41.97999954223633,363343500,-0.016215047800994253,52.67353286743164,40.49855976104736,0.08156220011900817,49.574668884277344
2020-03-02,49.574668884277344,49.574668884277344,49.5793342590332,45.77799987792969,47.41733169555664,302925000,0.11322034293215233,52.98369960784912,40.9847331237793,0.08506269738520172,49.70066833496094
2020-03-03,49.70066833496094,49.70066833496094,53.79866790771485,47.740665435791016,53.66666793823242,386760000,0.0025416095259802596,52.86873302459717,41.454546508789065,0.07253059728441888,49.96666717529297
2020-03-04,49.96666717529297,49.96666717529297,51.10133361816406,48.31533432006836,50.93066787719727,225735000,0.0053520173720666975,52.41019973754883,41.91515983581543,0.06503179764987083,48.30266571044922
2020-03-05,48.30266571044922,48.30266571044922,49.71666717529297,47.87133407592773,48.2513313293457,162790500,-0.033302230445070524,52.37633304595947,42.340426483154296,0.05268791168578913,46.89866638183594
2020-03-06,46.89866638183594,46.89866638183594,47.133331298828125,45.61800003051758,46.0,189943500,-0.029066704869448956,52.22473297119141,42.71943981170654,0.05289340293237657,40.53333282470703
2020-03-09,40.53333282470703,40.53333282470703,44.20000076293945,40.33333206176758,40.35933303833008,256105500,-0.13572525720249962,51.75783290863037,42.96310646057129,0.06078008096937593,43.02199935913086
2020-03-10,43.02199935913086,43.02199935913086,44.53333282470703,40.53333282470703,43.96200180053711,233916000,0.061398023823663106,51.337999534606936,43.24895977020264,0.06218324471620762,42.28200149536133
2020-03-11,42.28200149536133,42.28200149536133,43.571998596191406,40.86666870117188,42.68000030517578,199837500,-0.017200452670558586,50.870833015441896,43.52075981140137,0.062166415102874524,37.369998931884766
2020-03-12,37.369998931884766,37.369998931884766,39.633331298828125,36.41666793823242,38.72600173950195,283636500,-0.11617242301113506,50.18169956207275,43.71522644042969,0.06670575307308461,36.44133377075195
2020-03-13,36.44133377075195,36.44133377075195,40.50466537475586,33.46666717529297,39.66666793823242,339604500,-0.0248505535904755,49.3237663269043,43.88627979278564,0.06515500297558244,29.67133331298828
2020-03-16,29.67133331298828,29.67133331298828,32.9913330078125,29.47800064086914,31.299999237060547,307342500,-0.18577806455584012,48.14056625366211,43.906026458740236,0.07516575936811175,28.68000030517578
2020-03-17,28.68000030517578,28.68000030517578,31.456666946411133,26.39999961853028,29.333999633789062,359919000,-0.03341046380880208,46.71323299407959,43.88894645690918,0.07146065932038244,24.08133316040039
2020-03-18,24.08133316040039,24.08133316040039,26.99066734313965,23.367332458496094,25.933332443237305,356793000,-0.1603440409986845,44.85923309326172,43.76851978302002,0.0729076787809358,28.50933265686035
2020-03-19,28.50933265686035,28.50933265686035,30.13333320617676,23.8973331451416,24.979999542236328,452932500,0.1838768421567878,43.28666639328003,43.713293113708495,0.08879127686076119,28.50200080871582
2020-03-20,28.50200080871582,28.50200080871582,31.799999237060547,28.38599967956543,29.21333312988281,424282500,-0.0002571736151377735,41.70843315124512,43.62714645385742,0.08875106946869546,28.952667236328125
2020-03-23,28.952667236328125,28.952667236328125,29.46666717529297,27.36666679382324,28.906667709350582,246817500,0.015811747064244486,40.37676658630371,43.564413146972655,0.08881180241197383,33.66666793823242
2020-03-24,33.66666793823242,33.66666793823242,34.24599838256836,31.600000381469727,31.81999969482422,343428000,0.16281749323562988,39.39373340606689,43.6002131652832,0.09844927542055941,35.95000076293945
2020-03-25,35.95000076293945,35.95000076293945,37.133331298828125,34.07400131225586,36.34999847412109,318340500,0.06782176450892674,38.5952335357666,43.619399871826175,0.10026844388255865,35.21066665649414
2020-03-26,35.21066665649414,35.21066665649414,37.33333206176758,34.150001525878906,36.49266815185547,260710500,-0.020565621439638027,38.092433547973634,43.60638656616211,0.09660650562134449,34.29066848754883
2020-03-27,34.29066848754883,34.29066848754883,35.0533332824707,32.935333251953125,33.66666793823242,215661000,-0.026128393930185068,37.5803337097168,43.600866622924805,0.09667626710280837,33.47533416748047
2020-03-30,33.47533416748047,33.47533416748047,34.44333267211914,32.7486686706543,34.017333984375,179971500,-0.02377714859552571,36.775366973876956,43.585719985961916,0.09235497092828927,34.93333435058594
2020-03-31,34.93333435058594,34.93333435058594,36.19733428955078,33.133331298828125,33.41666793823242,266572500,0.04355446239344318,36.037000274658205,43.60372001647949,0.09322432699117206,32.104000091552734
2020-04-01,32.104000091552734,32.104000091552734,34.26333236694336,31.67333221435547,33.599998474121094,200298000,-0.08099239055277141,35.14386692047119,43.51620002746582,0.09430822551199988,30.29800033569336
2020-04-02,30.29800033569336,30.29800033569336,32.95066833496094,29.76000022888184,32.06866836547852,297876000,-0.05625466454987249,34.2436336517334,43.36274665832519,0.09464821347281908,32.000667572021484
2020-04-03,32.000667572021484,32.000667572021484,34.36600112915039,31.22599983215332,33.96666717529297,338431500,0.05619734693587186,33.49873371124268,43.23982666015625,0.09606923121372841,34.41600036621094
2020-04-06,34.41600036621094,34.41600036621094,34.733333587646484,33.19733428955078,34.08000183105469,223527000,0.0754775752334993,33.19286708831787,43.17505332946777,0.09361912523351501,36.36333465576172
2020-04-07,36.36333465576172,36.36333465576172,37.66666793823242,35.48933410644531,36.33333206176758,268797000,0.05658223700690801,32.859933853149414,43.158293380737305,0.09344827088532882,36.589332580566406
2020-04-08,36.589332580566406,36.589332580566406,37.14733123779297,35.55533218383789,36.9466667175293,189840000,0.006214994497730331,32.57530040740967,43.13421340942383,0.0934232299380482,38.20000076293945
2020-04-09,38.20000076293945,38.20000076293945,38.345333099365234,37.14066696166992,37.4726676940918,204750000,0.04402015748241661,32.616800498962405,43.123560104370114,0.0900154196424463,43.39666748046875
2020-04-13,43.39666748046875,43.39666748046875,43.46666717529297,38.70199966430664,39.34400177001953,337131000,0.13603839302984921,32.96456718444824,43.137080078125,0.09429467329543728,47.32600021362305
2020-04-14,47.32600021362305,47.32600021362305,49.45866775512695,46.1619987487793,46.59799957275391,458647500,0.09054457315006381,33.84730052947998,43.21617340087891,0.08322320845180908,48.65533447265625
2020-04-15,48.65533447265625,48.65533447265625,50.20866775512695,47.33333206176758,49.46666717529297,353655000,0.028088878270565276,34.846067237854,43.149280090332034,0.08200630549207483,49.68066787719727
2020-04-16,49.68066787719727,49.68066787719727,50.630001068115234,47.11466598510742,47.79600143432617,309868500,0.02107340162500071,36.12603397369385,42.960146789550784,0.06882546894407383,50.25933456420898
2020-04-17,50.25933456420898,50.25933456420898,51.663333892822266,49.84400177001953,51.48533248901367,196923000,0.011647723586206249,37.21353406906128,42.98573348999023,0.05994741149802417,49.75733184814453
2020-04-20,49.75733184814453,49.75733184814453,51.03799819946289,47.48066711425781,48.8466682434082,221199000,-0.009988248360572882,38.27630062103272,42.98226676940918,0.06024803207678584,45.78133392333984
2020-04-21,45.78133392333984,45.78133392333984,50.22200012207031,44.91933441162109,48.67466735839844,303136500,-0.0799077799617377,39.1177339553833,42.900466766357425,0.06503829002378085,48.80733489990234
2020-04-22,48.80733489990234,48.80733489990234,48.93333435058594,45.91400146484375,46.93199920654297,212482500,0.06609682849410836,39.8747673034668,42.84824012756348,0.057409419269599825,47.04199981689453
2020-04-23,47.04199981689453,47.04199981689453,48.93333435058594,46.87533187866211,48.50666809082031,198550500,-0.036169462779073736,40.429367256164554,42.75657348632812,0.057586593424132033,48.34333419799805
2020-04-24,48.34333419799805,48.34333419799805,48.71533203125,46.54533386230469,47.387332916259766,198180000,0.02766324531628772,41.08600063323975,42.70038681030273,0.05702205871567633,53.25
2020-04-27,53.25,53.25,53.29933166503906,49.0,49.17399978637695,310221000,0.10149622245552825,42.03396720886231,42.69338684082031,0.05898998492597465,51.27466583251953
2020-04-28,51.27466583251953,51.27466583251953,53.66666793823242,50.44599914550781,53.042667388916016,228330000,-0.037095477323576875,42.923933792114255,42.65217346191406,0.05962801032382915,53.367332458496094
2020-04-29,53.367332458496094,53.367332458496094,53.54666519165039,52.21066665649414,52.678001403808594,243240000,0.040812876924676944,43.84563369750977,42.57498680114746,0.05958192287233061,52.12533187866211
2020-04-30,52.12533187866211,52.12533187866211,57.98799896240234,50.900001525878906,57.01266860961914,427078500,-0.023272674923369818,44.846700286865236,42.394266815185546,0.05553630583512037,46.75466537475586
2020-05-01,46.75466537475586,46.75466537475586,51.51800155639648,45.5359992980957,50.33333206176758,487977000,-0.1030337133662409,45.66953353881836,42.13014678955078,0.05998787883099358,50.74599838256836
2020-05-04,50.74599838256836,50.74599838256836,50.79999923706055,46.53333282470703,46.73333358764648,288556500,0.08536758793631605,46.6068000793457,41.94373344421387,0.06116459605285218,51.2140007019043
2020-05-05,51.2140007019043,51.2140007019043,53.26133346557617,50.8120002746582,52.65266799926758,254875500,0.009222447764407393,47.44670009613037,41.856293487548825,0.060076042851476226,52.172000885009766
2020-05-06,52.172000885009766,52.172000885009766,52.6533317565918,50.740665435791016,51.76666641235352,166848000,0.018705825945557253,48.23713340759277,41.83318687438965,0.05951526214449694,52.00266647338867
2020-05-07,52.00266647338867,52.00266647338867,53.09333419799805,51.4900016784668,51.81399917602539,172915500,-0.003245695176505081,49.00780010223389,41.83484024047851,0.05966696260580983,54.62799835205078
2020-05-08,54.62799835205078,54.62799835205078,54.93333435058594,52.46733474731445,52.917999267578125,241297500,0.05048456274844226,49.829199981689456,42.02206687927246,0.05982463340362701,54.08599853515625
2020-05-11,54.08599853515625,54.08599853515625,54.93333435058594,52.33333206176758,52.70066833496094,247794000,-0.0099216488475673,50.36366653442383,42.213133544921874,0.05345242891457179,53.96066665649414
2020-05-12,53.96066665649414,53.96066665649414,56.21933364868164,53.86666870117188,55.133331298828125,238603500,-0.002317270311292141,50.695399856567384,42.30085350036621,0.05024687832683282,52.73066711425781
2020-05-13,52.73066711425781,52.73066711425781,55.06666564941406,50.88666534423828,54.72200012207031,285982500,-0.02279437261341355,50.89916648864746,42.361453475952146,0.05045251074542381,53.55533218383789
2020-05-14,53.55533218383789,53.55533218383789,53.55733489990234,50.93333435058594,52.0,205233000,0.01563919280204029,51.09289970397949,42.43322677612305,0.05037733632591561,53.27799987792969
2020-05-15,53.27799987792969,53.27799987792969,53.66999816894531,52.436668395996094,52.68999862670898,157776000,-0.005178425650618879,51.243832969665526,42.53273345947266,0.05040043354919863,54.242000579833984
2020-05-18,54.242000579833984,54.242000579833984,55.64799880981445,53.59199905395508,55.185333251953125,174987000,0.018093785504579962,51.46806640625,42.679600143432616,0.05037762855134421,53.867332458496094
2020-05-19,53.867332458496094,53.867332458496094,54.80466842651367,53.73866653442383,54.34466552734375,144547500,-0.006907343337870575,51.87236633300781,42.9462801361084,0.04634452649494626,54.37066650390625
2020-05-20,54.37066650390625,54.37066650390625,55.06666564941406,54.119998931884766,54.70000076293945,109639500,0.00934395713390801,52.15053291320801,43.173253479003904,0.044371759946041485,55.17333221435547
2020-05-21,55.17333221435547,55.17333221435547,55.5,53.06666564941406,54.400001525878906,183819000,0.01476284478490908,52.55709953308106,43.43108009338379,0.04325074784567665,54.45866775512695
2020-05-22,54.45866775512695,54.45866775512695,55.45199966430664,54.133331298828125,54.81133270263672,149812500,-0.012953077701596039,52.8628662109375,43.772853469848634,0.043276481350209915,54.5913314819336
2020-05-26,54.5913314819336,54.5913314819336,55.63999938964844,54.38066864013672,55.633331298828125,121345500,0.0024360442933193394,52.92993278503418,44.135853424072266,0.03710385772709682,54.68199920654297
2020-05-27,54.68199920654297,54.68199920654297,55.18066787719727,52.33333206176758,54.7239990234375,173242500,0.0016608447192640874,53.10029945373535,44.63606674194336,0.03595388647652581,53.72066879272461
2020-05-28,53.72066879272461,53.72066879272461,54.98333358764648,53.44599914550781,54.23400115966797,108834000,-0.017580381620416863,53.11796627044678,45.13688011169434,0.03515598705601827,55.66666793823242
2020-05-29,55.66666793823242,55.66666793823242,55.66666793823242,53.61399841308594,53.91666793823242,176467500,0.03622440280883765,53.295033073425294,45.768586807250976,0.035516027540917094,59.87333297729492
2020-06-01,59.87333297729492,59.87333297729492,59.93333435058594,56.93999862670898,57.20000076293945,224092500,0.07556883131087,53.95096645355225,46.395866813659666,0.029085051350119354,58.77066802978516
2020-06-02,58.77066802978516,58.77066802978516,60.57733154296875,58.06666564941406,59.64666748046875,203484000,-0.018416628784101774,54.352199935913085,47.00124015808105,0.024332220032016984,58.86399841308594
2020-06-03,58.86399841308594,58.86399841308594,59.86266708374024,58.67333221435547,59.20800018310547,119242500,0.0015880436011630472,54.73469982147217,47.59946678161621,0.024365971556319022,57.62533187866211
2020-06-04,57.62533187866211,57.62533187866211,59.71666717529297,57.22933197021485,59.32533264160156,133315500,-0.021042854169221026,55.00736637115479,48.0786400604248,0.024996138335219627,59.04399871826172
2020-06-05,59.04399871826172,59.04399871826172,59.10133361816406,57.74666595458984,58.52266693115234,117178500,0.024618805538279664,55.359432983398435,48.54052001953125,0.025271415647991447,63.32799911499024
2020-06-08,63.32799911499024,63.32799911499024,63.33333206176758,60.61066818237305,61.26666641235352,212620500,0.0725560681818036,55.79443302154541,49.102866668701175,0.027655155790213666,62.711334228515625
2020-06-09,62.711334228515625,62.711334228515625,63.62933349609375,61.595333099365234,62.66733169555664,170823000,-0.00973763414433615,56.22569980621338,49.671279983520506,0.02764899033860207,68.336669921875
2020-06-10,68.336669921875,68.336669921875,68.49866485595703,65.5,66.12533569335938,278451000,0.08970205725269786,56.94449996948242,50.3685066986084,0.033016009707439446,64.85600280761719
2020-06-11,64.85600280761719,64.85600280761719,67.9306640625,64.80000305175781,66.01333618164062,238747500,-0.0509341048991272,57.55076675415039,50.96696006774902,0.03512600149028824,62.35200119018555
2020-06-12,62.35200119018555,62.35200119018555,65.8653335571289,60.84000015258789,65.33333587646484,251451000,-0.03860863311078977,57.990600204467775,51.57192008972168,0.03680118906282675,66.05999755859375
2020-06-15,66.05999755859375,66.05999755859375,66.5893325805664,60.56666564941406,61.18600082397461,235458000,0.059468762792361796,58.629700088500975,52.287160034179685,0.03836461358525854,65.47533416748047
2020-06-16,65.47533416748047,65.47533416748047,67.52532958984375,64.15933227539062,67.4566650390625,210766500,-0.008850490655781473,59.1913667678833,52.956653366088865,0.03859299895673519,66.11933135986328
2020-06-17,66.11933135986328,66.11933135986328,67.0,65.50466918945312,65.84733581542969,148362000,0.009835722116904755,59.80396671295166,53.59071998596191,0.03838466616967788,66.9306640625
2020-06-18,66.9306640625,66.9306640625,67.94667053222656,66.2979965209961,66.86666870117188,146278500,0.012270733625858066,60.431966590881345,54.202066574096676,0.038383671100683296,66.72666931152344
2020-06-19,66.72666931152344,66.72666931152344,67.73133087158203,66.0893325805664,67.51866912841797,130195500,-0.0030478518902198326,61.009633445739745,54.80481330871582,0.038501343950654986,66.28800201416016
2020-06-22,66.28800201416016,66.28800201416016,67.2586669921875,66.00133514404297,66.663330078125,95436000,-0.0065740925163715325,61.60110015869141,55.366573333740234,0.03832513459075924,66.78533172607422
2020-06-23,66.78533172607422,66.78533172607422,67.46666717529297,66.267333984375,66.59200286865234,95479500,0.0075025599927995845,62.21080017089844,55.83434661865235,0.038285355371927,64.0566635131836
2020-06-24,64.0566635131836,64.0566635131836,66.72533416748047,63.542667388916016,66.27400207519531,164394000,-0.040857298187609414,62.67953338623047,56.168959884643556,0.03996381982636634,65.73200225830078
2020-06-25,65.73200225830078,65.73200225830078,65.73200225830078,62.47666549682617,63.61800003051758,138817500,0.02615401198303724,63.28010005950928,56.510493240356446,0.039646300291128665,63.982666015625
2020-06-26,63.982666015625,63.982666015625,66.33333587646484,63.65800094604492,66.31866455078125,132823500,-0.026613159231048233,63.695899963378906,56.796533203125,0.04001946578294312,67.29000091552734
2020-06-29,67.29000091552734,67.29000091552734,67.33333587646484,63.23466873168945,64.60066986083984,135396000,0.05169110801188981,64.06673336029053,57.13714653015137,0.03820410486133278,71.98733520507812
2020-06-30,71.98733520507812,71.98733520507812,72.51266479492188,66.91533660888672,67.0999984741211,253777500,0.0698073149894527,64.72756671905518,57.58174659729004,0.04021200565031662,74.64199829101562
2020-07-01,74.64199829101562,74.64199829101562,75.68866729736328,72.03333282470703,72.19999694824219,199903500,0.03687680726581788,65.51646671295165,58.15895988464356,0.04055252678289589,80.57733154296875
2020-07-02,80.57733154296875,80.57733154296875,81.86666870117188,79.04000091552734,81.43199920654297,258751500,0.0795173412803385,66.664066696167,58.79435981750488,0.04234184806370705,91.43866729736328
2020-07-06,91.43866729736328,91.43866729736328,91.85266876220705,84.40266418457031,85.11266326904297,308548500,0.1347939370342961,68.28380012512207,59.68229316711426,0.049795069589782685,92.65733337402344
2020-07-07,92.65733337402344,92.65733337402344,95.3000030517578,89.11399841308594,93.6673355102539,322345500,0.013327688522591696,69.75026683807373,60.56857315063476,0.048451341073644405,91.05867004394533
2020-07-08,91.05867004394533,91.05867004394533,94.48400115966795,87.42266845703125,93.66666412353516,244669500,-0.01725350030984485,71.16763362884521,61.32474655151367,0.04872484033172283,92.9520034790039
2020-07-09,92.9520034790039,92.9520034790039,93.90399932861328,90.08533477783205,93.1326675415039,175764000,0.02079245649145589,72.39840030670166,62.15829330444336,0.04588347569097932,102.97666931152344
2020-07-10,102.97666931152344,102.97666931152344,103.2613296508789,91.73400115966795,93.06666564941406,350064000,0.10784776505418647,74.30443363189697,63.150480041503904,0.04732206044370527,99.8040008544922
2020-07-13,99.8040008544922,99.8040008544922,119.66600036621094,98.0739974975586,110.5999984741211,584781000,-0.03080958510547016,76.17703361511231,64.10405342102051,0.046804788641897424,101.12000274658205
2020-07-14,101.12000274658205,101.12000274658205,106.0,95.4000015258789,103.73332977294922,351271500,0.013185863099901995,77.93003387451172,65.19136016845704,0.046139594797908606,103.06732940673828
2020-07-15,103.06732940673828,103.06732940673828,103.33333587646484,97.13333129882812,102.86666870117188,245517000,0.019257581163604653,79.80963363647462,66.23778678894043,0.04555948720194506,100.04266357421876
2020-07-16,100.04266357421876,100.04266357421876,102.11399841308594,97.73332977294922,98.47733306884766,214512000,-0.029346504366899562,81.50580024719238,67.21436004638672,0.047014633939134964,100.05599975585938
2020-07-17,100.05599975585938,100.05599975585938,102.50066375732422,99.33333587646484,100.89666748046876,139950000,0.0001333049437524103,83.16206703186035,68.17204002380372,0.04722369814897456,109.53333282470705
2020-07-20,109.53333282470705,109.53333282470705,110.0,99.1999969482422,101.267333984375,256821000,0.09472028755869455,85.30240020751954,69.32265335083008,0.04957052103650449,104.55733489990234
2020-07-21,104.55733489990234,104.55733489990234,111.66666412353516,103.86666870117188,109.32866668701172,241608000,-0.045429074387502655,87.21586685180665,70.32124008178711,0.05164106391724217,106.15533447265624
2020-07-22,106.15533447265624,106.15533447265624,108.4280014038086,104.13333129882812,106.5999984741211,212416500,0.015283476518254124,89.18436698913574,71.36262680053711,0.051537340706537954,100.87133026123048
2020-07-23,100.87133026123048,100.87133026123048,112.5999984741211,98.71800231933594,111.93000030517578,364927500,-0.049776153385742705,91.0251003265381,72.30084007263184,0.052168750648543614,94.46666717529295
2020-07-24,94.46666717529295,94.46666717529295,97.66666412353516,91.10266876220705,94.40066528320312,290949000,-0.0634933937061315,92.46183357238769,73.13556007385255,0.05572295928518283,102.63999938964844
2020-07-27,102.63999938964844,102.63999938964844,103.1959991455078,94.1999969482422,95.66666412353516,240730500,0.08652080631985237,94.39470024108887,74.11725341796875,0.05650815136608341,98.43267059326172
2020-07-28,98.43267059326172,98.43267059326172,104.3133316040039,98.29467010498048,100.26667022705078,237130500,-0.040991122577997974,95.95183372497559,75.0203468322754,0.058017258979455026,99.94066619873048
2020-07-29,99.94066619873048,99.94066619873048,102.32066345214844,99.13333129882812,100.06666564941406,141403500,0.01532007204904584,97.34950027465821,75.93432014465333,0.0568600666185142,99.16600036621094
2020-07-30,99.16600036621094,99.16600036621094,100.8826675415039,98.06666564941406,99.1999969482422,114315000,-0.007751257440881343,98.57570037841798,76.84029350280761,0.056956871957612974,95.38400268554688
2020-07-31,95.38400268554688,95.38400268554688,101.13666534423828,94.73200225830078,101.0,183123000,-0.03813804798718812,99.31603393554688,77.66056022644042,0.0560981888005,99.0
2020-08-03,99.0,99.0,100.65399932861328,96.29199981689452,96.61333465576172,132139500,0.03790989277703116,99.69410057067873,78.53709358215332,0.048401689286334655,99.13333129882812
2020-08-04,99.13333129882812,99.13333129882812,101.82733154296876,97.46666717529295,99.6673355102539,126225000,0.0013467807962437295,100.01790046691896,79.43058685302735,0.04836817987321163,99.00133514404295
2020-08-05,99.00133514404295,99.00133514404295,99.98933410644533,97.88733673095705,99.5326690673828,74217000,-0.001331501252462508,100.41503372192383,80.31878692626952,0.048122277981424294,99.30533599853516
2020-08-06,99.30533599853516,99.30533599853516,101.15399932861328,98.48400115966795,99.38866424560548,89884500,0.003070674289896047,100.73270034790039,81.21125366210937,0.04798423179348435,96.84733581542967
2020-08-07,96.84733581542967,96.84733581542967,99.98332977294922,94.33399963378906,99.96932983398438,133446000,-0.024751944680412197,100.42623367309571,82.07378700256348,0.04168192285399852,94.5713348388672
2020-08-10,94.5713348388672,94.5713348388672,97.16666412353516,92.38933563232422,96.53333282470705,112834500,-0.023500914685975927,100.16460037231445,82.85188034057617,0.041449781188831504,91.6259994506836
2020-08-11,91.6259994506836,91.6259994506836,94.66666412353516,91.0,93.06666564941406,129387000,-0.031144060652225525,99.68990020751953,83.48693367004394,0.041785187675218015,103.65066528320312
2020-08-12,103.65066528320312,103.65066528320312,105.66666412353516,95.66666412353516,98.0,327441000,0.1312363947417745,99.71906700134278,84.3845336151123,0.051462023194366234,108.06666564941406
2020-08-13,108.06666564941406,108.06666564941406,110.07866668701172,104.48400115966795,107.4000015258789,306379500,0.042604650478076156,100.12026710510254,85.36858695983886,0.051706917853087626,110.04733276367188
2020-08-14,110.04733276367188,110.04733276367188,111.25333404541016,108.44266510009766,110.99933624267578,188664000,0.01832819678811437,100.61983375549316,86.41702697753907,0.051775100357870585,122.3759994506836
2020-08-17,122.3759994506836,122.3759994506836,123.05733489990234,111.52200317382812,111.8000030517578,303634500,0.11203058154519474,101.261967086792,87.6836669921875,0.053453724879538235,125.80599975585938
2020-08-18,125.80599975585938,125.80599975585938,128.25999450683594,123.00733184814452,126.59933471679688,247117500,0.028028374195693928,102.32440032958985,88.93322700500488,0.05217975413960657,125.23533630371094
2020-08-19,125.23533630371094,125.23533630371094,127.4000015258789,122.74732971191406,124.33333587646484,183079500,-0.004536059116861502,103.27840042114258,90.18370704650879,0.052273046979459295,133.45533752441406
2020-08-20,133.45533752441406,133.45533752441406,134.79933166503906,123.8040008544922,124.04533386230467,309177000,0.06563643667445929,104.90760078430176,91.48608039855957,0.051746984698402144,136.6653289794922
2020-08-21,136.6653289794922,136.6653289794922,139.69932556152344,135.00332641601562,136.3173370361328,322344000,0.024052926729070556,107.01753387451171,92.92226692199706,0.048318461542416535,134.27999877929688
2020-08-24,134.27999877929688,134.27999877929688,141.93333435058594,128.50132751464844,141.7519989013672,300954000,-0.017453806448256226,108.59953384399414,94.3608268737793,0.04630166261288522,134.8893280029297
2020-08-25,134.8893280029297,134.8893280029297,135.19667053222656,131.1999969482422,131.65933227539062,159883500,0.004537751185374361,110.42236671447753,95.73741348266601,0.04451464965183824,143.54466247558594
2020-08-26,143.54466247558594,143.54466247558594,144.39999389648438,136.90866088867188,137.3333282470703,213591000,0.06416619165356252,112.60256652832031,97.29880004882813,0.04575337861505413,149.25
2020-08-27,149.25,149.25,153.0399932861328,142.8333282470703,145.36399841308594,355395000,0.039746079206424145,115.10676651000976,98.96141342163087,0.04551194857031668,147.55999755859375
2020-08-28,147.55999755859375,147.55999755859375,154.5659942626953,145.76800537109375,153.00799560546875,301218000,-0.011323299439907841,117.7155662536621,100.57400009155273,0.04403061274930977,166.10667419433594
2020-08-31,166.10667419433594,166.10667419433594,166.7133331298828,146.70333862304688,148.20333862304688,355123200,0.1256890549105465,121.0708999633789,102.56160018920899,0.04962199277894338,158.35000610351562
2020-09-01,158.35000610351562,158.35000610351562,167.49667358398438,156.836669921875,167.3800048828125,269523300,-0.04669690804684601,124.03173370361328,104.4028402709961,0.052049137772356854,149.1233367919922
2020-09-02,149.1233367919922,149.1233367919922,159.67999267578125,135.0399932861328,159.663330078125,288528300,-0.05826756524083643,126.53783378601074,106.04960037231446,0.055032058777329494,135.6666717529297
2020-09-03,135.6666717529297,135.6666717529297,143.93333435058594,134.0,135.7433319091797,262788300,-0.09023849203316048,128.35590057373048,107.48180053710938,0.060419327508702284,139.44000244140625
2020-09-04,139.44000244140625,139.44000244140625,142.6666717529297,124.00666809082033,134.27000427246094,330965700,0.027813247275265907,130.48553390502929,108.95596054077149,0.05962697514408993,110.06999969482422
2020-09-08,110.06999969482422,110.06999969482422,122.913330078125,109.95999908447266,118.66666412353516,346397100,-0.21062824320390794,131.26046714782714,109.87770721435547,0.07850968276463786,122.09333038330078
2020-09-09,122.09333038330078,122.09333038330078,123.0,113.836669921875,118.86666870117188,238397400,0.10923349433825735,132.783833694458,110.97377380371094,0.08081497456059392,123.77999877929688
2020-09-10,123.77999877929688,123.77999877929688,132.99667358398438,120.1866683959961,128.73666381835938,254791800,0.013814582587770685,133.7903003692627,112.00962707519531,0.07626989826084328,124.23999786376952
2020-09-11,124.23999786376952,124.23999786376952,127.5,120.16666412353516,127.3133316040039,182152500,0.003716263443279244,134.59896697998047,113.00158706665039,0.07593894509752323,139.8733367919922
2020-09-14,139.8733367919922,139.8733367919922,140.0,124.43333435058594,126.98332977294922,249061800,0.1258317707423402,136.09026718139648,114.18750717163086,0.08025053197525171,149.9199981689453
2020-09-15,149.9199981689453,149.9199981689453,153.97999572753906,143.56666564941406,145.52000427246094,291894600,0.07182685140266343,137.46746711730958,115.3571337890625,0.07817560009253817,147.25332641601562
2020-09-16,147.25332641601562,147.25332641601562,152.59666442871094,145.10333251953125,146.6233367919922,216837900,-0.01778729846250804,138.5398334503174,116.44905364990234,0.07839065097517481,141.14332580566406
2020-09-17,141.14332580566406,141.14332580566406,145.92999267578125,136.0,138.53334045410156,230337600,-0.04149312452942333,139.33523292541503,117.45074676513671,0.07920641007533079,147.38333129882812
2020-09-18,147.38333129882812,147.38333129882812,150.3333282470703,142.93333435058594,149.31333923339844,259220400,0.04421041843491591,140.03163261413573,118.5393733215332,0.078543735236231,149.79666137695312
2020-09-21,149.79666137695312,149.79666137695312,151.89332580566406,135.69000244140625,151.0433349609375,328430400,0.016374511668703073,140.68819923400878,119.47577316284179,0.07848007203933269,141.41000366210938
2020-09-22,141.41000366210938,141.41000366210938,145.9199981689453,139.1999969482422,143.1999969482422,238742400,-0.055986946823462835,141.04469947814943,120.30789321899414,0.07959397214312348,126.7866668701172
2020-09-23,126.7866668701172,126.7866668701172,137.38333129882812,125.2933349609375,135.05332946777344,285222600,-0.10341090738483927,140.6395664215088,120.82122650146485,0.08325478098192018,129.26333618164062
2020-09-24,129.26333618164062,129.26333618164062,133.1666717529297,117.0999984741211,121.26667022705078,289683300,0.0195341463945935,139.9255001068115,121.3451466369629,0.08204296224131691,135.77999877929688
2020-09-25,135.77999877929688,135.77999877929688,136.2433319091797,130.43333435058594,131.1566619873047,201625500,0.05041385121376596,139.25200004577636,122.05989334106445,0.08236203892270598,140.39999389648438
2020-09-28,140.39999389648438,140.39999389648438,142.69332885742188,138.51666259765625,141.5399932861328,149158800,0.034025594039789775,138.8939998626709,122.86677322387695,0.0826971145160217,139.69000244140625
2020-09-29,139.69000244140625,139.69000244140625,142.8333282470703,137.1999969482422,138.6666717529297,150657900,-0.005056919415549199,137.57316627502442,123.46990661621093,0.07730512252446423,143.00332641601562
2020-09-30,143.00332641601562,143.00332641601562,144.64332580566406,140.1566619873047,140.44000244140625,144436800,0.02371912031427703,136.80583229064942,124.23882644653321,0.0769393901352894,149.3866729736328
2020-10-01,149.3866729736328,149.3866729736328,149.6266632080078,144.80667114257812,146.9199981689453,152224500,0.04463774876849502,136.81899909973146,125.10345321655274,0.07642592963957785,138.3633270263672
2020-10-02,138.3633270263672,138.3633270263672,146.3766632080078,138.3333282470703,140.4633331298828,214290000,-0.0737906918190171,136.9538318634033,125.85329315185547,0.07545179537008635,141.89332580566406
2020-10-05,141.89332580566406,141.89332580566406,144.54666137695312,139.77667236328125,141.11666870117188,134168400,0.025512531789757986,137.0764980316162,126.8018263244629,0.075415082214677,137.9933319091797
2020-10-06,137.9933319091797,137.9933319091797,142.92666625976562,135.35000610351562,141.26333618164062,147438900,-0.02748539351192436,138.472664642334,127.50889297485351,0.056850387725052826,141.76666259765625
2020-10-07,141.76666259765625,141.76666259765625,143.3000030517578,137.9499969482422,139.9566650390625,129383100,0.027344297266189477,139.45633125305176,128.3755728149414,0.05231446171745013,141.97332763671875
2020-10-08,141.97332763671875,141.97332763671875,146.3333282470703,141.76666259765625,146.14666748046875,121263300,0.0014577830589765917,140.36599769592286,129.21622604370117,0.05232505764582071,144.6666717529297
2020-10-09,144.6666717529297,144.6666717529297,144.8633270263672,142.15333557128906,143.3766632080078,86777100,0.01897077543397918,141.38733139038087,130.12623947143555,0.052367734206022205,147.43333435058594
2020-10-12,147.43333435058594,147.43333435058594,149.5800018310547,146.19332885742188,147.3333282470703,116373300,0.01912439516394837,141.76533126831055,131.16722610473633,0.0447074927370126,148.88333129882812
2020-10-13,148.88333129882812,148.88333129882812,149.6300048828125,145.53334045410156,147.78334045410156,103391100,0.009834932884270176,141.7134979248047,132.1648927307129,0.04178209888678768,153.76666259765625
2020-10-14,153.76666259765625,153.76666259765625,155.3000030517578,149.11666870117188,149.92666625976562,143639100,0.032799718116372834,142.0391647338867,133.25755935668946,0.04214590777080248,149.6266632080078
2020-10-15,149.6266632080078,149.6266632080078,152.19000244140625,147.5,150.10333251953125,107017200,-0.02692390743031925,142.4633316040039,134.27006591796874,0.041455994571934746,146.55667114257812
2020-10-16,146.55667114257812,146.55667114257812,151.98333740234375,146.28334045410156,151.47999572753906,98327700,-0.02051768046956881,142.4219985961914,135.21509262084962,0.040651117245322825,143.61000061035156
2020-10-19,143.61000061035156,143.61000061035156,149.0,142.9566650390625,148.74667358398438,108863400,-0.020106014344170586,142.11266555786133,136.15034591674805,0.04072108233090972,140.64666748046875
2020-10-20,140.64666748046875,140.64666748046875,143.9166717529297,139.68333435058594,143.9166717529297,94968900,-0.020634587544658856,142.0744987487793,137.07185256958007,0.038950885484739434,140.8800048828125
2020-10-21,140.8800048828125,140.8800048828125,144.31666564941406,140.4166717529297,140.89999389648438,97111500,0.0016590325709362475,142.77916564941407,138.05693267822267,0.030334912770724243,141.92999267578125
2020-10-22,141.92999267578125,141.92999267578125,148.41000366210938,141.50332641601562,147.30667114257812,119979600,0.007453064711647084,143.4124984741211,138.8225192260742,0.030165290624693863,140.2100067138672
2020-10-23,140.2100067138672,140.2100067138672,140.9633331298828,135.7933349609375,140.6133270263672,101151000,-0.012118551755604834,143.6339988708496,139.46538604736327,0.02841358597225758,140.0933380126953
2020-10-26,140.0933380126953,140.0933380126953,141.9199981689453,136.6666717529297,137.2100067138672,84717600,-0.0008320996760948773,143.61866607666016,140.06630615234374,0.02739631590527353,141.55999755859375
2020-10-27,141.55999755859375,141.55999755859375,143.5,140.03334045410156,141.25332641601562,68059500,0.010469159823756513,143.71216583251953,140.44998611450194,0.027457858066644022,135.33999633789062
2020-10-28,135.33999633789062,135.33999633789062,139.53334045410156,135.3333282470703,138.82666015625,76354200,-0.043938975190562446,143.3289993286133,140.64066604614257,0.028656861661567414,136.94332885742188
2020-10-29,136.94332885742188,136.94332885742188,139.35333251953125,135.48666381835938,136.65333557128906,67965900,0.011846701366300838,142.70683212280272,140.8748258972168,0.026697877779971773,129.34666442871094
2020-10-30,129.34666442871094,129.34666442871094,135.8633270263672,126.37000274658205,135.63333129882812,127533900,-0.05547305218949494,142.25599899291993,140.79265243530273,0.024392067827437646,133.50332641601562
2020-11-02,133.50332641601562,133.50332641601562,135.66000366210938,130.76666259765625,131.3333282470703,87063300,0.03213582666134873,141.8364990234375,140.7294123840332,0.024841483505815068,141.3000030517578
2020-11-03,141.3000030517578,141.3000030517578,142.58999633789062,135.56333923339844,136.57666015625,103055100,0.05840061701119437,142.0018325805664,140.8698124694824,0.02760917350633075,140.32666015625
2020-11-04,140.32666015625,140.32666015625,145.13333129882812,139.03334045410156,143.5399932861328,96429300,-0.006888484603579825,141.9298324584961,140.97855911254882,0.02697968495550763,146.02999877929688
2020-11-05,146.02999877929688,146.02999877929688,146.6666717529297,141.3333282470703,142.76666259765625,85243500,0.040643300543862226,142.132666015625,141.02826583862304,0.028484529725497733,143.31666564941406
2020-11-06,143.31666564941406,143.31666564941406,145.52333068847656,141.42666625976562,145.36666870117188,65118000,-0.01858065570474754,142.0651657104492,140.90959915161133,0.028530381302080354,140.4199981689453
2020-11-09,140.4199981689453,140.4199981689453,150.8333282470703,140.3333282470703,146.5,104499000,-0.02021165833954497,141.7144989013672,140.76679916381835,0.028492467336786974,136.7866668701172
2020-11-10,136.7866668701172,136.7866668701172,140.02999877929688,132.00999450683594,140.02999877929688,90852600,-0.02587474253102262,141.10966567993165,140.180399017334,0.028825482578379396,139.0433349609375
2020-11-11,139.0433349609375,139.0433349609375,139.56666564941406,136.86000061035156,138.81666564941406,52073100,0.0164977197153513,140.3734992980957,139.79426559448243,0.027952310009983043,137.25332641601562
2020-11-12,137.25332641601562,137.25332641601562,141.0,136.5066680908203,138.35000610351562,59565300,-0.012873745767280065,139.75483245849608,139.5568653869629,0.027536508503079395,136.1666717529297
2020-11-13,136.1666717529297,136.1666717529297,137.50999450683594,133.8866729736328,136.9499969482422,59313300,-0.007917146283160204,139.23533248901367,139.5668653869629,0.02728038501822946,136.02999877929688
2020-11-16,136.02999877929688,136.02999877929688,137.48333740234375,134.69667053222656,136.30999755859375,80515800,-0.0010037182511209997,138.85633239746093,139.4986653137207,0.026994553358928444,147.20333862304688
2020-11-17,147.20333862304688,147.20333862304688,154.0,144.336669921875,153.38999938964844,183564900,0.08213879250177958,139.18416595458984,140.24133209228515,0.03254455319710906,162.2133331298828
2020-11-18,162.2133331298828,162.2133331298828,165.3333282470703,147.8333282470703,149.4499969482422,234132000,0.10196775866118779,140.25083236694337,141.0437321472168,0.03937562835531823,166.42333984375
2020-11-19,166.42333984375,166.42333984375,169.5366668701172,162.52333068847656,164.0,187425900,0.025953518324515645,141.4754997253418,141.89659896850586,0.03958400420283212,163.20333862304688
2020-11-20,163.20333862304688,163.20333862304688,167.5,163.02000427246094,165.99667358398438,98735700,-0.019348255020757876,142.6251663208008,142.6758657836914,0.03981661890917163,173.9499969482422
2020-11-23,173.9499969482422,173.9499969482422,175.3333282470703,167.26333618164062,167.8333282470703,150780900,0.06584827501609536,144.31799926757813,143.3573989868164,0.041751512747298006,185.1266632080078
2020-11-24,185.1266632080078,185.1266632080078,186.663330078125,175.39999389648438,180.13333129882812,160945500,0.06425217853318599,146.49633255004883,144.06153228759766,0.04336946303820685,191.3333282470703
2020-11-25,191.3333282470703,191.3333282470703,191.3333282470703,181.7899932861328,183.35333251953125,146790600,0.03352658623835669,149.2959991455078,144.94313232421874,0.04129670487458758,195.2533264160156
2020-11-27,195.2533264160156,195.2533264160156,199.5933380126953,192.8166656494141,193.72000122070312,112683300,0.020487795852708768,152.2114990234375,146.02533233642578,0.04127135906500994,189.1999969482422
2020-11-30,189.1999969482422,189.1999969482422,202.6000061035156,184.836669921875,200.7366638183593,189009300,-0.03100243964538618,155.20416564941405,146.86166564941405,0.03927146253689159,194.9199981689453
2020-12-01,194.9199981689453,194.9199981689453,199.2833404541016,190.683334350586,199.19667053222656,120310500,0.030232565079099327,158.27499923706054,147.7641323852539,0.03924256670579173,189.606674194336
2020-12-02,189.606674194336,189.606674194336,190.51333618164065,180.40333557128903,185.47999572753903,143327100,-0.027258998689318914,160.69033279418946,148.72806579589843,0.039483102064733176,197.7933349609375
2020-12-03,197.7933349609375,197.7933349609375,199.6566619873047,194.1433258056641,196.67333984375,127656000,0.0431770706457868,163.56366653442382,150.14819915771486,0.03957397639262857,199.67999267578125
2020-12-04,199.67999267578125,199.67999267578125,199.67999267578125,195.1666717529297,197.0033264160156,88203900,0.00953853028069096,166.24616622924805,151.55653228759766,0.03924848605421052,213.9199981689453
2020-12-07,213.9199981689453,213.9199981689453,216.26333618164065,201.01666259765625,201.63999938964844,168929100,0.07131413268972531,169.7763328552246,153.11933227539063,0.04015913277933074,216.6266632080078
2020-12-08,216.6266632080078,216.6266632080078,217.0933380126953,206.1666717529297,208.5033264160156,192795000,0.01265269756091203,173.58666610717773,154.6438656616211,0.03904212494558714,201.4933319091797
2020-12-09,201.4933319091797,201.4933319091797,218.106674194336,196.0,217.89666748046875,213873600,-0.06985904262531573,176.82199935913087,155.87993225097657,0.04295956672893706,209.02333068847656
2020-12-10,209.02333068847656,209.02333068847656,209.25,188.77999877929688,191.4566650390625,201249600,0.03737095767859411,180.3209991455078,157.2003323364258,0.04311263536893179,203.3300018310547
2020-12-11,203.3300018310547,203.3300018310547,208.0,198.933334350586,205.0033264160156,139425000,-0.027237767375868138,183.62483291625978,158.27919891357422,0.04382839374143475,213.27667236328125
2020-12-14,213.27667236328125,213.27667236328125,214.25,203.3999938964844,206.3333282470703,156121800,0.048918853305726984,187.48033294677734,159.7774658203125,0.04371483110291793,211.0833282470703
2020-12-15,211.0833282470703,211.0833282470703,215.63333129882807,207.933334350586,214.4266662597656,135214500,-0.010284031966116491,191.232999420166,161.16126586914064,0.044037612180834004,207.58999633789065
2020-12-16,207.58999633789065,207.58999633789065,210.8333282470703,201.6666717529297,209.4100036621093,126287400,-0.016549539644792555,194.2523323059082,162.55319915771486,0.04258137274828381,218.63333129882807
2020-12-17,218.63333129882807,218.63333129882807,219.606674194336,206.5,209.39666748046875,168810300,0.05319781856425476,197.07333221435547,164.0905325317383,0.03875545352462407,231.6666717529297
2020-12-18,231.6666717529297,231.6666717529297,231.6666717529297,209.51333618164065,222.96665954589844,666378600,0.0596127789695875,200.33549880981445,165.8843994140625,0.039934904433927616,216.6199951171875
2020-12-21,216.6199951171875,216.6199951171875,222.8333282470703,215.356674194336,222.0800018310547,174135900,-0.06494968189377415,203.00633163452147,167.32346588134766,0.043304848302611866,213.44667053222656
2020-12-22,213.44667053222656,213.44667053222656,216.6266632080078,204.7433319091797,216.0,155148000,-0.01464926902636221,204.9811653137207,168.64373260498047,0.04206791864734585,215.32666015625
2020-12-23,215.32666015625,215.32666015625,217.1666717529297,207.52333068847656,210.7333374023437,99519000,0.008807772074100217,206.4911651611328,169.9725991821289,0.04016649908205228,220.58999633789065
2020-12-24,220.58999633789065,220.58999633789065,222.02999877929688,213.6666717529297,214.3300018310547,68596800,0.02444349518922251,207.95399856567383,171.3090658569336,0.039917456137523906,221.22999572753903
2020-12-28,221.22999572753903,221.22999572753903,227.13333129882807,220.26666259765625,224.836669921875,96835800,0.002901307404113096,209.25283203125,172.7411325073242,0.039819110087854666,221.9966735839844
2020-12-29,221.9966735839844,221.9966735839844,223.3000030517578,218.3333282470703,220.3333282470703,68732400,0.003465523985226593,210.8926658630371,174.24993255615234,0.03882028359552097,231.5933380126953
2020-12-30,231.5933380126953,231.5933380126953,232.1999969482422,222.7866668701172,224.0,128538000,0.04322886588244468,212.7263328552246,176.0095993041992,0.039304694756137126,235.22332763671875
2020-12-31,235.22332763671875,235.22332763671875,239.5733337402344,230.3733367919922,233.3300018310547,148949700,0.01567398119122254,215.00716552734374,177.9011325073242,0.03835864054737694,243.2566680908203
2021-01-04,243.2566680908203,243.2566680908203,248.163330078125,239.06333923339844,239.82000732421875,145914600,0.03415197180829077,217.28033218383788,179.94866577148437,0.03801843191570706,245.0366668701172
2021-01-05,245.0366668701172,245.0366668701172,246.94667053222656,239.7333374023437,241.22000122070312,96735600,0.007317368906131216,219.54816589355468,182.0107992553711,0.03802643810295628,251.9933319091797
2021-01-06,251.9933319091797,251.9933319091797,258.0,249.6999969482422,252.8300018310547,134100000,0.028390302267496503,221.45183258056642,184.24646575927736,0.03557399255025441,272.0133361816406
2021-01-07,272.0133361816406,272.0133361816406,272.3299865722656,258.3999938964844,259.2099914550781,154496700,0.07944656360858104,224.22116622924804,186.88486572265626,0.038928852679782654,293.3399963378906
2021-01-08,293.3399963378906,293.3399963378906,294.8299865722656,279.4633178710937,285.3333435058594,225166500,0.07840299470467449,228.8134994506836,189.9204656982422,0.036528753118695835,270.39666748046875
2021-01-11,270.39666748046875,270.39666748046875,284.8099975585937,267.8733215332031,283.1333312988281,177904800,-0.07821411721500826,231.8821662902832,192.62159912109374,0.04226017073117104,283.14666748046875
2021-01-12,283.14666748046875,283.14666748046875,289.3333435058594,275.7799987792969,277.0,138812100,0.047152947996006445,235.8729995727539,195.54566589355468,0.04172818124304181,284.8033447265625
2021-01-13,284.8033447265625,284.8033447265625,286.8233337402344,277.3333435058594,284.2533264160156,99937500,0.005850950889994211,239.44933319091797,198.6547994995117,0.04112970589826596,281.6666564941406
2021-01-14,281.6666564941406,281.6666564941406,287.6666564941406,279.5833435058594,281.1300048828125,93798900,-0.011013523157297866,242.97849960327147,201.61806610107422,0.04115396995805015,275.3866577148437
2021-01-15,275.3866577148437,275.3866577148437,286.6333312988281,273.0333251953125,284.0,116332800,-0.02229585445953408,246.36833267211915,204.29979919433595,0.04140755325290059,281.51666259765625
2021-01-19,281.51666259765625,281.51666259765625,283.3333435058594,277.6666564941406,279.26666259765625,76101000,0.022259629183488006,249.51249923706055,207.12359924316405,0.040474649160617354,283.4833374023437
2021-01-20,283.4833374023437,283.4833374023437,286.5,279.09332275390625,286.2466735839844,76997700,0.006985997867906768,252.10333251953125,209.872666015625,0.03900285282732171,281.663330078125
2021-01-21,281.663330078125,281.663330078125,285.239990234375,280.47332763671875,285.0,61563300,-0.006420156263489907,255.35549926757812,212.6395993041992,0.03500565252436194,282.2133178710937
2021-01-22,282.2133178710937,282.2133178710937,282.6666564941406,276.2066650390625,278.10333251953125,60199500,0.0019526425140827808,258.7938316345215,215.47546569824217,0.03448868943072712,293.6000061035156
2021-01-25,293.6000061035156,293.6000061035156,300.1333312988281,279.6066589355469,285.0,123520200,0.04034780611460387,262.70749893188474,218.61173248291016,0.03492702463952453,294.36334228515625
2021-01-26,294.36334228515625,294.36334228515625,298.6333312988281,290.5333251953125,297.1266784667969,69394800,0.0025999188207492807,266.396166229248,221.71813262939452,0.0349971852586651,288.0533447265625
2021-01-27,288.0533447265625,288.0533447265625,297.1666564941406,286.2200012207031,290.1166687011719,82002000,-0.02143608477064074,269.7373336791992,224.73413299560548,0.03585656296072672,278.4766540527344
2021-01-28,278.4766540527344,278.4766540527344,282.6666564941406,267.0,273.3333435058594,79134000,-0.033246240146660666,272.5613327026367,227.58033264160156,0.0373279294463366,264.510009765625
2021-01-29,264.510009765625,264.510009765625,280.8033447265625,260.0333251953125,276.6666564941406,104972400,-0.05015373491403896,274.2071662902832,230.14993286132812,0.03902532858670002,279.9366760253906
2021-02-01,279.9366760253906,279.9366760253906,280.6666564941406,265.1866760253906,271.42999267578125,76174200,0.058321672867634566,276.4428337097168,232.804599609375,0.04063393559633128,290.92999267578125
2021-02-02,290.92999267578125,290.92999267578125,293.5,280.7333374023437,281.5599975585937,73038600,0.039270726531715816,278.82649993896484,235.37893280029297,0.04081297445249125,284.89666748046875
2021-02-03,284.89666748046875,284.89666748046875,292.6933288574219,284.35333251953125,292.3399963378906,55030500,-0.020738065332563282,280.8194999694824,237.74839935302734,0.041380128848599096,283.3299865722656
2021-02-04,283.3299865722656,283.3299865722656,285.5,277.8066711425781,285.0,47438100,-0.005499119810906672,282.3863327026367,240.15093231201172,0.04121083130000442,284.07666015625
2021-02-05,284.07666015625,284.07666015625,288.25665283203125,279.6566772460937,281.6666564941406,55699800,0.0026353496607176563,282.9894989013672,242.35346557617189,0.03748298956397556,287.8066711425781
2021-02-08,287.8066711425781,287.8066711425781,292.5899963378906,284.9166564941406,289.8900146484375,60485100,0.0131302972383458,282.71283264160155,244.4070657348633,0.03314829260622873,283.1533203125
2021-02-09,283.1533203125,283.1533203125,286.6000061035156,280.5833435058594,285.0400085449219,45473100,-0.016168321643152184,283.3506652832031,246.24346557617187,0.027986513391011315,268.2733459472656
2021-02-10,268.2733459472656,268.2733459472656,281.6066589355469,266.67333984375,281.2133178710937,108648300,-0.052550944303998315,282.606999206543,247.70386596679688,0.028522008828176605,270.5533447265625
2021-02-11,270.5533447265625,270.5533447265625,276.6266784667969,267.24334716796875,270.8133239746094,64868400,0.008498789811735685,281.89449920654295,249.33093292236327,0.0285679838333144,272.0400085449219
2021-02-12,272.0400085449219,272.0400085449219,272.4433288574219,261.77667236328125,267.086669921875,71304900,0.005494900903412869,281.41316680908204,250.8733331298828,0.028537673632115085,265.4066772460937
2021-02-16,265.4066772460937,265.4066772460937,273.6666564941406,264.14666748046875,272.6666564941406,59406900,-0.024383660823671938,280.9141677856445,252.38933319091797,0.02862201767749708,266.04998779296875
2021-02-17,266.04998779296875,266.04998779296875,266.61334228515625,254.0033264160156,259.6966552734375,77989500,0.002423867227268506,280.14083404541014,253.75446624755858,0.028095860256670744,262.4599914550781
2021-02-18,262.4599914550781,262.4599914550781,264.89666748046875,258.75665283203125,260.29998779296875,53871300,-0.013493691045324274,279.08966674804685,255.01006622314452,0.028107180682801904,260.4333190917969
2021-02-19,260.4333190917969,260.4333190917969,265.5966796875,259.1233215332031,265.0,56874900,-0.007721833533733569,278.02816619873045,255.94033264160157,0.02811587548595997,238.1666717529297
2021-02-22,238.1666717529297,238.1666717529297,256.1666564941406,236.7333374023437,254.2133331298828,111809100,-0.08549845855559934,275.8258338928223,256.3711328125,0.03350170355680813,232.94667053222656
2021-02-23,232.94667053222656,232.94667053222656,237.8699951171875,206.3333282470703,220.7100067138672,199820700,-0.021917429429917368,272.7931671142578,257.0001995849609,0.03162166936391981,247.33999633789065
2021-02-24,247.33999633789065,247.33999633789065,248.3333282470703,231.38999938964844,237.2833404541016,110301000,0.06178807266392283,270.4419998168945,257.7665328979492,0.035495893488991646,227.4066619873047
2021-02-25,227.4066619873047,227.4066619873047,245.7366638183593,223.52667236328125,242.0500030517578,117071700,-0.08059082496045278,267.40966567993166,258.24806610107424,0.0389640776973146,225.1666717529297
2021-02-26,225.1666717529297,225.1666717529297,235.5666656494141,219.836669921875,233.3333282470703,123267600,-0.009850152211020369,264.7441665649414,258.48586608886717,0.03861127354284302,239.47666931152344
2021-03-01,239.47666931152344,239.47666931152344,239.6666717529297,228.3500061035156,230.0366668701172,81408600,0.06355291148192554,263.4924995422363,259.05373291015627,0.04068036112678513,228.81333923339844
2021-03-02,228.81333923339844,228.81333923339844,240.3699951171875,228.3333282470703,239.4266662597656,71196600,-0.044527636486599076,260.9363327026367,259.4781997680664,0.0388239243893835,217.7333374023437
2021-03-03,217.7333374023437,217.7333374023437,233.5666656494141,217.2366638183593,229.3300018310547,90624000,-0.048423758283395846,257.27649993896483,259.4601998901367,0.037991971676604376,207.14666748046875
2021-03-04,207.14666748046875,207.14666748046875,222.8166656494141,200.0,218.6000061035156,197758500,-0.04862218183112732,253.38899993896484,258.9697998046875,0.03876786753422905,199.3166656494141
2021-03-05,199.3166656494141,199.3166656494141,209.27999877929688,179.8300018310547,208.6866607666016,268189500,-0.03779931353128296,249.18833389282227,258.62373321533204,0.03901943670355885,187.6666717529297
2021-03-08,187.6666717529297,187.6666717529297,206.7100067138672,186.26333618164065,200.183334350586,155361000,-0.0584496728285433,244.36783447265626,258.1081332397461,0.039808935850132454,224.52667236328125
2021-03-09,224.52667236328125,224.52667236328125,226.02999877929688,198.40333557128903,202.72666931152344,202569900,0.1964120760817838,241.2038345336914,258.29213348388674,0.06244053730115768,222.6866607666016
2021-03-10,222.6866607666016,222.6866607666016,239.2833404541016,218.35333251953125,233.433334350586,181817100,-0.008195069108326458,238.18050155639648,258.3340667724609,0.062428508328635356,233.1999969482422
2021-03-11,233.1999969482422,233.1999969482422,234.1666717529297,225.72666931152344,233.13333129882807,108761700,0.04721134236531421,236.4268341064453,258.573466796875,0.06285004375719266,231.2433319091797
2021-03-12,231.2433319091797,231.2433319091797,231.6266632080078,222.04666137695312,223.3333282470703,100751400,-0.008390501992574073,234.46133346557616,258.7583999633789,0.06276964450105812,235.97999572753903
2021-03-15,235.97999572753903,235.97999572753903,237.72666931152344,228.01333618164065,231.3633270263672,88006800,0.020483461206222575,232.65833282470703,258.8461331176758,0.06300376583033769,225.6266632080078
2021-03-16,225.6266632080078,225.6266632080078,235.97332763671875,223.6666717529297,234.4499969482422,96587100,-0.04387377195940423,230.66933212280273,258.6541998291016,0.06346353570791344,233.9366607666016
2021-03-17,233.9366607666016,233.9366607666016,234.57666015625,217.0033264160156,218.9566650390625,121117500,0.03683074261011732,229.06366577148438,258.46779968261717,0.06417409300135339,217.72000122070312
2021-03-18,217.72000122070312,217.72000122070312,229.7433319091797,217.3333282470703,228.0966644287109,99674400,-0.0693207276395118,226.82666625976563,257.9214663696289,0.06577752461132415,218.2899932861328
2021-03-19,218.2899932861328,218.2899932861328,219.07666015625,208.2066650390625,215.5333404541016,128682000,0.0026180050626212203,224.71949996948243,257.24739959716794,0.06581503140089286,223.3333282470703
2021-03-22,223.3333282470703,223.3333282470703,233.2066650390625,222.9166717529297,228.19667053222656,118536600,0.023103830299388672,223.97783279418945,256.27379943847654,0.06341921123654405,220.72000122070312
2021-03-23,220.72000122070312,220.72000122070312,225.933334350586,219.1699981689453,225.2566680908203,91475700,-0.01170146456365928,223.3664993286133,254.82139953613282,0.06328624504908192,210.08999633789065
2021-03-24,210.08999633789065,210.08999633789065,222.67333984375,210.0366668701172,222.6366729736328,101385600,-0.04816058727810213,221.50399932861328,253.61526611328125,0.062323421473587826,213.4633331298828
2021-03-25,213.4633331298828,213.4633331298828,215.1666717529297,203.1666717529297,204.3333282470703,117674700,0.016056627401557888,220.80683288574218,252.22159942626953,0.05996928568390153,206.2366638183593
2021-03-26,206.2366638183593,206.2366638183593,214.606674194336,199.9633331298828,213.9566650390625,101558400,-0.03385438241576799,219.86033248901367,250.65026580810547,0.06038287910369594,203.76333618164065
2021-03-29,203.76333618164065,203.76333618164065,205.4933319091797,198.67333984375,205.2133331298828,85911000,-0.011992667021112124,218.07466583251954,249.09219940185548,0.05834532657148711,211.8733367919922
2021-03-30,211.8733367919922,211.8733367919922,212.55332946777344,197.0033264160156,200.5833282470703,118297200,0.0398010788512122,217.22766571044923,247.82193298339843,0.05850169170546739,222.6433258056641
2021-03-31,222.6433258056641,222.6433258056641,224.0,213.70333862304688,215.5399932861328,100011900,0.05083220558444035,217.47316513061523,246.6444662475586,0.05859414515137785,220.5833282470703
2021-04-01,220.5833282470703,220.5833282470703,230.80667114257807,219.80667114257807,229.4566650390625,105895200,-0.009252455923120073,218.1449981689453,245.38646606445312,0.05743077266411129,230.3500061035156
2021-04-05,230.3500061035156,230.3500061035156,236.05332946777344,228.2333374023437,235.90333557128903,125528400,0.04427659122771899,219.6966651916504,244.36019958496092,0.05717210499783865,230.5399932861328
2021-04-06,230.5399932861328,230.5399932861328,232.183334350586,227.1233367919922,230.1000061035156,84815400,0.0008247761127986308,221.84033126831054,243.3267330932617,0.055001929803589096,223.6566619873047
2021-04-07,223.6566619873047,223.6566619873047,230.4600067138672,222.6133270263672,229.0,78928200,-0.029857428208930892,221.7968307495117,241.9278662109375,0.034428435112865925,227.933334350586
2021-04-08,227.933334350586,227.933334350586,229.8500061035156,223.88333129882807,225.7933349609375,71772900,0.019121596134364482,222.05916442871094,240.5992660522461,0.034612037375412935,225.67333984375
2021-04-09,225.67333984375,225.67333984375,226.9900054931641,223.1433258056641,225.92333984375,64311300,-0.00991515573303503,221.68283157348634,239.35166595458983,0.03298057444096021,233.9933319091797
2021-04-12,233.9933319091797,233.9933319091797,234.933334350586,227.3633270263672,228.5666656494141,87407100,0.03686741230129442,221.82033157348633,238.46199951171874,0.0339924775979666,254.106674194336
2021-04-13,254.106674194336,254.106674194336,254.3333282470703,236.8866729736328,237.5666656494141,133958400,0.08595690364784803,222.72666549682617,238.25393280029297,0.038769974200527635,244.07666015625
2021-04-14,244.07666015625,244.07666015625,260.2633361816406,242.6766662597656,256.8999938964844,147052200,-0.0394716670464752,223.64916534423827,237.53673248291017,0.038492887451003384,246.2833404541016
2021-04-15,246.2833404541016,246.2833404541016,247.89666748046875,240.4366607666016,247.6999969482422,83546700,0.009040931223980753,224.2664993286133,236.64379943847655,0.0377643341439083,246.5933380126953
2021-04-16,246.5933380126953,246.5933380126953,249.80332946777344,241.5333404541016,242.88333129882807,83938500,0.0012587029151958085,225.71016616821288,235.8777328491211,0.0337056322579771,238.2100067138672
2021-04-19,238.2100067138672,238.2100067138672,241.8000030517578,230.6000061035156,239.86666870117188,119058600,-0.03399658468630862,226.7061668395996,234.97533325195312,0.034916085036777414,239.663330078125
2021-04-20,239.663330078125,239.663330078125,245.75,236.89666748046875,239.13999938964844,106827000,0.006101017267521991,227.52266693115234,234.08706665039062,0.03465676088420022,248.0399932861328
2021-04-21,248.0399932861328,248.0399932861328,248.27999877929688,232.6666717529297,234.92333984375,93646500,0.034951793439894185,228.88866653442383,233.2917330932617,0.03510461967233424,239.89666748046875
2021-04-22,239.89666748046875,239.89666748046875,251.2566680908203,239.3466644287109,247.1666717529297,106770900,-0.03283069676699324,230.37900009155274,232.4266000366211,0.033999914279597615,243.13333129882807
2021-04-23,243.13333129882807,243.13333129882807,245.7866668701172,238.4866638183593,239.933334350586,85110000,0.013491908213451254,231.8625,231.92379974365235,0.03396955892912132,246.0666656494141
2021-04-26,246.0666656494141,246.0666656494141,249.76666259765625,244.20333862304688,247.0,93115500,0.012064715006025795,233.85400009155273,231.4340661621094,0.03258156845142837,234.913330078125
2021-04-27,234.913330078125,234.913330078125,241.3333282470703,234.4499969482422,239.32000732421875,88311000,-0.045326479073682924,235.41149978637696,230.69153259277343,0.03452609551921507,231.46665954589844
2021-04-28,231.46665954589844,231.46665954589844,236.1666717529297,231.1999969482422,232.1366729736328,66813000,-0.014672094304228334,236.39116592407225,230.01273223876953,0.034004881835561454,225.6666717529297
2021-04-29,225.6666717529297,225.6666717529297,234.0833282470703,222.8333282470703,233.1699981689453,86536200,-0.02505755171974844,236.54233322143554,229.20506591796874,0.032832235274276006,236.47999572753903
2021-04-30,236.47999572753903,236.47999572753903,238.4900054931641,222.04666137695312,222.52999877929688,122276100,0.04791723957558203,237.337166595459,228.68546600341796,0.03433075066308733,228.3000030517578
2021-05-03,228.3000030517578,228.3000030517578,235.3333282470703,226.8333282470703,234.6000061035156,81129300,-0.034590632711300584,237.2346664428711,228.0427996826172,0.033993283006291605,224.5333404541016
2021-05-04,224.5333404541016,224.5333404541016,227.8166656494141,219.2333374023437,226.31333923339844,89217900,-0.01649874089928194,236.93433380126953,227.77013305664062,0.034193797578333594,223.64666748046875
2021-05-05,223.64666748046875,223.64666748046875,228.433334350586,222.44667053222656,227.0200042724609,65705700,-0.003948959080373626,236.93383407592773,227.58413299560547,0.03351800853403905,221.17999267578125
2021-05-06,221.17999267578125,221.17999267578125,227.0066680908203,216.6666717529297,226.9199981689453,83353800,-0.011029338520784915,236.5961669921875,227.0609329223633,0.03331491436049061,224.1233367919922
2021-05-07,224.1233367919922,224.1233367919922,230.0,220.0733337402344,221.933334350586,70407600,0.013307460953421169,236.5186668395996,226.99526641845702,0.03339186756827108,209.67999267578125
2021-05-10,209.67999267578125,209.67999267578125,221.683334350586,209.20333862304688,221.63333129882807,94177200,-0.06444373139784076,235.3029998779297,226.68553283691406,0.03517005869249428,205.7333374023437
2021-05-11,205.7333374023437,205.7333374023437,209.0333404541016,198.5333404541016,199.7466735839844,139511700,-0.018822278764288658,232.88433303833008,226.01066619873046,0.027998116196159176,196.6300048828125
2021-05-12,196.6300048828125,196.6300048828125,206.80332946777344,195.58999633789065,200.8300018310547,101470800,-0.04424821292685399,230.5120002746582,225.36699951171875,0.028280545163203132,190.56333923339844
2021-05-13,190.56333923339844,190.56333923339844,202.15333557128903,186.5500030517578,200.51333618164065,132554700,-0.030853203980896415,227.72600021362305,224.82359954833984,0.028246535790509647,196.5800018310547
2021-05-14,196.5800018310547,196.5800018310547,197.6233367919922,190.15333557128903,194.47000122070312,100112700,0.03157303299711356,225.225333404541,224.61226623535157,0.029787175885228858,192.27667236328125
2021-05-17,192.27667236328125,192.27667236328125,196.57666015625,187.0666656494141,191.8500061035156,97171200,-0.02189098294684022,222.9286666870117,224.4714663696289,0.029412622968463416,192.6233367919922
2021-05-18,192.6233367919922,192.6233367919922,198.75,187.7933349609375,189.3333282470703,110491800,0.0018029458511532592,220.57666702270507,224.57059967041016,0.029302436553204494,187.82000732421875
2021-05-19,187.82000732421875,187.82000732421875,188.7366638183593,182.32666015625,184.183334350586,118735200,-0.02493638386588848,217.56566772460937,223.8364663696289,0.02741743977307833,195.5933380126953
2021-05-20,195.5933380126953,195.5933380126953,196.2833404541016,190.356674194336,191.6666717529297,92463300,0.04138712802336375,215.3505012512207,223.2945999145508,0.02959252173227077,193.6266632080078
2021-05-21,193.6266632080078,193.6266632080078,198.8933258056641,193.3333282470703,198.70333862304688,78091800,-0.010054917128925145,212.8751678466797,222.5031332397461,0.029083677206696305,202.14666748046875
2021-05-24,202.14666748046875,202.14666748046875,204.82666015625,191.21665954589844,193.86666870117188,103674300,0.0440022264046771,210.6791679382324,221.92119995117187,0.031210867338581513,201.56333923339844
2021-05-25,201.56333923339844,201.56333923339844,204.663330078125,198.57000732421875,202.4366607666016,84017700,-0.002885668382965889,209.01166839599608,221.23286682128906,0.03005525559456222,206.3766632080078
2021-05-26,206.3766632080078,206.3766632080078,208.72332763671875,200.5,202.5200042724609,85917900,0.023879957500782645,207.75716857910157,220.84786682128907,0.030778193640526107,210.2833404541016
2021-05-27,210.2833404541016,210.2833404541016,210.3766632080078,205.40333557128903,206.7466735839844,79111800,0.018929840154243704,206.98800201416014,220.37480041503906,0.030861273722956287,208.4066619873047
2021-05-28,208.4066619873047,208.4066619873047,211.8633270263672,207.4600067138672,209.5,68211000,-0.008924522802159496,205.58433532714844,220.1885336303711,0.02844103349800813,207.96665954589844
2021-06-01,207.96665954589844,207.96665954589844,211.26666259765625,206.8500061035156,209.26666259765625,54254700,-0.002111268599623961,204.56766815185546,219.9820669555664,0.027633130051354923,201.7066650390625
2021-06-02,201.7066650390625,201.7066650390625,207.7866668701172,199.7133331298828,206.7100067138672,69908400,-0.030100952337768105,203.42633438110352,219.54953369140625,0.028112701117790247,190.94667053222656
2021-06-03,190.94667053222656,190.94667053222656,201.51666259765625,190.4066619873047,200.6000061035156,90335700,-0.05334476431283097,201.7913345336914,218.95406707763672,0.03011678343910746,199.683334350586
2021-06-04,199.683334350586,199.683334350586,200.20333862304688,192.3999938964844,193.2366638183593,72110700,0.045754470575515516,200.71650161743167,218.74593383789062,0.03235390975327064,201.7100067138672
2021-06-07,201.7100067138672,201.7100067138672,203.3333282470703,194.2933349609375,197.27667236328125,67631100,0.010149431698305511,199.5958351135254,218.5108673095703,0.03226951497820795,201.19667053222656
2021-06-08,201.19667053222656,201.19667053222656,207.69667053222656,198.5,207.6699981689453,78160200,-0.002544921741878703,199.17166900634766,218.41006744384765,0.029051597757564745,199.5933380126953
2021-06-09,199.5933380126953,199.5933380126953,203.92999267578125,199.2100067138672,200.72332763671875,49753800,-0.007968981371759054,198.86466903686525,218.32666748046876,0.02881458276607896,203.3733367919922
2021-06-10,203.3733367919922,203.3733367919922,205.52999877929688,200.1666717529297,201.2933349609375,71758800,0.018938501740255687,199.20183563232425,218.15666748046874,0.02725890106403324,203.29666137695312
2021-06-11,203.29666137695312,203.29666137695312,204.1866607666016,200.5066680908203,203.4100036621093,48615900,-0.0003770180312155924,199.83850173950196,217.76973419189454,0.026152731890304964,205.89666748046875
2021-06-14,205.89666748046875,205.89666748046875,208.4966735839844,203.0599975585937,204.07666015625,61272000,0.012789221849023313,200.3043350219727,217.4760009765625,0.025420975782453666,199.7866668701172
2021-06-15,199.7866668701172,199.7866668701172,205.5966644287109,199.4100036621093,205.56333923339844,53292300,-0.029675082579620482,200.6798347473145,216.86473419189454,0.025871668417012092,201.6233367919922
2021-06-16,201.6233367919922,201.6233367919922,202.8333282470703,197.8333282470703,199.17999267578125,66432300,0.009193155632698069,201.12983474731448,216.28640106201172,0.025917899703121566,205.5333404541016
2021-06-17,205.5333404541016,205.5333404541016,207.1566619873047,200.44667053222656,200.6300048828125,68104200,0.019392614586788648,202.01550140380863,215.92393463134766,0.02532739163728963,207.7700042724609
2021-06-18,207.7700042724609,207.7700042724609,209.4499969482422,203.933334350586,204.4566650390625,73682700,0.010882243306208572,202.6243347167969,215.52066802978516,0.02388703007176928,206.94332885742188
2021-06-21,206.94332885742188,206.94332885742188,210.4633331298828,202.9600067138672,208.1600036621093,74438100,-0.003978800587379094,203.2901679992676,215.14606781005858,0.02374651388962593,207.90333557128903
2021-06-22,207.90333557128903,207.90333557128903,209.52333068847656,205.1666717529297,206.0833282470703,57476700,0.004638983624973836,203.5780014038086,214.62426788330077,0.021770702925714598,218.856674194336
2021-06-23,218.856674194336,218.856674194336,219.0666656494141,210.01333618164065,210.6666717529297,93297600,0.052684766182075515,204.4426681518555,213.9192678833008,0.024534506679970577,226.606674194336
2021-06-24,226.606674194336,226.606674194336,232.5399932861328,222.5366668701172,224.9966735839844,137947200,0.035411302984154513,205.45416870117188,213.5698681640625,0.025144051677602627,223.9566650390625
2021-06-25,223.9566650390625,223.9566650390625,231.2700042724609,222.8999938964844,229.8600006103516,97490100,-0.011694312026312437,206.13783493041993,213.1233346557617,0.025182710603941675,229.5733337402344
2021-06-28,229.5733337402344,229.5733337402344,231.5666656494141,223.44000244140625,223.8800048828125,64884600,0.025079265670402195,207.1961685180664,212.7829345703125,0.0254493355486756,226.9199981689453
2021-06-29,226.9199981689453,226.9199981689453,229.1699981689453,225.29666137695312,228.21665954589844,52143900,-0.011557681931349095,208.14383544921876,212.55713439941405,0.025677939668753362,226.5666656494141
2021-06-30,226.5666656494141,226.5666656494141,230.9366607666016,226.04666137695312,226.58999633789065,56774700,-0.0015570796861551495,209.38683547973633,212.29520111083986,0.02440450787242734,225.97332763671875
2021-07-01,225.97332763671875,225.97332763671875,229.3300018310547,224.26666259765625,227.97332763671875,55903500,-0.0026188230779432553,211.13816833496094,211.85386779785156,0.020168513361183794,226.3000030517578
2021-07-02,226.3000030517578,226.3000030517578,233.3333282470703,224.4199981689453,226.32666015625,81163500,0.0014456370513082906,212.46900177001953,211.58193450927735,0.018217034944199552,219.8600006103516
2021-07-06,219.8600006103516,219.8600006103516,228.0,217.13333129882807,227.2366638183593,69853500,-0.028457809785947363,213.37650146484376,211.1164678955078,0.0197807338525263,214.88333129882807
2021-07-07,214.88333129882807,214.88333129882807,221.8999938964844,212.77333068847656,221.42333984375,56376000,-0.022635628571399224,214.06083450317382,210.4928012084961,0.020648501138094914,217.60333251953125
2021-07-08,217.60333251953125,217.60333251953125,218.1433258056641,206.82000732421875,209.4566650390625,68319900,0.012658037290573354,214.96133422851562,210.14660125732422,0.020560622766905283,218.9833374023437
2021-07-09,218.9833374023437,218.9833374023437,219.6366729736328,214.89666748046875,217.72666931152344,54421500,0.006341837079579582,215.7418342590332,209.89693481445312,0.020287071966756793,228.5666656494141
2021-07-12,228.5666656494141,228.5666656494141,229.0800018310547,220.72000122070312,220.7333374023437,77781000,0.043762819403298625,217.00533447265624,209.9549346923828,0.022115999162448316,222.8466644287109
2021-07-13,222.8466644287109,222.8466644287109,231.0933380126953,222.1000061035156,228.77333068847656,62898300,-0.025025526817094024,217.85283432006835,209.68226806640624,0.02310864696145557,217.7933349609375
2021-07-14,217.7933349609375,217.7933349609375,226.20333862304688,217.6133270263672,223.5833282470703,64923600,-0.02267626253562338,218.75316772460937,209.47213470458985,0.022616181804868758,216.86666870117188
2021-07-15,216.86666870117188,216.86666870117188,222.04666137695312,212.6266632080078,219.4633331298828,60628800,-0.004254796226577984,219.51533432006835,209.31880126953126,0.022671165751702412,214.7400054931641
2021-07-16,214.7400054931641,214.7400054931641,218.8999938964844,214.0666656494141,218.22666931152344,49113000,-0.009806316575730611,219.97566757202148,209.14066802978516,0.022560330361655046,215.4066619873047
2021-07-19,215.4066619873047,215.4066619873047,215.7333374023437,207.0966644287109,209.9633331298828,63891300,0.003104482057777691,220.35750045776368,209.02520141601562,0.022473872548024288,220.1666717529297
2021-07-20,220.1666717529297,220.1666717529297,220.79666137695312,213.5,217.3300018310547,46461300,0.02209778342837665,221.01866760253907,208.94606811523437,0.022859233040308683,218.42999267578125
2021-07-21,218.42999267578125,218.42999267578125,221.6199951171875,216.76333618164065,219.8699951171875,41859900,-0.007888019850240235,221.54500045776368,209.12106811523438,0.022993199424737154,216.4199981689453
2021-07-22,216.4199981689453,216.4199981689453,220.72332763671875,214.86666870117188,218.81333923339844,45317100,-0.009202007847976312,221.42316665649415,209.3348013305664,0.019867057594499568,214.4600067138672
2021-07-23,214.4600067138672,214.4600067138672,216.26666259765625,212.433334350586,215.45333862304688,43814700,-0.009056424875986235,220.8158332824707,209.6914013671875,0.018057303385679294,219.2066650390625
2021-07-26,219.2066650390625,219.2066650390625,222.7333374023437,215.70333862304688,216.9900054931641,76009800,0.022133069927244398,220.5783332824707,210.2642678833008,0.01873198979233067,214.9266662597656
2021-07-27,214.9266662597656,214.9266662597656,222.1666717529297,209.0800018310547,221.13333129882807,98439900,-0.01952494819687267,219.84599990844725,210.631201171875,0.018120713692007386,215.6600036621093
2021-07-28,215.6600036621093,215.6600036621093,218.3233337402344,213.13333129882807,215.6666717529297,48019800,0.0034120354402993325,219.28300018310546,211.09886779785157,0.01806361411906857,225.7833404541016
2021-07-29,225.7833404541016,225.7833404541016,227.89666748046875,216.26666259765625,216.5966644287109,91183800,0.04694118807423053,219.24383392333985,211.76206787109376,0.021169248721342734,229.0666656494141
2021-07-30,229.0666656494141,229.0666656494141,232.509994506836,223.0,223.9199981689453,88969200,0.014541928508582602,219.39850082397462,212.58700103759764,0.021402412558320903,236.55667114257807
2021-08-02,236.55667114257807,236.55667114257807,242.31333923339844,232.8000030517578,233.3333282470703,100847400,0.032697928666004294,219.9113342285156,213.40626770019531,0.022554559778147958,236.5800018310547
2021-08-03,236.5800018310547,236.5800018310547,240.88333129882807,233.6699981689453,239.6666717529297,64860900,9.862621233192037e-05,220.7473342895508,214.26533447265626,0.021367032399344534,236.97332763671875
2021-08-04,236.97332763671875,236.97332763671875,241.63333129882807,236.3099975585937,237.0,51007800,0.001662548831768751,221.85183410644532,214.96186767578126,0.020450812304172464,238.2100067138672
2021-08-05,238.2100067138672,238.2100067138672,240.3166656494141,237.1366729736328,238.6666717529297,38758800,0.005218642492307302,222.8821678161621,215.69480102539063,0.020373634988478877,233.0333404541016
2021-08-06,233.0333404541016,233.0333404541016,238.77667236328125,232.5433349609375,237.3000030517578,46869000,-0.021731523084098203,223.58466796875,216.2279345703125,0.021206706293938563,237.9199981689453
2021-08-09,237.9199981689453,237.9199981689453,239.6766662597656,235.0433349609375,236.72332763671875,44145900,0.020969779282746792,224.05233459472657,216.78066772460937,0.019459702251807934,236.663330078125
2021-08-10,236.663330078125,236.663330078125,238.8633270263672,233.9600067138672,237.9966735839844,40296900,-0.005281893495678203,224.74316787719727,217.34580108642578,0.01848291862552201,235.94000244140625
2021-08-11,235.94000244140625,235.94000244140625,238.3933258056641,234.7366638183593,237.57000732421875,29401800,-0.0030563570472872392,225.6505012512207,217.90526794433595,0.017535121176952443,240.75
2021-08-12,240.75,240.75,240.933334350586,233.13333129882807,235.44667053222656,52377300,0.020386528392057013,226.84466781616212,218.68613464355468,0.01777722808831802,239.05667114257807
2021-08-13,239.05667114257807,239.05667114257807,243.3000030517578,238.1133270263672,241.2366638183593,50194500,-0.007033557040174165,228.0605010986328,219.64833465576172,0.017662958942988465,228.72332763671875
2021-08-16,228.72332763671875,228.72332763671875,236.5,225.46665954589844,235.02333068847656,68032200,-0.04322549735370618,228.72633438110353,220.22913452148438,0.020763079300195168,221.90333557128903
2021-08-17,221.90333557128903,221.90333557128903,224.8600006103516,216.27999877929688,224.22000122070312,71163900,-0.02981764971635037,228.81316757202148,220.6330010986328,0.02150900901780178,229.663330078125
2021-08-18,229.663330078125,229.663330078125,231.92333984375,223.11666870117188,223.25,61048200,0.03497015710402862,229.37483444213868,221.20233428955078,0.022718511486473685,224.4900054931641
2021-08-19,224.4900054931641,224.4900054931641,228.8500061035156,222.52999877929688,226.07000732421875,42940500,-0.022525688289902868,229.7783348083496,221.70026763916016,0.02327609468243528,226.7533264160156
2021-08-20,226.7533264160156,226.7533264160156,230.7100067138672,224.5666656494141,227.61666870117188,44525700,0.010082056516856452,230.39300079345702,222.16786743164062,0.023187010417587355,235.433334350586
2021-08-23,235.433334350586,235.433334350586,237.3766632080078,226.9166717529297,228.47999572753903,60794700,0.03827951753459846,231.2043342590332,222.81060089111327,0.024147752384258158,236.163330078125
2021-08-24,236.163330078125,236.163330078125,238.4066619873047,234.2133331298828,236.8933258056641,39249300,0.0031006472789956163,232.26616744995118,223.4159341430664,0.023516621225962337,237.0666656494141
2021-08-25,237.0666656494141,237.0666656494141,238.9900054931641,234.6666717529297,235.6766662597656,37936800,0.0038250458739308435,233.3365005493164,224.16153411865236,0.023515349061326775,233.72000122070312
2021-08-26,233.72000122070312,233.72000122070312,238.46665954589844,232.5399932861328,236.10333251953125,39642900,-0.014116975997208181,233.73333358764648,224.80346740722655,0.021675935168734884,237.30667114257807
2021-08-27,237.30667114257807,237.30667114257807,238.3333282470703,234.0333404541016,235.0,41501400,0.015346011908018209,234.14533386230468,225.4389340209961,0.021701246299482176,243.6366729736328
2021-08-30,243.6366729736328,243.6366729736328,243.6666717529297,237.57666015625,238.2400054931641,55812600,0.026674352644943333,234.49933395385742,226.15626739501954,0.021290587319815993,245.2400054931641
2021-08-31,245.2400054931641,245.2400054931641,246.79666137695312,242.14666748046875,244.3333282470703,62566200,0.006580834075438302,234.93233413696288,226.92220092773437,0.021314393257482012,244.69667053222656
2021-09-01,244.69667053222656,244.69667053222656,247.3300018310547,243.7566680908203,244.69332885742188,39612900,-0.0022155233598405433,235.3185012817383,227.6580676269531,0.02133540136843641,244.1300048828125
2021-09-02,244.1300048828125,244.1300048828125,246.9900054931641,243.51333618164065,244.8333282470703,38331900,-0.002315788147756681,235.61450119018554,228.16353424072267,0.02133877746507182,244.52333068847656
2021-09-03,244.52333068847656,244.52333068847656,244.6666717529297,241.3999938964844,244.0833282470703,45738300,0.0016111325842673718,236.1890007019043,228.52186737060546,0.02063105775973052,250.97332763671875
2021-09-07,250.97332763671875,250.97332763671875,253.3999938964844,246.4199981689453,246.6666717529297,60119400,0.02637783858939624,236.84166717529297,229.0622006225586,0.020917779594903516,251.2899932861328
2021-09-08,251.2899932861328,251.2899932861328,254.8166656494141,246.92333984375,253.8600006103516,56379000,0.0012617502122473923,237.57300033569337,229.49653381347656,0.02083436969561776,251.6199951171875
2021-09-09,251.6199951171875,251.6199951171875,254.0333404541016,250.5433349609375,251.1366729736328,42233100,0.001313231087076927,238.35699996948242,229.9905337524414,0.02078806460019222,245.42333984375
2021-09-10,245.42333984375,245.42333984375,254.20333862304688,244.83999633789065,253.1999969482422,45552600,-0.024627038366134335,238.5906669616699,230.36766723632812,0.02128615105117799,247.6666717529297
2021-09-13,247.6666717529297,247.6666717529297,248.259994506836,236.2833404541016,246.7366638183593,68857500,0.00914066245943812,239.0211669921875,230.80153411865234,0.02126502299043616,248.163330078125
2021-09-14,248.163330078125,248.163330078125,251.4900054931641,245.46665954589844,247.52333068847656,55574700,0.0020053498586631857,239.9931671142578,231.23880065917967,0.01841832101870057,251.94332885742188
2021-09-15,251.94332885742188,251.94332885742188,252.2866668701172,246.1199951171875,248.3333282470703,46073100,0.015231899000174076,241.49516677856445,231.8804672241211,0.01670834377296959,252.3300018310547
2021-09-16,252.3300018310547,252.3300018310547,252.97000122070312,249.20333862304688,250.94332885742188,41770200,0.0015347617076681974,242.62850036621094,232.62940063476563,0.015325266341108937,253.163330078125
2021-09-17,253.163330078125,253.163330078125,253.67999267578125,250.0,252.38333129882807,84612600,0.0033025333532406,244.062166595459,233.3406005859375,0.013923001384025892,243.38999938964844
2021-09-20,243.38999938964844,243.38999938964844,247.3333282470703,239.5399932861328,244.85333251953125,74273100,-0.03860484330594227,244.8940002441406,233.8287338256836,0.017089862945996057,246.4600067138672
2021-09-21,246.4600067138672,246.4600067138672,248.2466735839844,243.47999572753903,244.92999267578125,48992100,0.012613531089680885,245.4453338623047,234.18660064697266,0.01521636866692439,250.64666748046875
2021-09-22,250.64666748046875,250.64666748046875,251.22332763671875,246.3733367919922,247.8433380126953,45378900,0.0169871810945057,246.16950073242188,234.7426007080078,0.015562806635297593,251.2133331298828
2021-09-23,251.2133331298828,251.2133331298828,252.7333374023437,249.30667114257807,251.6666717529297,35842500,0.00226081461648886,246.8768341064453,235.41100067138672,0.015562882078000597,258.1300048828125
2021-09-24,258.1300048828125,258.1300048828125,258.26666259765625,248.1866607666016,248.6300048828125,64119000,0.027533059916662994,248.0973342895508,236.23626739501952,0.015931597229201948,263.78668212890625
2021-09-27,263.78668212890625,263.78668212890625,266.3333435058594,256.4366760253906,257.7066650390625,84212100,0.02191406322043732,249.42133483886718,237.21720092773438,0.01621900654710749,259.1866760253906
2021-09-28,259.1866760253906,259.1866760253906,265.2133178710937,255.3933258056641,262.3999938964844,76144200,-0.01743835612317879,250.19883499145507,238.0928012084961,0.01617717826456602,260.4366760253906
2021-09-29,260.4366760253906,260.4366760253906,264.5,256.8933410644531,259.9333190917969,62828700,0.004822778775393388,250.95866851806642,238.8982012939453,0.016162744339480943,258.49334716796875
2021-09-30,258.49334716796875,258.49334716796875,263.0433349609375,258.3333435058594,260.3333435058594,53868000,-0.0074618094773734045,251.64850234985352,239.69946838378905,0.016296180734002717,258.4066772460937
2021-10-01,258.4066772460937,258.4066772460937,260.260009765625,254.52999877929688,259.4666748046875,51094200,-0.00033528879108346565,252.3623359680176,240.53920196533204,0.016268984949360445,260.510009765625
2021-10-04,260.510009765625,260.510009765625,268.989990234375,258.7066650390625,265.5,91449900,0.008139621398127517,253.161669921875,241.4602020263672,0.01630569278069563,260.1966552734375
2021-10-05,260.1966552734375,260.1966552734375,265.7699890136719,258.0666809082031,261.6000061035156,55297800,-0.001202850103416031,253.62283630371093,242.28000183105468,0.015391749477545933,260.9166564941406
2021-10-06,260.9166564941406,260.9166564941406,262.2200012207031,257.739990234375,258.7333374023437,43898400,0.0027671424905384434,254.10416946411132,243.19980163574218,0.015392044223206265,264.53668212890625
2021-10-07,264.53668212890625,264.53668212890625,268.3333435058594,261.1266784667969,261.82000732421875,57587400,0.013874260399496352,254.75000381469727,244.17733520507812,0.015617387399877282,261.8299865722656
2021-10-08,261.8299865722656,261.8299865722656,265.4599914550781,260.3033447265625,265.4033203125,50215800,-0.010231834522373306,255.57033615112306,244.8982681274414,0.01459357774588127,263.9800109863281
2021-10-11,263.9800109863281,263.9800109863281,267.0799865722656,261.8333435058594,262.54998779296875,42600900,0.008211528565575943,256.386003112793,245.59653503417968,0.014575616900527139,268.5733337402344
2021-10-12,268.5733337402344,268.5733337402344,270.7733459472656,265.5233459472656,266.9766540527344,66060000,0.01740026730336086,257.40650329589846,246.23686828613282,0.014906608393485569,270.3599853515625
2021-10-13,270.3599853515625,270.3599853515625,271.8033447265625,268.59332275390625,270.1566772460937,42360300,0.006652379022320076,258.3273361206055,246.91246795654297,0.014690245294118399,272.7733459472656
2021-10-14,272.7733459472656,272.7733459472656,273.4166564941406,271.1166687011719,271.8299865722656,36741600,0.008926471099504285,259.349503326416,247.62846832275392,0.014727508887451841,281.010009765625
2021-10-15,281.010009765625,281.010009765625,281.07000732421875,274.1166687011719,274.5799865722656,56773800,0.030195999501915205,260.741837310791,248.48446838378905,0.015845172739058888,290.03668212890625
2021-10-18,290.03668212890625,290.03668212890625,291.7533264160156,283.8233337402344,283.92999267578125,72621600,0.03212224493643445,263.0741714477539,249.62453521728514,0.01318842936890444,288.0899963378906
2021-10-19,288.0899963378906,288.0899963378906,292.6499938964844,287.5033264160156,292.510009765625,52143300,-0.006711860640270406,265.1556709289551,250.62793518066405,0.013602523467814664,288.6000061035156
2021-10-20,288.6000061035156,288.6000061035156,289.8299865722656,285.7933349609375,288.45001220703125,42096300,0.0017703140411262641,267.05333786010743,251.6666687011719,0.013493879197659195,298.0
2021-10-21,298.0,298.0,300.0,285.1666564941406,285.3333435058594,94444500,0.03257101073349511,269.3926712036133,252.90786865234375,0.01457352624215274,303.2266540527344
2021-10-22,303.2266540527344,303.2266540527344,303.3333435058594,296.9866638183594,298.5,68642400,0.01753910755951127,271.6475036621094,254.15740173339844,0.014055036240051966,341.6199951171875
2021-10-25,341.6199951171875,341.6199951171875,348.3399963378906,314.7333374023437,316.84332275390625,188556300,0.12661598362581983,275.53916931152344,256.20866821289064,0.02995123512959394,339.4766540527344
2021-10-26,339.4766540527344,339.4766540527344,364.9800109863281,333.8133239746094,341.5633239746094,187245000,-0.006274050392506725,279.5536682128906,258.4237347412109,0.02944578572474312,345.9533386230469
2021-10-27,345.9533386230469,345.9533386230469,356.9599914550781,343.59332275390625,346.5533447265625,115579500,0.019078438805710585,283.8295013427734,260.9047348022461,0.029385197829852584,359.0133361816406
2021-10-28,359.0133361816406,359.0133361816406,360.3333435058594,351.3999938964844,356.10333251953125,81639600,0.03775074872979922,288.85550079345705,263.4917349243164,0.029331037348551272,371.3333435058594
2021-10-29,371.3333435058594,371.3333435058594,371.7366638183594,357.7366638183594,360.6199951171875,89755200,0.03431629436179362,294.5018341064453,266.4286016845703,0.02928008308035055,402.86334228515625
2021-11-01,402.86334228515625,402.86334228515625,403.25,372.88665771484375,381.6666564941406,168146100,0.0849102277797451,301.6195007324219,269.95080200195315,0.032662936360610254,390.6666564941406
2021-11-02,390.6666564941406,390.6666564941406,402.86334228515625,382.0,386.4533386230469,128213400,-0.03027499529203259,308.143000793457,273.0554684448242,0.03437595218722282,404.6199951171875
2021-11-03,404.6199951171875,404.6199951171875,405.1300048828125,384.2066650390625,392.4433288574219,103885500,0.03571673801973452,315.3281677246094,276.42460174560546,0.03424239549774024,409.9700012207031
2021-11-04,409.9700012207031,409.9700012207031,414.4966735839844,405.6666564941406,411.4700012207031,76192200,0.013222297879683653,322.5998336791992,279.88266845703123,0.034251556728604166,407.36334228515625
2021-11-05,407.36334228515625,407.36334228515625,413.2900085449219,402.6666564941406,409.3333435058594,64886400,-0.006358169933862068,329.8765014648437,283.3555352783203,0.0340661320703835,387.6466674804688
2021-11-08,387.6466674804688,387.6466674804688,399.0,377.6666564941406,383.2633361816406,100337100,-0.048400709533862996,336.0598342895508,286.3623352050781,0.037524598253225266,341.1666564941406
2021-11-09,341.1666564941406,341.1666564941406,391.5,337.17333984375,391.2000122070313,177317400,-0.11990303254359858,339.6895004272461,288.3129348754883,0.04887570655062466,355.9833374023437
2021-11-10,355.9833374023437,355.9833374023437,359.3666687011719,329.10333251953125,336.8033447265625,128408100,0.043429451929624774,343.97066802978514,290.5278015136719,0.049307384873387615,354.5033264160156
2021-11-11,354.5033264160156,354.5033264160156,368.3233337402344,351.5599975585937,367.5899963378906,67189800,-0.004157528824601409,348.05716705322266,292.7239346313477,0.049478877345266466,344.47332763671875
2021-11-12,344.47332763671875,344.47332763671875,351.5,339.7333374023437,349.1666564941406,76719300,-0.02829310201599211,351.23033294677737,294.7308010864258,0.0502165015750072,337.7966613769531
2021-11-15,337.7966613769531,337.7966613769531,343.99334716796875,326.20001220703125,339.2099914550781,104326800,-0.01938224449936754,353.6183319091797,296.5962677001953,0.050419916102496035,351.57666015625
2021-11-16,351.57666015625,351.57666015625,352.3999938964844,334.0599975585937,334.4366760253906,79627200,0.04079376842602822,356.7926651000977,298.60833435058595,0.050765612578561076,363.0033264160156
2021-11-17,363.0033264160156,363.0033264160156,373.21331787109375,351.8333435058594,354.5033264160156,94336200,0.032501208284666294,360.51283111572263,300.8426010131836,0.05092892024882343,365.4599914550781
2021-11-18,365.4599914550781,365.4599914550781,370.6666564941406,358.3399963378906,368.8500061035156,62696700,0.006767610267700563,363.8858306884766,303.1194009399414,0.05072734394099291,379.0199890136719
2021-11-19,379.0199890136719,379.0199890136719,379.5733337402344,364.23333740234375,366.2900085449219,64926900,0.03710391800920432,367.6754974365234,305.79133392333983,0.05103803647215404,385.6233215332031
2021-11-22,385.6233215332031,385.6233215332031,400.6499938964844,377.4766540527344,387.4433288574219,99217500,0.017422122080461122,369.8756637573242,308.5504669189453,0.04346154115888613,369.6766662597656
2021-11-23,369.6766662597656,369.6766662597656,393.5,354.2333374023437,389.1700134277344,108515100,-0.041352932727292124,371.38566436767576,310.9807336425781,0.044715107628419716,372.0
2021-11-24,372.0,372.0,377.5899963378906,354.0,360.1300048828125,67680600,0.006284772484400847,372.68799743652346,313.3818670654297,0.044598145290074914,360.6400146484375
2021-11-26,360.6400146484375,360.6400146484375,369.5933227539063,360.3333435058594,366.489990234375,35042700,-0.030537595031082,372.76933135986326,315.54806732177735,0.04454097394770309,378.9966735839844
2021-11-29,378.9966735839844,378.9966735839844,380.8900146484375,366.7300109863281,366.9966735839844,58393500,0.050900227900227524,373.15249786376955,318.06473419189456,0.0453373666321538,381.586669921875
2021-11-30,381.586669921875,381.586669921875,389.3333435058594,372.6666564941406,381.4566650390625,81276000,0.006833823403773698,372.08866424560546,320.82866760253904,0.040975977578570896,365.0
2021-12-01,365.0,365.0,390.9466552734375,363.586669921875,386.8999938964844,68450400,-0.04346763456194869,370.8053314208984,323.19946746826173,0.041559105676252206,361.5333251953125
2021-12-02,361.5333251953125,361.5333251953125,371.0,352.2166748046875,366.3533325195313,73114800,-0.00949773919092467,368.6509979248047,325.4172006225586,0.04058667950377907,338.3233337402344
2021-12-03,338.3233337402344,338.3233337402344,363.5266723632813,333.4033203125,361.5966796875,92322000,-0.06419876077133224,365.06866455078125,327.15940063476563,0.042427208711897986,336.336669921875
2021-12-06,336.336669921875,336.336669921875,340.5466613769531,316.8333435058594,333.836669921875,81663000,-0.005872086315763081,361.5173309326172,328.72353393554687,0.042428745321861035,350.5833435058594
2021-12-07,350.5833435058594,350.5833435058594,352.5566711425781,342.2699890136719,348.0666809082031,56084700,0.04235837141187604,359.6641647338867,330.45946716308595,0.04280548713408535,356.32000732421875
2021-12-08,356.32000732421875,356.32000732421875,357.4599914550781,344.3333435058594,350.9033203125,41906400,0.016363195584229162,360.4218322753906,332.4021337890625,0.033164267506242025,334.6000061035156
2021-12-09,334.6000061035156,334.6000061035156,354.163330078125,334.1199951171875,353.5466613769531,59438400,-0.06095644581905246,359.35266571044923,333.885400390625,0.03459991341250981,339.010009765625
2021-12-10,339.010009765625,339.010009765625,340.32666015625,327.510009765625,336.25,59664300,0.013179927022311633,358.5779998779297,335.4957336425781,0.03477346276847496,322.1366577148437
2021-12-13,322.1366577148437,322.1366577148437,335.0,317.1400146484375,333.6966552734375,78595500,-0.04977243020772959,357.46116638183594,336.7703332519531,0.03595129698515697,319.5033264160156
2021-12-14,319.5033264160156,319.5033264160156,322.1366577148437,310.0,315.0,70806300,-0.008174578197676308,356.54649963378904,337.95019958496096,0.035764879332533035,325.3299865722656
2021-12-15,325.3299865722656,325.3299865722656,326.25,309.4166564941406,317.7366638183594,75169200,0.018236618133556703,355.23416595458986,339.2528662109375,0.034677982028788204,308.97332763671875
2021-12-16,308.97332763671875,308.97332763671875,331.6600036621094,307.2833251953125,331.5,82771500,-0.050277132790258694,352.532666015625,340.21399963378906,0.0351180000581504,310.8566589355469
2021-12-17,310.8566589355469,310.8566589355469,320.2200012207031,303.0133361816406,304.92333984375,100437300,0.006095449446181567,349.80249938964846,341.14039916992186,0.03510401377150732,299.9800109863281
2021-12-20,299.9800109863281,299.9800109863281,307.2300109863281,297.7966613769531,303.5666809082031,56480100,-0.03498927121736173,345.8505004882812,341.9033996582031,0.03396953829615867,312.84332275390625
2021-12-21,312.84332275390625,312.84332275390625,313.1666564941406,295.3733215332031,305.6233215332031,71517900,0.04288056302579579,342.2115005493164,342.8806658935547,0.035534396227604556,336.2900085449219
2021-12-22,336.2900085449219,336.2900085449219,338.5533447265625,319.01666259765625,321.8866577148437,93634200,0.07494705523716627,340.5421676635742,344.23499938964846,0.03940407525347243,355.6666564941406
2021-12-23,355.6666564941406,355.6666564941406,357.6600036621094,332.5199890136719,335.6000061035156,92713200,0.05761886305530961,339.7255004882812,345.9411328125,0.04171240101124884,364.6466674804688
2021-12-27,364.6466674804688,364.6466674804688,372.3333435058594,356.9066772460937,357.8900146484375,71145900,0.02524839149906688,339.9258331298828,347.7785992431641,0.04152737566883234,362.8233337402344
2021-12-28,362.8233337402344,362.8233337402344,373.0,359.47332763671875,369.8299865722656,60324000,-0.00500027534279357,339.11716613769534,349.41486572265626,0.03986645114023455,362.0633239746094
2021-12-29,362.0633239746094,362.0633239746094,368.0,354.7133178710937,366.21331787109375,56154000,-0.0020947102761840197,338.14099884033203,350.8553985595703,0.03981909680008483,356.7799987792969
2021-12-30,356.7799987792969,356.7799987792969,365.1833190917969,351.04998779296875,353.77667236328125,47040900,-0.014592268383646134,337.72999877929686,352.22919860839846,0.038740277878193896,352.260009765625
2021-12-31,352.260009765625,352.260009765625,360.6666564941406,351.5299987792969,357.8133239746094,40733700,-0.012668840823859995,337.2663330078125,353.5023986816406,0.03878582797777644,399.9266662597656
2022-01-03,399.9266662597656,399.9266662597656,400.3566589355469,378.6799926757813,382.5833435058594,103931400,0.1353166841897706,340.34649963378905,355.54093200683593,0.0464611178701933,383.1966552734375
2022-01-04,383.1966552734375,383.1966552734375,402.6666564941406,374.3500061035156,396.51666259765625,100248300,-0.041832696836128,342.6894989013672,357.14033203125,0.04776059729085586,362.7066650390625
2022-01-05,362.7066650390625,362.7066650390625,390.11334228515625,360.336669921875,382.2166748046875,80119800,-0.05347121367683638,343.29566497802733,357.5620654296875,0.048883165620322105,354.8999938964844
2022-01-06,354.8999938964844,354.8999938964844,362.6666564941406,340.1666564941406,359.0,90336600,-0.02152337383085412,343.22466430664065,357.8705322265625,0.04906377476289569,342.32000732421875
2022-01-07,342.32000732421875,342.32000732421875,360.30999755859375,336.6666564941406,360.1233215332031,84164700,-0.035446567451716815,343.6106643676758,357.79786560058596,0.04768300303907823,352.7066650390625
2022-01-10,352.7066650390625,352.7066650390625,353.0333251953125,326.6666564941406,333.3333435058594,91815000,0.03034195341380186,344.29549713134764,357.6717321777344,0.0480443543093554,354.79998779296875
2022-01-11,354.79998779296875,354.79998779296875,358.6166687011719,346.2733459472656,351.22332763671875,66063300,0.005935024657598653,345.9286636352539,357.34106506347655,0.04640823815529088,368.739990234375
2022-01-12,368.739990234375,368.739990234375,371.61334228515625,357.5299987792969,359.6166687011719,83739000,0.039289748931841784,348.3904968261719,356.6585980224609,0.0468658719647189,343.85333251953125
2022-01-13,343.85333251953125,343.85333251953125,371.8666687011719,342.17999267578125,369.6900024414063,97209900,-0.06749107331435766,349.31666412353513,355.72233154296873,0.04973236381087535,349.8699951171875
2022-01-14,349.8699951171875,349.8699951171875,350.6666564941406,337.7933349609375,339.9599914550781,72924300,0.017497758575059086,351.3614974975586,354.62733154296876,0.048128652840414884,343.5033264160156
2022-01-18,343.5033264160156,343.5033264160156,356.92999267578125,338.6866760253906,342.2033386230469,66743400,-0.01819724123253097,352.993830871582,353.297998046875,0.04846609100089976,331.8833312988281
2022-01-19,331.8833312988281,331.8833312988281,351.5566711425781,331.6666564941406,347.2366638183594,75442500,-0.0338278969185718,354.58899688720703,351.78839782714846,0.04841495296938422,332.0899963378906
2022-01-20,332.0899963378906,332.0899963378906,347.2200012207031,331.3333435058594,336.57666015625,70488600,0.0006227038828787723,355.55133056640625,350.67726440429686,0.0476434011919651,314.6333312988281
2022-01-21,314.6333312988281,314.6333312988281,334.8500061035156,313.5,332.11334228515625,103416000,-0.05256606712507206,354.46849670410154,350.14659790039065,0.0461632141971397,310.0
2022-01-24,310.0,310.0,311.1700134277344,283.8233337402344,301.586669921875,151565700,-0.014726129872195681,352.1851638793945,349.22693115234375,0.04400129680695475,306.1333312988281
2022-01-25,306.1333312988281,306.1333312988281,317.086669921875,301.07000732421875,304.7333374023437,86595900,-0.012473124842489969,349.2594970703125,348.25953125,0.04339750915696949,312.4700012207031
2022-01-26,312.4700012207031,312.4700012207031,329.2300109863281,302.0,317.4766540527344,104867400,0.02069905258271132,346.74183044433596,347.61946472167966,0.04386414401538888,276.3666687011719
2022-01-27,276.3666687011719,276.3666687011719,311.7966613769531,276.3333435058594,311.1199951171875,147109500,-0.11554175561970448,342.4569976806641,346.39086486816404,0.05014225983150117,282.1166687011719
2022-01-28,282.1166687011719,282.1166687011719,285.8333435058594,264.0033264160156,277.1866760253906,134789100,0.020805692766870276,338.7238311767578,345.0016650390625,0.05067647639465053,312.239990234375
2022-01-31,312.239990234375,312.239990234375,312.663330078125,287.3500061035156,290.9033203125,104436000,0.10677611383930952,336.7228302001953,343.9863983154297,0.057041424307276406,310.4166564941406
2022-02-01,310.4166564941406,310.4166564941406,314.5666809082031,301.6666564941406,311.7366638183594,73138200,-0.0058395266373975074,332.24732971191406,342.8855316162109,0.046611632269301685,301.8866577148437
2022-02-02,301.8866577148437,301.8866577148437,310.5,296.4700012207031,309.3933410644531,66792900,-0.027479191598914543,328.18182983398435,341.3428649902344,0.04622974219898385,297.0466613769531
2022-02-03,297.0466613769531,297.0466613769531,312.3333435058594,293.50665283203125,294.0,78855600,-0.016032495024878912,324.8988296508789,339.5713317871094,0.04515782776623745,307.7733459472656
2022-02-04,307.7733459472656,307.7733459472656,312.1666564941406,293.72332763671875,299.0733337402344,73625400,0.03611110968421327,322.542497253418,338.33326538085936,0.046142059017517084,302.4466552734375
2022-02-07,302.4466552734375,302.4466552734375,315.92333984375,300.9033203125,307.92999267578125,60994500,-0.01730718642133755,320.54882965087893,336.94219848632815,0.04571064588754818,307.3333435058594
2022-02-08,307.3333435058594,307.3333435058594,308.7633361816406,298.26666259765625,301.84332275390625,50729100,0.0161571905234128,318.28016357421876,335.8760650634766,0.045238250034789367,310.6666564941406
2022-02-09,310.6666564941406,310.6666564941406,315.42333984375,306.6666564941406,311.6666564941406,52259400,0.010845920427172029,316.07349700927733,334.5094647216797,0.0453190070380669,301.51666259765625
2022-02-10,301.51666259765625,301.51666259765625,314.60333251953125,298.8999938964844,302.7900085449219,66126900,-0.029452771017468238,312.7123306274414,332.90806457519534,0.044328542709893844,286.6666564941406
2022-02-11,286.6666564941406,286.6666564941406,305.32000732421875,283.5666809082031,303.2099914550781,79645800,-0.04925102969626416,309.8529968261719,331.3413977050781,0.04323757330626762,291.9200134277344
2022-02-14,291.9200134277344,291.9200134277344,299.6266784667969,284.3833312988281,287.19000244140625,67756500,0.01832566437213501,306.9554977416992,329.9491314697266,0.04326381798403764,307.4766540527344
2022-02-15,307.4766540527344,307.4766540527344,307.6666564941406,297.7933349609375,300.0,57286200,0.053290764282768466,305.15416412353517,329.3321978759766,0.045292763972072624,307.7966613769531
2022-02-16,307.7966613769531,307.7966613769531,308.8099975585937,300.4033203125,304.6833190917969,51294300,0.0010407532409399955,303.94983062744143,328.76139770507814,0.044774315475932566,292.1166687011719
2022-02-17,292.1166687011719,292.1166687011719,306.1666564941406,291.3666687011719,304.4200134277344,55178400,-0.05094269900666093,301.95116424560547,327.59206420898437,0.04603381569223202,285.6600036621094
2022-02-18,285.6600036621094,285.6600036621094,295.6233215332031,279.2033386230469,295.3333435058594,68501700,-0.022103035296720752,300.5024978637695,326.1788641357422,0.04487980673570336,273.84332275390625
2022-02-22,273.84332275390625,273.84332275390625,285.57666015625,267.0333251953125,278.0433349609375,83288100,-0.04136624223452856,298.69466400146484,324.96373046875,0.045608851798792704,254.67999267578125
2022-02-23,254.67999267578125,254.67999267578125,278.4333190917969,253.5200042724609,276.8099975585937,95256900,-0.06997917599526948,296.1219970703125,323.2771301269531,0.04784997908567987,266.92333984375
2022-02-24,266.92333984375,266.92333984375,267.49334716796875,233.3333282470703,233.4633331298828,135322200,0.04807345500262783,293.8446640014648,322.17286376953126,0.049091386602100065,269.9566650390625
2022-02-25,269.9566650390625,269.9566650390625,273.1666564941406,260.79998779296875,269.74334716796875,76067700,0.011364031324829549,293.5241638183594,321.1819305419922,0.041966263730571086,290.1433410644531
2022-02-28,290.1433410644531,290.1433410644531,292.28668212890625,271.57000732421875,271.6700134277344,99006900,0.07477746853358713,293.9254974365234,320.47819763183594,0.04502215978191047,288.1233215332031
2022-03-01,288.1233215332031,288.1233215332031,296.6266784667969,284.59332275390625,289.8933410644531,74766900,-0.006962143345558558,292.7196640014648,320.06119750976563,0.03773040758344002,293.2966613769531
2022-03-02,293.2966613769531,293.2966613769531,295.49334716796875,281.42333984375,290.7099914550781,74643300,0.01795529711451649,291.8636642456055,319.7099975585937,0.03802136049434279,279.7633361816406
2022-03-03,279.7633361816406,279.7633361816406,295.4800109863281,277.5333251953125,292.92333984375,61623600,-0.04614210448825773,290.7574981689453,319.3056640625,0.03889479596122978,279.42999267578125
2022-03-04,279.42999267578125,279.42999267578125,285.2166748046875,275.0533447265625,283.0333251953125,66999600,-0.0011915196265851469,289.87666473388674,318.6373974609375,0.0387760644387293,268.1933288574219
2022-03-07,268.1933288574219,268.1933288574219,288.7133178710937,268.19000244140625,285.4333190917969,72494100,-0.04021280504200253,287.89766387939454,317.2754638671875,0.03854799381681984,274.79998779296875
2022-03-08,274.79998779296875,274.79998779296875,283.3299865722656,260.72332763671875,265.1766662597656,80399100,0.02463394210323222,286.5153305053711,315.65813049316404,0.03904690857708427,286.3233337402344
2022-03-09,286.3233337402344,286.3233337402344,286.85333251953125,277.336669921875,279.82666015625,59184000,0.04193357517885765,285.46483001708987,314.0916638183594,0.040158800731741315,279.4333190917969
2022-03-10,279.4333190917969,279.4333190917969,284.8166809082031,270.1199951171875,283.8166809082031,58648500,-0.024063755330148706,283.90316314697264,312.42386352539063,0.040294366247859315,265.1166687011719
2022-03-11,265.1166687011719,265.1166687011719,281.26666259765625,264.5899963378906,280.0666809082031,67037100,-0.0512345859010529,282.0831634521484,310.48493041992185,0.041286067648672146,255.4566650390625
2022-03-14,255.4566650390625,255.4566650390625,266.8999938964844,252.01333618164065,260.2033386230469,71152200,-0.036436802368687404,280.52266387939454,308.4584637451172,0.040667848029716985,267.2966613769531
2022-03-15,267.2966613769531,267.2966613769531,268.5233459472656,252.19000244140625,258.42333984375,66841200,0.046348355546253384,279.29149627685547,306.75919677734373,0.04197416303425552,280.07666015625
2022-03-16,280.07666015625,280.07666015625,280.6666564941406,267.4200134277344,269.6666564941406,84028800,0.047812040425278646,277.92149658203124,304.36219665527346,0.04159981260423811,290.5333251953125
2022-03-17,290.5333251953125,290.5333251953125,291.6666564941406,275.239990234375,276.9966735839844,66582900,0.037335010469022656,277.0583297729492,302.5089300537109,0.04260322585008815,301.7966613769531
2022-03-18,301.7966613769531,301.7966613769531,302.6166687011719,289.1300048828125,291.4966735839844,100414200,0.03876779427650434,277.5423294067383,301.29072998046877,0.041898054498768135,307.0533447265625
2022-03-21,307.0533447265625,307.0533447265625,314.2833251953125,302.36334228515625,304.99334716796875,81981600,0.017417963888751054,278.61199645996095,300.3337969970703,0.04160931384026349,331.32666015625
2022-03-22,331.32666015625,331.32666015625,332.6199951171875,307.25,310.0,105868500,0.07905243778179138,281.4861633300781,300.11393005371093,0.04330964232260026,333.03668212890625
2022-03-23,333.03668212890625,333.03668212890625,346.8999938964844,325.4666748046875,326.64666748046875,120676200,0.005161136057840299,285.40399780273435,299.7205303955078,0.03900993568903701,337.97332763671875
2022-03-24,337.97332763671875,337.97332763671875,341.4966735839844,329.6000061035156,336.57666015625,68920800,0.014823128420135223,288.9564971923828,299.3839971923828,0.03819115179688669,336.8800048828125
2022-03-25,336.8800048828125,336.8800048828125,340.6000061035156,332.44000244140625,336.0,62031600,-0.003234937980317265,292.3026641845703,298.7467974853516,0.038354318243564965,363.9466552734375
2022-03-28,363.9466552734375,363.9466552734375,365.9599914550781,351.20001220703125,355.0333251953125,102506100,0.0803450783611821,295.99282989501955,299.1486639404297,0.03885224153335918,366.5233459472656
2022-03-29,366.5233459472656,366.5233459472656,371.5899963378906,357.7033386230469,369.3299865722656,73614900,0.007079858095940583,299.91283111572267,299.48173095703123,0.03861569356399128,364.663330078125
2022-03-30,364.663330078125,364.663330078125,371.3166809082031,361.3333435058594,363.7233276367188,59865000,-0.00507475414515135,303.4811645507813,299.9049310302734,0.03879705494631304,359.20001220703125
2022-03-31,359.20001220703125,359.20001220703125,367.71331787109375,358.8800048828125,364.8566589355469,48992700,-0.014981813142339484,307.45299835205077,300.4512646484375,0.03693481095030873,361.5299987792969
2022-04-01,361.5299987792969,361.5299987792969,364.9166564941406,355.5466613769531,360.3833312988281,54263100,0.006486599368272561,311.55799865722656,301.0400646972656,0.036816913081438196,381.8166809082031
2022-04-04,381.8166809082031,381.8166809082031,383.3033447265625,357.510009765625,363.1266784667969,82035900,0.05611341298759176,317.2391662597656,302.3837316894531,0.03569038030852325,363.7533264160156
2022-04-05,363.7533264160156,363.7533264160156,384.2900085449219,362.4333190917969,378.76666259765625,80075100,-0.047308971544201106,321.686833190918,303.45879821777345,0.03854206202445365,348.586669921875
2022-04-06,348.586669921875,348.586669921875,359.6666564941406,342.5666809082031,357.8233337402344,89348400,-0.041694894294368345,324.8,304.30786499023435,0.039955848199799714,352.4200134277344
2022-04-07,352.4200134277344,352.4200134277344,358.86334228515625,340.5133361816406,350.7966613769531,79447200,0.010996816105212748,328.4493347167969,305.106865234375,0.03911356493730807,341.8299865722656
2022-04-08,341.8299865722656,341.8299865722656,349.4800109863281,340.8133239746094,347.7366638183594,55013700,-0.03004944796541842,332.2850006103516,306.4161315917969,0.03755570183021149,325.3099975585937
2022-04-11,325.3099975585937,325.3099975585937,336.1566772460937,324.8800048828125,326.79998779296875,59357100,-0.04832808607380468,335.7776672363281,307.2799981689453,0.038470017624874786,328.9833374023437
2022-04-12,328.9833374023437,328.9833374023437,340.39666748046875,325.5333251953125,332.5466613769531,65976000,0.011291813566499442,338.8620010375977,307.6148651123047,0.037653529120615696,340.7900085449219
2022-04-13,340.7900085449219,340.7900085449219,342.0799865722656,324.3666687011719,327.02667236328125,55121100,0.035888356035912894,341.8976684570313,308.22233215332034,0.03713245775788015,328.3333435058594
2022-04-14,328.3333435058594,328.3333435058594,337.57000732421875,327.39666748046875,333.0966796875,58422300,-0.03655231880843268,343.7876693725586,308.75126586914064,0.03798825589854305,334.7633361816406
2022-04-18,334.7633361816406,334.7633361816406,338.3066711425781,324.4700012207031,329.6766662597656,51715200,0.019583733431163042,345.43600311279295,309.5055993652344,0.037376117331583074,342.7166748046875
2022-04-19,342.7166748046875,342.7166748046875,344.9800109863281,331.77667236328125,335.0199890136719,49847700,0.023758093445249484,347.2191696166992,310.2044659423828,0.03750604959557242,325.7333374023437
2022-04-20,325.7333374023437,325.7333374023437,344.6666564941406,325.0833435058594,343.3333435058594,70711200,-0.049555036713700984,346.93950347900386,310.6701995849609,0.035313059737967396,336.260009765625
2022-04-21,336.260009765625,336.260009765625,364.0733337402344,332.1400146484375,358.24334716796875,105416400,0.032316840662455215,347.1006698608398,311.24873291015626,0.03604701873730789,335.01666259765625
2022-04-22,335.01666259765625,335.01666259765625,344.95001220703125,331.3333435058594,338.3033447265625,69696600,-0.003697576672395231,346.9528366088867,311.73573303222656,0.035913438709463764,332.67333984375
2022-04-25,332.67333984375,332.67333984375,336.2066650390625,325.1000061035156,326.3233337402344,68341200,-0.006994645387893739,346.7425033569335,312.35886657714843,0.035942023351769326,292.1400146484375
2022-04-26,292.1400146484375,292.1400146484375,333.3333435058594,291.6666564941406,331.8099975585937,136133700,-0.12184121881948873,343.1521713256835,312.46833374023436,0.04031658702222869,293.836669921875
2022-04-27,293.836669921875,293.836669921875,306.0,292.4533386230469,299.52667236328125,76956300,0.005807678470473254,339.517837524414,312.5066668701172,0.04028900250044906,292.5033264160156
2022-04-28,292.5033264160156,292.5033264160156,300.0,273.8999938964844,299.99334716796875,124948500,-0.004537702888526063,335.90983734130856,312.2072003173828,0.04029277127974122,290.2533264160156
2022-04-29,290.2533264160156,290.2533264160156,311.4666748046875,290.0,300.75,88133100,-0.007692220213591394,332.4625030517578,311.85633361816406,0.04027987337558593,300.9800109863281
2022-05-02,300.9800109863281,300.9800109863281,302.1199951171875,282.6766662597656,286.92333984375,75781500,0.03695628471433299,329.43500366210935,312.0336004638672,0.04148645896843465,303.0833435058594
2022-05-03,303.0833435058594,303.0833435058594,308.02667236328125,296.1966552734375,301.0599975585937,63709500,0.006988279761963367,325.49833679199213,312.3820672607422,0.03884357516026939,317.5400085449219
2022-05-04,317.5400085449219,317.5400085449219,318.5,295.09332275390625,301.3133239746094,81643800,0.04769864576468552,323.18767089843743,313.2560009765625,0.03992942232828383,291.09332275390625
2022-05-05,291.09332275390625,291.09332275390625,315.20001220703125,285.8999938964844,313.00665283203125,92519100,-0.08328615317548016,320.313003540039,313.984267578125,0.04286255705865713,288.54998779296875
2022-05-06,288.54998779296875,288.54998779296875,296.0,281.03668212890625,295.6666564941406,72903000,-0.008737180698190294,317.1195022583007,314.4168005371094,0.042627213633127034,262.3699951171875
2022-05-09,262.3699951171875,262.3699951171875,281.8766784667969,260.3833312988281,278.8166809082031,90810300,-0.09072948807249681,313.1465026855468,314.2650671386719,0.04620952064013207,266.67999267578125
2022-05-10,266.67999267578125,266.67999267578125,275.1199951171875,258.0833435058594,273.10333251953125,84401700,0.016427173986372612,310.2150024414062,313.7958001708984,0.04580309690937907,244.6666717529297
2022-05-11,244.6666717529297,244.6666717529297,269.92333984375,242.3999938964844,265.0,97224600,-0.08254582843646041,305.99916915893556,312.92666717529295,0.048366219953258106,242.6666717529297
2022-05-12,242.6666717529297,242.6666717529297,253.22000122070312,226.6666717529297,233.6666717529297,140313000,-0.008174386751047313,301.09300231933594,311.9140673828125,0.04698002379538233,256.5299987792969
2022-05-13,256.5299987792969,256.5299987792969,262.45001220703125,250.52333068847656,257.82666015625,92150700,0.05712909369145702,297.5028350830078,311.44940063476565,0.04940346128595701,241.4566650390625
2022-05-16,241.4566650390625,241.4566650390625,256.586669921875,239.69667053222656,255.72000122070312,86098500,-0.05875856161837267,292.8375015258789,310.68993408203124,0.04994900511815643,253.8699951171875
2022-05-17,253.8699951171875,253.8699951171875,254.82666015625,242.9499969482422,249.1199951171875,80236200,0.05141017778952928,288.3951675415039,310.4034674072266,0.051438045416443624,236.60333251953125
2022-05-18,236.60333251953125,236.60333251953125,253.5,233.60333251953125,248.17333984375,87811800,-0.06801379812405906,283.9386672973633,309.6395343017578,0.05227607797551739,236.47332763671875
2022-05-19,236.47332763671875,236.47332763671875,244.6666717529297,231.3699951171875,235.6666717529297,90296700,-0.0005494634476534976,278.94933319091797,308.6425341796875,0.051232630937089206,221.3000030517578
2022-05-20,221.3000030517578,221.3000030517578,240.52667236328125,211.0,237.9966735839844,144973200,-0.06416505716141863,273.26350021362305,307.47986785888673,0.05223307185487498,224.96665954589844
2022-05-23,224.96665954589844,224.96665954589844,226.65333557128903,212.6866607666016,218.33999633789065,88903500,0.01656871415985961,267.87816619873047,306.67686767578124,0.052785229162950593,209.3866729736328
2022-05-24,209.3866729736328,209.3866729736328,217.97332763671875,206.856674194336,217.8433380126953,89092500,-0.06925464690507588,263.74049911499026,305.75546783447265,0.048474267379636636,219.6000061035156
2022-05-25,219.6000061035156,219.6000061035156,223.106674194336,207.6699981689453,207.9499969482422,92139300,0.048777379117957986,260.02866592407224,304.8015347290039,0.05037734500054208,235.9100036621093
2022-05-26,235.9100036621093,235.9100036621093,239.55667114257807,217.8866729736328,220.47332763671875,106003200,0.07427138936829292,257.19899978637693,303.9182015991211,0.05404149356901437,253.2100067138672
2022-05-27,253.2100067138672,253.2100067138672,253.26666259765625,240.1766662597656,241.0833282470703,89295000,0.07333306253742622,255.34683380126953,303.1717352294922,0.05711666965041255,252.7533264160156
2022-05-31,252.7533264160156,252.7533264160156,259.6000061035156,244.7433319091797,257.9466552734375,101914500,-0.001803563389055407,252.9354995727539,302.19086853027346,0.05626099702263551,246.7899932861328
2022-06-01,246.7899932861328,246.7899932861328,257.32666015625,243.63999938964844,251.72000122070312,77247900,-0.02359349020027346,250.12083206176757,300.9856015014648,0.056271505542271866,258.3333435058594
2022-06-02,258.3333435058594,258.3333435058594,264.2099914550781,242.0666656494141,244.1566619873047,93473100,0.04677398003874078,247.16049880981444,299.525735168457,0.0562230881692082,234.51666259765625
2022-06-03,234.51666259765625,234.51666259765625,247.79666137695312,233.4166717529297,243.22666931152344,112393800,-0.09219359988526965,244.33166580200196,297.55533477783206,0.05687612439913058,238.27999877929688
2022-06-06,238.27999877929688,238.27999877929688,244.86666870117188,234.3500061035156,244.35333251953125,84204600,0.0160472016783606,241.81816635131835,295.5614682006836,0.05715585555425122,238.8866729736328
2022-06-07,238.8866729736328,238.8866729736328,239.9966735839844,230.0933380126953,234.0,72808500,0.0025460558898939833,240.6440002441406,293.6016015625,0.05374998632548091,241.86666870117188
2022-06-08,241.86666870117188,241.86666870117188,249.9633331298828,239.1766662597656,240.086669921875,76210500,0.012474516432601446,239.40333404541016,291.1600018310547,0.053680901242184394,239.7066650390625
2022-06-09,239.7066650390625,239.7066650390625,255.54666137695312,239.32666015625,249.33999633789065,96491400,-0.008930555308462429,239.15533370971679,288.6236682128906,0.05039808703990155,232.22999572753903
2022-06-10,232.22999572753903,232.22999572753903,239.5,227.913330078125,235.1566619873047,97536600,-0.031190911234383334,238.63349990844728,285.9750015258789,0.05085992340104033,215.7366638183593
2022-06-13,215.7366638183593,215.7366638183593,226.63333129882807,214.683334350586,223.1666717529297,102767400,-0.07102153990705984,236.59383316040038,283.1057345581055,0.05122810201041314,220.88999938964844
2022-06-14,220.88999938964844,220.88999938964844,226.3300018310547,211.7366638183593,218.2866668701172,97988700,0.02388715705564093,235.56549987792968,280.2929345703125,0.05018686562368896,233.0
2022-06-15,233.0,233.0,235.663330078125,218.1499938964844,220.9166717529297,119131800,0.05482367080362738,234.52200012207032,277.31660095214846,0.05038787156866145,213.1000061035156
2022-06-16,213.1000061035156,213.1000061035156,225.1666717529297,208.69332885742188,222.7366638183593,107390700,-0.08540769912654256,233.34683380126953,274.30353454589846,0.051700967727452106,216.759994506836
2022-06-17,216.759994506836,216.759994506836,220.97000122070312,213.19667053222656,213.433334350586,92641800,0.017174980283869656,232.36116714477538,271.66700103759763,0.05191344451176129,237.0366668701172
2022-06-21,237.0366668701172,237.0366668701172,243.57666015625,224.3333282470703,224.60333251953125,122793000,0.09354434802147837,233.14800033569335,269.3593341064453,0.054073569687508906,236.086669921875
2022-06-22,236.086669921875,236.086669921875,246.8333282470703,233.82666015625,234.5033264160156,101107500,-0.004007805884153504,233.7040008544922,267.2444677734375,0.054034430317129456,235.07000732421875
2022-06-23,235.07000732421875,235.07000732421875,239.3166656494141,228.6366729736328,237.9066619873047,104202600,-0.004306310889948484,234.9881675720215,265.43966796875,0.05129423216201103,245.7066650390625
2022-06-24,245.7066650390625,245.7066650390625,246.0666656494141,236.086669921875,237.47000122070312,95770800,0.04524889345059324,236.29350051879882,263.77413452148437,0.051149057484046405,244.9199981689453
2022-06-27,244.9199981689453,244.9199981689453,252.07000732421875,242.5666656494141,249.36666870117188,89178300,-0.0032016505127857586,236.74400024414064,261.85673431396486,0.04864953771300558,232.663330078125
2022-06-28,232.663330078125,232.663330078125,249.97000122070312,232.3433380126953,244.4833374023437,90391200,-0.0500435578248114,235.7166664123535,259.94333404541015,0.04705930748710134,228.4900054931641
2022-06-29,228.4900054931641,228.4900054931641,231.17333984375,222.27333068847656,230.5,82897200,-0.0179371823809088,234.50350036621094,257.81786743164065,0.047172992372374434,224.47332763671875
2022-06-30,224.47332763671875,224.47332763671875,229.4566650390625,218.8633270263672,224.509994506836,94600500,-0.017579227799377484,233.38766708374024,255.45300048828125,0.04706032081012791,227.26333618164065
2022-07-01,227.26333618164065,227.26333618164065,230.22999572753903,222.1199951171875,227.0,74460300,0.012429131666980009,231.83416671752929,253.4836004638672,0.04573076625133175,233.0666656494141
2022-07-05,233.0666656494141,233.0666656494141,233.14666748046875,216.1666717529297,223.0,84581100,0.025535704813974602,231.76166687011718,251.41973358154297,0.04133397092222178,231.7333374023437
2022-07-06,231.7333374023437,231.7333374023437,234.56333923339844,227.1866607666016,230.77999877929688,71853600,-0.005720802000385716,231.43433380126953,249.35406707763673,0.04118949916980187,244.5433349609375
2022-07-07,244.5433349609375,244.5433349609375,245.3633270263672,232.2100067138672,233.9199981689453,81930600,0.05527904488059332,231.71716690063477,247.59146697998048,0.043046352498834074,250.76333618164065
2022-07-08,250.76333618164065,250.76333618164065,254.97999572753903,241.1600036621093,242.3333282470703,101854200,0.025435169687600512,232.1620002746582,246.76393341064454,0.0433082661546293,234.3433380126953
2022-07-11,234.3433380126953,234.3433380126953,253.06333923339844,233.6266632080078,252.10333251953125,99241200,-0.06548005948146862,231.89383392333986,245.57406677246092,0.04587737213278009,233.07000732421875
2022-07-12,233.07000732421875,233.07000732421875,239.77333068847656,228.3699951171875,236.8466644287109,87930900,-0.005433611636988744,231.93583450317382,244.385400390625,0.04531756388768669,237.0399932861328
2022-07-13,237.0399932861328,237.0399932861328,242.0599975585937,225.0333404541016,225.5,97954500,0.017033448479672808,233.0010009765625,243.32113372802735,0.04209881464824802,238.31333923339844
2022-07-14,238.31333923339844,238.31333923339844,238.65333557128903,229.3333282470703,234.89666748046875,78557400,0.005371861218914864,233.87216796875,242.06780029296874,0.04187766642070899,240.0666656494141
2022-07-15,240.0666656494141,240.0666656494141,243.6233367919922,236.88999938964844,240.0,69683100,0.0073572315408600986,234.2255012512207,240.80746673583985,0.04019503217756009,240.54666137695312
2022-07-18,240.54666137695312,240.54666137695312,250.51666259765625,239.60333251953125,244.9366607666016,82537500,0.001999426810217919,235.59783401489258,239.26759979248047,0.03451072330679194,245.52999877929688
2022-07-19,245.52999877929688,245.52999877929688,247.13999938964844,236.97666931152344,245.0,80890200,0.020716718219316865,237.0363342285156,238.35633331298828,0.03457667847349364,247.5
2022-07-20,247.5,247.5,250.663330078125,243.4833374023437,246.7833404541016,88864200,0.008023464466653252,237.55950088500975,237.5353335571289,0.027936648403048516,271.7066650390625
2022-07-21,271.7066650390625,271.7066650390625,273.26666259765625,254.86666870117188,255.106674194336,142032300,0.09780470722853529,239.34050064086915,237.72206695556642,0.035051606388906684,272.24334716796875
2022-07-22,272.24334716796875,272.24334716796875,280.78668212890625,270.7133178710937,276.2200012207031,103472700,0.0019752262198982073,241.19916763305665,237.83333404541017,0.03496709552908565,268.4333190917969
2022-07-25,268.4333190917969,268.4333190917969,274.14666748046875,267.3999938964844,272.2166748046875,64073400,-0.013994935471540293,242.33550033569335,238.3086669921875,0.03413983357483586,258.8599853515625
2022-07-26,258.8599853515625,258.8599853515625,267.3099975585937,256.2633361816406,266.5133361816406,66820800,-0.0356637312112531,243.03249969482422,238.63253326416014,0.0353011283598413,274.82000732421875
2022-07-27,274.82000732421875,274.82000732421875,275.9266662597656,261.7900085449219,263.8099975585937,88110000,0.061655036992220635,245.1403335571289,238.99833343505858,0.035244106242765576,280.8999938964844
2022-07-28,280.8999938964844,280.8999938964844,283.29998779296875,272.79998779296875,280.0666809082031,84723000,0.02212352234272652,247.7608329772949,239.78720001220702,0.03477139346652815,297.1499938964844
2022-07-29,297.1499938964844,297.1499938964844,298.32000732421875,279.1000061035156,280.70001220703125,95313000,0.05784976985791013,251.3946662902832,240.65279998779297,0.03559578767020467,297.27667236328125
2022-08-01,297.27667236328125,297.27667236328125,311.8766784667969,295.0,301.27667236328125,117042900,0.00042631152414229767,254.89533309936525,241.86626678466797,0.03573725427974771,300.586669921875
2022-08-02,300.586669921875,300.586669921875,307.8333435058594,292.6666564941406,294.0033264160156,95577600,0.011134400598203698,258.2713333129883,243.1485336303711,0.035639974428078876,307.39666748046875
2022-08-03,307.39666748046875,307.39666748046875,309.54998779296875,301.1499938964844,305.0,80091000,0.02265568716125621,262.0544998168945,244.8704669189453,0.03540298462297619,308.6333312988281
2022-08-04,308.6333312988281,308.6333312988281,313.6066589355469,305.0,311.0,72256200,0.004023022853486102,265.2589996337891,246.5438003540039,0.03415264762139287,288.1700134277344
2022-08-05,288.1700134277344,288.1700134277344,304.6066589355469,285.5433349609375,302.6700134277344,113172900,-0.0663030068235908,267.12933349609375,248.11946716308594,0.038208369977041357,290.42333984375
2022-08-08,290.42333984375,290.42333984375,305.20001220703125,289.086669921875,295.0,98994000,0.007819434052879659,269.9333335876465,249.53593383789064,0.03411982099196189,283.3333435058594
2022-08-09,283.3333435058594,283.3333435058594,292.39666748046875,279.35333251953125,290.2933349609375,86244600,-0.024412625864385085,272.44650039672854,250.48440063476562,0.034866315074386,294.3566589355469
2022-08-10,294.3566589355469,294.3566589355469,297.510009765625,283.3699951171875,297.0666809082031,94918800,0.03890581776676605,275.31233367919924,251.30733367919922,0.035424555479522134,286.6300048828125
2022-08-11,286.6300048828125,286.6300048828125,298.2366638183594,285.8333435058594,296.5133361816406,70155000,-0.026249292544206493,277.7281669616699,251.98486724853515,0.03640333941297211,300.0299987792969
2022-08-12,300.0299987792969,300.0299987792969,300.1600036621094,285.0333251953125,289.4166564941406,79657200,0.046750143628413676,280.72633361816406,253.04966735839844,0.03731328431777739,309.32000732421875
2022-08-15,309.32000732421875,309.32000732421875,313.1333312988281,301.2300109863281,301.78668212890625,89359200,0.03096359891583922,284.16500091552734,254.06940063476563,0.03747209468816803,306.5633239746094
2022-08-16,306.5633239746094,306.5633239746094,314.6666564941406,302.8833312988281,311.6666564941406,88136400,-0.008912075793144236,287.21666717529297,255.5103338623047,0.037748528950399964,303.9966735839844
2022-08-17,303.9966735839844,303.9966735839844,309.6566772460937,300.0333251953125,303.39666748046875,68766000,-0.008372333511224461,290.0415008544922,256.8246673583984,0.0380126287385159,302.8699951171875
2022-08-18,302.8699951171875,302.8699951171875,306.5,301.85333251953125,306.0,47500500,-0.0037062197211366055,291.59966735839845,258.10433380126955,0.03213626005140287,296.6666564941406
2022-08-19,296.6666564941406,296.6666564941406,300.3599853515625,292.5,299.0,61395300,-0.020481852686155544,292.82083282470705,259.2003335571289,0.03266974042366668,289.913330078125
2022-08-22,289.913330078125,289.913330078125,292.3999938964844,286.2966613769531,291.913330078125,55843200,-0.022764022407583906,293.89483337402345,260.2044668579102,0.03299265665938289,296.4533386230469
2022-08-23,296.4533386230469,296.4533386230469,298.82666015625,287.92333984375,291.4533386230469,63984900,0.0225584954757323,295.77450103759764,261.48893371582034,0.031822022088730605,297.0966796875
2022-08-24,297.0966796875,297.0966796875,303.64666748046875,296.5,297.5633239746094,57259800,0.002170125887066332,296.8883346557617,263.11613403320314,0.02913950449639746,296.07000732421875
2022-08-25,296.07000732421875,296.07000732421875,302.9599914550781,291.6000061035156,302.3599853515625,53230000,-0.003455684406709514,297.64683532714844,264.6197341918945,0.028876615232532297,288.0899963378906
2022-08-26,288.0899963378906,288.0899963378906,302.0,287.4700012207031,297.42999267578125,57163900,-0.026953121859416895,297.19383544921874,265.72153411865236,0.026534506382375773,284.82000732421875
2022-08-29,284.82000732421875,284.82000732421875,287.739990234375,280.70001220703125,282.8299865722656,41864700,-0.01135058160727187,296.5710021972656,267.1559341430664,0.02662679290088749,277.70001220703125
2022-08-30,277.70001220703125,277.70001220703125,288.4800109863281,272.6499938964844,287.8699951171875,50541800,-0.0249982267189629,295.4266693115234,268.37473449707034,0.02692718104994949,275.6099853515625
2022-08-31,275.6099853515625,275.6099853515625,281.25,271.8099975585937,280.6199951171875,52107300,-0.007526203685978228,293.83733520507815,269.14620086669925,0.026214253798577794,277.1600036621094
2022-09-01,277.1600036621094,277.1600036621094,277.5799865722656,266.1499938964844,272.5799865722656,54287000,0.005623955563764049,292.2636688232422,269.9676675415039,0.026246049963161266,270.2099914550781
2022-09-02,270.2099914550781,270.2099914550781,282.3500061035156,269.0799865722656,281.07000732421875,50890100,-0.02507581222110289,291.36566772460935,270.67046722412107,0.022537807976859163,274.4200134277344
2022-09-06,274.4200134277344,274.4200134277344,275.989990234375,265.739990234375,272.67999267578125,55860000,0.015580556255471167,290.5655014038086,271.2447341918945,0.02279872350562856,283.70001220703125
2022-09-07,283.70001220703125,283.70001220703125,283.8399963378906,272.2699890136719,273.1000061035156,50028900,0.03381677109982606,290.5838348388672,272.02033447265626,0.023569601116768892,289.260009765625
2022-09-08,289.260009765625,289.260009765625,289.5,279.760009765625,281.29998779296875,53713100,0.01959815762903916,290.3290023803711,273.15226806640624,0.022265595443197762,299.67999267578125
2022-09-09,299.67999267578125,299.67999267578125,299.8500061035156,291.25,291.6700134277344,54338100,0.03602289482946186,290.9815017700195,274.5760678100586,0.022842385360308606,304.4200134277344
2022-09-12,304.4200134277344,304.4200134277344,305.489990234375,300.3999938964844,300.7200012207031,48674600,0.01581694096302666,291.2010025024414,276.1750015258789,0.020626448696636622,292.1300048828125
2022-09-13,292.1300048828125,292.1300048828125,297.3999938964844,290.3999938964844,292.8999938964844,68229600,-0.04037188096320543,290.3415023803711,277.47233489990236,0.02131546223597969,302.6099853515625
2022-09-14,302.6099853515625,302.6099853515625,306.0,291.6400146484375,292.239990234375,72628700,0.03587437200418364,290.1438354492187,278.86320129394534,0.02291433388696503,303.75
2022-09-15,303.75,303.75,309.1199951171875,300.7200012207031,301.8299865722656,64795500,0.003767273730617582,290.13150177001955,280.30353454589846,0.02285273118935162,303.3500061035156
2022-09-16,303.3500061035156,303.3500061035156,303.7099914550781,295.6000061035156,299.6099853515625,87087800,-0.0013168523341049454,290.15550231933594,281.47966796875,0.02283743590819972,309.07000732421875
2022-09-19,309.07000732421875,309.07000732421875,309.8399963378906,297.79998779296875,300.0899963378906,60231200,0.018856110452001085,290.77566986083986,282.64580139160154,0.02264414108741668,308.7300109863281
2022-09-20,308.7300109863281,308.7300109863281,313.3299865722656,305.5799865722656,306.9100036621094,61642800,-0.0011000625419275156,291.71650390625,284.1335348510742,0.021887930808786957,300.79998779296875
2022-09-21,300.79998779296875,300.79998779296875,313.79998779296875,300.6300048828125,308.2900085449219,62555700,-0.025685948599634356,291.93383636474607,285.4881344604492,0.022316956386289537,288.5899963378906
2022-09-22,288.5899963378906,288.5899963378906,301.2900085449219,285.82000732421875,299.8599853515625,70545400,-0.040591728559117746,291.5085021972656,286.5191345214844,0.02416710900524648,275.3299865722656
2022-09-23,275.3299865722656,275.3299865722656,284.5,272.82000732421875,283.0899963378906,63748400,-0.04594757245188685,290.471501159668,287.25946746826173,0.026163623918232994,276.010009765625
2022-09-26,276.010009765625,276.010009765625,284.0899963378906,270.3099975585937,271.8299865722656,58076900,0.0024698479153155706,289.8675018310547,287.97833435058595,0.025584318447192382,282.94000244140625
2022-09-27,282.94000244140625,282.94000244140625,288.6700134277344,277.510009765625,283.8399963378906,61925200,0.02510775852537339,289.77350158691405,288.826201171875,0.026162351826494797,287.8099975585937
2022-09-28,287.8099975585937,287.8099975585937,289.0,277.57000732421875,283.0799865722656,54664800,0.0172121123742337,290.2790008544922,289.67180114746094,0.025739075809820555,268.2099914550781
2022-09-29,268.2099914550781,268.2099914550781,283.6499938964844,265.7799987792969,282.760009765625,77620600,-0.06810050474193585,289.909001159668,290.0860009765625,0.03012279855592825,265.25
2022-09-30,265.25,265.25,275.57000732421875,262.4700012207031,266.1499938964844,67726600,-0.011036096899372572,289.3135009765625,289.95686767578127,0.03016257562850506,242.3999938964844
2022-10-03,242.3999938964844,242.3999938964844,255.1600036621093,241.009994506836,254.5,98363500,-0.08614516909902203,287.9230010986328,289.36000061035156,0.03530109814143329,249.44000244140625
2022-10-04,249.44000244140625,249.44000244140625,257.5,242.009994506836,250.5200042724609,109578500,0.029042940273044104,286.6740005493164,288.9801342773437,0.03583465812841267,240.8099975585937
2022-10-05,240.8099975585937,240.8099975585937,246.6699981689453,233.2700042724609,245.009994506836,86982700,-0.03459751763288155,284.52949981689454,288.6191345214844,0.03528221654189211,238.1300048828125
2022-10-06,238.1300048828125,238.1300048828125,244.5800018310547,235.3500061035156,239.44000244140625,69298400,-0.011129075632041019,281.9729995727539,287.88533447265627,0.03470177956475333,223.07000732421875
2022-10-07,223.07000732421875,223.07000732421875,234.57000732421875,222.0200042724609,233.94000244140625,83916800,-0.06324275500689214,278.14250030517576,286.7287347412109,0.03500691884523308,222.9600067138672
2022-10-10,222.9600067138672,222.9600067138672,226.9900054931641,218.3600006103516,223.92999267578125,67925000,-0.0004931214719139376,274.0694999694824,285.2449349975586,0.03446009493362424,216.5
2022-10-11,216.5,216.5,225.75,215.0,220.9499969482422,77013200,-0.02897383620084637,270.2879997253418,283.629401550293,0.03410862907693759,217.2400054931641
2022-10-12,217.2400054931641,217.2400054931641,219.3000030517578,211.509994506836,215.3300018310547,66860700,0.003418039229395431,266.0195007324219,281.96246826171875,0.032320978033657896,221.72000122070312
2022-10-13,221.72000122070312,221.72000122070312,222.9900054931641,206.22000122070312,208.3000030517578,91483000,0.020622332969329582,261.91800079345705,280.2489349365234,0.033072456915196585,204.9900054931641
2022-10-14,204.9900054931641,204.9900054931641,226.259994506836,204.1600036621093,224.009994506836,94124500,-0.07545550981161042,257.00000076293946,278.17606842041016,0.035513289639553254,219.3500061035156
2022-10-17,219.3500061035156,219.3500061035156,221.8600006103516,209.4499969482422,210.0399932861328,79428800,0.07005219876844371,252.5140007019043,276.79966827392576,0.039938888134872085,220.19000244140625
2022-10-18,220.19000244140625,220.19000244140625,229.82000732421875,217.25,229.5,75891900,0.0038294794370521412,248.0870002746582,275.3950015258789,0.04005221633394649,222.0399932861328
2022-10-19,222.0399932861328,222.0399932861328,222.92999267578125,217.77999877929688,219.8000030517578,66571500,0.008401793106927569,244.1490005493164,274.16913452148435,0.04034178892504625,207.27999877929688
2022-10-20,207.27999877929688,207.27999877929688,215.5500030517578,202.0,208.27999877929688,117798100,-0.0664744863679374,240.08350067138673,272.4276013183594,0.04162508929500557,214.44000244140625
2022-10-21,214.44000244140625,214.44000244140625,214.6600036621093,203.8000030517578,206.4199981689453,75713800,0.03454266549727758,237.03900146484375,270.9838012695312,0.042417211373330176,211.25
2022-10-24,211.25,211.25,213.5,198.58999633789065,205.82000732421875,100446800,-0.014875967194030837,233.8010009765625,269.2082012939453,0.042292669066789856,222.4199981689453
2022-10-25,222.4199981689453,222.4199981689453,224.3500061035156,210.0,210.1000061035156,96507900,0.05287573097725584,230.77500076293944,267.47020111083987,0.044010215169903985,224.63999938964844
2022-10-26,224.63999938964844,224.63999938964844,230.6000061035156,218.1999969482422,219.3999938964844,85012500,0.009981122376490958,227.6165008544922,265.8317346191406,0.04379519963296307,225.08999633789065
2022-10-27,225.08999633789065,225.08999633789065,233.8099975585937,222.8500061035156,229.7700042724609,61638800,0.00200319154854367,225.46050109863282,264.25360107421875,0.041776122776645476,228.5200042724609
2022-10-28,228.5200042724609,228.5200042724609,228.8600006103516,216.3500061035156,225.3999938964844,69152400,0.01523838460338034,223.62400131225587,262.7666012573242,0.04208373081140666,227.5399932861328
2022-10-31,227.5399932861328,227.5399932861328,229.8500061035156,221.94000244140625,226.19000244140625,61554300,-0.004288512900427088,222.8810012817383,261.3840679931641,0.037688175097310345,227.82000732421875
2022-11-01,227.82000732421875,227.82000732421875,237.3999938964844,227.27999877929688,234.0500030517578,62688800,0.0012306146011606955,221.8000015258789,260.14220153808594,0.03697024646425594,214.97999572753903
2022-11-02,214.97999572753903,214.97999572753903,227.8699951171875,214.82000732421875,226.0399932861328,63070300,-0.05636033352596037,220.50850143432618,258.51273468017575,0.03822144484492995,215.3099975585937
2022-11-03,215.3099975585937,215.3099975585937,221.1999969482422,210.13999938964844,211.3600006103516,56538800,0.0015350350619267594,219.36750106811525,256.87700103759767,0.03821867686094109,207.47000122070312
2022-11-04,207.47000122070312,207.47000122070312,223.8000030517578,203.0800018310547,222.6000061035156,98622200,-0.03641259777431849,218.58750076293944,255.10500091552734,0.036472642893235645,197.0800018310547
2022-11-07,197.0800018310547,197.0800018310547,208.8999938964844,196.6600036621093,208.6499938964844,93916500,-0.05007952633400592,217.29350051879882,253.28480102539064,0.03795013447193271,191.3000030517578
2022-11-08,191.3000030517578,191.3000030517578,195.1999969482422,186.75,194.0200042724609,128803400,-0.02932818513088775,216.03350067138672,251.4144009399414,0.0379617711171202,177.58999633789062
2022-11-09,177.58999633789062,177.58999633789062,195.88999938964844,177.1199951171875,190.77999877929688,127062700,-0.07166757185130745,214.05100021362304,249.4122006225586,0.04065319879296878,190.72000122070312
2022-11-10,190.72000122070312,190.72000122070312,191.0,180.02999877929688,189.8999938964844,132703000,0.07393437216942544,212.50100021362306,247.7144009399414,0.0442981358174921,195.97000122070312
2022-11-11,195.97000122070312,195.97000122070312,196.5200042724609,182.58999633789065,186.0,114403600,0.027527264924482875,212.05,246.09060089111327,0.04178293905110653,190.9499969482422
2022-11-14,190.9499969482422,190.9499969482422,195.72999572753903,186.33999633789065,192.7700042724609,92226600,-0.02561618738169713,210.62999954223633,244.50540100097658,0.038519060836867354,194.4199981689453
2022-11-15,194.4199981689453,194.4199981689453,200.82000732421875,192.0599975585937,195.8800048828125,91293800,0.018172303095892017,209.34149932861328,242.90540069580078,0.03884773318955839,186.9199981689453
2022-11-16,186.9199981689453,186.9199981689453,192.57000732421875,185.6600036621093,191.509994506836,66567600,-0.03857627852399581,207.58549957275392,240.96980041503906,0.03938060407245973,183.1699981689453
2022-11-17,183.1699981689453,183.1699981689453,186.1600036621093,180.8999938964844,183.9600067138672,64336000,-0.020062058831236462,206.37999954223633,238.84800018310546,0.03704103713466543,180.19000244140625
2022-11-18,180.19000244140625,180.19000244140625,185.19000244140625,176.5500030517578,185.0500030517578,76048900,-0.016269016527425406,204.66749954223633,236.45820037841796,0.035873347717819366,167.8699951171875
2022-11-21,167.8699951171875,167.8699951171875,176.77000427246094,167.5399932861328,175.85000610351562,92882700,-0.06837231343190053,202.4984992980957,233.72720001220702,0.03831993759255866,169.91000366210938
2022-11-22,169.91000366210938,169.91000366210938,170.9199981689453,166.19000244140625,168.6300048828125,78452300,0.012152311933396831,199.8729995727539,231.28279998779297,0.035758835897850526,183.1999969482422
2022-11-23,183.1999969482422,183.1999969482422,183.6199951171875,172.5,173.57000732421875,109536700,0.07821783885404354,197.8009994506836,228.89460021972656,0.04092521050447946,182.8600006103516
2022-11-25,182.8600006103516,182.8600006103516,185.1999969482422,180.6300048828125,185.0599975585937,50672700,-0.0018558752377416665,195.68949966430665,226.4768002319336,0.04087793019479913,182.9199981689453
2022-11-28,182.9199981689453,182.9199981689453,188.5,179.0,179.9600067138672,92905200,0.00032810652079984237,193.40949935913085,224.0682000732422,0.04053671107369969,180.8300018310547
2022-11-29,180.8300018310547,180.8300018310547,186.3800048828125,178.75,184.9900054931641,83357100,-0.011425739989130657,191.07399978637696,221.5033999633789,0.040512509898873235,194.6999969482422
2022-11-30,194.6999969482422,194.6999969482422,194.759994506836,180.6300048828125,182.42999267578125,109186400,0.07670184691003823,189.41799926757812,219.2227996826172,0.04494901316029604,194.6999969482422
2022-12-01,194.6999969482422,194.6999969482422,198.9199981689453,191.8000030517578,197.0800018310547,80046200,0.0,188.40399932861328,217.10079986572265,0.04342401733784779,194.8600006103516
2022-12-02,194.8600006103516,194.8600006103516,196.25,191.1100006103516,191.77999877929688,73645900,0.0008217959148295595,187.38149948120116,215.22619995117188,0.04341947769948279,182.4499969482422
2022-12-05,182.4499969482422,182.4499969482422,191.2700042724609,180.5500030517578,189.44000244140625,93122700,-0.06368676805520934,186.13049926757813,213.3686001586914,0.04489143295840615,179.82000732421875
2022-12-06,179.82000732421875,179.82000732421875,183.6499938964844,175.3300018310547,181.22000122070312,92150800,-0.01441485156488942,185.26749954223632,211.44480010986328,0.043718506405995054,174.0399932861328
2022-12-07,174.0399932861328,174.0399932861328,179.3800048828125,172.22000122070312,175.02999877929688,84213300,-0.032143331123685615,184.40449905395508,209.2667999267578,0.043809897201459294,173.44000244140625
2022-12-08,173.44000244140625,173.44000244140625,175.1999969482422,169.05999755859375,172.1999969482422,97624500,-0.003447430865732959,184.19699935913087,206.97940002441408,0.04080108987645285,179.0500030517578
2022-12-09,179.0500030517578,179.0500030517578,182.5,173.36000061035156,173.83999633789062,104872300,0.0323454827685834,183.6134994506836,205.19620025634765,0.03775961185809184,167.82000732421875
2022-12-12,167.82000732421875,167.82000732421875,177.3699951171875,167.52000427246094,176.10000610351562,109794500,-0.0627198857086465,182.20599975585938,203.24760040283203,0.03934405041673025,160.9499969482422
2022-12-13,160.9499969482422,160.9499969482422,175.0500030517578,156.91000366210938,174.8699951171875,175862700,-0.04093677795344208,180.70599975585938,201.61860046386718,0.039871350967499955,156.8000030517578
2022-12-14,156.8000030517578,156.8000030517578,161.6199951171875,155.30999755859375,159.25,140682300,-0.025784367661833008,178.825,199.76580047607422,0.03957716049284341,157.6699981689453
2022-12-15,157.6699981689453,157.6699981689453,160.92999267578125,153.27999877929688,153.44000244140625,122334500,0.005548438139381551,177.3625,198.10300048828125,0.03912505659358074,150.22999572753906
2022-12-16,150.22999572753906,150.22999572753906,160.99000549316406,150.0399932861328,159.63999938964844,139032200,-0.047187179094365206,175.7154998779297,196.34500030517577,0.040033893317461065,149.8699951171875
2022-12-19,149.8699951171875,149.8699951171875,155.25,145.82000732421875,154.0,139390600,-0.00239632976495896,174.19949951171876,194.88100006103517,0.040023439625929844,137.8000030517578
2022-12-20,137.8000030517578,137.8000030517578,148.47000122070312,137.66000366210938,146.0500030517578,159563300,-0.08053641461716088,172.69599990844728,193.17779998779298,0.04106151618545913,137.57000732421875
2022-12-21,137.57000732421875,137.57000732421875,141.25999450683594,135.88999938964844,139.33999633789062,145417400,-0.0016690545895901021,171.07900009155273,191.59920013427734,0.040801899964547465,125.3499984741211
2022-12-22,125.3499984741211,125.3499984741211,136.6300048828125,122.26000213623048,136.0,210090300,-0.08882756559936855,168.18650016784667,189.76139999389648,0.03890846564035157,123.1500015258789
2022-12-23,123.1500015258789,123.1500015258789,128.6199951171875,121.0199966430664,126.37000274658205,166989700,-0.017550833466474902,165.20100021362305,187.79,0.03872218149482234,109.0999984741211
2022-12-27,109.0999984741211,109.0999984741211,119.66999816894533,108.76000213623048,117.5,208643400,-0.1140885333144338,161.51000022888184,185.87219985961914,0.04385201101730237,112.70999908447266
2022-12-28,112.70999908447266,112.70999908447266,116.2699966430664,108.23999786376952,110.3499984741211,221070500,0.03308891531476843,158.10400009155273,183.7393997192383,0.04564719892362558,121.81999969482422
2022-12-29,121.81999969482422,121.81999969482422,123.56999969482422,117.5,120.38999938964844,221923300,0.0808269069678893,154.46000022888182,181.77199966430663,0.04612510176489589,123.18000030517578
2022-12-30,123.18000030517578,123.18000030517578,124.4800033569336,119.75,119.9499969482422,157777300,0.011164017515666869,150.8840003967285,179.7947998046875,0.04647335078596816,108.0999984741211
2023-01-03,108.0999984741211,108.0999984741211,118.8000030517578,104.63999938964844,118.47000122070312,231402800,-0.12242248574195735,146.546000289917,177.81119979858397,0.05127000763538928,113.63999938964844
2023-01-04,113.63999938964844,113.63999938964844,114.58999633789062,107.5199966430664,109.11000061035156,180389000,0.05124885285593783,143.1055004119873,175.79519973754884,0.05342513511630851,110.33999633789062
2023-01-05,110.33999633789062,110.33999633789062,111.75,107.16000366210938,110.51000213623048,157986300,-0.029039097760312105,139.6314998626709,173.77699966430663,0.05341600384361356,113.05999755859376
2023-01-06,113.05999755859376,113.05999755859376,114.38999938964844,101.80999755859376,103.0,220911100,0.024651090365942707,136.58250007629394,171.5897996520996,0.0543898113616308,119.7699966430664
2023-01-09,119.7699966430664,119.7699966430664,123.5199966430664,117.11000061035156,118.95999908447266,190284000,0.05934901140427806,133.89899978637695,169.49239959716797,0.057132186420066684,118.8499984741211
2023-01-10,118.8499984741211,118.8499984741211,122.76000213623048,114.91999816894533,121.06999969482422,167642500,-0.007681374256751861,130.8889995574951,167.36759963989257,0.05601206204243554,123.22000122070312
2023-01-11,123.22000122070312,123.22000122070312,125.9499969482422,120.51000213623048,122.08999633789062,183810800,0.036769060182475055,128.65899925231935,165.2615995788574,0.05631836759597371,123.55999755859376
2023-01-12,123.55999755859376,123.55999755859376,124.12999725341795,117.0,122.55999755859376,169400900,0.0027592625752508315,126.78949928283691,163.18199966430663,0.056056104262064754,122.4000015258789
2023-01-13,122.4000015258789,122.4000015258789,122.62999725341795,115.5999984741211,116.5500030517578,180714100,-0.009388119582672938,125.06949920654297,161.07359954833984,0.055957380133510704,131.49000549316406
2023-01-17,131.49000549316406,131.49000549316406,131.6999969482422,125.0199966430664,125.6999969482422,186477000,0.07426473736900463,123.7604995727539,159.40379974365234,0.05903688877776917,128.77999877929688
2023-01-18,128.77999877929688,128.77999877929688,136.67999267578125,127.01000213623048,136.55999755859375,195680300,-0.020609982513142944,122.6879997253418,157.6731997680664,0.05838815193521362,127.16999816894533
2023-01-19,127.16999816894533,127.16999816894533,129.99000549316406,124.30999755859376,127.26000213623048,170291900,-0.012501946153228083,121.5529998779297,156.06719970703125,0.05839901011546551,133.4199981689453
2023-01-20,133.4199981689453,133.4199981689453,133.50999450683594,127.3499984741211,128.67999267578125,138858100,0.049146812062518475,121.33399963378906,154.79399963378907,0.05692804477881634,143.75
2023-01-23,143.75,143.75,145.3800048828125,134.27000427246094,135.8699951171875,203119200,0.07742468874848996,121.64299926757812,153.8429995727539,0.059497140753724836,143.88999938964844
2023-01-24,143.88999938964844,143.88999938964844,146.5,141.10000610351562,143.0,158699100,0.0009739087975544347,122.56999931335449,153.16899963378907,0.05537432027697584,144.42999267578125
2023-01-25,144.42999267578125,144.42999267578125,146.41000366210938,138.07000732421875,141.91000366210938,192734300,0.003752820129427681,123.63399887084961,152.24319946289063,0.05505242948780225,160.27000427246094
2023-01-26,160.27000427246094,160.27000427246094,161.4199981689453,154.75999450683594,159.97000122070312,234815100,0.10967259156647335,126.1924991607666,151.52919952392577,0.05122117648748079,177.89999389648438
2023-01-27,177.89999389648438,177.89999389648438,180.67999267578125,161.1699981689453,162.42999267578125,306590600,0.11000180416824756,129.45199890136718,151.26819946289064,0.05495373634349357,166.66000366210938
2023-01-30,166.66000366210938,166.66000366210938,179.77000427246094,166.5,178.0500030517578,230878800,-0.06318150994943417,131.69399909973146,150.71299957275392,0.0565973666422202,173.22000122070312
2023-01-31,173.22000122070312,173.22000122070312,174.3000030517578,162.77999877929688,164.57000732421875,196813500,0.03936155894904236,134.1959991455078,150.43899963378905,0.056786898390826804,181.4100036621093
2023-02-01,181.4100036621093,181.4100036621093,183.8099975585937,169.92999267578125,173.88999938964844,213806300,0.04728092820511587,137.86149940490722,150.40379974365234,0.04629554573062275,188.2700042724609
2023-02-02,188.2700042724609,188.2700042724609,196.75,182.6100006103516,187.3300018310547,217448300,0.0378148970391341,141.59299964904784,150.56539978027342,0.04602511979392126,189.97999572753903
2023-02-03,189.97999572753903,189.97999572753903,199.0,183.69000244140625,183.9499969482422,232662000,0.009082654784473565,145.57499961853028,151.00759979248048,0.04436149360804708,194.759994506836
2023-02-06,194.759994506836,194.759994506836,198.1699981689453,189.9199981689453,193.009994506836,186188100,0.025160537355481516,149.65999946594238,151.504599609375,0.04435934540481081,196.8099975585937
2023-02-07,196.8099975585937,196.8099975585937,197.5,189.5500030517578,196.42999267578125,186010300,0.010525791279408558,153.51199951171876,151.77679962158203,0.04391189172068643,201.2899932861328
2023-02-08,201.2899932861328,201.2899932861328,203.0,194.3099975585937,196.1000061035156,180673600,0.02276304955598274,157.63399925231934,152.14539947509766,0.04320368823357227,207.32000732421875
2023-02-09,207.32000732421875,207.32000732421875,214.0,204.7700042724609,207.77999877929688,215431400,0.029956849516678652,161.83899955749513,152.63339965820313,0.043154036528915654,196.88999938964844
2023-02-10,196.88999938964844,196.88999938964844,206.1999969482422,192.88999938964844,202.22999572753903,204754100,-0.05030873801899527,165.50549964904786,152.954599609375,0.0462567079299943,194.63999938964844
2023-02-13,194.63999938964844,194.63999938964844,196.3000030517578,187.6100006103516,194.4199981689453,172475500,-0.011427700782035255,169.11749954223632,152.95339965820312,0.04633766682674037,209.25
2023-02-14,209.25,209.25,209.82000732421875,189.44000244140625,191.94000244140625,216455700,0.0750616556523096,173.00549926757813,153.2443997192383,0.046383070637767615,214.2400054931641
2023-02-15,214.2400054931641,214.2400054931641,214.6600036621093,206.1100006103516,211.759994506836,181006400,0.02384709913101113,177.27849960327148,153.63199981689453,0.04515663327784275,202.0399932861328
2023-02-16,202.0399932861328,202.0399932861328,217.6499938964844,201.83999633789065,210.77999877929688,229586500,-0.056945537220967624,181.02199935913086,154.02379974365235,0.048180659431985046,208.3099975585937
2023-02-17,208.3099975585937,208.3099975585937,208.44000244140625,197.5,199.9900054931641,213738500,0.031033480898908783,184.7664993286133,154.59359954833985,0.04786213446524505,197.3699951171875
2023-02-21,197.3699951171875,197.3699951171875,209.7100067138672,197.22000122070312,204.9900054931641,180018600,-0.05251789433835974,187.44749908447267,155.06019958496094,0.048976653414746454,200.8600006103516
2023-02-22,200.8600006103516,200.8600006103516,201.9900054931641,191.77999877929688,197.92999267578125,191828500,0.017682553475729224,190.2959991455078,155.60859954833984,0.04882946798619683,202.07000732421875
2023-02-23,202.07000732421875,202.07000732421875,205.13999938964844,196.3300018310547,203.9100036621093,146360000,0.006024129792842281,193.1779998779297,156.06899963378908,0.048797388557096984,196.8800048828125
2023-02-24,196.8800048828125,196.8800048828125,197.6699981689453,192.8000030517578,196.3300018310547,142228100,-0.025684180003413215,195.00849990844728,156.65019958496094,0.04462882631700382,207.6300048828125
2023-02-27,207.6300048828125,207.6300048828125,209.4199981689453,201.259994506836,202.02999877929688,161028300,0.0546017865369246,196.49500045776367,157.58379974365235,0.039616487279077045,205.7100067138672
2023-02-28,205.7100067138672,205.7100067138672,211.22999572753903,203.75,210.58999633789065,153144900,-0.009247209573726933,198.44750061035157,158.56199981689454,0.036165137038191436,202.7700042724609
2023-03-01,202.7700042724609,202.7700042724609,207.1999969482422,198.5200042724609,206.2100067138672,156852800,-0.014291975817664948,199.92500076293945,159.46399993896483,0.03595582853798277,190.8999938964844
2023-03-02,190.8999938964844,190.8999938964844,193.75,186.009994506836,186.7400054931641,181500700,-0.05853928157947286,200.3995002746582,160.27739990234375,0.03769572167831055,197.7899932861328
2023-03-03,197.7899932861328,197.7899932861328,200.47999572753903,192.8800048828125,194.8000030517578,154193300,0.036092192823141245,200.8754997253418,161.23579986572267,0.03761441497816396,193.8099975585937
2023-03-06,193.8099975585937,193.8099975585937,198.6000061035156,192.3000030517578,198.5399932861328,128100100,-0.020122331071529276,201.06699981689454,162.3559997558594,0.037937217314478654,187.7100067138672
2023-03-07,187.7100067138672,187.7100067138672,194.1999969482422,186.1000061035156,191.3800048828125,148125800,-0.03147407730028129,200.7145004272461,163.35879974365236,0.038205306848108384,182.0
2023-03-08,182.0,182.0,186.5,180.0,185.0399932861328,151897800,-0.03041929843714275,199.9740005493164,164.49179977416992,0.038641352352828263,172.9199981689453
2023-03-09,172.9199981689453,172.9199981689453,185.17999267578125,172.50999450683594,180.25,170023800,-0.04989011995084991,198.55550079345704,165.48719970703124,0.03947851232976432,173.44000244140625
2023-03-10,173.44000244140625,173.44000244140625,178.2899932861328,168.44000244140625,175.1300048828125,191488900,0.0030071956856769777,196.86150054931642,166.77399978637695,0.038607181184432474,174.47999572753906
2023-03-13,174.47999572753906,174.47999572753906,177.35000610351562,163.91000366210938,167.4600067138672,167790300,0.005996271168666301,195.74100036621093,168.00939971923827,0.037407385593896544,183.259994506836
2023-03-14,183.259994506836,183.259994506836,183.8000030517578,177.13999938964844,177.30999755859375,143717900,0.050320947926932647,195.1720001220703,169.23819961547852,0.03937667315854486,180.4499969482422
2023-03-15,180.4499969482422,180.4499969482422,182.33999633789065,176.02999877929688,180.8000030517578,145995600,-0.015333393227232595,193.73199996948242,170.38359954833984,0.03497461150134374,184.1300048828125
2023-03-16,184.1300048828125,184.1300048828125,185.8099975585937,178.83999633789062,180.3699951171875,121136800,0.020393505108375454,192.22649993896485,171.90419967651368,0.03482357012393109,180.1300048828125
2023-03-17,180.1300048828125,180.1300048828125,186.22000122070312,177.3300018310547,184.5200042724609,133197100,-0.02172378153438792,191.13100051879883,173.23399978637696,0.03300615989678416,183.25
2023-03-20,183.25,183.25,186.44000244140625,176.35000610351562,178.0800018310547,129684400,0.017320796272765726,189.87800064086915,174.69219985961914,0.03234966771926909,197.5800018310547
2023-03-21,197.5800018310547,197.5800018310547,198.0,188.0399932861328,188.27999877929688,153391400,0.07819919143822474,189.8885009765625,176.38259994506836,0.035486140527462115,191.1499938964844
2023-03-22,191.1499938964844,191.1499938964844,200.6600036621093,190.9499969482422,199.3000030517578,150376400,-0.032543819591966616,189.40300064086915,177.81019989013672,0.0359906473320611,192.22000122070312
2023-03-23,192.22000122070312,192.22000122070312,199.3099975585937,188.6499938964844,195.259994506836,144193900,0.0055977366381616545,188.91050033569337,179.27759994506835,0.03598585366601539,190.4100036621093
2023-03-24,190.4100036621093,190.4100036621093,192.3600006103516,187.1499938964844,191.6499938964844,116312400,-0.009416281069084098,188.5870002746582,180.6213999938965,0.03560145135635335,191.8099975585937
2023-03-27,191.8099975585937,191.8099975585937,197.38999938964844,189.94000244140625,194.4199981689453,120851600,0.007352522816861828,187.79599990844727,181.9863999938965,0.03319910424103312,189.19000244140625
2023-03-28,189.19000244140625,189.19000244140625,192.3500061035156,185.42999267578125,192.0,98654600,-0.01365932511618484,186.96999969482422,183.32220001220702,0.03325436439400036,193.8800048828125
2023-03-29,193.8800048828125,193.8800048828125,195.2899932861328,189.44000244140625,193.1300048828125,123660000,0.024789906342217005,186.5254997253418,184.57,0.03374122129883428,195.27999877929688
2023-03-30,195.27999877929688,195.27999877929688,197.3300018310547,194.4199981689453,195.5800018310547,110252200,0.007220929756684091,186.74449996948243,185.9,0.031004182532366628,207.4600067138672
2023-03-31,207.4600067138672,207.4600067138672,207.7899932861328,197.1999969482422,197.52999877929688,170222100,0.06237201971890638,187.22800064086914,187.50580017089842,0.0330340241316345,194.7700042724609
2023-04-03,194.7700042724609,194.7700042724609,202.69000244140625,192.1999969482422,199.9100036621093,169545900,-0.0611684277968263,187.2760009765625,188.73280029296876,0.03570650689271884,192.5800018310547
2023-04-04,192.5800018310547,192.5800018310547,198.7400054931641,190.32000732421875,197.32000732421875,126463800,-0.011244043709844886,187.51950073242188,189.70940032958984,0.03502270811249236,185.5200042724609
2023-04-05,185.5200042724609,185.5200042724609,190.67999267578125,183.759994506836,190.5200042724609,133882500,-0.036660076287606036,187.69550094604492,190.54200042724608,0.03535168443052259,185.0599975585937
2023-04-06,185.0599975585937,185.0599975585937,186.38999938964844,179.74000549316406,183.0800018310547,123857900,-0.00247955316555315,188.30250091552733,191.35460052490234,0.03324801305563049,184.509994506836
2023-04-10,184.509994506836,184.509994506836,185.1000061035156,176.11000061035156,179.94000244140625,142154600,-0.0029720256079845964,188.85600051879882,191.83940032958984,0.033283488742345275,186.7899932861328
2023-04-11,186.7899932861328,186.7899932861328,189.19000244140625,185.6499938964844,186.69000244140625,115770900,0.012357047570191959,189.47150039672852,192.01720031738282,0.03333775453189059,180.5399932861328
2023-04-12,180.5399932861328,180.5399932861328,191.5800018310547,180.3099975585937,190.7400054931641,150256300,-0.03346003653646468,189.33550033569335,192.29480010986327,0.03245456875749632,185.8999938964844
2023-04-13,185.8999938964844,185.8999938964844,186.5,180.94000244140625,182.9600067138672,112933000,0.029688716127604264,189.60800018310547,192.5483999633789,0.03291168981190461,185.0
2023-04-14,185.0,185.0,186.27999877929688,182.009994506836,183.9499969482422,96438700,-0.00484127986031857,189.65149993896483,192.62019989013672,0.032652042123837356,187.0399932861328
2023-04-17,187.0399932861328,187.0399932861328,189.69000244140625,182.69000244140625,186.32000732421875,116662200,0.011026990735853115,189.99699935913085,192.59559967041017,0.03228553516123672,184.3099975585937
2023-04-18,184.3099975585937,184.3099975585937,187.69000244140625,183.5800018310547,187.1499938964844,92067000,-0.014595786064656169,190.04999923706055,192.48219970703124,0.03229664843021388,180.58999633789065
2023-04-19,180.58999633789065,180.58999633789065,183.5,177.64999389648438,179.10000610351562,125732700,-0.020183393575925912,189.20049896240235,192.19879974365233,0.026930536700530323,162.99000549316406
2023-04-20,162.99000549316406,162.99000549316406,169.6999969482422,160.55999755859375,166.1699981689453,210970800,-0.09745828230593878,187.79249954223633,191.52239990234375,0.0336158912908927,165.0800018310547
2023-04-21,165.0800018310547,165.0800018310547,166.0,161.32000732421875,164.8000030517578,123539000,0.012822849668400638,186.4354995727539,190.79820007324219,0.0338010853195451,162.5500030517578
2023-04-24,162.5500030517578,162.5500030517578,165.64999389648438,158.61000061035156,164.64999389648438,140006600,-0.015325895028073244,185.04249954223633,189.90279998779297,0.03384888244605703,160.6699981689453
2023-04-25,160.6699981689453,160.6699981689453,163.47000122070312,158.75,159.82000732421875,121999300,-0.011565701922588656,183.4854995727539,189.1783999633789,0.033681172064795296,153.75
2023-04-26,153.75,153.75,160.6699981689453,153.13999938964844,160.2899932861328,153364100,-0.04306963495243776,181.7134994506836,188.36059997558593,0.03455957268587482,160.19000244140625
2023-04-27,160.19000244140625,160.19000244140625,160.47999572753906,152.3699951171875,152.63999938964844,127015200,0.041886194740853755,180.02899932861328,187.37940002441405,0.035652681116863816,164.30999755859375
2023-04-28,164.30999755859375,164.30999755859375,165.0,157.32000732421875,160.89999389648438,122515800,0.025719427270091355,178.48049926757812,186.38079986572265,0.03632602504423059,161.8300018310547
2023-05-01,161.8300018310547,161.8300018310547,163.27999877929688,158.8300018310547,163.1699981689453,109015000,-0.015093395194377579,176.1989990234375,185.5766000366211,0.032344079457968765,160.30999755859375
2023-05-02,160.30999755859375,160.30999755859375,165.49000549316406,158.92999267578125,161.8800048828125,128259700,-0.00939259874721976,174.47599868774415,184.6166000366211,0.030187447820616622,160.61000061035156
2023-05-03,160.61000061035156,160.61000061035156,165.0,159.91000366210938,160.00999450683594,119728000,0.0018713932775662467,172.87749862670898,183.88140014648437,0.03028396947378016,161.1999969482422
2023-05-04,161.1999969482422,161.1999969482422,162.9499969482422,159.64999389648438,162.7100067138672,95108500,0.003673471985857102,171.66149826049804,183.08820007324218,0.029652441809792405,170.05999755859375
2023-05-05,170.05999755859375,170.05999755859375,170.7899932861328,163.50999450683594,163.97000122070312,107607300,0.05496278398315546,170.91149826049804,182.44799987792967,0.03269524395689178,171.7899932861328
2023-05-08,171.7899932861328,171.7899932861328,173.8000030517578,169.19000244140625,173.72000122070312,112249400,0.010172855182730478,170.2754981994629,181.9461996459961,0.03284238316275974,169.14999389648438
2023-05-09,169.14999389648438,169.14999389648438,169.82000732421875,166.55999755859375,168.9499969482422,88965000,-0.015367597024416146,169.39349822998048,181.17659942626952,0.032743240712255116,168.5399932861328
2023-05-10,168.5399932861328,168.5399932861328,174.42999267578125,166.67999267578125,172.5500030517578,119840700,-0.0036062703657255835,168.79349822998046,180.43319915771485,0.032022555677392775,172.0800018310547
2023-05-11,172.0800018310547,172.0800018310547,173.57000732421875,166.7899932861328,168.6999969482422,103889900,0.021003967520705658,168.10249862670898,179.81939910888673,0.031613167658754784,167.97999572753906
2023-05-12,167.97999572753906,167.97999572753906,177.3800048828125,167.22999572753906,176.07000732421875,157849600,-0.023826162598143963,167.25149841308593,179.3609991455078,0.03194304123400674,166.35000610351562
2023-05-15,166.35000610351562,166.35000610351562,169.75999450683594,164.5500030517578,167.66000366210938,105592500,-0.009703474612936969,166.21699905395508,178.73219940185547,0.031754716444885235,166.52000427246094
2023-05-16,166.52000427246094,166.52000427246094,169.52000427246094,164.35000610351562,165.64999389648438,98288800,0.001021930644472091,165.32749938964844,178.18639953613283,0.03170747638982668,173.86000061035156
2023-05-17,173.86000061035156,173.86000061035156,174.5,167.19000244140625,168.41000366210938,125473600,0.04407876621166107,164.9909996032715,177.9093994140625,0.03326032089169594,176.88999938964844
2023-05-18,176.88999938964844,176.88999938964844,177.05999755859375,172.4499969482422,174.22000122070312,109520300,0.01742780840135616,165.6859992980957,177.80719940185546,0.024577308741798944,180.13999938964844
2023-05-19,180.13999938964844,180.13999938964844,181.9499969482422,176.30999755859375,177.1699981689453,136196700,0.018373000232992265,166.4389991760254,177.95159942626952,0.024708585532304185,188.8699951171875
2023-05-22,188.8699951171875,188.8699951171875,189.32000732421875,180.11000061035156,180.6999969482422,132001400,0.04846228354123516,167.75499877929687,178.26019927978516,0.026072032345921255,185.7700042724609
2023-05-23,185.7700042724609,185.7700042724609,192.9600067138672,185.259994506836,186.1999969482422,156952100,-0.01641335799687582,169.00999908447267,178.4859994506836,0.026283721893798986,182.8999938964844
2023-05-24,182.8999938964844,182.8999938964844,184.22000122070312,178.22000122070312,182.22999572753903,137605100,-0.015449266889003166,170.46749877929688,178.47879943847656,0.024117102739636156,184.47000122070312
2023-05-25,184.47000122070312,184.47000122070312,186.77999877929688,180.5800018310547,186.5399932861328,96870700,0.00858396597381672,171.6814987182617,178.55919952392577,0.02284227085612734,193.1699981689453
2023-05-26,193.1699981689453,193.1699981689453,198.6000061035156,184.52999877929688,184.6199951171875,162061500,0.047162123329924865,173.1244987487793,178.73999938964843,0.02421316562861934,201.1600036621093
2023-05-30,201.1600036621093,201.1600036621093,204.47999572753903,197.52999877929688,200.1000061035156,128818700,0.04136255924264165,175.09099884033202,179.16059936523436,0.024617947586124175,203.92999267578125
2023-05-31,203.92999267578125,203.92999267578125,203.9499969482422,195.1199951171875,199.77999877929688,150711700,0.013770078361724059,177.2719985961914,179.57419921875,0.02413735468032772,207.5200042724609
2023-06-01,207.5200042724609,207.5200042724609,209.8000030517578,199.3699951171875,202.58999633789065,148029900,0.017604137329555236,179.61749877929685,179.77299926757811,0.024033060937634472,213.97000122070312
2023-06-02,213.97000122070312,213.97000122070312,217.25,209.75,210.1499938964844,164398400,0.031081326211683136,182.2559989929199,180.2293994140625,0.02424386628247148,217.6100006103516
2023-06-05,217.6100006103516,217.6100006103516,221.2899932861328,214.5200042724609,217.8000030517578,151143100,0.017011727666879528,184.6334991455078,180.73719940185546,0.02232211064670669,221.3099975585937
2023-06-06,221.3099975585937,221.3099975585937,221.9100036621093,212.52999877929688,216.13999938964844,146911600,0.017002881015874216,187.10949935913084,181.35519927978515,0.02233466174734389,224.57000732421875
2023-06-07,224.57000732421875,224.57000732421875,230.8300018310547,223.1999969482422,228.0,185710800,0.01473051286244731,189.88050003051757,182.01039947509764,0.021314866732583346,234.8600006103516
2023-06-08,234.8600006103516,234.8600006103516,235.22999572753903,223.009994506836,224.22000122070312,164489700,0.04582087077762287,193.19650039672848,182.92379943847655,0.021962580668267527,244.3999938964844
2023-06-09,244.3999938964844,244.3999938964844,252.4199981689453,242.0200042724609,249.07000732421875,200242400,0.0406199151040636,196.8125,183.93419921875,0.02258216308819186,249.8300018310547
2023-06-12,249.8300018310547,249.8300018310547,250.97000122070312,244.58999633789065,247.94000244140625,150337900,0.02221770896144193,200.90500030517578,185.02519927978517,0.020335829315689464,258.7099914550781
2023-06-13,258.7099914550781,258.7099914550781,259.67999267578125,251.33999633789065,253.509994506836,162384300,0.035544128242966044,205.52299957275392,186.05019897460937,0.019321063821920316,256.7900085449219
2023-06-14,256.7900085449219,256.7900085449219,261.57000732421875,250.5,260.1700134277344,170575500,-0.007421371317580694,210.03649978637696,187.29059906005858,0.01989868314600724,255.8999938964844
2023-06-15,255.8999938964844,255.8999938964844,258.95001220703125,247.2899932861328,248.3999938964844,160171200,-0.0034659239799891273,214.13849945068358,188.5569989013672,0.01997192011546678,260.5400085449219
2023-06-16,260.5400085449219,260.5400085449219,263.6000061035156,257.2099914550781,258.9200134277344,167915600,0.01813214052015355,218.32099990844728,190.0573989868164,0.01996832099654783,274.45001220703125
2023-06-20,274.45001220703125,274.45001220703125,274.75,261.1199951171875,261.5,165611200,0.05338912722001776,223.0365005493164,191.84519927978516,0.02133107286081241,259.4599914550781
2023-06-21,259.4599914550781,259.4599914550781,276.989990234375,257.7799987792969,275.1300048828125,211797100,-0.054618400747766804,226.56600036621094,193.34419921875,0.026336307560192562,264.6099853515625
2023-06-22,264.6099853515625,264.6099853515625,265.0,248.25,250.7700042724609,166875900,0.019848894111198723,230.50799942016602,194.9005990600586,0.025186350859050896,256.6000061035156
2023-06-23,256.6000061035156,256.6000061035156,262.45001220703125,252.8000030517578,259.2900085449219,177460800,-0.030270888067223778,234.19300003051757,196.42179931640624,0.026414980564368504,241.0500030517578
2023-06-26,241.0500030517578,241.0500030517578,258.3699951171875,240.6999969482422,250.07000732421875,179990600,-0.060600166336257755,237.02200012207032,197.52479949951172,0.0316435609411986,250.2100067138672
2023-06-27,250.2100067138672,250.2100067138672,250.38999938964844,240.8500061035156,243.2400054931641,164968200,0.03800042956291749,239.8740005493164,198.82899963378907,0.03120061841274997,256.239990234375
2023-06-28,256.239990234375,256.239990234375,259.8800048828125,248.88999938964844,249.6999969482422,159770800,0.0240996896954786,242.62799987792968,200.21299957275392,0.03062232521390882,257.5
2023-06-29,257.5,257.5,260.739990234375,253.6100006103516,258.0299987792969,131283400,0.004917303362650394,245.30650024414064,201.67679962158203,0.030668846882288395,261.7699890136719
2023-06-30,261.7699890136719,261.7699890136719,264.45001220703125,259.8900146484375,260.6000061035156,112620800,0.016582481606492783,248.01899948120118,203.30039947509766,0.0306601902883139,279.82000732421875
2023-07-03,279.82000732421875,279.82000732421875,284.25,275.1099853515625,276.489990234375,119685900,0.06895373445427366,251.31149978637694,205.63699951171876,0.03297437712246437,282.4800109863281
2023-07-05,282.4800109863281,282.4800109863281,283.8500061035156,277.6000061035156,278.82000732421875,131530900,0.009506123909958086,254.55500030517578,207.9849996948242,0.03298130289578644,276.5400085449219
2023-07-06,276.5400085449219,276.5400085449219,279.9700012207031,272.8800048828125,278.0899963378906,120332100,-0.021028045208104085,257.3165008544922,210.2647998046875,0.033862358240428776,274.42999267578125
2023-07-07,274.42999267578125,274.42999267578125,280.7799987792969,273.7699890136719,278.42999267578125,113879200,-0.007630056425625198,259.8095001220703,212.53999969482422,0.034126804452946566,269.6099853515625
2023-07-10,269.6099853515625,269.6099853515625,277.5199890136719,265.1000061035156,276.4700012207031,119425400,-0.01756370459810941,261.54699935913084,214.85719940185547,0.03362621911467153,269.7900085449219
2023-07-11,269.7900085449219,269.7900085449219,270.8999938964844,266.3699951171875,268.6499938964844,91972400,0.000667717084456676,262.8165000915527,217.04919952392578,0.032727365240200014,271.989990234375
2023-07-12,271.989990234375,271.989990234375,276.5199890136719,271.4599914550781,276.3299865722656,95672100,0.008154422401772665,263.92449951171875,219.2027993774414,0.03249871596910447,277.8999938964844
2023-07-13,277.8999938964844,277.8999938964844,279.45001220703125,270.6000061035156,274.5899963378906,112681500,0.02172875427149612,264.8839996337891,221.52419921875,0.03195217958833727,281.3800048828125
2023-07-14,281.3800048828125,281.3800048828125,285.29998779296875,276.3099975585937,277.010009765625,120062400,0.012522529912772917,266.1134994506836,223.9455993652344,0.03188584481624225,290.3800048828125
2023-07-17,290.3800048828125,290.3800048828125,292.2300109863281,283.57000732421875,286.6300048828125,131569600,0.03198521516746822,267.8375,226.5409994506836,0.03236829532338942,293.3399963378906
2023-07-18,293.3399963378906,293.3399963378906,295.260009765625,286.010009765625,290.1499938964844,112120300,0.010193509901870401,269.4774993896484,229.18379943847657,0.03227104680820234,291.260009765625
2023-07-19,291.260009765625,291.260009765625,299.2900085449219,289.5199890136719,296.0400085449219,142355400,-0.007090702250741598,270.3179992675781,231.60779968261718,0.03042089961222396,262.8999938964844
2023-07-20,262.8999938964844,262.8999938964844,280.92999267578125,261.20001220703125,279.5599975585937,175158300,-0.09737009860008494,270.48999938964846,233.42999969482423,0.035748992038688567,260.0199890136719
2023-07-21,260.0199890136719,260.0199890136719,268.0,255.8000030517578,268.0,161796100,-0.010954754468143868,270.26049957275393,235.24739959716797,0.03557000685079619,269.0599975585937
2023-07-24,269.0599975585937,269.0599975585937,269.8500061035156,254.1199951171875,255.8500061035156,136508500,0.03476659075024613,270.8834991455078,237.2577996826172,0.03565475874443277,265.2799987792969
2023-07-25,265.2799987792969,265.2799987792969,272.8999938964844,265.0,272.3800048828125,112757300,-0.014048906614122947,272.0949989318848,239.12179962158203,0.0326803078934137,264.3500061035156
2023-07-26,264.3500061035156,264.3500061035156,268.0400085449219,261.75,263.25,95856200,-0.0035057022016762307,272.8019989013672,241.04919982910155,0.0318018207989021,255.7100067138672
2023-07-27,255.7100067138672,255.7100067138672,269.1300048828125,255.3000030517578,268.3099975585937,103697300,-0.032683938680391544,272.7754997253418,242.8363998413086,0.03237155421954558,266.44000244140625
2023-07-28,266.44000244140625,266.44000244140625,267.25,258.2300109863281,259.8599853515625,111446000,0.04196157931177735,273.2224998474121,244.8347998046875,0.033676790577718385,267.42999267578125
2023-07-31,267.42999267578125,267.42999267578125,269.0799865722656,263.7799987792969,267.4800109863281,84582200,0.00371562162326855,273.50550003051757,246.7061996459961,0.0335112214379181,261.07000732421875
2023-08-01,261.07000732421875,261.07000732421875,266.4700012207031,260.25,266.260009765625,83166000,-0.023781870118334214,272.56800003051757,248.3897998046875,0.029927413964461292,254.1100006103516
2023-08-02,254.1100006103516,254.1100006103516,259.5199890136719,250.4900054931641,255.57000732421875,101752900,-0.02665954157355055,271.1494995117188,249.86919982910158,0.03022170438836776,259.32000732421875
2023-08-03,259.32000732421875,259.32000732421875,260.489990234375,252.0,252.0399932861328,97569100,0.020502958173047592,270.2884994506836,251.27820007324217,0.03047596688190244,253.8600006103516
2023-08-04,253.8600006103516,253.8600006103516,264.7699890136719,253.1100006103516,260.9700012207031,99539900,-0.021055092394165698,269.25999984741213,252.64,0.030735745636067843,251.4499969482422
2023-08-07,251.4499969482422,251.4499969482422,253.6499938964844,242.759994506836,251.4499969482422,111097900,-0.00949343597382446,268.3520004272461,254.01100006103516,0.03059301094986605,249.6999969482422
2023-08-08,249.6999969482422,249.6999969482422,250.9199981689453,245.009994506836,247.4499969482422,96642200,-0.006959634206558429,267.3474998474121,255.31559997558594,0.030592131997991937,242.19000244140625
2023-08-09,242.19000244140625,242.19000244140625,251.1000061035156,241.8999938964844,250.8699951171875,101596300,-0.03007606967809695,265.85750045776365,256.29600006103516,0.03102328887477242,245.33999633789065
2023-08-10,245.33999633789065,245.33999633789065,251.8000030517578,243.0,245.3999938964844,109498600,0.013006292021680244,264.229500579834,257.1795999145508,0.030682536626111815,242.6499938964844
2023-08-11,242.6499938964844,242.6499938964844,243.7899932861328,238.0200042724609,241.7700042724609,99038600,-0.01096438608281991,262.2930000305176,257.95399993896484,0.030394429856852045,239.759994506836
2023-08-14,239.759994506836,239.759994506836,240.6600036621093,233.75,235.6999969482422,98595300,-0.011910156448968645,259.7619995117187,258.59879974365236,0.028989161711129318,232.9600067138672
2023-08-15,232.9600067138672,232.9600067138672,240.5,232.6100006103516,238.72999572753903,88197600,-0.028361644764614558,256.7430000305176,258.9785998535156,0.02891906386017468,225.6000061035156
2023-08-16,225.6000061035156,225.6000061035156,233.97000122070312,225.3800048828125,228.0200042724609,112484500,-0.03159340830287449,253.45999984741212,259.1383999633789,0.029259600508547454,219.22000122070312
2023-08-17,219.22000122070312,219.22000122070312,226.7400054931641,218.8300018310547,226.0599975585937,120718400,-0.02828016272253575,251.27600021362304,259.0966000366211,0.021815543711204213,215.4900054931641
2023-08-18,215.4900054931641,215.4900054931641,217.5800018310547,212.3600006103516,214.1199951171875,136276600,-0.017014851321818014,249.04950103759765,258.915,0.021888735293943994,231.27999877929688
2023-08-21,231.27999877929688,231.27999877929688,232.1300048828125,220.5800018310547,221.5500030517578,135702700,0.073274828918382,247.1605010986328,258.8433999633789,0.027040015561214287,233.19000244140625
2023-08-22,233.19000244140625,233.19000244140625,240.82000732421875,229.5500030517578,240.25,130442800,0.008258403978685713,245.55600128173828,258.6192001342773,0.027202069033974208,236.8600006103516
2023-08-23,236.8600006103516,236.8600006103516,238.97999572753903,229.2899932861328,229.33999633789065,101077600,0.01573823118710882,244.18150100708007,258.3598001098633,0.027634864785040136,230.0399932861328
2023-08-24,230.0399932861328,230.0399932861328,238.9199981689453,228.17999267578125,238.6600036621093,99777400,-0.02879341090367593,242.89800033569335,257.78640014648437,0.027443648398033267,238.58999633789065
2023-08-25,238.58999633789065,238.58999633789065,239.0,230.3500061035156,231.3099975585937,106612200,0.037167463490241914,241.50550003051757,257.4223999023437,0.02703039685462907,238.82000732421875
2023-08-28,238.82000732421875,238.82000732421875,244.3800048828125,235.3500061035156,242.5800018310547,107673700,0.0009640428763089126,240.07500076293945,257.08080017089844,0.026989794792044195,257.17999267578125
2023-08-29,257.17999267578125,257.17999267578125,257.4800109863281,237.7700042724609,238.5800018310547,134047600,0.07687791972402569,239.88050003051757,257.01359985351564,0.03223748982249619,256.8999938964844
2023-08-30,256.8999938964844,256.8999938964844,260.510009765625,250.58999633789065,254.1999969482422,121988400,-0.0010887269121663268,240.0199996948242,256.6625994873047,0.031637216466492694,258.0799865722656
2023-08-31,258.0799865722656,258.0799865722656,261.17999267578125,255.0500030517578,255.97999572753903,108861700,0.004593198535678855,239.95799865722657,256.63499938964844,0.031319711621190884,245.009994506836
2023-09-01,245.009994506836,245.009994506836,259.0799865722656,242.009994506836,257.260009765625,132541600,-0.050643183297631955,239.51549835205077,256.2429995727539,0.03302940973866825,256.489990234375
2023-09-05,256.489990234375,256.489990234375,258.0,244.8600006103516,245.0,129469600,0.04685521401135628,239.76749801635742,256.2407992553711,0.03465391159196275,251.9199981689453
2023-09-06,251.9199981689453,251.9199981689453,255.38999938964844,245.0599975585937,255.13999938964844,116959800,-0.017817428513501543,239.87849807739258,256.45819915771483,0.034878602441773286,251.4900054931641
2023-09-07,251.4900054931641,251.4900054931641,252.8099975585937,243.2700042724609,245.07000732421875,115312900,-0.0017068620153484204,240.34349822998047,256.4837991333008,0.034116395577309694,248.5
2023-09-08,248.5,248.5,256.5199890136719,246.6699981689453,251.22000122070312,118367700,-0.011889162304087542,240.50149841308593,256.3289993286133,0.034164259262297596,273.5799865722656
2023-09-11,273.5799865722656,273.5799865722656,274.8500061035156,260.6099853515625,264.2699890136719,174667900,0.10092549928477124,242.047998046875,256.6505990600586,0.040621299333529495,267.4800109863281
2023-09-12,267.4800109863281,267.4800109863281,278.3900146484375,266.6000061035156,270.760009765625,135999900,-0.022296863386701782,243.43399887084962,256.7647994995117,0.04093795766576798,271.29998779296875
2023-09-13,271.29998779296875,271.29998779296875,274.9800109863281,268.1000061035156,270.07000732421875,111673700,0.014281354305895722,245.3509979248047,256.5943991088867,0.04014270958685195,276.0400085449219
2023-09-14,276.0400085449219,276.0400085449219,276.7099914550781,270.4200134277344,271.32000732421875,107709800,0.017471511114000693,247.872998046875,256.4655990600586,0.03905507498743854,274.3900146484375
2023-09-15,274.3900146484375,274.3900146484375,278.9800109863281,271.0,277.54998779296875,133692300,-0.005977372284481253,250.63149871826172,256.4225991821289,0.03818795149753621,265.2799987792969
2023-09-18,265.2799987792969,265.2799987792969,271.44000244140625,263.760009765625,271.1600036621094,101543300,-0.033200974462619715,253.12099838256836,256.2395993041992,0.03899724183410932,266.5
2023-09-19,266.5,266.5,267.8500061035156,261.20001220703125,264.3500061035156,103704000,0.004598918977371191,254.88199844360352,256.17739959716795,0.03615934939637486,262.5899963378906
2023-09-20,262.5899963378906,262.5899963378906,273.92999267578125,262.4599914550781,267.0400085449219,122514600,-0.014671683535119606,256.35199813842775,256.03339935302733,0.036503130397365934,255.6999969482422
2023-09-21,255.6999969482422,255.6999969482422,260.8599853515625,254.2100067138672,257.8500061035156,119951500,-0.026238620989897266,257.29399795532225,255.7075994873047,0.03714926272471446,244.8800048828125
2023-09-22,244.8800048828125,244.8800048828125,257.7900085449219,244.47999572753903,257.3999938964844,127524100,-0.042315182614647506,258.03599853515624,255.04719970703124,0.03790192207300699,246.9900054931641
2023-09-25,246.9900054931641,246.9900054931641,247.1000061035156,238.3099975585937,243.3800048828125,104636600,0.00861646752809131,258.45599899291994,254.35939971923827,0.03710815931830642,244.1199951171875
2023-09-26,244.1199951171875,244.1199951171875,249.5500030517578,241.6600036621093,242.97999572753903,101993600,-0.011619945391094122,258.7209983825684,253.43419952392577,0.037239650878019566,240.5
2023-09-27,240.5,240.5,245.3300018310547,234.5800018310547,244.259994506836,136597200,-0.014828753029631048,257.8869987487793,252.37739959716797,0.03289291246685234,246.3800048828125
2023-09-28,246.3800048828125,246.3800048828125,247.5500030517578,238.6499938964844,240.0200042724609,117058900,0.02444908475181906,257.3609992980957,251.47979949951173,0.033455656442999394,250.22000122070312
2023-09-29,250.22000122070312,250.22000122070312,254.7700042724609,246.3500061035156,250.0,128522700,0.015585665483353939,256.9680000305176,251.2261996459961,0.03365196826074837,251.6000061035156
2023-10-02,251.6000061035156,251.6000061035156,254.27999877929688,242.6199951171875,244.8099975585937,123810400,0.005515166158101215,257.29750061035156,251.05779998779298,0.03157224778946631,246.52999877929688
2023-10-03,246.52999877929688,246.52999877929688,250.0200042724609,244.4499969482422,248.6100006103516,101985300,-0.020151062008054055,256.7995010375977,250.60720001220704,0.030056916007278743,261.1600036621094
2023-10-04,261.1600036621094,261.1600036621094,261.8599853515625,247.6000061035156,248.13999938964844,129721600,0.05934371052307452,257.26150131225586,250.5248001098633,0.032696976928264586,260.04998779296875
2023-10-05,260.04998779296875,260.04998779296875,263.6000061035156,256.25,260.0,119159200,-0.00425032873937603,257.6895004272461,250.43879974365234,0.03271829872420841,260.5299987792969
2023-10-06,260.5299987792969,260.5299987792969,261.6499938964844,250.6499938964844,253.97999572753903,118121800,0.001845841218459432,258.29100036621094,250.53519958496094,0.03255144841196779,259.6700134277344
2023-10-09,259.6700134277344,259.6700134277344,261.3599853515625,252.0500030517578,255.3099975585937,101377900,-0.003300907210654902,257.5955017089844,250.3997998046875,0.022951976360448788,263.6199951171875
2023-10-10,263.6199951171875,263.6199951171875,268.94000244140625,257.6499938964844,257.75,122656000,0.015211543440507347,257.40250091552736,250.32359985351562,0.022768627538876055,262.989990234375
2023-10-11,262.989990234375,262.989990234375,268.6000061035156,260.8999938964844,266.20001220703125,103706300,-0.002389822071472425,256.9870010375977,250.36199951171875,0.02250332342637227,258.8699951171875
2023-10-12,258.8699951171875,258.8699951171875,265.4100036621094,256.6300048828125,262.9200134277344,111508100,-0.015665976919941982,256.1285003662109,250.45719940185546,0.02226595498606385,251.1199951171875
2023-10-13,251.1199951171875,251.1199951171875,259.6000061035156,250.22000122070312,258.8999938964844,102073800,-0.02993780718577166,254.96499938964843,250.29319915771484,0.02306636821718414,253.9199981689453
2023-10-16,253.9199981689453,253.9199981689453,255.3999938964844,248.47999572753903,250.0500030517578,88917200,0.01115006015531006,254.39699935913086,250.29439910888672,0.022245834923879233,254.8500061035156
2023-10-17,254.8500061035156,254.8500061035156,257.17999267578125,247.0800018310547,250.1000061035156,93562900,0.0036626021631880334,253.81449966430665,250.36239929199218,0.022232302677998566,242.67999267578125
2023-10-18,242.67999267578125,242.67999267578125,254.6300048828125,242.0800018310547,252.6999969482422,125147800,-0.04775363208267336,252.81899948120116,250.22199920654296,0.024354148179231146,220.1100006103516
2023-10-19,220.1100006103516,220.1100006103516,230.6100006103516,216.77999877929688,225.9499969482422,170772700,-0.09300310180733773,251.03949966430665,249.78039916992188,0.031220558620726698,211.9900054931641
2023-10-20,211.9900054931641,211.9900054931641,218.8600006103516,210.4199981689453,217.009994506836,138010100,-0.036890623300491754,249.3949996948242,249.11339935302735,0.03091964927908635,212.0800018310547
2023-10-23,212.0800018310547,212.0800018310547,216.97999572753903,202.509994506836,210.0,150683400,0.0004245310418349302,247.64949951171874,248.50199951171874,0.03075962967249679,216.5200042724609
2023-10-24,216.5200042724609,216.5200042724609,222.0500030517578,214.1100006103516,216.5,118231100,0.020935507370200668,246.2694999694824,248.03719970703125,0.0313649770967032,212.4199981689453
2023-10-25,212.4199981689453,212.4199981689453,220.1000061035156,212.1999969482422,215.8800048828125,107065100,-0.018935922882932776,244.8654998779297,247.62639953613282,0.03144260358779362,205.759994506836
2023-10-26,205.759994506836,205.759994506836,214.8000030517578,204.8800048828125,211.32000732421875,115112600,-0.03135299745559916,242.83449935913086,247.2295993041992,0.03109971811495499,207.3000030517578
2023-10-27,207.3000030517578,207.3000030517578,212.4100036621093,205.7700042724609,210.6000061035156,94881200,0.007484489628865498,240.6884994506836,246.99119934082032,0.030821040685948736,197.3600006103516
2023-10-30,197.3600006103516,197.3600006103516,210.8800048828125,194.6699981689453,209.27999877929688,136448200,-0.04794984223383947,237.97649917602538,246.62859924316408,0.031807519995924766,200.83999633789065
2023-10-31,200.83999633789065,200.83999633789065,202.8000030517578,194.07000732421875,196.1199951171875,118068300,0.017632730628176496,235.69199905395507,246.01979919433595,0.03238818812438449,205.6600036621093
2023-11-01,205.6600036621093,205.6600036621093,205.9900054931641,197.8500061035156,204.0399932861328,121661700,0.02399924025147615,232.91699905395507,245.46919921875,0.029234048524477557,218.509994506836
2023-11-02,218.509994506836,218.509994506836,219.1999969482422,211.4499969482422,212.97000122070312,125987600,0.06248172039245259,230.83999938964843,245.1021990966797,0.033584090288465145,219.9600067138672
2023-11-03,219.9600067138672,219.9600067138672,226.3699951171875,218.3999938964844,221.1499938964844,119534800,0.006635907937775576,228.81149978637694,244.90059936523437,0.03367583864770412,219.2700042724609
2023-11-06,219.2700042724609,219.2700042724609,226.32000732421875,215.0,223.97999572753903,117335800,-0.0031369449915678027,226.79149932861327,244.51419952392578,0.03367703151502965,222.17999267578125
2023-11-07,222.17999267578125,222.17999267578125,223.1199951171875,215.72000122070312,219.97999572753903,116900100,0.013271256198382986,224.71949920654296,244.18139923095703,0.03360976810896777,222.1100006103516
2023-11-08,222.1100006103516,222.1100006103516,224.1499938964844,217.63999938964844,223.1499938964844,106584800,-0.0003150241594066516,222.6754997253418,243.47999938964844,0.03363108370359202,209.97999572753903
2023-11-09,209.97999572753903,209.97999572753903,220.8000030517578,206.67999267578125,219.75,142110500,-0.05461260118625755,220.2309997558594,242.54159942626953,0.03519773311316181,214.6499938964844
2023-11-10,214.6499938964844,214.6499938964844,215.3800048828125,205.69000244140625,210.02999877929688,130994000,0.022240205086035747,218.40749969482422,241.6729995727539,0.03555924797874523,223.7100067138672
2023-11-13,223.7100067138672,223.7100067138672,225.3999938964844,211.6100006103516,215.6000061035156,140447600,0.04220830689495392,216.89700012207032,241.24699981689454,0.037049801702766,237.4100036621093
2023-11-14,237.4100036621093,237.4100036621093,238.13999938964844,230.72000122070312,235.02999877929688,149771600,0.06123998273248854,216.025,240.8654000854492,0.0399359402955646,242.83999633789065
2023-11-15,242.83999633789065,242.83999633789065,246.6999969482422,236.4499969482422,239.2899932861328,150354000,0.022871793909365,216.03300018310546,240.68380004882812,0.03885686392146438,233.58999633789065
2023-11-16,233.58999633789065,233.58999633789065,240.8800048828125,230.9600067138672,239.4900054931641,136816800,-0.038090924639652135,216.7069999694824,240.32579986572264,0.03344611707552703,234.3000030517578
2023-11-17,234.3000030517578,234.3000030517578,237.38999938964844,226.5399932861328,232.0,142532800,0.0030395424675639937,217.8224998474121,240.04179992675782,0.03207125182851026,235.6000061035156
2023-11-20,235.6000061035156,235.6000061035156,237.1000061035156,231.0200042724609,234.0399932861328,116320100,0.005548455120893081,218.99850006103514,239.2822003173828,0.032049001592248216,241.1999969482422
2023-11-21,241.1999969482422,241.1999969482422,243.6199951171875,233.33999633789065,235.0399932861328,122288000,0.02376906069461704,220.2324996948242,238.75660003662108,0.03212579042693548,234.2100067138672
2023-11-22,234.2100067138672,234.2100067138672,244.009994506836,231.3999938964844,242.0399932861328,117950600,-0.028980059381488954,221.3220001220703,238.01480041503908,0.03260936385017959,235.4499969482422
2023-11-24,235.4499969482422,235.4499969482422,238.75,232.3300018310547,233.75,65125200,0.00529435207219775,222.80650024414064,237.20300018310547,0.031444333499852935,236.0800018310547
2023-11-27,236.0800018310547,236.0800018310547,238.3300018310547,232.1000061035156,236.88999938964844,112031800,0.0026757481035388775,224.24550018310546,236.4367999267578,0.03146067849821221,246.72000122070312
2023-11-28,246.72000122070312,246.72000122070312,247.0,234.009994506836,236.67999267578125,148549900,0.04506946504203557,226.71350021362304,236.06559997558594,0.02973968488809463,244.13999938964844
2023-11-29,244.13999938964844,244.13999938964844,252.75,242.759994506836,249.2100067138672,135401300,-0.010457205813430348,228.87850036621094,235.61839996337892,0.030102953450197985,240.0800018310547
2023-11-30,240.0800018310547,240.0800018310547,245.22000122070312,236.9100036621093,245.13999938964844,132353200,-0.016629792613843564,230.5995002746582,235.1682000732422,0.030493750502342366,238.8300018310547
2023-12-01,238.8300018310547,238.8300018310547,240.19000244140625,231.8999938964844,233.13999938964844,121331700,-0.005206597761023168,231.61550064086913,234.83080017089844,0.027789138417097816,235.5800018310547
2023-12-04,235.5800018310547,235.5800018310547,239.3699951171875,233.2899932861328,235.75,104099800,-0.01360800559009756,232.39650039672853,234.64480010986327,0.028086672092390193,238.72000122070312
2023-12-05,238.72000122070312,238.72000122070312,246.6600036621093,233.6999969482422,233.8699951171875,137971100,0.013328802806870987,233.36900024414064,234.47940002441408,0.02811364919864473,239.3699951171875
2023-12-06,239.3699951171875,239.3699951171875,246.57000732421875,239.1699981689453,242.9199981689453,126436200,0.002722829646282676,234.22850036621094,234.38440002441405,0.028041914635259468,242.63999938964844
2023-12-07,242.63999938964844,242.63999938964844,244.0800018310547,236.97999572753903,241.5500030517578,107142300,0.01366087788429815,235.25500030517577,234.42720001220704,0.028100038211027672,243.83999633789065
2023-12-08,243.83999633789065,243.83999633789065,245.2700042724609,239.2700042724609,240.2700042724609,103126800,0.0049455858525417895,236.94800033569337,234.3763998413086,0.024381760054662107,239.7400054931641
2023-12-11,239.7400054931641,239.7400054931641,243.44000244140625,237.4499969482422,242.7400054931641,97913900,-0.01681426716823431,238.20250091552734,234.16679992675782,0.02472439428138756,237.009994506836
2023-12-12,237.009994506836,237.009994506836,238.9900054931641,233.8699951171875,238.5500030517578,95328300,-0.011387381846063804,238.86750030517578,233.87499969482423,0.023445328712318993,239.2899932861328
2023-12-13,239.2899932861328,239.2899932861328,240.3000030517578,228.1999969482422,234.19000244140625,146286300,0.00961984233635782,238.96149978637695,233.73019958496093,0.019164284496876925,251.0500030517578
2023-12-14,251.0500030517578,251.0500030517578,253.8800048828125,240.7899932861328,241.22000122070312,160829200,0.04914543063053567,239.37200012207032,233.5279995727539,0.021528300472261182,253.5
2023-12-15,253.5,253.5,254.1300048828125,248.3000030517578,251.2100067138672,135932800,0.009758999874367902,240.36750030517578,233.39699981689452,0.019406443329050435,252.0800018310547
2023-12-18,252.0800018310547,252.0800018310547,258.739990234375,251.3600006103516,253.77999877929688,116416500,-0.005601570686174839,241.25650024414062,233.22799987792968,0.019531181454877505,257.2200012207031
2023-12-19,257.2200012207031,257.2200012207031,258.3399963378906,253.009994506836,253.47999572753903,106737400,0.0203903496997484,242.3375,233.17899963378906,0.019878279742572585,247.13999938964844
2023-12-20,247.13999938964844,247.13999938964844,259.8399963378906,247.0,256.4100036621094,125097000,-0.03918825045959673,242.6345001220703,232.84939971923828,0.021591470003781466,254.5
2023-12-21,254.5,254.5,254.8000030517578,248.5500030517578,251.8999938964844,109594200,0.029780693649462897,243.64899978637695,232.67959991455078,0.02122953640594545,252.5399932861328
2023-12-22,252.5399932861328,252.5399932861328,258.2200012207031,251.3699951171875,256.760009765625,93370100,-0.007701401626197146,244.50349960327148,232.5529998779297,0.021398131705101787,256.6099853515625
2023-12-26,256.6099853515625,256.6099853515625,257.9700012207031,252.9100036621093,254.4900054931641,86892400,0.01611622781987765,245.52999877929688,232.6627996826172,0.021573771186650544,261.44000244140625
2023-12-27,261.44000244140625,261.44000244140625,263.3399963378906,257.5199890136719,258.3500061035156,106494400,0.018822405072142834,246.26599884033203,232.8131997680664,0.019685065283241394,253.17999267578125
2023-12-28,253.17999267578125,253.17999267578125,265.1300048828125,252.7100067138672,263.6600036621094,113619900,-0.03159428430420175,246.71799850463867,232.7797994995117,0.02097548894531537,248.47999572753903
2023-12-29,248.47999572753903,248.47999572753903,255.19000244140625,247.42999267578125,255.1000061035156,100891600,-0.018563856087400077,247.13799819946288,232.89579956054686,0.021070278356795712,248.4199981689453
2024-01-02,248.4199981689453,248.4199981689453,251.25,244.4100036621093,250.0800018310547,104654200,-0.00024145830499577858,247.61749801635742,233.46199951171874,0.021010917489129064,238.4499969482422
2024-01-03,238.4499969482422,238.4499969482422,245.67999267578125,236.32000732421875,244.97999572753903,121082600,-0.04013364984377277,247.7609977722168,233.99119934082032,0.0228193078567462,237.92999267578125
2024-01-04,237.92999267578125,237.92999267578125,242.6999969482422,237.72999572753903,239.25,102629300,-0.0021807686270334248,247.72149734497071,234.50819915771484,0.022635830185557565,237.4900054931641
2024-01-05,237.4900054931641,237.4900054931641,240.1199951171875,234.8999938964844,236.8600006103516,92488900,-0.0018492295892124089,247.62749786376952,234.92759918212892,0.022630798288303437,240.4499969482422
2024-01-08,240.4499969482422,240.4499969482422,241.25,235.3000030517578,236.13999938964844,85166600,0.012463646412957274,247.51799774169922,235.48819915771483,0.02259389504356075,234.9600067138672
2024-01-09,234.9600067138672,234.9600067138672,238.9600067138672,232.0399932861328,238.1100006103516,96705700,-0.02283214932024613,247.07399826049806,236.07219940185547,0.023108170440196318,233.94000244140625
2024-01-10,233.94000244140625,233.94000244140625,235.5,231.2899932861328,235.1000061035156,91628500,-0.004341182513256769,246.78399810791015,236.60499938964844,0.022842726483038655,227.22000122070312
2024-01-11,227.22000122070312,227.22000122070312,230.92999267578125,225.3699951171875,230.57000732421875,105873600,-0.028725319101363445,246.29449844360352,237.20219940185547,0.023575873850009074,218.88999938964844
2024-01-12,218.88999938964844,218.88999938964844,225.33999633789065,217.1499938964844,220.0800018310547,123043800,-0.036660513098772496,245.2744987487793,237.56319946289062,0.0246388699519162,219.9100036621093
2024-01-16,219.9100036621093,219.9100036621093,223.4900054931641,212.17999267578125,215.1000061035156,115355000,0.004659894354721583,243.71749877929688,237.84819946289062,0.021364090668740152,215.5500030517578
2024-01-17,215.5500030517578,215.5500030517578,215.6699981689453,212.009994506836,214.8600006103516,103164400,-0.01982629501953259,241.81999893188475,237.78899963378908,0.021211430284009035,211.8800048828125
2024-01-18,211.8800048828125,211.8800048828125,217.4499969482422,208.7400054931641,216.8800048828125,108595400,-0.017026203279914,239.80999908447265,237.62739959716797,0.02130104484657083,212.19000244140625
2024-01-19,212.19000244140625,212.19000244140625,213.19000244140625,207.5599975585937,209.9900054931641,102260300,0.0014630807600990448,237.55849914550782,237.48579956054687,0.02035247923374979,208.8000030517578
2024-01-22,208.8000030517578,208.8000030517578,217.8000030517578,206.2700042724609,212.259994506836,117952500,-0.015976244642273096,235.6414993286133,237.2181997680664,0.019191812300503954,209.13999938964844
2024-01-23,209.13999938964844,209.13999938964844,215.6499938964844,207.75,211.3000030517578,106605900,0.0016283349277841364,233.3734992980957,236.95879974365235,0.0171857454077547,207.8300018310547
2024-01-24,207.8300018310547,207.8300018310547,212.72999572753903,206.7700042724609,211.8800048828125,123369900,-0.006263735117226887,231.13799972534179,236.91579986572265,0.017197217396074032,182.6300048828125
2024-01-25,182.6300048828125,182.6300048828125,193.0,180.05999755859375,189.6999969482422,198076800,-0.12125293136804816,227.4390007019043,236.2754000854492,0.029463246240914353,183.25
2024-01-26,183.25,183.25,186.77999877929688,182.1000061035156,185.5,107343200,0.0033948152034783963,223.52950057983398,235.4661999511719,0.028683597890933485,190.92999267578125
2024-01-29,190.92999267578125,190.92999267578125,191.47999572753903,183.6699981689453,185.6300048828125,125013100,0.04190991910385411,220.417000579834,234.5365997314453,0.03132833532337502,191.58999633789065
2024-01-30,191.58999633789065,191.58999633789065,196.3600006103516,190.6100006103516,195.3300018310547,109982300,0.0034567835721344142,217.57250061035157,233.5115997314453,0.03152797497986173,187.2899932861328
2024-01-31,187.2899932861328,187.2899932861328,193.97000122070312,185.8500061035156,187.0,103221400,-0.02244377647032414,214.51600036621093,232.58559967041015,0.03146753656330365,188.8600006103516
2024-02-01,188.8600006103516,188.8600006103516,189.8800048828125,184.27999877929688,188.5,91843300,0.008382761388752824,212.0365005493164,231.67679962158203,0.031177185731454067,187.9100036621093
2024-02-02,187.9100036621093,187.9100036621093,188.69000244140625,182.0,185.0399932861328,110612700,-0.00503016491142716,209.5355010986328,230.7229995727539,0.031140767072499687,181.0599975585937
2024-02-05,181.0599975585937,181.0599975585937,184.67999267578125,175.00999450683594,184.259994506836,134294400,-0.03645365318513294,206.7140007019043,229.52019958496095,0.031549986624725794,185.1000061035156
2024-02-06,185.1000061035156,185.1000061035156,186.4900054931641,177.11000061035156,177.2100067138672,122676000,0.02231309289405292,203.94650115966797,228.5379995727539,0.03204099265265409,187.5800018310547
2024-02-07,187.5800018310547,187.5800018310547,189.7899932861328,182.67999267578125,188.17999267578125,111535200,0.013398139631352501,201.57750091552734,227.58059967041015,0.03244659053238639,189.5599975585937
2024-02-08,189.5599975585937,189.5599975585937,191.6199951171875,185.5800018310547,189.0,83034000,0.010555473441792085,199.3585006713867,226.65019958496094,0.03276889141442647,193.57000732421875
2024-02-09,193.57000732421875,193.57000732421875,194.1199951171875,189.47999572753903,190.17999267578125,84476300,0.02115430374167171,197.6760009765625,225.58719970703126,0.03315851853422335,188.1300048828125
2024-02-12,188.1300048828125,188.1300048828125,194.72999572753903,187.27999877929688,192.1100006103516,95498600,-0.028103539988478476,196.13800125122071,224.46699981689454,0.032814939973040656,184.0200042724609
2024-02-13,184.0200042724609,184.0200042724609,187.259994506836,182.1100006103516,183.9900054931641,86759500,-0.021846598116614824,194.34350128173827,223.34579986572265,0.03285435576529363,188.7100067138672
2024-02-14,188.7100067138672,188.7100067138672,188.88999938964844,183.3500061035156,185.3000030517578,81203000,0.025486372853585237,193.00150146484376,222.3433999633789,0.03357421744329556,200.4499969482422
2024-02-15,200.4499969482422,200.4499969482422,200.8800048828125,188.8600006103516,189.1600036621093,120831800,0.06221180550417671,192.43000106811525,221.64079986572267,0.036738484219067134,199.9499969482422
2024-02-16,199.9499969482422,199.9499969482422,203.1699981689453,197.3999938964844,202.0599975585937,111346700,-0.0024943876658132247,191.81800079345703,220.86539978027344,0.03672893518281957,193.759994506836
2024-02-20,193.759994506836,193.759994506836,198.6000061035156,189.1300048828125,196.1300048828125,104545800,-0.03095775211743812,191.06600036621094,219.9531997680664,0.03717265819679499,194.7700042724609
2024-02-21,194.7700042724609,194.7700042724609,199.44000244140625,191.9499969482422,193.3600006103516,103500300,0.005212684735028006,190.34750061035157,218.99579986572266,0.03720501548680751,197.4100036621093
2024-02-22,197.4100036621093,197.4100036621093,198.32000732421875,191.3600006103516,194.0,92739500,0.013554445406056104,189.8265007019043,218.06720001220702,0.03737336416920176,191.97000122070312
2024-02-23,191.97000122070312,191.97000122070312,197.57000732421875,191.5,195.3099975585937,78841900,-0.02755687321052569,190.29350051879882,217.1117999267578,0.02565828925074352,199.3999938964844
2024-02-26,199.3999938964844,199.3999938964844,201.77999877929688,192.0,192.2899932861328,111747100,0.03870392576202164,191.10100021362305,216.35959991455078,0.026886214258427486,199.72999572753903
2024-02-27,199.72999572753903,199.72999572753903,205.6000061035156,198.259994506836,204.0399932861328,108645400,0.001654974128163511,191.54100036621094,215.5683999633789,0.02541023396501217,202.0399932861328
2024-02-28,202.0399932861328,202.0399932861328,205.3000030517578,198.44000244140625,200.4199981689453,99806200,0.01156560160219966,192.06350021362306,214.5881997680664,0.02548986425351155,201.8800048828125
2024-02-29,201.8800048828125,201.8800048828125,205.27999877929688,198.4499969482422,204.17999267578125,85907000,-0.0007918650199801869,192.79300079345703,213.55579986572266,0.024804481198677838,202.63999938964844
2024-03-01,202.63999938964844,202.63999938964844,204.5200042724609,198.5,200.5200042724609,82243100,0.003764585340074067,193.48200073242188,212.56699981689454,0.024783490551628994,188.13999938964844
2024-03-04,188.13999938964844,188.13999938964844,199.75,186.72000122070312,198.72999572753903,134334900,-0.07155546804023882,193.49350051879884,211.18539978027343,0.029957572002705015,180.7400054931641
2024-03-05,180.7400054931641,180.7400054931641,184.58999633789065,177.57000732421875,183.0500030517578,119660800,-0.03933237971984116,193.47750091552734,209.85739990234376,0.030150713305138754,176.5399932861328
2024-03-06,176.5399932861328,176.5399932861328,181.5800018310547,173.6999969482422,179.99000549316406,107920900,-0.02323786698783814,193.04950027465821,208.2981997680664,0.030124497117023846,178.64999389648438
2024-03-07,178.64999389648438,178.64999389648438,180.0399932861328,173.6999969482422,174.35000610351562,102129000,0.011951969472048907,192.60299987792968,206.82039978027345,0.030087479264011226,175.33999633789062
2024-03-08,175.33999633789062,175.33999633789062,182.72999572753903,174.6999969482422,181.5,85544600,-0.018527834714126334,191.89199981689453,205.195,0.03015131402792683,177.77000427246094
2024-03-11,177.77000427246094,177.77000427246094,182.8699951171875,174.8000030517578,175.4499969482422,85391500,0.013858834181150304,191.10199966430665,203.5216000366211,0.029880807798608862,177.5399932861328
2024-03-12,177.5399932861328,177.5399932861328,179.42999267578125,172.41000366210938,177.77000427246094,87391700,-0.0012938683737420131,190.57249908447267,202.00880004882814,0.02933046688111501,169.47999572753906
2024-03-13,169.47999572753906,169.47999572753906,176.0500030517578,169.14999389648438,173.0500030517578,106524500,-0.04539820808488959,189.84549865722656,200.42880004882812,0.03059442077737587,162.5
2024-03-14,162.5,162.5,171.1699981689453,160.50999450683594,167.77000427246094,126325700,-0.04118477639544138,188.5349983215332,198.7104000854492,0.030882479617606002,163.57000732421875
2024-03-15,163.57000732421875,163.57000732421875,165.17999267578125,160.75999450683594,163.16000366210938,97146800,0.006584660456730784,186.69099884033204,197.21280029296875,0.026518309632703668,173.8000030517578
2024-03-18,173.8000030517578,173.8000030517578,174.72000122070312,165.89999389648438,170.02000427246094,108214400,0.06254200201423088,185.3834991455078,195.93020050048827,0.031057092041865915,171.32000732421875
2024-03-19,171.32000732421875,171.32000732421875,172.82000732421875,167.4199981689453,172.36000061035156,77271400,-0.014269250195585559,184.26149978637696,194.60680053710936,0.03058664165883657,175.66000366210938
2024-03-20,175.66000366210938,175.66000366210938,176.25,170.82000732421875,173.0,83846700,0.025332688257929448,183.30599975585938,193.31100067138672,0.031286887373020586,172.82000732421875
2024-03-21,172.82000732421875,172.82000732421875,178.17999267578125,171.8000030517578,176.38999938964844,73178000,-0.016167575308454918,182.07649993896484,192.06820068359374,0.031080297890363213,170.8300018310547
2024-03-22,170.8300018310547,170.8300018310547,171.1999969482422,166.3000030517578,166.69000244140625,75580600,-0.01151490226146512,181.0194999694824,190.80600067138673,0.030703974021112097,172.6300048828125
2024-03-25,172.6300048828125,172.6300048828125,175.24000549316406,168.72999572753906,168.75999450683594,74228600,0.010536808713131895,179.68100051879884,189.7142007446289,0.029184560458566926,177.6699981689453
2024-03-26,177.6699981689453,177.6699981689453,184.25,177.3800048828125,178.5800018310547,113186200,0.029195349264770964,178.57800064086913,188.88980072021485,0.030234052634325007,179.8300018310547
2024-03-27,179.8300018310547,179.8300018310547,181.9100036621093,176.0,181.4100036621093,81804000,0.012157391142962881,177.46750106811524,188.08820068359375,0.0302518117841678,175.7899932861328
2024-03-28,175.7899932861328,175.7899932861328,179.57000732421875,175.3000030517578,177.4499969482422,77654800,-0.022465709302040393,176.16300048828126,187.29300048828125,0.030466716433449323,175.22000122070312
2024-04-01,175.22000122070312,175.22000122070312,176.75,170.2100067138672,176.1699981689453,81562100,-0.003242460249155976,174.792000579834,186.55980041503906,0.030383231625100756,166.6300048828125
2024-04-02,166.6300048828125,166.6300048828125,167.69000244140625,163.42999267578125,164.75,116650600,-0.049024062767074494,173.71650085449218,185.64860046386718,0.028194774690725174,168.3800048828125
2024-04-03,168.3800048828125,168.3800048828125,168.82000732421875,163.27999877929688,164.02000427246094,82950100,0.01050231020055925,173.0985008239746,184.8402005004883,0.0272499815400809,171.11000061035156
2024-04-04,171.11000061035156,171.11000061035156,177.19000244140625,168.00999450683594,170.07000732421875,123162000,0.016213301154368365,172.82700119018554,184.07960052490233,0.027149571302868773,164.89999389648438
2024-04-05,164.89999389648438,164.89999389648438,170.86000061035156,160.50999450683594,169.0800018310547,143157600,-0.036292482565110196,172.13950119018554,183.22100036621094,0.028046941552236537,172.97999572753906
2024-04-08,172.97999572753906,172.97999572753906,174.5,167.7899932861328,169.33999633789062,104423300,0.04899940648952894,172.02150115966796,183.02800018310546,0.03014433687889545,176.8800048828125
2024-04-09,176.8800048828125,176.8800048828125,179.22000122070312,171.9199981689453,172.91000366210938,102951700,0.02254601255405486,171.97700119018555,182.90060028076172,0.0304196137960519,171.75999450683594
2024-04-10,171.75999450683594,171.75999450683594,174.92999267578125,170.00999450683594,173.0399932861328,84532400,-0.028946236061948905,171.6880012512207,182.51720031738282,0.03111106671088207,174.60000610351562
2024-04-11,174.60000610351562,174.60000610351562,175.8800048828125,168.50999450683594,172.5500030517578,94516000,0.01653476762638495,171.94400177001953,182.1774005126953,0.029521340113464977,171.0500030517578
2024-04-12,171.0500030517578,171.0500030517578,173.80999755859375,170.36000061035156,172.33999633789062,64722700,-0.020332204625772565,172.37150192260742,181.8526007080078,0.028260847695651296,161.47999572753906
2024-04-15,161.47999572753906,161.47999572753906,170.69000244140625,161.3800048828125,170.24000549316406,100245300,-0.05594859487563397,172.26700134277343,181.30500061035156,0.031148590431959947,157.11000061035156
2024-04-16,157.11000061035156,157.11000061035156,158.19000244140625,153.75,156.74000549316406,97000000,-0.027062145360474688,171.43250122070313,180.6890005493164,0.027929634163563366,155.4499969482422
2024-04-17,155.4499969482422,155.4499969482422,158.3300018310547,153.77999877929688,157.63999938964844,82439700,-0.010565868854054306,170.6390007019043,180.1768005371094,0.02787481252742702,149.92999267578125
2024-04-18,149.92999267578125,149.92999267578125,152.1999969482422,148.6999969482422,151.25,96098800,-0.03550983840996058,169.35250015258788,179.47340026855468,0.027770110392594288,147.0500030517578
2024-04-19,147.0500030517578,147.0500030517578,150.94000244140625,146.22000122070312,148.97000122070312,87074500,-0.0192088959161848,168.06399993896486,178.66280029296874,0.027828225802857858,142.0500030517578
2024-04-22,142.0500030517578,142.0500030517578,144.44000244140625,138.8000030517578,140.55999755859375,107097600,-0.03400203941675628,166.625,177.71260040283204,0.028439260528998627,144.67999267578125
2024-04-23,144.67999267578125,144.67999267578125,147.25999450683594,141.11000061035156,143.3300018310547,124545100,0.018514534090260826,165.22749938964844,176.73480010986327,0.028778611381091636,162.1300048828125
2024-04-24,162.1300048828125,162.1300048828125,167.97000122070312,157.50999450683594,162.83999633789062,181178000,0.12061109407252757,164.45049972534179,176.2148001098633,0.04009724988250621,170.17999267578125
2024-04-25,170.17999267578125,170.17999267578125,170.8800048828125,158.36000061035156,158.9600067138672,126427500,0.04965143743002587,163.96799926757814,175.93799987792968,0.04172723666482773,168.2899932861328
2024-04-26,168.2899932861328,168.2899932861328,172.1199951171875,166.3699951171875,168.85000610351562,109815700,-0.011105884774887609,163.59299926757814,175.529599609375,0.041510048478601395,194.0500030517578
2024-04-29,194.0500030517578,194.0500030517578,198.8699951171875,184.5399932861328,188.4199981689453,243869700,0.1530691710339953,164.53449935913085,175.40159973144532,0.053982975054461216,183.27999877929688
2024-04-30,183.27999877929688,183.27999877929688,190.9499969482422,182.83999633789065,186.97999572753903,127031800,-0.05550118063944742,165.36699905395508,175.0681997680664,0.05435135164231785,179.99000549316406
2024-05-01,179.99000549316406,179.99000549316406,185.8600006103516,179.00999450683594,182.0,92829700,-0.017950640048260635,165.94749908447267,174.79279998779296,0.054602085809476154,180.00999450683594
2024-05-02,180.00999450683594,180.00999450683594,184.6000061035156,176.02000427246094,182.8600006103516,89148000,0.0001110562423569661,166.3924987792969,174.49759979248046,0.054541845316690554,181.19000244140625
2024-05-03,181.19000244140625,181.19000244140625,184.77999877929688,178.4199981689453,182.1000061035156,75491500,0.006555235656792835,167.20699920654297,174.1731997680664,0.053716080100183444,184.759994506836
2024-05-06,184.759994506836,184.759994506836,187.5599975585937,182.1999969482422,183.8000030517578,84390300,0.019703030064168292,167.7959991455078,174.02899963378906,0.05287531679903866,177.80999755859375
2024-05-07,177.80999755859375,177.80999755859375,183.259994506836,177.39999389648438,182.3999938964844,75045900,-0.0376163517800121,167.84249877929688,173.59719970703125,0.05350569677393705,174.72000122070312
2024-05-08,174.72000122070312,174.72000122070312,176.05999755859375,170.14999389648438,171.58999633789062,79969500,-0.017378079862311324,167.99049911499023,173.09699981689454,0.053220441425092975,171.97000122070312
2024-05-09,171.97000122070312,171.97000122070312,175.6199951171875,171.3699951171875,175.00999450683594,65950300,-0.01573946875450305,167.8589988708496,172.49559997558595,0.05324992229047195,168.47000122070312
2024-05-10,168.47000122070312,168.47000122070312,173.05999755859375,167.75,173.0500030517578,72627200,-0.02035238689978358,167.72999877929686,171.82739990234376,0.053250338332734314,171.88999938964844
2024-05-13,171.88999938964844,171.88999938964844,175.39999389648438,169.0,170.0,67018900,0.020300339194899042,168.25049896240233,171.21239990234375,0.05170218160610627,177.5500030517578
2024-05-14,177.5500030517578,177.5500030517578,179.49000549316406,174.07000732421875,174.5,86407400,0.03292805679333921,169.27249908447266,171.00059997558594,0.05152521004852363,173.99000549316406
2024-05-15,173.99000549316406,173.99000549316406,180.0,173.11000061035156,179.89999389648438,79663000,-0.02005067585133169,170.19949951171876,170.86559997558595,0.051741745914404835,174.83999633789062
2024-05-16,174.83999633789062,174.83999633789062,175.7899932861328,171.42999267578125,174.10000610351562,59812200,0.004885285464054867,171.44499969482422,170.8316000366211,0.05078062096752943,177.4600067138672
2024-05-17,177.4600067138672,177.4600067138672,179.6300048828125,172.75,173.5500030517578,77445800,0.014985188920464187,172.9654998779297,170.80780029296875,0.050359333216083914,174.9499969482422
2024-05-20,174.9499969482422,174.9499969482422,177.75,173.52000427246094,177.55999755859375,61727400,-0.014144086952910362,174.6104995727539,170.8000003051758,0.049624461567036975,186.6000061035156
2024-05-21,186.6000061035156,186.6000061035156,186.8800048828125,174.7100067138672,175.50999450683594,115266500,0.0665905079079252,176.7065002441406,170.97660034179688,0.05112021821523966,180.11000061035156
2024-05-22,180.11000061035156,180.11000061035156,183.8000030517578,178.1199951171875,182.8500061035156,88313500,-0.03478030697149992,177.6055000305176,171.02800048828124,0.04556750866534653,173.74000549316406
2024-05-23,173.74000549316406,173.74000549316406,181.8999938964844,173.25999450683594,181.8000030517578,71975500,-0.03536724832380789,177.78350067138672,171.11320068359376,0.045266068003456596,179.24000549316406
2024-05-24,179.24000549316406,179.24000549316406,180.0800018310547,173.72999572753906,174.83999633789062,65584500,0.03165649721483632,178.33100128173828,171.44800079345703,0.04562507665467449,176.75
2024-05-28,176.75,176.75,178.25,173.16000366210938,176.39999389648438,59736600,-0.01389201861667555,177.46600112915038,171.71160064697267,0.029278874959561222,176.19000244140625
2024-05-29,176.19000244140625,176.19000244140625,178.14999389648438,173.92999267578125,174.19000244140625,54782600,-0.0031683030189180172,177.11150131225585,171.75940063476563,0.026681007928727508,178.7899932861328
2024-05-30,178.7899932861328,178.7899932861328,182.6699981689453,175.3800048828125,178.5800018310547,77618400,0.014756744473008343,177.0515007019043,171.90880035400392,0.026630737811185023,178.0800018310547
2024-05-31,178.0800018310547,178.0800018310547,180.32000732421875,173.82000732421875,178.5,67314600,-0.003971091681523098,176.95500106811522,171.9572003173828,0.02664547442219682,176.2899932861328
2024-06-03,176.2899932861328,176.2899932861328,182.63999938964844,174.49000549316406,178.1300048828125,68568900,-0.0100517100545634,176.71000061035156,172.0266000366211,0.02668245397925673,174.77000427246094
2024-06-04,174.77000427246094,174.77000427246094,177.75999450683594,174.0,174.77999877929688,60056300,-0.008622094682395387,176.21050109863282,172.10540008544922,0.026272337782739283,175.0
2024-06-05,175.0,175.0,176.14999389648438,172.1300048828125,175.35000610351562,57953800,0.0013159908560766986,176.07000122070312,172.15279998779297,0.02493815975331631,177.94000244140625
2024-06-06,177.94000244140625,177.94000244140625,179.72999572753906,172.72999572753906,174.60000610351562,69887000,0.01680001395089281,176.2310012817383,172.1582000732422,0.02489205761230245,177.47999572753906
2024-06-07,177.47999572753906,177.47999572753906,179.35000610351562,175.5800018310547,176.1300048828125,56244900,-0.0025851787543875737,176.5065010070801,172.11119995117187,0.024592791086664,173.7899932861328
2024-06-10,173.7899932861328,173.7899932861328,178.57000732421875,173.1699981689453,176.05999755859375,50774600,-0.020791089307163446,176.77250061035156,172.07119995117188,0.024613833998383572,170.66000366210938
2024-06-11,170.66000366210938,170.66000366210938,174.75,167.41000366210938,173.9199981689453,64761900,-0.018010183238054034,176.71100082397462,171.98,0.024592271635976017,177.2899932861328
2024-06-12,177.2899932861328,177.2899932861328,180.5500030517578,169.8000030517578,171.1199951171875,90389400,0.03884911216309472,176.69800033569337,172.1931997680664,0.025042025479756737,182.47000122070312
2024-06-13,182.47000122070312,182.47000122070312,191.0800018310547,181.22999572753903,188.38999938964844,118984100,0.029217711832219218,177.12200012207032,172.47499969482422,0.025364220217316054,178.00999450683594
2024-06-14,178.00999450683594,178.00999450683594,186.0,176.9199981689453,185.8000030517578,82038200,-0.024442410719736185,177.28050003051757,172.6129995727539,0.026068232466287332,187.44000244140625
2024-06-17,187.44000244140625,187.44000244140625,188.8099975585937,177.0,177.9199981689453,109786100,0.052974598199923895,177.77949981689454,173.06379974365234,0.0284036741083656,184.8600006103516
2024-06-18,184.8600006103516,184.8600006103516,187.1999969482422,182.3699951171875,186.5599975585937,68982300,-0.013764414198944364,178.275,173.30139984130858,0.028391654946860016,181.57000732421875
2024-06-20,181.57000732421875,181.57000732421875,185.2100067138672,179.66000366210938,184.67999267578125,55893100,-0.017797215597047944,178.02350006103515,173.39519989013672,0.024463995851482512,183.009994506836
2024-06-21,183.009994506836,183.009994506836,183.9499969482422,180.69000244140625,182.3000030517578,61937300,0.007930754665036455,178.1684997558594,173.62019989013672,0.023199178870462165,182.5800018310547
2024-06-24,182.5800018310547,182.5800018310547,188.8000030517578,182.5500030517578,184.97000122070312,61992100,-0.00234955843225948,178.6104995727539,173.7797998046875,0.021590131434352094,187.3500061035156
2024-06-25,187.3500061035156,187.3500061035156,187.97000122070312,182.009994506836,184.3999938964844,62905700,0.026125557150967094,179.0159996032715,174.10579986572264,0.021232201490714572,196.3699951171875
2024-06-26,196.3699951171875,196.3699951171875,197.759994506836,186.3600006103516,186.5399932861328,95737100,0.0481451226037759,179.99699935913085,174.80359985351564,0.023166240144186254,197.4199981689453
2024-06-27,197.4199981689453,197.4199981689453,198.72000122070312,194.0500030517578,195.1699981689453,72746500,0.0053470646120412635,181.05849914550782,175.6097998046875,0.0230760737751736,197.8800048828125
2024-06-28,197.8800048828125,197.8800048828125,203.1999969482422,195.259994506836,199.5500030517578,95438100,0.002330091774560339,182.01299972534179,176.4583999633789,0.022993727890642145,209.8600006103516
2024-07-01,209.8600006103516,209.8600006103516,213.22999572753903,200.8500061035156,201.0200042724609,135691400,0.06054171938510833,183.60199966430665,177.65700012207031,0.02595433029581212,231.259994506836
2024-07-02,231.259994506836,231.259994506836,231.3000030517578,218.0599975585937,218.88999938964844,205047900,0.10197271435359379,186.3504997253418,179.3411999511719,0.03288847857533352,246.38999938964844
2024-07-03,246.38999938964844,246.38999938964844,248.3500061035156,234.25,234.5599975585937,166561500,0.06542422054051023,189.93149948120117,181.4279998779297,0.03432532336014925,251.5200042724609
2024-07-05,251.5200042724609,251.5200042724609,252.3699951171875,242.4600067138672,249.8099975585937,154501200,0.02082067005771493,193.75749969482422,183.56480010986328,0.03410687600540023,252.94000244140625
2024-07-08,252.94000244140625,252.94000244140625,259.44000244140625,244.57000732421875,247.7100067138672,157219600,0.005645666924397386,197.50749969482422,185.38100006103517,0.0342329027858263,262.3299865722656
2024-07-09,262.3299865722656,262.3299865722656,265.6099853515625,250.3000030517578,251.0,160210900,0.03712336538398886,201.74999923706054,187.22399993896485,0.03411040826323736,263.260009765625
2024-07-10,263.260009765625,263.260009765625,267.5899963378906,257.8599853515625,262.79998779296875,128519400,0.003545241645880992,206.22350006103517,189.1234002685547,0.03298423060935229,241.02999877929688
2024-07-11,241.02999877929688,241.02999877929688,271.0,239.6499938964844,263.29998779296875,221707300,-0.08444127539962887,209.74199981689452,190.06300018310546,0.03980916026346447,248.22999572753903
2024-07-12,248.22999572753903,248.22999572753903,251.83999633789065,233.08999633789065,235.8000030517578,155955800,0.029871787680814554,213.28899993896485,191.3620001220703,0.03961373461560553,252.63999938964844
2024-07-15,252.63999938964844,252.63999938964844,265.6000061035156,251.72999572753903,255.97000122070312,146912900,0.01776579679334911,216.7974998474121,192.815,0.03952131624622826,256.5599975585937
2024-07-16,256.5599975585937,256.5599975585937,258.6199951171875,245.8000030517578,255.3099975585937,126332500,0.015516142251486453,220.725,194.34600006103517,0.03829977458891887,248.5
2024-07-17,248.5,248.5,258.4700012207031,246.17999267578125,252.72999572753903,115584800,-0.03141564404151875,223.7779998779297,195.69220001220702,0.03901752791883524,249.22999572753903
2024-07-18,249.22999572753903,249.22999572753903,257.1400146484375,247.1999969482422,251.08999633789065,110869000,0.002937608561525362,226.99649963378906,196.9816000366211,0.03854725076853994,239.1999969482422
2024-07-19,239.1999969482422,239.1999969482422,249.44000244140625,236.8300018310547,247.7899932861328,87403900,-0.0402439471622098,229.87799911499025,198.20940002441407,0.03987924097784861,251.509994506836
2024-07-22,251.509994506836,251.509994506836,253.2100067138672,243.75,244.2100067138672,101225400,0.051463201152370575,233.30299911499023,199.74519989013672,0.040674448544026715,246.3800048828125
2024-07-23,246.3800048828125,246.3800048828125,255.759994506836,245.6300048828125,253.6000061035156,111928200,-0.020396762498772425,236.4929992675781,201.2333999633789,0.041316900818388534,215.9900054931641
2024-07-24,215.9900054931641,215.9900054931641,225.9900054931641,214.7100067138672,225.4199981689453,167942900,-0.12334604589403686,237.92499923706055,202.18380004882812,0.051607640106930606,220.25
2024-07-25,220.25,220.25,226.0,216.22999572753903,216.8000030517578,100636500,0.01972310939623889,239.11899948120117,203.15100006103515,0.05084211567412443,219.8000030517578
2024-07-26,219.8000030517578,219.8000030517578,222.27999877929688,215.3300018310547,221.19000244140625,94604100,-0.0020431189477511102,240.2379997253418,203.99600006103515,0.050881671489634274,232.1000061035156
2024-07-29,232.1000061035156,232.1000061035156,234.2700042724609,224.6999969482422,224.8999938964844,129201800,0.055959976710561854,241.94899978637696,205.1582000732422,0.052042518657104755,222.6199951171875
2024-07-30,222.6199951171875,222.6199951171875,232.4100036621093,220.0,232.25,100560300,-0.04084450985365362,242.58699951171874,206.11380004882812,0.05172760334499126,232.07000732421875
2024-07-31,232.07000732421875,232.07000732421875,234.67999267578125,226.7899932861328,227.8999938964844,67497000,0.04244907202543402,242.62750015258788,207.20600006103516,0.04733512570132389,216.8600006103516
2024-08-01,216.8600006103516,216.8600006103516,231.8699951171875,214.3300018310547,227.69000244140625,83861900,-0.06554059651757438,241.15100021362304,208.04420013427733,0.047051747144866055,207.6699981689453
2024-08-02,207.6699981689453,207.6699981689453,216.1300048828125,205.77999877929688,214.8800048828125,82880100,-0.04237758192170549,238.95849990844727,208.46559997558595,0.04732847271007621,198.8800048828125
2024-08-05,198.8800048828125,198.8800048828125,203.8800048828125,182.0,185.22000122070312,100308800,-0.04232673647438423,236.25550003051757,208.84100006103515,0.04779080856917999,200.63999938964844
2024-08-06,200.63999938964844,200.63999938964844,202.8999938964844,192.6699981689453,200.75,73783900,0.008849529684359148,233.1710006713867,209.37899993896485,0.04670342898333164,191.759994506836
2024-08-07,191.759994506836,191.759994506836,203.4900054931641,191.47999572753903,200.7700042724609,71159800,-0.044258397676563144,229.59599990844725,209.62939971923828,0.04707456955872272,198.83999633789065
2024-08-08,198.83999633789065,198.83999633789065,200.6999969482422,192.0399932861328,195.6999969482422,65033900,0.0369211620456229,227.48649978637695,210.0711996459961,0.045394729040606985,200.0
2024-08-09,200.0,200.0,200.8800048828125,195.1100006103516,197.0500030517578,58648300,0.005833854775063152,225.075,210.54739959716798,0.04463531166534828,197.4900054931641
2024-08-12,197.4900054931641,197.4900054931641,199.259994506836,194.6699981689453,199.0200042724609,64044900,-0.012549972534179554,222.31750030517577,210.92139984130858,0.044163300382197665,207.8300018310547
2024-08-13,207.8300018310547,207.8300018310547,208.4900054931641,197.0599975585937,198.47000122070312,76247400,0.052357061371637315,219.88100051879883,211.51639984130858,0.04606725911843958,201.3800048828125
2024-08-14,201.3800048828125,201.3800048828125,208.44000244140625,198.75,207.38999938964844,70250000,-0.0310349655555765,217.52500076293944,212.01820007324218,0.04605778013417283,214.13999938964844
2024-08-15,214.13999938964844,214.13999938964844,215.8800048828125,204.82000732421875,205.0200042724609,89848500,0.06336276788880446,215.77050094604493,212.80559997558595,0.04881087841140399,216.1199951171875
2024-08-16,216.1199951171875,216.1199951171875,219.8000030517578,210.8000030517578,211.1499938964844,88765100,0.009246267550119258,214.6165008544922,213.62799987792968,0.048256265668242315,222.72000122070312
2024-08-19,222.72000122070312,222.72000122070312,222.97999572753903,214.08999633789065,217.07000732421875,76435200,0.030538618603692225,213.17700119018554,214.52359985351563,0.04720758323311754,221.1000061035156
2024-08-20,221.1000061035156,221.1000061035156,228.22000122070312,219.5599975585937,224.8800048828125,74001200,-0.007273684933138069,211.9130012512207,215.39600006103515,0.04707294171005341,223.2700042724609
2024-08-21,223.2700042724609,223.2700042724609,224.6600036621093,218.8600006103516,222.6699981689453,70146000,0.009814554993405888,212.27700119018556,216.3856002807617,0.037868723200920384,210.6600036621093
2024-08-22,210.6600036621093,210.6600036621093,224.8000030517578,210.32000732421875,223.82000732421875,79514500,-0.05647870456867721,211.79750137329103,217.18560028076172,0.039811360639194264,220.32000732421875
2024-08-23,220.32000732421875,220.32000732421875,221.47999572753903,214.2100067138672,214.4600067138672,81525200,0.04585589810206092,211.82350158691406,218.04620056152345,0.04119186087175431,213.2100067138672
2024-08-26,213.2100067138672,213.2100067138672,219.08999633789065,211.009994506836,218.75,59301200,-0.0322712435275504,210.87900161743164,218.66100067138672,0.039684648387602696,209.2100067138672
2024-08-27,209.2100067138672,209.2100067138672,215.6600036621093,206.94000244140625,213.25,62821400,-0.018760845523390857,210.20850219726563,219.28500091552735,0.03888975651157381,205.75
2024-08-28,205.75,205.75,211.83999633789065,202.58999633789065,209.72000122070312,64116400,-0.01653843794670573,208.8925018310547,219.6512008666992,0.03752362779482162,206.27999877929688
2024-08-29,206.27999877929688,206.27999877929688,214.88999938964844,205.97000122070312,209.8000030517578,62308800,0.002575935743848623,208.36350173950194,220.07960083007814,0.03476071530717168,214.1100006103516
2024-08-30,214.1100006103516,214.1100006103516,214.57000732421875,207.02999877929688,208.6300048828125,63370600,0.03795812428442069,208.68550186157228,220.73040069580077,0.03448074980770347,210.6000061035156
2024-09-03,210.6000061035156,210.6000061035156,219.8999938964844,209.63999938964844,215.259994506836,76714200,-0.01639341692041585,209.27150192260743,221.28220092773438,0.033185784450105615,219.4100036621093
2024-09-04,219.4100036621093,219.4100036621093,222.22000122070312,210.57000732421875,210.58999633789065,80651800,0.041832845694521614,210.21000213623046,222.01880096435548,0.03427323018570059,230.1699981689453
2024-09-05,230.1699981689453,230.1699981689453,235.0,222.25,223.4900054931641,119355000,0.04904058305111003,212.13050231933593,222.87520080566406,0.03355239421420329,210.72999572753903
2024-09-06,210.72999572753903,210.72999572753903,233.6000061035156,210.509994506836,232.6000061035156,112177000,-0.08445932396079381,212.72500228881836,223.1624008178711,0.03891844871384132,216.2700042724609
2024-09-09,216.2700042724609,216.2700042724609,219.8699951171875,213.6699981689453,216.1999969482422,67443500,0.026289605928169646,213.53850250244142,223.5394009399414,0.03924674431764208,226.1699981689453
2024-09-10,226.1699981689453,226.1699981689453,226.3999938964844,218.63999938964844,220.07000732421875,78891100,0.04577608406578748,214.97250213623047,224.10520080566405,0.04005956080686363,228.1300048828125
2024-09-11,228.1300048828125,228.1300048828125,228.47000122070312,216.8000030517578,224.5500030517578,83548600,0.008666077418469476,215.98750228881835,224.4706008911133,0.038655455164526155,229.8099975585937
2024-09-12,229.8099975585937,229.8099975585937,231.4499969482422,223.8300018310547,224.6600036621093,71894900,0.007364189890953554,217.40900192260742,224.44160095214843,0.03769282992756525,230.2899932861328
2024-09-13,230.2899932861328,230.2899932861328,232.6699981689453,226.32000732421875,228.0,59515100,0.0020886633855723424,218.21650161743165,224.11960083007813,0.03531179271224768,226.77999877929688
2024-09-16,226.77999877929688,226.77999877929688,229.9600067138672,223.52999877929688,229.3000030517578,54323000,-0.015241628421408637,218.7495018005371,223.62480072021484,0.03555292235162933,227.8699951171875
2024-09-17,227.8699951171875,227.8699951171875,234.57000732421875,226.5500030517578,229.4499969482422,66761600,0.004806404196833203,219.00700149536132,223.12340057373046,0.0349653689974723,227.1999969482422
2024-09-18,227.1999969482422,227.1999969482422,235.67999267578125,226.8800048828125,230.08999633789065,78010200,-0.0029402649901351108,219.31200103759767,222.42080078125,0.034920019340603264,243.9199981689453
2024-09-19,243.9199981689453,243.9199981689453,244.2400054931641,232.1300048828125,234.0,102694600,0.07359155565707187,220.34450073242186,222.0340005493164,0.03841335312462695,238.25
2024-09-20,238.25,238.25,243.9900054931641,235.9199981689453,241.5200042724609,99879100,-0.02324531900421767,221.7240005493164,221.97840057373048,0.036266479305465706,250.0
2024-09-23,250.0,250.0,250.0,241.9199981689453,242.6100006103516,86927200,0.04931794333683115,223.20800018310547,222.01380065917968,0.03647039715672419,254.2700042724609
2024-09-24,254.2700042724609,254.2700042724609,257.19000244140625,249.0500030517578,254.0800018310547,88491000,0.017080017089843746,225.26100006103516,222.04640075683594,0.03532703116141541,257.0199890136719
2024-09-25,257.0199890136719,257.0199890136719,257.04998779296875,252.27999877929688,252.5399932861328,65034300,0.010815214909361659,227.6514991760254,222.0556005859375,0.03469781112240014,254.22000122070312
2024-09-26,254.22000122070312,254.22000122070312,261.75,251.52999877929688,260.6000061035156,67142200,-0.01089404681602335,230.07499923706055,222.17000061035156,0.034485028218065296,260.4599914550781
2024-09-27,260.4599914550781,260.4599914550781,260.70001220703125,254.1199951171875,257.3800048828125,70988100,0.024545630573566513,232.78399887084962,222.39460052490233,0.03454566771529755,261.6300048828125
2024-09-30,261.6300048828125,261.6300048828125,264.8599853515625,255.7700042724609,259.0400085449219,80705700,0.004492104223754234,235.15999908447264,222.84320068359375,0.03404430675043307,258.0199890136719
2024-10-01,258.0199890136719,258.0199890136719,263.9800109863281,248.52999877929688,262.6700134277344,87397600,-0.013798172234708361,237.53099822998047,222.97340057373046,0.03394068572427014,249.0200042724609
2024-10-02,249.0200042724609,249.0200042724609,251.1600036621093,241.5,247.5500030517578,93983900,-0.03488095932262858,239.01149826049806,223.02620056152344,0.03457273549629,240.6600036621093
2024-10-03,240.6600036621093,240.6600036621093,249.7899932861328,237.8099975585937,244.47999572753903,80729200,-0.033571602549667734,239.53599853515624,223.51960052490233,0.03420873470857438,250.0800018310547
2024-10-04,250.0800018310547,250.0800018310547,250.9600067138672,244.5800018310547,246.69000244140625,86573200,0.03914235030998858,241.50349884033204,224.11620056152344,0.02826534642398458,240.8300018310547
2024-10-07,240.8300018310547,240.8300018310547,249.8300018310547,240.6999969482422,249.0,68113300,-0.03698816351676526,242.73149871826172,224.53680053710937,0.029728305621140042,244.5
2024-10-08,244.5,244.5,246.2100067138672,240.5599975585937,243.5599975585937,56303200,0.015238957526229946,243.64799880981445,224.78480041503906,0.028318151860097146,241.0500030517578
2024-10-09,241.0500030517578,241.0500030517578,247.42999267578125,239.509994506836,243.82000732421875,66289500,-0.014110416966225725,244.29399871826172,225.15340057373047,0.028589143074240275,238.7700042724609
2024-10-10,238.7700042724609,238.7700042724609,242.7899932861328,232.33999633789065,241.8099975585937,83087100,-0.009458613360014523,244.74199905395508,225.2874005126953,0.02870557880145248,217.8000030517578
2024-10-11,217.8000030517578,217.8000030517578,223.33999633789065,214.3800048828125,220.1300048828125,142628900,-0.08782510719719294,244.11749954223632,225.30620056152344,0.03507463304739588,219.1600036621093
2024-10-14,219.1600036621093,219.1600036621093,221.9100036621093,213.7400054931641,220.1300048828125,86291900,0.006244263504570746,243.73649978637695,225.53600067138672,0.03498296132562332,219.57000732421875
2024-10-15,219.57000732421875,219.57000732421875,224.259994506836,217.1199951171875,220.009994506836,62988800,0.0018707960177879457,243.3215003967285,225.94980072021485,0.034962931168659714,221.3300018310547
2024-10-16,221.3300018310547,221.3300018310547,222.82000732421875,218.92999267578125,221.3999938964844,49632800,0.008015641700267029,243.02800064086915,226.36360076904296,0.0350211422277064,220.88999938964844
2024-10-17,220.88999938964844,220.88999938964844,222.0800018310547,217.8999938964844,221.58999633789065,50791800,-0.001987992760882462,241.8765007019043,226.94620086669923,0.030346056073803765,220.6999969482422
2024-10-18,220.6999969482422,220.6999969482422,222.27999877929688,219.22999572753903,220.7100067138672,49611900,-0.0008601676940163117,240.9990005493164,227.38340087890626,0.03002944191855025,218.8500061035156
2024-10-21,218.8500061035156,218.8500061035156,220.47999572753903,215.72999572753903,218.8999938964844,47329000,-0.008382378207102748,239.44150085449215,227.76040100097657,0.027352468715603803,217.97000122070312
2024-10-22,217.97000122070312,217.97000122070312,218.22000122070312,215.259994506836,217.3099975585937,43268700,-0.004021041161845984,237.62650070190426,228.17000091552734,0.026806076947996475,213.6499938964844
2024-10-23,213.6499938964844,213.6499938964844,218.72000122070312,212.1100006103516,217.1300048828125,80938900,-0.019819274670942244,235.45800094604493,228.28640075683595,0.026589600001828778,260.4800109863281
2024-10-24,260.4800109863281,260.4800109863281,262.1199951171875,242.6499938964844,244.67999267578125,204491900,0.21919035070290405,235.77100143432617,229.46840087890624,0.05748478997718438,269.19000244140625
2024-10-25,269.19000244140625,269.19000244140625,269.489990234375,255.32000732421875,256.010009765625,161611900,0.03343823359841336,236.20750198364257,230.5694009399414,0.05769704501717842,262.510009765625
2024-10-28,262.510009765625,262.510009765625,273.5400085449219,262.239990234375,270.0,107653600,-0.024815158866218545,236.2515022277832,231.49720123291016,0.05803093312282027,259.5199890136719
2024-10-29,259.5199890136719,259.5199890136719,264.9800109863281,255.509994506836,264.510009765625,80521800,-0.01139012091242797,236.3265022277832,232.23320098876954,0.057999725366591405,257.54998779296875
2024-10-30,257.54998779296875,257.54998779296875,263.3500061035156,255.82000732421875,258.0400085449219,53993600,-0.007590942139718337,236.75300140380858,232.96220062255858,0.05741057243027238,249.8500061035156
2024-10-31,249.8500061035156,249.8500061035156,259.75,249.25,257.989990234375,66575300,-0.029897037679701866,237.21250152587885,233.4938006591797,0.05729274235537294,248.97999572753903
2024-11-01,248.97999572753903,248.97999572753903,254.0,246.6300048828125,252.0399932861328,57544800,-0.003482130697311736,237.15750122070307,234.26020050048828,0.056678764375889,242.83999633789065
2024-11-04,242.83999633789065,242.83999633789065,248.8999938964844,238.8800048828125,244.5599975585937,68802400,-0.024660613282231014,237.2580009460449,234.71060028076172,0.056307790600134154,251.44000244140625
2024-11-05,251.44000244140625,251.44000244140625,255.27999877929688,246.2100067138672,247.33999633789065,69282500,0.03541429020427689,237.6050010681152,235.4752001953125,0.05674056930708369,288.5299987792969
2024-11-06,288.5299987792969,288.5299987792969,289.5899963378906,275.6199951171875,284.6700134277344,165228700,0.14751032444224466,239.9790008544922,237.0616000366211,0.06509970646931627,296.9100036621094
2024-11-07,296.9100036621094,296.9100036621094,299.75,285.5199890136719,288.8900146484375,117309200,0.02904379065700735,242.8860008239746,238.88480010986328,0.06503602926354864,321.2200012207031
2024-11-08,321.2200012207031,321.2200012207031,328.7099914550781,297.6600036621094,299.1400146484375,204782800,0.08187665372925301,248.05700073242187,241.1836001586914,0.06222638084655818,350.0
2024-11-11,350.0,350.0,358.6400146484375,336.0,346.29998779296875,210521600,0.08959591143118995,254.5990005493164,243.90140014648438,0.0639338185561137,328.489990234375
2024-11-12,328.489990234375,328.489990234375,345.8399963378906,323.3099975585937,342.739990234375,155726000,-0.06145717075892854,260.04499969482424,246.25919982910156,0.06667272661309785,330.239990234375
2024-11-13,330.239990234375,330.239990234375,344.6000061035156,322.5,335.8500061035156,125405600,0.005327407385385952,265.49049911499026,248.47579956054688,0.06670571139740324,311.17999267578125
2024-11-14,311.17999267578125,311.17999267578125,329.9800109863281,310.3699951171875,327.69000244140625,120726100,-0.05771559508909463,270.0049987792969,250.0959994506836,0.06889510048979497,320.7200012207031
2024-11-15,320.7200012207031,320.7200012207031,324.67999267578125,309.2200012207031,310.57000732421875,114440300,0.030657525449785616,275.0059989929199,252.29579956054687,0.0687684678468851,338.739990234375
2024-11-18,338.739990234375,338.739990234375,348.54998779296875,330.010009765625,340.7300109863281,126085600,0.056186046847983784,281.00049819946287,254.74519927978517,0.06883497445107599,346.0
2024-11-19,346.0,346.0,347.3800048828125,332.75,335.760009765625,88852500,0.021432396454288627,287.40199813842776,257.14179931640626,0.06852091805378502,342.0299987792969
2024-11-20,342.0299987792969,342.0299987792969,346.6000061035156,334.29998779296875,345.0,66340700,-0.011473991967350106,293.82099838256835,259.41979919433595,0.06825568386607422,339.6400146484375
2024-11-21,339.6400146484375,339.6400146484375,347.989990234375,335.2799987792969,343.8099975585937,58011700,-0.006987644766217049,297.7789985656738,261.6163995361328,0.051125349494872414,352.5599975585937
2024-11-22,352.5599975585937,352.5599975585937,361.5299987792969,337.70001220703125,341.0899963378906,89140700,0.038040225983177356,301.9474983215332,264.06179962158205,0.05122508980628483,338.5899963378906
2024-11-25,338.5899963378906,338.5899963378906,361.9299926757813,338.20001220703125,360.1400146484375,95890900,-0.03962446482142756,305.75149765014646,266.2979995727539,0.05192976586688019,338.2300109863281
2024-11-26,338.2300109863281,338.2300109863281,346.9599914550781,335.6600036621094,341.0,62295900,-0.001063189566898104,309.6869987487793,268.50519989013674,0.051714494083196776,332.8900146484375
2024-11-27,332.8900146484375,332.8900146484375,342.54998779296875,326.5899963378906,341.79998779296875,57896400,-0.015788061864523528,313.45400009155276,270.61900024414064,0.05193128766833721,345.1600036621094
2024-11-29,345.1600036621094,345.1600036621094,345.45001220703125,334.6499938964844,336.0799865722656,37167600,0.03685898787510977,318.2194999694824,272.64380035400393,0.0510899560098389,357.0899963378906
2024-12-02,357.0899963378906,357.0899963378906,360.0,351.1499938964844,352.3800048828125,77986500,0.034563659025395044,323.625,275.0206002807617,0.05097636697366733,351.4200134277344
2024-12-03,351.4200134277344,351.4200134277344,355.69000244140625,348.20001220703125,351.79998779296875,58267200,-0.01587830229999254,329.0540008544922,277.0490005493164,0.05061350233458499,357.92999267578125
2024-12-04,357.92999267578125,357.92999267578125,358.1000061035156,348.6000061035156,353.0,50810900,0.018524782309774723,334.3785003662109,279.1222003173828,0.05048044922515722,369.489990234375
2024-12-05,369.489990234375,369.489990234375,375.4299926757813,359.5,359.8699951171875,81403600,0.03229681165351517,338.42649993896487,281.37160034179686,0.040659796700028304,389.2200012207031
2024-12-06,389.2200012207031,389.2200012207031,389.489990234375,370.7999877929688,377.4200134277344,81455800,0.053397958017247005,343.04199981689453,284.07160034179685,0.04151432444423189,389.7900085449219
2024-12-09,389.7900085449219,389.7900085449219,404.7999877929688,378.010009765625,397.6099853515625,96359200,0.0014644862094215227,346.47050018310546,286.65820068359375,0.03841768899477067,400.989990234375
2024-12-10,400.989990234375,400.989990234375,409.7300109863281,390.8500061035156,392.6799926757813,97563600,0.02873337295448497,349.0199996948242,289.445400390625,0.03396867209805095,424.7699890136719
2024-12-11,424.7699890136719,424.7699890136719,424.8800048828125,402.3800048828125,409.7000122070313,104287600,0.05930322291934931,353.83399963378906,292.780400390625,0.03174994360687019,418.1000061035156
2024-12-12,418.1000061035156,418.1000061035156,429.2999877929688,415.0,424.8399963378906,87752200,-0.015702575706076027,358.2270004272461,296.1620004272461,0.03237391510774814,436.2300109863281
2024-12-13,436.2300109863281,436.2300109863281,436.2999877929688,415.7099914550781,420.0,89000200,0.04336284290396253,364.47950134277346,300.07340057373045,0.028518528285659643,463.0199890136719
2024-12-16,463.0199890136719,463.0199890136719,463.1900024414063,436.1499938964844,441.0899963378906,114083800,0.06141250567967771,371.59450073242186,304.3322003173828,0.03005778003312763,479.8599853515625
2024-12-17,479.8599853515625,479.8599853515625,483.989990234375,457.510009765625,475.8999938964844,131223000,0.036369912179738284,378.65050048828124,309.112799987793,0.02907643820521484,440.1300048828125
2024-12-18,440.1300048828125,440.1300048828125,488.5400085449219,427.010009765625,466.5,149340800,-0.0827949436951747,383.35700073242185,313.02540008544923,0.03674959907874497,436.1700134277344
2024-12-19,436.1700134277344,436.1700134277344,456.3599853515625,420.0199890136719,451.8800048828125,118566100,-0.008997322180141931,388.0640014648437,316.92780029296875,0.036667755299341485,421.05999755859375
2024-12-20,421.05999755859375,421.05999755859375,447.0799865722656,417.6400146484375,425.510009765625,132216200,-0.034642491239586515,392.13500061035154,320.5736001586914,0.03795502025458851,430.6000061035156
2024-12-23,430.6000061035156,430.6000061035156,434.510009765625,415.4100036621094,431.0,72698100,0.022657123925894362,396.03700103759763,324.82960021972656,0.037542329380878176,462.2799987792969
2024-12-24,462.2799987792969,462.2799987792969,462.7799987792969,435.1400146484375,435.8999938964844,59551800,0.07357174228224572,402.221501159668,329.69200012207034,0.038081350525506714,454.1300048828125
2024-12-26,454.1300048828125,454.1300048828125,465.3299865722656,451.0199890136719,465.1600036621094,76366400,-0.017629994630971146,408.01650085449216,334.38320007324216,0.03865663388149103,431.6600036621094
2024-12-27,431.6600036621094,431.6600036621094,450.0,426.5,449.5199890136719,82666800,-0.04947922616674816,412.95500030517576,338.5898001098633,0.040770619565120264,417.4100036621094
2024-12-30,417.4100036621094,417.4100036621094,427.0,415.75,419.3999938964844,64941000,-0.03301209257078741,416.56750030517577,342.5202001953125,0.04168043311034353,403.8399963378906
2024-12-31,403.8399963378906,403.8399963378906,427.9299926757813,402.5400085449219,423.7900085449219,76825100,-0.03251001941775111,418.9050003051758,346.1830001831055,0.042325272621248,379.2799987792969
2025-01-02,379.2799987792969,379.2799987792969,392.7300109863281,373.0400085449219,390.1000061035156,109710700,-0.06081615932376483,420.2979995727539,349.39160003662107,0.04472948034853813,410.4400024414063
2025-01-03,410.4400024414063,410.4400024414063,411.8800048828125,379.4500122070313,381.4800109863281,95423300,0.08215567328200035,422.92350006103516,353.24100006103515,0.0479089081806359,411.0499877929688
2025-01-06,411.0499877929688,411.0499877929688,426.4299926757813,401.7000122070313,423.2000122070313,85516500,0.0014861742226248698,425.00149993896486,357.18899993896486,0.047579290669915925,394.3599853515625
2025-01-07,394.3599853515625,394.3599853515625,414.3299865722656,390.0,405.8299865722656,75699500,-0.040603340073111616,425.2584991455078,359.86659942626954,0.04733630333555027,394.9400024414063
2025-01-08,394.9400024414063,394.9400024414063,402.5,387.3999938964844,392.9500122070313,73038800,0.0014707807875760093,425.51599884033203,362.38159942626953,0.047336301593089526,394.739990234375
2025-01-10,394.739990234375,394.739990234375,399.2799987792969,377.2900085449219,391.3999938964844,62287300,-0.0005064369418009695,425.20349884033203,365.02619903564454,0.046907568902297615,403.30999755859375
2025-01-13,403.30999755859375,403.30999755859375,403.7900085449219,380.0700073242188,383.2099914550781,67580500,0.021710512074366584,424.1304992675781,367.901999206543,0.04513666310986796,396.3599853515625
2025-01-14,396.3599853515625,396.3599853515625,422.6400146484375,394.5400085449219,414.3399963378906,84565000,-0.017232432245921525,423.04349822998046,370.67819915771486,0.045163064767949755,428.2200012207031
2025-01-15,428.2200012207031,428.2200012207031,429.7999877929688,405.6600036621094,409.8999938964844,81375500,0.08038151439752794,422.6429977416992,374.24559906005857,0.04778936388862547,413.8200073242188
2025-01-16,413.8200073242188,413.8200073242188,424.0,409.1300048828125,423.489990234375,68335200,-0.03362756026209668,420.18299865722656,377.5423992919922,0.046071317720897106,426.5
2025-01-17,426.5,426.5,439.739990234375,419.75,421.5,94991400,0.030641323404759113,417.51499938964844,381.21559936523437,0.04582030606872604,424.0700073242188
2025-01-21,424.0700073242188,424.0700073242188,433.2000122070313,406.30999755859375,432.6400146484375,87320900,-0.0056975209279747085,416.7119995117188,384.66819946289064,0.04200539047157394,415.1099853515625
2025-01-22,415.1099853515625,415.1099853515625,428.0,414.5899963378906,416.80999755859375,60963300,-0.02112863871036752,415.6589981079102,387.1997991943359,0.04221350844455612,412.3800048828125
2025-01-23,412.3800048828125,412.3800048828125,420.7300109863281,408.9500122070313,416.05999755859375,50690600,-0.006576523247056931,415.2249984741211,389.50919921875,0.04151947962503776,406.5799865722656
2025-01-24,406.5799865722656,406.5799865722656,418.8800048828125,405.7799987792969,414.4500122070313,56427100,-0.014064741844588391,414.0239974975586,391.2163989257813,0.04126493261620387,397.1499938964844
2025-01-27,397.1499938964844,397.1499938964844,406.6900024414063,389.0,394.7999877929688,58125500,-0.023193450212053546,410.76749725341796,392.1593988037109,0.03742276429709777,398.0899963378906
2025-01-28,398.0899963378906,398.0899963378906,400.5899963378906,386.5,396.9100036621094,48910700,0.0023668700890153715,407.96549682617194,393.55139892578126,0.03738844113221515,389.1000061035156
2025-01-29,389.1000061035156,389.1000061035156,398.5899963378906,384.4800109863281,395.2099914550781,68033600,-0.02258280870425211,405.83749694824223,394.72859924316407,0.03620384118957573,400.2799987792969
2025-01-30,400.2799987792969,400.2799987792969,412.5,384.4100036621094,410.7799987792969,98092900,0.028732954254456988,404.9809967041016,396.5105993652344,0.03628308174949759,404.6000061035156
2025-01-31,404.6000061035156,404.6000061035156,419.989990234375,401.3399963378906,401.5299987792969,83283600,0.010792463618949588,405.01899719238287,398.1881994628906,0.03561988481444477,383.6799926757813
2025-02-03,383.6799926757813,383.6799926757813,389.1700134277344,374.3599853515625,386.6799926757813,93732100,-0.05170542044525328,405.23899688720707,399.0869995117188,0.03484171205814101,392.2099914550781
2025-02-04,392.2099914550781,392.2099914550781,394.0,381.3999938964844,382.6300048828125,57072200,0.02223206563315605,404.32749633789064,400.0111993408203,0.029706337502394715,378.1700134277344
2025-02-05,378.1700134277344,378.1700134277344,388.3900146484375,375.5299987792969,387.510009765625,57223300,-0.035797094243459227,402.6834976196289,400.73399963378904,0.030640743226520554,374.3200073242188
2025-02-06,374.3200073242188,374.3200073242188,375.3999938964844,363.1799926757813,373.0299987792969,77918200,-0.010180622383618165,401.6814987182617,401.4275994873047,0.029445124218625874,361.6199951171875
2025-02-07,361.6199951171875,361.6199951171875,380.5499877929688,360.3399963378906,370.1900024414063,70298300,-0.03392822173149601,400.01549835205077,401.6087994384766,0.030265463332259053,350.7300109863281
2025-02-10,350.7300109863281,350.7300109863281,362.7000122070313,350.510009765625,356.2099914550781,77514900,-0.030114441341470455,397.81499938964845,401.85159973144533,0.030806508425329573,328.5
2025-02-11,328.5,328.5,349.3699951171875,325.1000061035156,345.79998779296875,118543400,-0.06338211812502892,394.0744995117187,401.65699951171877,0.03267738439483816,336.510009765625
2025-02-12,336.510009765625,336.510009765625,346.3999938964844,329.1199951171875,329.94000244140625,105382700,0.0243835913717656,391.0820007324219,401.7293994140625,0.03348766039888602,355.94000244140625
2025-02-13,355.94000244140625,355.94000244140625,358.69000244140625,342.8500061035156,345.0,89441500,0.05773971683431944,387.468000793457,401.94499938964844,0.03061555206763216,355.8399963378906
2025-02-14,355.8399963378906,355.8399963378906,362.0,347.5,360.6199951171875,68277300,-0.0002809633725618932,384.5690002441406,401.9199993896484,0.030093241984681527,354.1099853515625
2025-02-18,354.1099853515625,354.1099853515625,359.1000061035156,350.0199890136719,355.010009765625,51631700,-0.004861766535893763,380.9494995117187,401.973798828125,0.028768541066398735,360.55999755859375
2025-02-19,360.55999755859375,360.55999755859375,367.3399963378906,353.6700134277344,354.0,67094400,0.018214714280444966,377.7739990234375,402.0263989257812,0.029397019966230044,354.3999938964844
2025-02-20,354.3999938964844,354.3999938964844,362.2999877929688,348.0,361.510009765625,45965400,-0.01708454543992588,374.7384994506836,401.72459899902344,0.029313339280065607,337.79998779296875
2025-02-21,337.79998779296875,337.79998779296875,354.9800109863281,334.4200134277344,353.44000244140625,74058600,-0.046839747148427646,371.0094985961914,400.6961987304687,0.03060334448990436,330.5299987792969
2025-02-24,330.5299987792969,330.5299987792969,342.3999938964844,324.70001220703125,338.1400146484375,76052300,-0.021521578674915554,367.20699920654295,399.51099853515626,0.030707416684524876,302.79998779296875
2025-02-25,302.79998779296875,302.79998779296875,328.8900146484375,297.25,327.0199890136719,134228800,-0.0838955952220366,362.4894989013672,397.5471984863281,0.03482011305722377,290.79998779296875
2025-02-26,290.79998779296875,290.79998779296875,309.0,288.0400085449219,303.7099914550781,100118300,-0.039630120487999076,357.12499847412107,394.86779846191405,0.03511695277066259,281.95001220703125
2025-02-27,281.95001220703125,281.95001220703125,297.2300109863281,280.8800048828125,291.1600036621094,101748200,-0.030433204805490277,351.7674987792969,392.14479858398437,0.03524996340207148,292.9800109863281
2025-02-28,292.9800109863281,292.9800109863281,293.8800048828125,273.6000061035156,279.5,115697000,0.03912040539724382,346.4024993896484,389.27979858398436,0.0360025900801065,284.6499938964844
2025-03-03,284.6499938964844,284.6499938964844,303.94000244140625,277.29998779296875,300.3399963378906,115551400,-0.02843203214376444,340.4049987792969,385.71239868164065,0.035597807742368315,272.0400085449219
2025-03-04,272.0400085449219,272.0400085449219,284.3500061035156,261.8399963378906,270.92999267578125,126706600,-0.04429996705409467,334.82299957275393,381.5559991455078,0.035252686467506573,279.1000061035156
2025-03-05,279.1000061035156,279.1000061035156,279.54998779296875,267.7099914550781,272.9200134277344,94042900,0.025952056083059283,329.1675003051758,378.33539916992186,0.0354766218424604,263.45001220703125
2025-03-06,263.45001220703125,263.45001220703125,272.6499938964844,260.0199890136719,272.0599975585937,98451600,-0.056073068986891905,323.43150024414064,374.8809991455078,0.03634332260331816,262.6700134277344
2025-03-07,262.6700134277344,262.6700134277344,266.25,250.72999572753903,259.32000732421875,102369600,-0.0029607088371812473,317.84900054931643,371.7131994628906,0.036453215539861375,222.1499938964844
2025-03-10,222.1499938964844,222.1499938964844,253.3699951171875,220.0,252.5399932861328,189076900,-0.1542620682219511,310.87550048828126,367.54419921875,0.047627018632766645,230.5800018310547
2025-03-11,230.5800018310547,230.5800018310547,237.0599975585937,217.0200042724609,225.3099975585937,174896400,0.037947369642955975,304.8680000305176,362.91019927978516,0.049482352405955034,248.08999633789065
2025-03-12,248.08999633789065,248.08999633789065,251.83999633789065,241.1000061035156,247.22000122070312,142215700,0.07593891216839133,300.8474998474121,358.7893991088867,0.052686931921468554,240.67999267578125
2025-03-13,240.67999267578125,240.67999267578125,248.2899932861328,232.6000061035156,248.1300048828125,114813500,-0.02986820819658209,296.0559989929199,354.96979888916013,0.05207762370526895,249.97999572753903
2025-03-14,249.97999572753903,249.97999572753903,251.5800018310547,240.72999572753903,247.3099975585937,100242300,0.038640532386444715,290.75799865722655,351.62119873046873,0.050828368414465,238.009994506836
2025-03-17,238.009994506836,238.009994506836,245.3999938964844,232.8000030517578,245.0599975585937,111900600,-0.04788383640805205,284.86649856567385,348.30459869384765,0.05115563906657932,225.3099975585937
2025-03-18,225.3099975585937,225.3099975585937,230.1000061035156,222.27999877929688,228.1600036621093,111477600,-0.053359090968247314,278.4264991760254,345.2251986694336,0.05161691747365775,235.8600006103516
2025-03-19,235.8600006103516,235.8600006103516,241.4100036621093,229.1999969482422,231.6100006103516,111993800,0.04682438935722,272.1914993286133,341.7335986328125,0.05313603862022984,236.259994506836
2025-03-20,236.259994506836,236.259994506836,238.0,230.0500030517578,233.3500061035156,99028300,0.0016958954271573123,266.28449935913085,338.2377987670898,0.0533484628962686,248.7100067138672
2025-03-21,248.7100067138672,248.7100067138672,249.5200042724609,234.5500030517578,234.9900054931641,132728700,0.052696235065183394,261.83000030517576,335.3247991943359,0.05519284140567698,278.3900146484375
2025-03-24,278.3900146484375,278.3900146484375,278.6400146484375,256.3299865722656,258.0799865722656,169079900,0.11933580126800525,259.22300109863284,332.9937994384766,0.06262725449626537,288.1400146484375
2025-03-25,288.1400146484375,288.1400146484375,288.20001220703125,271.2799987792969,283.6000061035156,150361500,0.03502280788451673,258.49000244140626,330.86179992675784,0.06051677026250287,272.0599975585937
2025-03-26,272.0599975585937,272.0599975585937,284.8999938964844,266.510009765625,282.6600036621094,153629800,-0.05580626179068948,257.5530029296875,328.23679992675784,0.06116901841932926,273.1300048828125
2025-03-27,273.1300048828125,273.1300048828125,291.8500061035156,271.82000732421875,272.4800109863281,162572100,0.003932982922226103,257.11200256347655,325.77220031738284,0.060795326997772826,263.54998779296875
2025-03-28,263.54998779296875,263.54998779296875,276.1000061035156,260.57000732421875,275.5799865722656,123809400,-0.03507493471452938,255.6405014038086,322.47880004882813,0.06055916749626573,259.1600036621094
2025-03-31,259.1600036621094,259.1600036621094,260.5599975585937,243.3600006103516,249.3099975585937,134008900,-0.016657121359109794,254.36600189208986,319.38559997558593,0.06036095499286805,268.4599914550781
2025-04-01,268.4599914550781,268.4599914550781,277.45001220703125,259.25,263.79998779296875,146486900,0.035885119854736525,254.18700103759767,316.2247998046875,0.060129846237546775,282.760009765625
2025-04-02,282.760009765625,282.760009765625,284.989990234375,251.2700042724609,254.6000061035156,212787800,0.05326685079977622,254.37000122070313,313.39859985351563,0.06102761257264415,267.2799987792969
2025-04-03,267.2799987792969,267.2799987792969,276.29998779296875,261.510009765625,265.2900085449219,136174300,-0.05474611137253549,254.5615005493164,310.44200012207034,0.0609613103718256,239.42999267578125
2025-04-04,239.42999267578125,239.42999267578125,261.0,236.0,255.3800048828125,181229400,-0.10419786826814681,253.39949951171874,306.9829998779297,0.06547690207466686,233.2899932861328
2025-04-07,233.2899932861328,233.2899932861328,252.0,214.25,223.77999877929688,183453800,-0.025644236634809525,253.95649948120118,303.517200012207,0.05531853779668709,221.8600006103516
2025-04-08,221.8600006103516,221.8600006103516,250.44000244140625,217.8000030517578,245.0,171603500,-0.048994783337158454,253.520499420166,300.0114001464844,0.05591484044175373,272.20001220703125
2025-04-09,272.20001220703125,272.20001220703125,274.69000244140625,223.8800048828125,224.69000244140625,219433400,0.22689989839624514,254.72600021362305,297.4936004638672,0.07402562176998,252.3999938964844
2025-04-10,252.3999938964844,252.3999938964844,262.489990234375,239.3300018310547,260.0,181722600,-0.07274069589492616,255.3120002746582,294.75960021972656,0.07575303007678412,252.3099975585937
2025-04-11,252.3099975585937,252.3099975585937,257.739990234375,241.3600006103516,251.83999633789065,128948100,-0.0003565623615966462,255.42850036621093,291.8002001953125,0.07534110201978966,252.3500061035156
2025-04-14,252.3500061035156,252.3500061035156,261.79998779296875,245.92999267578125,258.3599853515625,100135200,0.00015856900364252802,256.14550094604493,288.7552001953125,0.07439311781724399,254.1100006103516
2025-04-15,254.1100006103516,254.1100006103516,258.75,247.5399932861328,249.9100036621093,79594300,0.006974418324816822,257.5855010986328,286.1638003540039,0.07309668255092111,241.5500030517578
2025-04-16,241.5500030517578,241.5500030517578,251.97000122070312,233.88999938964844,247.6100006103516,112378700,-0.049427403598542696,257.8700012207031,283.1506005859375,0.07360216517113763,241.3699951171875
2025-04-17,241.3699951171875,241.3699951171875,244.33999633789065,237.67999267578125,243.47000122070312,83404800,-0.0007452201709629014,258.1255012512207,280.41460021972654,0.07360753227714567,227.5
2025-04-21,227.5,227.5,232.2100067138672,222.7899932861328,230.259994506836,97768000,-0.05746362595919796,257.0650009155273,277.4782000732422,0.07385278193032231,237.97000122070312
2025-04-22,237.97000122070312,237.97000122070312,242.7899932861328,229.8500061035156,230.9600067138672,120858500,0.04602198338770602,255.04400024414062,275.0052001953125,0.06918421213890183,250.7400054931641
2025-04-23,250.7400054931641,250.7400054931641,259.45001220703125,244.42999267578125,254.8600006103516,150381900,0.05366224400956132,253.17399978637695,273.0054000854492,0.06988344911646514,259.510009765625
2025-04-24,259.510009765625,259.510009765625,259.5400085449219,249.1999969482422,250.5,94464200,0.0349764859229853,252.5465003967285,271.6256002807617,0.06933901770820516,284.95001220703125
2025-04-25,284.95001220703125,284.95001220703125,286.8500061035156,259.6300048828125,261.69000244140625,167560700,0.09803091011549903,253.13750076293945,270.59440032958986,0.07274401334211128,285.8800048828125
2025-04-28,285.8800048828125,285.8800048828125,294.8599853515625,272.4200134277344,288.9800109863281,151731800,0.0032637046356942534,254.25400161743164,269.19320037841794,0.07214920877726666,292.0299987792969
2025-04-29,292.0299987792969,292.0299987792969,293.32000732421875,279.4700012207031,285.5,108906600,0.021512501019458785,255.89750137329102,267.9170004272461,0.0720116705887116,282.1600036621094
2025-04-30,282.1600036621094,282.1600036621094,284.45001220703125,270.7799987792969,279.8999938964844,128961100,-0.03379788089732105,256.5825019836426,266.47800079345706,0.0722928192604333,280.5199890136719
2025-05-01,280.5199890136719,280.5199890136719,290.8699951171875,279.8099975585937,280.010009765625,99659000,-0.005812356915055328,256.4705009460449,264.8772006225586,0.07141122954156431,287.2099914550781
2025-05-02,287.2099914550781,287.2099914550781,294.7799987792969,279.8099975585937,284.8999938964844,114454700,0.023848576584252656,257.467000579834,263.5334005737305,0.07028481927653939,280.260009765625
2025-05-05,280.260009765625,280.260009765625,284.8500061035156,274.3999938964844,284.57000732421875,94618900,-0.024198258752220814,259.50850143432615,262.3826010131836,0.06582999595055933,275.3500061035156
2025-05-06,275.3500061035156,275.3500061035156,277.7300109863281,271.3500061035156,273.1099853515625,76715800,-0.017519458684867262,261.6115020751953,261.279001159668,0.06562445010032603,276.2200012207031
2025-05-07,276.2200012207031,276.2200012207031,277.9200134277344,271.0,276.8800048828125,71592600,0.003159597232260225,264.3295021057129,260.74740142822264,0.0641678773290708,284.82000732421875
2025-05-08,284.82000732421875,284.82000732421875,289.79998779296875,279.4100036621094,279.6300048828125,97539400,0.031134624811778533,264.96050186157225,260.6278018188477,0.04027717260605088,298.260009765625
2025-05-09,298.260009765625,298.260009765625,307.0400085449219,290.0,290.2099914550781,132387800,0.04718770485146129,267.2535026550293,260.95400177001954,0.03721300018466103,318.3800048828125
2025-05-12,318.3800048828125,318.3800048828125,322.2099914550781,311.5,321.989990234375,112826700,0.06745790403815088,270.55700302124023,261.4620016479492,0.039341314185618224,334.07000732421875
2025-05-13,334.07000732421875,334.07000732421875,337.5899963378906,316.79998779296875,320.0,136992600,0.049280740626853614,274.6430030822754,262.4504019165039,0.04006221494445033,347.67999267578125
2025-05-14,347.67999267578125,347.67999267578125,350.0,337.0,342.5,136997300,0.04073991993646375,279.3215026855469,263.9632015991211,0.04042149659658197,342.82000732421875
2025-05-15,342.82000732421875,342.82000732421875,346.1400146484375,334.7200012207031,340.3399963378906,97882600,-0.013978329078298546,284.38500289916993,265.23760162353517,0.038085133953347845,349.9800109863281
2025-05-16,349.9800109863281,349.9800109863281,351.6199951171875,342.3299865722656,346.239990234375,95895700,0.0208856061756566,289.815503692627,266.9682015991211,0.03782090322045305,342.0899963378906
2025-05-19,342.0899963378906,342.0899963378906,343.0,333.3699951171875,336.29998779296875,88869900,-0.022544186527114873,295.5450035095215,268.55660125732425,0.03476761363543825,343.82000732421875
2025-05-20,343.82000732421875,343.82000732421875,354.989990234375,341.6300048828125,347.8699951171875,131715500,0.005057180873010214,300.83750381469724,270.9900015258789,0.034431234253880595,334.6199951171875
2025-05-21,334.6199951171875,334.6199951171875,347.3500061035156,332.20001220703125,344.42999267578125,102354800,-0.026758222357769146,305.03150329589846,273.07080139160155,0.034877632455747515,341.0400085449219
2025-05-22,341.0400085449219,341.0400085449219,347.2699890136719,331.3900146484375,331.8999938964844,97113400,0.019185982671137136,309.1080032348633,274.9298016357422,0.03458138652572998,339.3399963378906
2025-05-23,339.3399963378906,339.3399963378906,343.17999267578125,333.2099914550781,337.9200134277344,84654800,-0.004984788190348977,311.82750244140624,276.9030017089844,0.028611189681022307,362.8900146484375
2025-05-27,362.8900146484375,362.8900146484375,363.7900085449219,347.32000732421875,347.3500061035156,120146400,0.06939947711644767,315.6780029296875,279.16120208740233,0.03156385339148298,356.8999938964844
2025-05-28,356.8999938964844,356.8999938964844,365.0,355.9100036621094,364.8399963378906,91404300,-0.016506435862546853,318.9215026855469,281.5390020751953,0.032129924409923405,358.42999267578125
2025-05-29,358.42999267578125,358.42999267578125,367.7099914550781,356.0,365.2900085449219,88087800,0.004286911755287504,322.7350021362305,284.20140197753904,0.030446997819190406,346.4599914550781
2025-05-30,346.4599914550781,346.4599914550781,363.6799926757813,345.2900085449219,355.5199890136719,123474900,-0.03339564619395741,326.0320022583008,286.4134017944336,0.031908199125441496,342.69000244140625
2025-06-02,342.69000244140625,342.69000244140625,348.0199890136719,333.3299865722656,343.5,81873800,-0.01088145559849063,328.8060028076172,288.542001953125,0.032121457730654765,344.2699890136719
2025-06-03,344.2699890136719,344.2699890136719,355.3999938964844,343.0400085449219,346.6000061035156,99324500,0.004610541775392996,332.00650177001955,290.4532015991211,0.031169677224739834,332.04998779296875
2025-06-04,332.04998779296875,332.04998779296875,345.6000061035156,327.3299865722656,345.1000061035156,98912100,-0.03549540073392177,334.8415008544922,291.5264010620117,0.03226878457042285,284.70001220703125
2025-06-05,284.70001220703125,284.70001220703125,324.54998779296875,273.2099914550781,322.489990234375,287499800,-0.14259893789082123,335.26550140380857,291.4576010131836,0.04697710709893602,295.1400146484375
2025-06-06,295.1400146484375,295.1400146484375,305.5,291.1400146484375,298.8299865722656,164747700,0.036670186138995975,335.78150177001953,291.9192013549805,0.04716996024076858,308.5799865722656
2025-06-09,308.5799865722656,308.5799865722656,309.8299865722656,281.8500061035156,285.9599914550781,140908900,0.04553761352840424,336.29750061035156,292.62820098876955,0.04708975979326852,326.0899963378906
2025-06-10,326.0899963378906,326.0899963378906,327.8299865722656,310.6700134277344,314.94000244140625,151256500,0.05674382827003055,336.6830001831055,293.87900115966795,0.0463709204349216,326.42999267578125
2025-06-11,326.42999267578125,326.42999267578125,335.5,322.5,334.3999938964844,122611400,0.0010426457165473302,336.3009994506836,295.2244009399414,0.04503182062342137,319.1099853515625
2025-06-12,319.1099853515625,319.1099853515625,332.5599975585937,316.8599853515625,323.0799865722656,105127500,-0.022424432461661592,334.8724990844727,296.2374008178711,0.04422086593130166,325.3099975585937
2025-06-13,325.3099975585937,325.3099975585937,332.989990234375,313.29998779296875,313.9700012207031,128964300,0.019429076154419578,333.9969985961914,297.0884005737305,0.044427048488204626,329.1300048828125
2025-06-16,329.1300048828125,329.1300048828125,332.04998779296875,326.4100036621094,331.2900085449219,83925900,0.011742668079331775,332.9544982910156,298.3254006958008,0.044229698141823745,316.3500061035156
2025-06-17,316.3500061035156,316.3500061035156,327.260009765625,314.739990234375,326.0899963378906,88282700,-0.03882963749794621,331.66749877929686,299.86380096435545,0.04477257640887702,322.04998779296875
2025-06-18,322.04998779296875,322.04998779296875,329.32000732421875,315.45001220703125,317.3099975585937,95137700,0.0180179597897272,330.57899780273436,301.63900085449217,0.044987221827976695,322.1600036621094
2025-06-20,322.1600036621094,322.1600036621094,332.3599853515625,317.7799987792969,327.95001220703125,108688000,0.0003416111576173275,329.9559982299805,303.64500091552736,0.044617119513201055,348.67999267578125
2025-06-23,348.67999267578125,348.67999267578125,357.5400085449219,327.4800109863281,327.5400085449219,190716800,0.0823193093872907,330.33799743652344,305.17460052490236,0.04820267460025127,340.4700012207031
2025-06-24,340.4700012207031,340.4700012207031,356.260009765625,340.44000244140625,356.1700134277344,114736200,-0.023545920693855638,330.3944976806641,306.9360006713867,0.04852691444969511,327.54998779296875
2025-06-25,327.54998779296875,327.54998779296875,343.0,320.3999938964844,342.70001220703125,119845100,-0.037947582404945,328.62749633789065,308.44080047607423,0.04649505461581032,325.7799987792969
2025-06-26,325.7799987792969,325.7799987792969,331.04998779296875,323.6099853515625,324.6099853515625,80440900,-0.0054037218123500486,327.0714965820313,309.90940032958986,0.04640462115871397,323.6300048828125
2025-06-27,323.6300048828125,323.6300048828125,329.3399963378906,317.5,324.510009765625,89067000,-0.006599526995335614,325.3314971923828,311.29980041503904,0.04637244693632754,317.6600036621094
2025-06-30,317.6600036621094,317.6600036621094,325.5799865722656,316.6000061035156,319.8999938964844,76695100,-0.018446995428822777,323.89149780273436,312.8220004272461,0.04599319642221115,300.7099914550781
2025-07-01,300.7099914550781,300.7099914550781,305.8900146484375,293.2099914550781,298.4599914550781,145085700,-0.05335897504131726,321.792497253418,314.0088003540039,0.047323917894752696,315.6499938964844
2025-07-02,315.6499938964844,315.6499938964844,316.8299865722656,303.82000732421875,312.6300048828125,119483700,0.04968242780731846,320.3614974975586,315.7718002319336,0.04887399592202897,315.3500061035156
2025-07-03,315.3500061035156,315.3500061035156,318.45001220703125,312.760009765625,317.989990234375,58042300,-0.0009503811144286889,319.52649841308596,317.3194003295898,0.04827773553006104,293.94000244140625
2025-07-07,293.94000244140625,293.94000244140625,296.1499938964844,288.7699890136719,291.3699951171875,131177900,-0.06789282780315342,319.9884979248047,318.1834002685547,0.03872540647998701,297.8099975585937
2025-07-08,297.8099975585937,297.8099975585937,304.04998779296875,294.3500061035156,297.0,103246700,0.013165935514200422,320.1219970703125,318.94940002441405,0.03797708496795786,295.8800048828125
2025-07-09,295.8800048828125,295.8800048828125,300.1499938964844,293.54998779296875,297.54998779296875,75586800,-0.0064806174796112614,319.4869979858398,319.1679998779297,0.036529462686793614,309.8699951171875
2025-07-10,309.8699951171875,309.8699951171875,310.4800109863281,300.0,300.04998779296875,104365300,0.0472826483827995,318.6759979248047,319.6477996826172,0.03578968614144319,313.510009765625
2025-07-11,313.510009765625,313.510009765625,314.0899963378906,305.6499938964844,307.8900146484375,79236400,0.01174690904506881,318.0299987792969,320.07739990234376,0.035916494959513864,316.8999938964844
2025-07-14,316.8999938964844,316.8999938964844,322.6000061035156,312.6700134277344,317.7300109863281,78043400,0.010813001260769006,317.919499206543,320.77219970703123,0.03566090099505576,310.7799987792969
2025-07-15,310.7799987792969,310.7799987792969,321.20001220703125,310.5,319.67999267578125,77556300,-0.01931207079538977,317.1929992675781,321.37739990234377,0.03561668876992515,321.6700134277344
2025-07-16,321.6700134277344,321.6700134277344,323.5,312.6199951171875,312.79998779296875,97284800,0.03504091219258654,316.8199996948242,322.06660034179686,0.03645015976989965,319.4100036621094
2025-07-17,319.4100036621094,319.4100036621094,324.3399963378906,317.0599975585937,323.1499938964844,73922900,-0.007025863995037018,316.9729995727539,322.84960021972654,0.03536847965397782,329.6499938964844
2025-07-18,329.6499938964844,329.6499938964844,330.8999938964844,321.4200134277344,321.6600036621094,94255000,0.03205907804067243,317.3529998779297,323.93559997558594,0.035858511990201285,328.489990234375
2025-07-21,328.489990234375,328.489990234375,338.0,326.8800048828125,334.3999938964844,75768800,-0.0035188948387289143,317.669499206543,324.9809997558594,0.0358770161147773,332.1099853515625
2025-07-22,332.1099853515625,332.1099853515625,335.4100036621094,321.54998779296875,329.739990234375,77370400,0.0110201078413521,316.840998840332,325.92679931640623,0.0305840838891524,332.5599975585937
2025-07-23,332.5599975585937,332.5599975585937,336.20001220703125,328.6700134277344,330.8999938964844,92553800,0.0013550095657461902,316.44549865722655,326.6127990722656,0.030164067395896315,305.29998779296875
2025-07-24,305.29998779296875,305.29998779296875,310.1499938964844,300.4100036621094,310.0,156966000,-0.08197020076301276,315.33299865722654,326.35119873046875,0.03433941715304814,316.0599975585937
2025-07-25,316.0599975585937,316.0599975585937,323.6300048828125,308.010009765625,308.739990234375,148227000,0.0352440556693423,314.8469985961914,325.9909985351562,0.03537322190383254,325.5899963378906
2025-07-28,325.5899963378906,325.5899963378906,330.489990234375,315.69000244140625,318.45001220703125,112673800,0.030152499060024818,314.9449981689453,325.54919860839846,0.03601082206943404,321.20001220703125
2025-07-29,321.20001220703125,321.20001220703125,326.25,318.25,325.54998779296875,87358900,-0.013483166498468035,315.1219985961914,325.1167987060547,0.035887135501280226,319.0400085449219
2025-07-30,319.0400085449219,319.0400085449219,324.45001220703125,311.6199951171875,322.17999267578125,83931900,-0.006724793213012448,316.0384994506836,324.49799865722656,0.03359921195791496,308.2699890136719
2025-07-31,308.2699890136719,308.2699890136719,321.3699951171875,306.1000061035156,319.6099853515625,85270900,-0.03375758288237862,315.669499206543,323.8215985107422,0.032733479685363366,302.6300048828125
2025-08-01,302.6300048828125,302.6300048828125,309.3099975585937,297.82000732421875,306.2099914550781,89121400,-0.01829559909125389,315.0334991455078,322.99779846191404,0.032970447289374774,309.260009765625
2025-08-04,309.260009765625,309.260009765625,312.1199951171875,303.0,309.0799865722656,78683900,0.021907956170373222,315.79949951171875,322.4905987548828,0.029375871630056755,308.7200012207031
2025-08-05,308.7200012207031,308.7200012207031,312.45001220703125,305.5,308.95001220703125,57961300,-0.0017461311772288823,316.3449996948242,321.8441986083984,0.029292348314369505,319.9100036621094
2025-08-06,319.9100036621094,319.9100036621094,320.4700012207031,306.92999267578125,307.8900146484375,78523600,0.03624644466558724,317.54649963378904,321.4555987548828,0.030169700809241824,322.2699890136719
2025-08-07,322.2699890136719,322.2699890136719,322.3999938964844,316.1600036621094,319.7900085449219,66658700,0.007377028928595486,318.16649932861327,320.6431982421875,0.028451686404457728,329.6499938964844
2025-08-08,329.6499938964844,329.6499938964844,335.1499938964844,320.9800109863281,321.42999267578125,91200300,0.02290006868278205,318.97349853515624,320.0981982421875,0.028753133431450202,339.0299987792969
2025-08-11,339.0299987792969,339.0299987792969,346.6400146484375,334.1499938964844,335.0,105320200,0.02845443669493286,320.0799987792969,319.7101983642578,0.029274082622705703,340.8399963378906
2025-08-12,340.8399963378906,340.8399963378906,345.260009765625,332.94000244140625,345.0,80522100,0.005338753399730889,321.58299865722654,319.59779846191407,0.028764444636331928,339.3800048828125
2025-08-13,339.3800048828125,339.3800048828125,348.9800109863281,338.20001220703125,341.5,67838900,-0.004283509772223915,322.46849822998047,319.5315985107422,0.027937087740803068,335.5799865722656
2025-08-14,335.5799865722656,335.5799865722656,340.4700012207031,330.3999938964844,335.760009765625,75000700,-0.011196942235471519,323.2769973754883,319.35779846191406,0.028031770641633653,330.5599975585937
2025-08-15,330.5599975585937,330.5599975585937,339.29998779296875,327.0199890136719,337.6600036621094,74319800,-0.0149591430196655,323.32249755859374,319.32799865722654,0.027418446028114746,335.1600036621094
2025-08-18,335.1600036621094,335.1600036621094,336.2699890136719,329.5899963378906,329.6199951171875,56956600,0.013915797850586165,323.65599822998047,320.33719848632813,0.027560632545144577,329.3099975585937
2025-08-19,329.3099975585937,329.3099975585937,340.54998779296875,327.8500061035156,335.7900085449219,75956000,-0.017454368181154867,323.51599884033203,321.0205981445313,0.02777081399575885,323.8999938964844
2025-08-20,323.8999938964844,323.8999938964844,331.3699951171875,314.6000061035156,329.2200012207031,77481800,-0.016428300696053832,323.08299865722654,321.3269982910156,0.028007182465656217,320.1099853515625
2025-08-21,320.1099853515625,320.1099853515625,324.8999938964844,318.67999267578125,322.0799865722656,55744400,-0.011701168929731831,323.82349853515626,321.20739807128905,0.020782588200852183,340.010009765625
2025-08-22,340.010009765625,340.010009765625,340.25,319.69000244140625,321.6600036621094,94016300,0.062166209505171155,325.0209991455078,321.47899841308595,0.02367987303428015,346.6000061035156
2025-08-25,346.6000061035156,346.6000061035156,349.5299987792969,335.0299987792969,338.8999938964844,86670000,0.019381771561470362,326.0714996337891,322.028798828125,0.023168881104236004,351.6700134277344
2025-08-26,351.6700134277344,351.6700134277344,351.8999938964844,343.7200012207031,344.92999267578125,76651600,0.01462783391499567,327.5949996948242,322.5559991455078,0.02294342879544455,349.6000061035156
2025-08-27,349.6000061035156,349.6000061035156,355.3900146484375,349.1600036621094,351.94000244140625,65519000,-0.0058862207330171445,329.1229995727539,322.96539916992185,0.022922037498615138,345.9800109863281
2025-08-28,345.9800109863281,345.9800109863281,353.54998779296875,340.260009765625,350.9100036621094,67903200,-0.010354676927882056,331.00850067138674,323.5579992675781,0.021394966394959962,333.8699951171875
2025-08-29,333.8699951171875,333.8699951171875,348.75,331.70001220703125,347.2300109863281,81145700,-0.03500206799409333,332.5705001831055,323.7943994140625,0.022680970927028175,329.3599853515625
2025-09-02,329.3599853515625,329.3599853515625,333.3299865722656,325.6000061035156,328.2300109863281,58392000,-0.01350828116207925,333.5754989624023,323.9383990478516,0.022687540186220878,334.0899963378906
2025-09-03,334.0899963378906,334.0899963378906,343.3299865722656,328.510009765625,335.20001220703125,88733300,0.014361219324440011,334.84399871826173,323.64659912109374,0.022781155176830895,338.5299987792969
2025-09-04,338.5299987792969,338.5299987792969,338.8900146484375,331.4800109863281,336.1499938964844,60711000,0.01328983953448204,335.7749984741211,323.6077990722656,0.021630787185642875,350.8399963378906
2025-09-05,350.8399963378906,350.8399963378906,355.8699951171875,344.67999267578125,348.0,108989800,0.036363092201525005,337.20349884033203,324.07359924316404,0.022871317952385062,346.3999938964844
2025-09-08,346.3999938964844,346.3999938964844,358.44000244140625,344.8399963378906,354.6400146484375,75208300,-0.01265534855703887,338.040998840332,324.48599914550783,0.022747431476923274,346.9700012207031
2025-09-09,346.9700012207031,346.9700012207031,350.7699890136719,343.82000732421875,348.44000244140625,53816000,0.001645517708609212,338.43799896240233,324.95279907226563,0.021926443171658757,347.7900085449219
2025-09-10,347.7900085449219,347.7900085449219,356.3299865722656,346.07000732421875,350.54998779296875,72121700,0.0023633378140295314,338.7854995727539,325.5553991699219,0.02190827735599333,368.80999755859375
2025-09-11,368.80999755859375,368.80999755859375,368.989990234375,347.6000061035156,350.1700134277344,103756000,0.06043873744853956,340.25699920654296,326.9173992919922,0.02553095083486267,395.9400024414063
2025-09-12,395.9400024414063,395.9400024414063,396.6900024414063,370.239990234375,370.9400024414063,168156400,0.0735609258490948,343.275,328.5231994628906,0.029516819241542376,410.0400085449219
2025-09-15,410.0400085449219,410.0400085449219,425.7000122070313,402.4299926757813,423.1300048828125,163823700,0.03561147147692445,347.2490005493164,330.41699951171876,0.029548692828659098,421.6199951171875
2025-09-16,421.6199951171875,421.6199951171875,423.25,411.4299926757813,414.5,104285700,0.028241113869250656,351.57200012207034,332.97059936523436,0.029789692326436887,425.8599853515625
2025-09-17,425.8599853515625,425.8599853515625,428.30999755859375,409.6700134277344,415.75,106133500,0.01005642588937583,356.3994995117188,335.53159912109373,0.02898461421000535,416.8500061035156
2025-09-18,416.8500061035156,416.8500061035156,432.2200012207031,416.55999755859375,428.8699951171875,90454500,-0.021157139806429193,361.0470001220703,337.9509991455078,0.029258128967703616,426.0700073242188
2025-09-19,426.0700073242188,426.0700073242188,429.4700012207031,421.7200012207031,421.8200073242188,93131000,0.022118270566640286,366.3450012207031,340.2749993896484,0.02872217183873206,434.2099914550781
2025-09-22,434.2099914550781,434.2099914550781,444.9800109863281,429.1300048828125,431.1099853515625,97108800,0.01910480435358397,371.0550003051758,342.6889990234375,0.026512265199906473,425.8500061035156
2025-09-23,425.8500061035156,425.8500061035156,440.9700012207031,423.7200012207031,439.8800048828125,83422700,-0.019253323313789705,375.01750030517576,344.8679992675781,0.027387504539312952,442.7900085449219
2025-09-24,442.7900085449219,442.7900085449219,444.2099914550781,429.0299987792969,429.8299865722656,93133600,0.03977927016229388,379.57350006103513,347.5081994628906,0.02814442613126408,423.3900146484375
2025-09-25,423.3900146484375,423.3900146484375,435.3500061035156,419.0799865722656,435.239990234375,96746400,-0.04381307961359793,383.26300048828125,349.5425994873047,0.030582052951118818,440.3999938964844
2025-09-26,440.3999938964844,440.3999938964844,440.4700012207031,421.0199890136719,428.2999877929688,101628200,0.0401756741055197,387.98399963378904,351.9623992919922,0.03089247587310571,443.2099914550781
2025-09-29,443.2099914550781,443.2099914550781,450.9800109863281,439.5,444.3500061035156,79491500,0.00638055766924972,393.4509994506836,354.23359924316406,0.02885609627881992,444.7200012207031
2025-09-30,444.7200012207031,444.7200012207031,445.0,433.1199951171875,441.5199890136719,74358000,0.0034069849388267404,399.2190002441406,356.5581994628906,0.028228249626921945,459.4599914550781
2025-10-01,459.4599914550781,459.4599914550781,462.2900085449219,440.75,443.7999877929688,98122300,0.033144428390707636,405.4875,359.1051995849609,0.028499493603468404,436.0
2025-10-02,436.0,436.0,470.75,435.5700073242188,470.5400085449219,137009000,-0.051059922281332826,410.36100006103516,361.17399963378904,0.03225839998736947,429.8299865722656
2025-10-03,429.8299865722656,429.8299865722656,446.7699890136719,416.5799865722656,443.2900085449219,133188200,-0.014151406944344913,414.3104995727539,363.664599609375,0.03232869847351001,453.25
2025-10-06,453.25,453.25,453.5499877929688,436.6900024414063,440.75,85324900,0.054486690457546505,419.6529998779297,366.4083996582031,0.03324911587436132,433.0899963378906
2025-10-07,433.0899963378906,433.0899963378906,452.6799926757813,432.4500122070313,447.8200073242188,102296100,-0.044478772558432134,423.95899963378906,368.55839965820314,0.035666813334309655,438.6900024414063
2025-10-08,438.6900024414063,438.6900024414063,441.3299865722656,425.2300109863281,437.5700073242188,71192100,0.012930352007361146,428.5039993286133,370.90819946289065,0.035598682788927236,435.5400085449219
2025-10-09,435.5400085449219,435.5400085449219,436.3500061035156,426.1799926757813,431.80999755859375,69339900,-0.007180455170972766,431.8404998779297,373.23819946289063,0.033956906642771165,413.489990234375
2025-10-10,413.489990234375,413.489990234375,443.1300048828125,411.4500122070313,436.5400085449219,112107900,-0.05062684914805626,432.71799926757814,375.3425994873047,0.03284607858978383,435.8999938964844
2025-10-13,435.8999938964844,435.8999938964844,436.8900146484375,419.7000122070313,423.5299987792969,79552800,0.054197209585187034,434.01099853515626,378.0079992675781,0.0340668756928036,429.239990234375
2025-10-14,429.239990234375,429.239990234375,434.2000122070313,417.8599853515625,426.7900085449219,72669400,-0.015278742269702716,434.3919982910156,380.4075988769531,0.033799969724790865,435.1499938964844
2025-10-15,435.1499938964844,435.1499938964844,440.510009765625,426.3299865722656,434.8999938964844,71558200,0.013768529951932784,434.8564987182617,382.93619873046873,0.033859919673721914,428.75
2025-10-16,428.75,428.75,439.3500061035156,421.30999755859375,434.7300109863281,77189900,-0.01470755828163206,435.4514984130859,385.11299865722657,0.03366166038614455,439.30999755859375
2025-10-17,439.30999755859375,439.30999755859375,441.4599914550781,423.6000061035156,425.5,89331600,0.02462973191508744,436.1134979248047,387.453798828125,0.033745448308538754,447.4299926757813
2025-10-20,447.4299926757813,447.4299926757813,449.7999877929688,440.6099853515625,443.8699951171875,63719000,0.018483519979771268,436.77449798583984,389.80939880371096,0.03372922634828697,442.6000061035156
2025-10-21,442.6000061035156,442.6000061035156,449.2999877929688,442.0499877929688,445.760009765625,54412200,-0.010794954856246375,437.6119979858398,391.8807989501953,0.03350041552190497,438.9700012207031
2025-10-22,438.9700012207031,438.9700012207031,445.5400085449219,429.0,443.4500122070313,84023500,-0.008201547294971134,437.4209976196289,393.84339904785156,0.03238709075946657,448.9800109863281
2025-10-23,448.9800109863281,448.9800109863281,449.3999938964844,413.8999938964844,420.0,126709800,0.022803402824313368,438.70049743652345,396.0353991699219,0.031034226773183644,433.7200012207031
2025-10-24,433.7200012207031,433.7200012207031,451.6799926757813,430.1700134277344,446.8299865722656,94727800,-0.03398817183887881,438.3664978027344,397.9981994628906,0.030838467471857967,452.4200134277344
2025-10-27,452.4200134277344,452.4200134277344,460.1600036621094,438.6900024414063,439.9800109863281,105867500,0.043115401997602554,438.8269989013672,400.4353997802734,0.03231658837602505,460.5499877929688
2025-10-28,460.5499877929688,460.5499877929688,467.0,451.6000061035156,454.7799987792969,80185700,0.017969970655449474,439.61849822998045,402.9431994628906,0.03252462230519361,461.510009765625
2025-10-29,461.510009765625,461.510009765625,465.7000122070313,452.6499938964844,462.5,67983500,0.0020845119924044475,439.7209991455078,405.58719970703123,0.03170313353919803,440.1000061035156
2025-10-30,440.1000061035156,440.1000061035156,455.05999755859375,439.6099853515625,451.0499877929688,72447900,-0.04639120107705208,439.9259994506836,407.91119995117185,0.03131679070832273,456.55999755859375
2025-10-31,456.55999755859375,456.55999755859375,458.0,443.6900024414063,446.75,83135800,0.03740057084027071,441.2625,410.6402001953125,0.03212107070823059,468.3699951171875
2025-11-03,468.3699951171875,468.3699951171875,474.0700073242188,453.7999877929688,455.989990234375,84595200,0.02586735066967427,442.01849975585935,413.20739990234375,0.030317475632060942,444.260009765625
2025-11-04,444.260009765625,444.260009765625,460.2200012207031,443.6000061035156,454.4599914550781,87756600,-0.05147636612701911,442.5770004272461,415.1605999755859,0.03091750959322857,462.0700073242188
2025-11-05,462.0700073242188,462.0700073242188,466.3299865722656,440.7099914550781,452.0499877929688,85573000,0.040089130615176716,443.7460006713867,417.3685998535156,0.03201236427358239,445.9100036621094
2025-11-06,445.9100036621094,445.9100036621094,467.4500122070313,435.0899963378906,461.9599914550781,109622900,-0.03497306340156048,444.2645004272461,419.2947998046875,0.03306741874681882,429.5199890136719
2025-11-07,429.5199890136719,429.5199890136719,439.3599853515625,421.8800048828125,437.9200134277344,103471500,-0.03675632866235745,445.0660003662109,420.96559936523437,0.032041782237340076,445.2300109863281
2025-11-10,445.2300109863281,445.2300109863281,449.6700134277344,433.3599853515625,439.6000061035156,76515900,0.03657576451501576,445.5325012207031,423.1927996826172,0.030758881543206534,439.6199951171875
2025-11-11,439.6199951171875,439.6199951171875,442.489990234375,432.3599853515625,439.3999938964844,60533200,-0.01260026442672324,446.05150146484374,425.3979998779297,0.030687680299282594,430.6000061035156
2025-11-12,430.6000061035156,430.6000061035156,442.3299865722656,426.55999755859375,442.1499938964844,58513500,-0.02051769508633805,445.8240020751953,427.3282000732422,0.030931471923323513,401.989990234375
2025-11-13,401.989990234375,401.989990234375,424.5,396.3399963378906,423.1300048828125,118948000,-0.06644220962287406,444.4860015869141,428.59739990234374,0.03420958213234369,404.3500061035156
2025-11-14,404.3500061035156,404.3500061035156,412.1900024414063,382.7799987792969,386.2999877929688,105506700,0.005870832424868633,442.73800201416014,429.66760009765625,0.03367508135739819,408.9200134277344
2025-11-17,408.9200134277344,408.9200134277344,423.9599914550781,398.739990234375,398.739990234375,102214300,0.011302107716671506,440.8125030517578,430.9180004882812,0.03346491369222529,401.25
2025-11-18,401.25,401.25,408.8999938964844,393.7099914550781,405.3800048828125,80688600,-0.018756757252943457,438.74500274658203,432.0036004638672,0.033597678249854365,403.989990234375
2025-11-19,403.989990234375,403.989990234375,411.7799987792969,398.5,406.1799926757813,72047700,0.006828636098130891,436.9960021972656,433.1276000976562,0.03367502961713423,395.2300109863281
2025-11-20,395.2300109863281,395.2300109863281,428.9400024414063,394.739990234375,414.6300048828125,113548800,-0.02168365419886953,434.3085021972656,433.65600036621095,0.033306466691016876,391.0899963378906
2025-11-21,391.0899963378906,391.0899963378906,402.7999877929688,383.760009765625,402.3200073242188,100460600,-0.010474950113494086,432.177001953125,433.55900024414063,0.03266888451959953,417.7799987792969
2025-11-24,417.7799987792969,417.7799987792969,421.7200012207031,401.0899963378906,402.1700134277344,96806400,0.0682451678419993,430.44500122070315,433.71380004882815,0.03500254203408559,419.3999938964844
2025-11-25,419.3999938964844,419.3999938964844,420.4800109863281,405.9500122070313,414.4200134277344,71915600,0.0038776272725380423,428.3875015258789,433.6694000244141,0.03469033476838676,426.5799865722656
2025-11-26,426.5799865722656,426.5799865722656,426.9400024414063,416.8900146484375,423.9500122070313,63463000,0.017119677587676296,426.64100036621096,433.6838000488281,0.034992921735554024,430.1700134277344
2025-11-28,430.1700134277344,430.1700134277344,432.9299926757813,426.2000122070313,426.5899963378906,36252900,0.008415835173881447,426.1445007324219,433.9502001953125,0.03356118852929232,430.1400146484375
2025-12-01,430.1400146484375,430.1400146484375,433.6600036621094,425.2900085449219,425.3200073242188,57463600,-6.973703038437584e-05,424.82350158691406,434.0316003417969,0.0323520265272971,429.239990234375
2025-12-02,429.239990234375,429.239990234375,436.7999877929688,422.1199951171875,430.80999755859375,69336600,-0.0020923987153301793,422.86700134277345,433.9322003173828,0.03165939145544506,446.739990234375
2025-12-03,446.739990234375,446.739990234375,447.9200134277344,431.1099853515625,432.1000061035156,87483000,0.04076973347810542,422.9910003662109,434.35,0.031073758857608987,454.5299987792969
2025-12-04,454.5299987792969,454.5299987792969,454.6300048828125,445.3900146484375,449.9400024414063,71906500,0.017437455153354264,422.61399993896487,434.5847998046875,0.029956655513275903,455.0
2025-12-05,455.0,455.0,458.8699951171875,451.6600036621094,453.0299987792969,56427500,0.0010340378456106247,423.06849975585936,435.21699951171877,0.02883006864964938,439.5799865722656
2025-12-08,439.5799865722656,439.5799865722656,449.75,435.25,447.4500122070313,69165800,-0.033890139401614006,423.5714996337891,435.2005993652344,0.028636872002351165,445.1700134277344
2025-12-09,445.1700134277344,445.1700134277344,452.3900146484375,435.7000122070313,437.5400085449219,62367400,0.01271674558948499,423.56849975585936,435.2397998046875,0.02757825821352533,451.4500122070313
2025-12-10,451.4500122070313,451.4500122070313,456.8800048828125,443.6099853515625,446.0700073242188,63257500,0.01410696720325344,424.1600006103516,435.37440002441406,0.027564552640432168,446.8900146484375
2025-12-11,446.8900146484375,446.8900146484375,449.2699890136719,440.3299865722656,448.9500122070313,55979500,-0.010100780674035303,424.97450103759763,435.12300048828126,0.02721909613816322,458.9599914550781
2025-12-12,458.9599914550781,458.9599914550781,463.010009765625,441.6700134277344,448.0899963378906,95656700,0.027008830833098685,427.8230010986328,435.5822003173828,0.02240978793066736,475.30999755859375
2025-12-15,475.30999755859375,475.30999755859375,481.7699890136719,467.6600036621094,469.4400024414063,114542200,0.035624033484225714,431.3710006713867,436.4918005371094,0.023308590690398347,489.8800048828125
2025-12-16,489.8800048828125,489.8800048828125,491.5,465.8299865722656,472.2099914550781,107608100,0.030653694218629735,435.41900024414065,437.22440063476563,0.023832445262480104,467.260009765625
2025-12-17,467.260009765625,467.260009765625,495.2799987792969,466.2000122070313,488.2200012207031,106490400,-0.04617456293730249,438.71950073242186,437.9078009033203,0.026204151375225377,483.3699951171875
2025-12-18,483.3699951171875,483.3699951171875,490.8599853515625,473.1199951171875,478.1600036621094,95168400,0.034477560704677446,442.6885009765625,438.80140075683596,0.02686197709746593,481.2000122070313
2025-12-19,481.2000122070313,481.2000122070313,490.489990234375,474.7200012207031,488.1199951171875,103305400,-0.004489279293453219,446.9870010375977,439.7146008300781,0.026080244715774654,488.7300109863281
2025-12-22,488.7300109863281,488.7300109863281,498.8299865722656,485.3299865722656,489.8800048828125,86916100,0.015648376118613028,451.8690017700195,441.2194012451172,0.025640226615608226,485.55999755859375
2025-12-23,485.55999755859375,485.55999755859375,491.9700012207031,482.8399963378906,489.3999938964844,58223600,-0.00648622625268469,455.25800170898435,442.21260131835936,0.02214502102097838,485.3999938964844
2025-12-24,485.3999938964844,485.3999938964844,490.8999938964844,476.7999877929688,488.4800109863281,41285400,-0.00032952397832164415,458.55800170898436,443.33580139160154,0.022203938418687428,475.1900024414063
2025-12-26,475.1900024414063,475.1900024414063,489.0899963378906,473.8200073242188,485.2300109863281,58780700,-0.021034181259704465,460.9885025024414,444.1366015625,0.02296613591043098,459.6400146484375
2025-12-29,459.6400146484375,459.6400146484375,469.3999938964844,459.0,469.0,66263000,-0.032723726747357684,462.4620025634766,444.75440185546876,0.024497718499892775,454.4299926757813
2025-12-30,454.4299926757813,454.4299926757813,463.1199951171875,453.8299865722656,461.0899963378906,59238500,-0.01133500523587172,463.67650146484374,445.0568017578125,0.02471518390235242,449.7200012207031
2025-12-31,449.7200012207031,449.7200012207031,456.5499877929688,449.2999877929688,456.1000061035156,49078000,-0.010364613980130888,464.7005020141602,445.10260192871095,0.024874320461171728,438.0700073242188
2026-01-02,438.0700073242188,438.0700073242188,458.3399963378906,435.2999877929688,457.7999877929688,85535400,-0.02590499391813128,464.26700286865236,445.012001953125,0.023943901306596647,451.6700134277344
2026-01-05,451.6700134277344,451.6700134277344,457.5499877929688,444.5700073242188,447.989990234375,67940800,0.031045280151877908,464.1240036010742,445.2660021972656,0.02466897179982731,432.9599914550781
2026-01-06,432.9599914550781,432.9599914550781,448.25,428.7799987792969,446.3800048828125,89093800,-0.041424095947095174,463.0220031738281,444.94560180664064,0.02634304044482075,431.4100036621094
2026-01-07,431.4100036621094,431.4100036621094,438.3699951171875,431.2900085449219,435.8999938964844,59828800,-0.0035799792672750463,462.61350402832034,444.89940185546874,0.025270910140474386,435.7999877929688
2026-01-08,435.7999877929688,435.7999877929688,436.8900146484375,424.3699951171875,427.8900146484375,57041100,0.01017589785492734,462.145002746582,444.56700134277344,0.025206569177934735,445.010009765625
2026-01-09,445.010009765625,445.010009765625,449.0499877929688,430.3900146484375,435.9500122070313,67331500,0.02113359850994656,461.82300262451173,444.2562017822266,0.025472265801656426,448.9599914550781
2026-01-12,448.9599914550781,448.9599914550781,454.2999877929688,438.0,441.2300109863281,61649600,0.00887616368794375,461.92650146484374,444.0052014160156,0.025445676950291433,447.2000122070313
2026-01-13,447.2000122070313,447.2000122070313,451.80999755859375,443.9500122070313,450.2000122070313,53719200,-0.003920124914344236,461.33850250244143,444.14720153808594,0.024680721446832945,439.2000122070313
2026-01-14,439.2000122070313,439.2000122070313,443.9100036621094,434.2200012207031,442.80999755859375,57259500,-0.017889087168218576,459.53300323486326,443.8000018310547,0.023366255615451362,438.5700073242188
2026-01-15,438.5700073242188,438.5700073242188,445.3599853515625,437.6499938964844,441.1300048828125,49465800,-0.0014344373071545347,456.9675033569336,443.2040020751953,0.02194283225749765,437.5
2026-01-16,437.5,437.5,447.25,435.260009765625,439.5,60220600,-0.0024397640202235005,455.47950286865233,443.0688018798828,0.019720302650538472,419.25
2026-01-20,419.25,419.25,430.7300109863281,417.4400024414063,429.3599853515625,63187300,-0.041714285714285704,452.273503112793,442.21240173339845,0.019436347552821562,431.4400024414063
2026-01-21,431.4400024414063,431.4400024414063,438.2000122070313,419.6199951171875,421.6600036621094,68124000,0.02907573629435012,449.7855026245117,441.9230017089844,0.021039323828621392,449.3599853515625
2026-01-22,449.3599853515625,449.3599853515625,449.5,432.6300048828125,435.1600036621094,71546700,0.041535283721378935,447.81700134277344,442.3198016357422,0.023087993084199343,449.05999755859375
2026-01-23,449.05999755859375,449.05999755859375,452.4299926757813,444.0400085449219,447.4299926757813,56771400,-0.0006675890216037983,445.99200134277345,442.3964013671875,0.023090838489913258,435.2000122070313
2026-01-26,435.2000122070313,435.2000122070313,445.0400085449219,434.2799987792969,445.0,49397400,-0.030864440001146964,443.4820022583008,442.30800170898436,0.02385678400038685,430.8999938964844
2026-01-27,430.8999938964844,430.8999938964844,437.5199890136719,430.6900024414063,437.4100036621094,37733100,-0.009880556502607218,441.2675018310547,442.3140014648437,0.023595421364640632,431.4599914550781
2026-01-28,431.4599914550781,431.4599914550781,438.260009765625,430.1000061035156,431.9100036621094,54857400,0.0012995998294869082,439.8585006713867,442.9034014892578,0.022670569175929623,416.55999755859375
2026-01-29,416.55999755859375,416.55999755859375,440.2300109863281,414.6199951171875,437.7999877929688,81686100,-0.03453389466363932,437.96500091552736,443.14760131835936,0.023694481276124297,430.4100036621094
2026-01-30,430.4100036621094,430.4100036621094,439.8800048828125,422.7000122070313,425.3500061035156,82626100,0.033248526466028494,436.99950103759767,443.57740112304685,0.02505301551975575,421.80999755859375
2026-02-02,421.80999755859375,421.80999755859375,427.1499938964844,414.5,421.2900085449219,58739500,-0.019980962408733927,436.1865005493164,443.98860107421876,0.024787798190871072,421.9599914550781
2026-02-03,421.9599914550781,421.9599914550781,428.55999755859375,413.6900024414063,424.2699890136719,56886500,0.0003555958781265023,434.7009994506836,444.34800109863284,0.0235812903688011,406.010009765625
2026-02-04,406.010009765625,406.010009765625,423.8999938964844,399.1799926757813,420.4599914550781,74606900,-0.03779974882085746,433.35350036621094,444.56360107421875,0.02328357813141604,397.2099914550781
2026-02-05,397.2099914550781,397.2099914550781,402.1000061035156,387.5299987792969,397.0199890136719,72819800,-0.02167438757390938,431.64349975585935,444.6860009765625,0.02365787123178645,411.1099853515625
2026-02-06,411.1099853515625,411.1099853515625,414.5499877929688,397.75,400.8699951171875,62677100,0.03499406912088299,430.40899963378905,444.5526007080078,0.02504289662810866,417.3200073242188
2026-02-09,417.3200073242188,417.3200073242188,421.25,407.2900085449219,409.9100036621094,54484300,0.015105500216312517,429.0244995117188,444.5110009765625,0.02477690105163318,425.2099914550781
2026-02-10,425.2099914550781,425.2099914550781,427.25,417.0,418.0799865722656,64450200,0.018906316477488083,427.8369995117188,444.48360107421877,0.025127169853008825,428.2699890136719
2026-02-11,428.2699890136719,428.2699890136719,436.3500061035156,420.0299987792969,427.9599914550781,57362000,0.00719643851293883,426.89049835205077,444.4456005859375,0.025214897797718162,417.0700073242188
2026-02-12,417.0700073242188,417.0700073242188,436.2300109863281,414.0,430.2999877929688,61933400,-0.02615168463063966,425.7839981079102,444.18420043945315,0.025556750529783904,417.4400024414063
2026-02-13,417.4400024414063,417.4400024414063,424.05999755859375,410.8800048828125,414.30999755859375,51434100,0.0008871295242764976,424.72749786376954,443.94820068359377,0.025566021862880317,410.6300048828125
2026-02-17,410.6300048828125,410.6300048828125,413.7200012207031,400.510009765625,412.3599853515625,59678800,-0.016313715788533467,423.38399810791014,443.2260009765625,0.02576162741505718,411.3200073242188
2026-02-18,411.3200073242188,411.3200073242188,416.8999938964844,409.5799865722656,411.1099853515625,45921400,0.0016803507615164026,422.9874984741211,442.36180114746094,0.02408909410008939,411.7099914550781
2026-02-19,411.7099914550781,411.7099914550781,415.25,404.1099853515625,407.25,51019600,0.0009481282794783219,422.00099792480466,441.4960009765625,0.023059582883214566,411.8200073242188
2026-02-20,411.8200073242188,411.8200073242188,414.7000122070313,405.5,408.2999877929688,57912200,0.0002672169037041261,420.1239990234375,440.94080139160155,0.02067384892993901,399.8299865722656
2026-02-23,399.8299865722656,399.8299865722656,407.7000122070313,394.0400085449219,407.2900085449219,69680000,-0.029114711618451472,417.6624984741211,440.0340008544922,0.021387973183148626,409.3800048828125
2026-02-24,409.3800048828125,409.3800048828125,410.8200073242188,397.6400146484375,399.5,58579500,0.023885197787236967,416.37149810791016,439.19260070800783,0.02148380603610174,417.3999938964844
2026-02-25,417.3999938964844,417.3999938964844,420.3399963378906,412.1499938964844,412.1499938964844,54809700,0.019590573349979934,415.69649810791014,438.60280029296877,0.02198000488559786,408.5799865722656
2026-02-26,408.5799865722656,408.5799865722656,416.80999755859375,403.6600036621094,414.4200134277344,53602500,-0.021130827631028026,414.55249786376953,437.5952001953125,0.02240528323674791,402.510009765625
2026-02-27,402.510009765625,402.510009765625,407.1199951171875,398.1099853515625,402.9400024414063,56890100,-0.014856275407819197,413.8499984741211,436.13920043945313,0.021329946666694383,403.3200073242188
2026-03-02,403.3200073242188,403.3200073242188,404.5400085449219,388.25,390.6000061035156,55088300,0.00201236624914114,412.49549865722656,434.40800048828123,0.0197358758041259,392.4299926757813
2026-03-03,392.4299926757813,392.4299926757813,396.3399963378906,385.3900146484375,395.0899963378906,62617300,-0.027000928420799375,411.02649841308596,432.91140014648437,0.020111505978283463,405.9400024414063
2026-03-04,405.9400024414063,405.9400024414063,408.3299865722656,394.5799865722656,397.8500061035156,68305500,0.03442654745501761,410.22549896240236,431.36280029296876,0.021817918215352824,405.5499877929688
2026-03-05,405.5499877929688,405.5499877929688,408.6199951171875,399.4200134277344,401.5700073242188,51925900,-0.0009607691927178141,410.2024978637695,429.8497998046875,0.020097700025286002,396.7300109863281
2026-03-06,396.7300109863281,396.7300109863281,402.3500061035156,394.2099914550781,398.0899963378906,64054600,-0.021748186591348695,410.17849884033205,428.0097998046875,0.02010192128939198,398.6799926757813
2026-03-09,398.6799926757813,398.6799926757813,401.5899963378906,381.3999938964844,390.0499877929688,67018900,0.004915135319874642,409.55699920654297,426.27219970703123,0.018410356107273103,399.239990234375
2026-03-10,399.239990234375,399.239990234375,406.5899963378906,398.1900024414063,402.2200012207031,59258700,0.0014046291985589932,408.65299835205076,424.54899963378904,0.018015602591045624,407.8200073242188
2026-03-11,407.8200073242188,407.8200073242188,416.3800048828125,402.1499938964844,402.2799987792969,62559900,0.02149087591352483,407.7834991455078,423.2015997314453,0.018182393210386054,395.010009765625
2026-03-12,395.010009765625,395.010009765625,406.5,394.6499938964844,405.1799926757813,60973800,-0.03141091003024232,406.1205001831055,421.90899963378905,0.01918442484219294,391.2000122070313
2026-03-13,391.2000122070313,391.2000122070313,400.2000122070313,389.9500122070313,399.1700134277344,58504100,-0.009645319015723963,404.8270004272461,420.64440002441404,0.018518405403328386,395.55999755859375
2026-03-16,395.55999755859375,395.55999755859375,403.7300109863281,394.4200134277344,396.2200012207031,58068300,0.011145156481373153,403.73300018310545,419.5611999511719,0.018773021832767783,399.2699890136719
2026-03-17,399.2699890136719,399.2699890136719,400.1199951171875,393.0,395.6900024414063,46890500,0.00937908655570907,403.1649993896484,418.78519958496094,0.018658222433821734,392.7799987792969
2026-03-18,392.7799987792969,392.7799987792969,403.0700073242188,392.30999755859375,399.0,50853100,-0.016254640751756533,402.23799896240234,417.6073992919922,0.018939547205151456,380.2999877929688
2026-03-19,380.2999877929688,380.2999877929688,387.2699890136719,378.7300109863281,387.2699890136719,67078300,-0.03177353995904608,400.66749877929686,416.55419921875,0.020040699470469336,367.9599914550781
2026-03-20,367.9599914550781,367.9599914550781,379.8900146484375,364.4599914550781,379.8500061035156,78628600,-0.032448058727281515,398.47449798583983,415.2851989746094,0.021005823983332363,380.8500061035156
2026-03-23,380.8500061035156,380.8500061035156,385.3299865722656,372.7300109863281,373.0899963378906,74606000,0.035031022251806876,397.52549896240237,414.18619934082034,0.02206545436471566,383.0299987792969
2026-03-24,383.0299987792969,383.0299987792969,387.4800109863281,376.30999755859375,376.55999755859375,60004900,0.005724019012326664,396.20799865722654,412.94659912109375,0.021295854835076525,385.9500122070313
2026-03-25,385.9500122070313,385.9500122070313,396.2300109863281,385.010009765625,389.989990234375,55157300,0.007623458833617258,394.63549957275393,411.6863995361328,0.020786627024484743,372.1099853515625
2026-03-26,372.1099853515625,372.1099853515625,384.4400024414063,371.8699951171875,381.6000061035156,55522900,-0.03585963575004303,392.8119995117188,410.1845989990234,0.021678319612336593,361.8299865722656
2026-03-27,361.8299865722656,361.8299865722656,369.8599853515625,359.4700012207031,369.6900024414063,62065700,-0.027626237359861583,390.7779983520508,408.63719848632815,0.022183425387943385,355.2799987792969
2026-03-30,355.2799987792969,355.2799987792969,367.2900085449219,352.1400146484375,365.8599853515625,67954400,-0.018102390725044493,388.3759979248047,406.97139831542967,0.022300675143030985,371.75
2026-03-31,371.75,371.75,373.3299865722656,361.0,361.510009765625,75534900,0.04635780589195071,387.34199829101567,405.65639831542967,0.02459429804265229,381.260009765625
2026-04-01,381.260009765625,381.260009765625,383.1400146484375,374.0799865722656,378.6300048828125,58683800,0.025581734406523227,386.10799865722663,404.8965985107422,0.0239684970330374,360.5899963378906
2026-04-02,360.5899963378906,360.5899963378906,370.2799987792969,359.0299987792969,364.2000122070313,83031200,-0.05421500524128142,383.8599990844727,403.4795983886719,0.026564064263315076,352.82000732421875
2026-04-06,352.82000732421875,352.82000732421875,367.7200012207031,346.6400146484375,362.5899963378906,77697600,-0.021547988276388597,381.6644989013672,401.548798828125,0.026557664844954584,346.6499938964844
2026-04-07,346.6499938964844,346.6499938964844,348.0199890136719,337.239990234375,346.44000244140625,74515400,-0.017487708462248674,379.0629989624024,399.5005987548828,0.026567194210588143,343.25
2026-04-08,343.25,343.25,364.5,339.6700134277344,363.7900085449219,78838600,-0.009808146419583275,376.26349945068364,397.6615985107422,0.02650692229495355,345.6199951171875
2026-04-09,345.6199951171875,345.6199951171875,348.8800048828125,337.25,343.1499938964844,62164000,0.006904574267115882,373.1534988403321,395.95599853515625,0.02586918540888758,348.95001220703125
2026-04-10,348.95001220703125,348.95001220703125,350.3599853515625,342.739990234375,346.2900085449219,51336000,0.009634908676839249,370.8504989624024,394.3057989501953,0.02553359875053373,352.4200134277344
2026-04-13,352.4200134277344,352.4200134277344,356.3500061035156,348.57000732421875,350.07000732421875,53617500,0.009944121218842028,368.91149902343756,393.02299926757814,0.02575588749455238,364.2000122070313
2026-04-14,364.2000122070313,364.2000122070313,367.6300048828125,354.7699890136719,357.6700134277344,59979600,0.033426021027357145,367.3434997558594,391.69879943847656,0.026940590388846664,391.9500122070313
2026-04-15,391.9500122070313,391.9500122070313,394.6499938964844,362.5,366.8299865722656,113810400,0.07619439612820589,366.9775009155274,391.10159973144533,0.032272755133394414,388.8999938964844
2026-04-16,388.8999938964844,388.8999938964844,394.05999755859375,381.7999877929688,393.80999755859375,63515100,-0.007781651270713286,366.7835006713868,390.4403997802734,0.03210935879387506,400.6199951171875
2026-04-17,400.6199951171875,400.6199951171875,409.2799987792969,391.6499938964844,395.9200134277344,90640000,0.03013628543234881,367.7995010375977,390.33259948730466,0.031869485041435795,392.5
2026-04-20,392.5,392.5,406.7999877929688,388.3299865722656,402.5799865722656,64603900,-0.02026857175416885,369.02650146484376,390.23839965820315,0.031265429047566844,386.4200134277344
2026-04-21,386.4200134277344,386.4200134277344,393.9500122070313,385.2200012207031,393.0,50530600,-0.015490411649084379,369.3050018310547,389.7446002197266,0.030634801339339306,387.510009765625
2026-04-22,387.510009765625,387.510009765625,393.010009765625,385.2999877929688,387.5700073242188,62362800,0.0028207553957204645,369.5290023803711,389.14840026855467,0.03061894573801457,373.7200012207031
2026-04-23,373.7200012207031,373.7200012207031,386.0,368.3900146484375,375.2799987792969,93969500,-0.03558619957523779,368.91750183105466,388.1186004638672,0.03163616209255283,376.2999877929688
2026-04-24,376.2999877929688,376.2999877929688,382.760009765625,370.7300109863281,373.5,62893300,0.0069035282132037246,369.127001953125,387.07920043945313,0.030593932256635693,378.6700134277344
2026-04-27,378.6700134277344,378.6700134277344,380.7799987792969,364.0199890136719,372.0899963378906,66735800,0.0062982346841571335,369.96900329589846,386.31120056152344,0.029854811829506295,376.0199890136719
2026-04-28,376.0199890136719,376.0199890136719,382.2900085449219,372.5400085449219,374.6799926757813,50864400,-0.006998242057971282,371.00600280761716,385.48280029296876,0.02954936325154043,372.7999877929688
2026-04-29,372.7999877929688,372.7999877929688,376.3999938964844,370.0400085449219,375.3999938964844,45384800,-0.008563377785179349,371.0585021972656,384.72619995117196,0.02783474724159309,381.6300048828125
2026-04-30,381.6300048828125,381.6300048828125,384.75,368.1700134277344,372.75,51076000,0.023685668935019777,371.077001953125,384.1323999023438,0.027747935396436583,390.8200073242188
2026-05-01,390.8200073242188,390.8200073242188,397.8200073242188,378.7999877929688,382.489990234375,65338300,0.024080922159745555,372.58850250244143,383.71460021972666,0.025025155631859832,392.510009765625
2026-05-04,392.510009765625,392.510009765625,394.6400146484375,384.7999877929688,390.2300109863281,48765100,0.004324247504565948,374.57300262451173,383.3284002685548,0.024274783512134673,389.3699951171875
2026-05-05,389.3699951171875,389.3699951171875,402.1199951171875,389.0,395.1900024414063,47780600,-0.007999833304410453,376.70900268554686,383.1192004394532,0.023889106670393942,398.7300109863281
2026-05-06,398.7300109863281,398.7300109863281,401.6799926757813,384.0199890136719,386.25,53465400,0.024038873016714035,379.4830032348633,382.9062005615235,0.023902251791663342,411.7900085449219
2026-05-07,411.7900085449219,411.7900085449219,415.8299865722656,402.1199951171875,407.4800109863281,64294200,0.03275398690529352,382.79150390625,382.79400085449225,0.024542433436110737,428.3500061035156
2026-05-08,428.3500061035156,428.3500061035156,431.2000122070313,416.3900146484375,416.4800109863281,65050000,0.040214665764012114,386.7615036010742,383.18940124511727,0.025512365270852447,445.0
2026-05-11,445.0,445.0,449.1600036621094,416.7999877929688,422.1600036621094,78376100,0.038870068073398656,391.3905029296875,384.0392010498048,0.026281151918723152,433.4500122070313
2026-05-12,433.4500122070313,433.4500122070313,447.7999877929688,422.260009765625,441.4100036621094,60569300,-0.02595502874824429,394.8530029296875,384.641801147461,0.027081528934820645,445.2699890136719
2026-05-13,445.2699890136719,445.2699890136719,453.3999938964844,430.2099914550781,436.6700134277344,68283200,0.027269526989873283,397.51900177001954,385.6986010742188,0.02252716806937237,443.2999877929688
2026-05-14,443.2999877929688,443.2999877929688,451.9800109863281,441.1600036621094,446.489990234375,46070400,-0.004424284747029272,400.23900146484374,386.44580078125006,0.02242634626476074,422.239990234375
2026-05-15,422.239990234375,422.239990234375,434.6600036621094,422.0,433.9800109863281,52688700,-0.04750732717915007,401.32000122070315,386.7796008300782,0.024772668049184404,409.989990234375
2026-05-18,409.989990234375,409.989990234375,421.1300048828125,405.3299865722656,419.2699890136719,52474200,-0.029011937010514632,402.1945007324219,387.04480041503916,0.025275525647948074,404.1099853515625
2026-05-19,404.1099853515625,404.1099853515625,405.6300048828125,393.6300048828125,403.1600036621094,46500600,-0.014341825466156255,403.0789993286133,387.1534002685548,0.0252338011300034,417.260009765625
2026-05-20,417.260009765625,417.260009765625,417.4599914550781,406.3900146484375,407.6000061035156,45294700,0.0325407064678751,404.5664993286133,387.51380065917976,0.02611083080695168,417.8500061035156
2026-05-21,417.8500061035156,417.8500061035156,426.9500122070313,412.8999938964844,422.1799926757813,42636900,0.0014139776735901943,406.7729995727539,387.7144006347657,0.024411722908631386,426.010009765625
2026-05-22,426.010009765625,426.010009765625,431.510009765625,420.510009765625,422.6700134277344,46104700,0.019528547428303344,409.25850067138674,388.3344006347657,0.024602082901663044,433.5899963378906
2026-05-26,433.5899963378906,433.5899963378906,435.2000122070313,426.1199951171875,430.260009765625,45658900,0.017792977626126305,412.0044998168945,389.18220031738286,0.024730783360909052,440.3599853515625
2026-05-27,440.3599853515625,440.3599853515625,445.6000061035156,435.5199890136719,442.8900146484375,44656500,0.015613803526030035,415.22149963378905,390.0782000732423,0.02456937650943077,442.1000061035156
2026-05-28,442.1000061035156,442.1000061035156,443.9599914550781,436.2999877929688,437.6199951171875,32435000,0.003951359818862743,418.6865005493164,390.93480041503915,0.02427716517486228,435.7900085449219
2026-05-29,435.7900085449219,435.7900085449219,441.0700073242188,428.1400146484375,439.8500061035156,45176800,-0.014272783242432974,421.3945007324219,391.7950006103516,0.024537991262033786,415.8800048828125
2026-06-01,415.8800048828125,415.8800048828125,429.6000061035156,415.4299926757813,427.489990234375,44937900,-0.045687150397476395,422.6475006103516,392.5066009521485,0.02682608360478628,423.739990234375
2026-06-02,423.739990234375,423.739990234375,424.4200134277344,413.6499938964844,418.2200012207031,37596000,0.018899647156100485,424.20899963378906,393.62220092773447,0.027047986176962868,423.7000122070313
2026-06-03,423.7000122070313,423.7000122070313,433.6000061035156,416.0,418.7000122070313,44500700,-9.434565598021027e-05,425.9255004882813,394.4792010498048,0.026918008918133687,418.4500122070313
2026-06-04,418.4500122070313,418.4500122070313,426.3500061035156,417.1600036621094,419.8399963378906,35323300,-0.012390842220308285,426.91150054931643,395.18760131835944,0.026764063282957187,391.0
2026-06-05,391.0,391.0,424.6799926757813,388.5899963378906,420.5,63420200,-0.06559926253138737,425.8720001220703,395.28860107421883,0.02982343781833302,408.9500122070313
2026-06-08,408.9500122070313,408.9500122070313,412.9400024414063,394.7200012207031,396.3299865722656,50328800,0.045907959608775695,424.9020004272461,396.0254016113282,0.030272969714369925,396.6799926757813
2026-06-09,396.6799926757813,396.6799926757813,418.5,384.239990234375,411.0299987792969,59940200,-0.03000371479396924,422.48600006103516,396.7224017333985,0.029295689839455286,381.5899963378906
2026-06-10,381.5899963378906,381.5899963378906,397.0899963378906,380.1499938964844,391.5400085449219,49695600,-0.038040729596927725,419.89299926757815,397.24860168457036,0.029862920335380884,399.1499938964844
2026-06-11,399.1499938964844,399.1499938964844,399.5400085449219,380.6600036621094,388.2799987792969,45324300,0.046017971453959916,417.5869995117188,397.7966015625001,0.031222987145099603,406.4299926757813
2026-06-12,406.4299926757813,406.4299926757813,406.6799926757813,386.760009765625,399.489990234375,63514500,0.018238754580026217,415.7434997558594,398.3000012207032,0.03165271065306026,411.1499938964844
2026-06-15,411.1499938964844,411.1499938964844,416.0,407.1000061035156,412.3699951171875,45620500,0.011613319158924273,415.18899993896486,399.3112011718751,0.030082901781678065,404.6600036621094
2026-06-16,404.6600036621094,404.6600036621094,412.4200134277344,400.5400085449219,404.1099853515625,40255500,-0.015784969793794956,414.92250061035156,400.3480010986329,0.029573344331693202,396.3800048828125
2026-06-17,396.3800048828125,396.3800048828125,405.9400024414063,393.760009765625,401.5299987792969,43534300,-0.02046161890071707,414.53600158691404,401.34260131835947,0.02975807212851712,400.489990234375
2026-06-18,400.489990234375,400.489990234375,402.5199890136719,384.7000122070313,398.1000061035156,58384700,0.010368800900483421,413.69750061035154,402.48740112304694,0.028860250446234772,405.0499877929688
2026-06-22,405.0499877929688,405.0499877929688,414.75,394.3999938964844,394.8500061035156,47819500,0.011386046267786165,413.05749969482423,403.6760009765626,0.02900175478081529,381.6099853515625
2026-06-23,381.6099853515625,381.6099853515625,392.8699951171875,379.05999755859375,392.6099853515625,50420200,-0.05786940661108497,410.8374984741211,404.3292004394532,0.031179256609092147,375.5299987792969
2026-06-24,375.5299987792969,375.5299987792969,384.5799865722656,373.0499877929688,380.0799865722656,37081400,-0.0159324619523894,407.9344985961914,404.7914001464844,0.030790041614814113,375.1199951171875
2026-06-25,375.1199951171875,375.1199951171875,379.1199951171875,371.2200012207031,375.2699890136719,30138800,-0.00109180002514353,404.67249908447263,405.0097998046876,0.03037646731204217,379.7099914550781
2026-06-26,379.7099914550781,379.7099914550781,387.7999877929688,368.6000061035156,370.1499938964844,53434100,0.01223607484974698,401.5529983520508,404.7649993896485,0.030597138661152875,411.8399963378906
2026-06-29,411.8399963378906,411.8399963378906,413.2699890136719,379.2999877929688,381.7900085449219,57645800,0.08461722263269356,400.3554977416992,405.22379943847665,0.036752869087176204,420.6000061035156
2026-06-30,420.6000061035156,420.6000061035156,424.5400085449219,406.0,406.0,43385600,0.02127042017171621,400.59149780273435,405.6233996582032,0.03561345893170112,425.2999877929688
2026-07-01,425.2999877929688,425.2999877929688,432.8599853515625,418.0899963378906,421.4599914550781,40127900,0.011174468904540324,400.66949768066405,406.2793994140626,0.035452509769977734,393.4500122070313
2026-07-02,393.4500122070313,393.4500122070313,432.3500061035156,389.2999877929688,428.010009765625,73717700,-0.07488825887632455,399.15699768066406,406.4199993896485,0.03928683850386509,419.7699890136719
2026-07-06,419.7699890136719,419.7699890136719,420.0,390.5,397.5,54727900,0.06689535135353131,399.2229965209961,407.0651989746095,0.04217908320745809,402.8999938964844
2026-07-07,402.8999938964844,402.8999938964844,419.55999755859375,401.8800048828125,416.9599914550781,38149900,-0.04018866417017264,399.8179962158203,407.64879882812505,0.04041303063960512,394.05999755859375
2026-07-08,394.05999755859375,394.05999755859375,399.6300048828125,390.510009765625,399.3800048828125,33844900,-0.021940919513048773,399.07349548339846,408.0039990234375,0.039392231984293716,406.5499877929688
2026-07-09,406.5499877929688,406.5499877929688,407.8599853515625,390.8599853515625,393.989990234375,37835000,0.03169565627507742,399.56699523925784,408.5615985107422,0.03942706160845823,407.760009765625
2026-07-10,407.760009765625,407.760009765625,413.1600036621094,402.80999755859375,410.489990234375,33410000,0.002976317818197405,400.8754959106446,409.19639892578124,0.0382868346401794,394.760009765625
2026-07-13,394.760009765625,394.760009765625,405.5700073242188,391.3699951171875,404.6099853515625,32809200,-0.03188149815738972,400.6559967041016,409.6355993652344,0.03774770587645228,396.1799926757813
2026-07-14,396.1799926757813,396.1799926757813,402.2200012207031,394.760009765625,399.0499877929688,23385000,0.0035970789214423426,400.1434967041016,409.9265991210938,0.03751913661374205,394.4599914550781
2026-07-15,394.4599914550781,394.4599914550781,406.5899963378906,390.6600036621094,399.3999938964844,31549800,-0.004341464113536864,399.3089965820313,409.99939880371096,0.03741502587622965,391.05999755859375
2026-07-16,391.05999755859375,391.05999755859375,395.30999755859375,385.3200073242188,392.3500061035156,29269100,-0.00861936310433542,398.6289962768555,409.9703985595703,0.037304254634797404,380.8399963378906
2026-07-17,380.8399963378906,380.8399963378906,385.6900024414063,377.2200012207031,381.7799987792969,31394600,-0.02613410035418373,397.8519958496094,409.7997985839844,0.037480755959000474,369.5700073242188
2026-07-20,369.5700073242188,369.5700073242188,386.6099853515625,369.4299926757813,386.0499877929688,33901500,-0.029592451218471316,396.30599670410163,409.2165985107422,0.03788702852509417,378.9299926757813
